ISO-10303-21;
HEADER;
FILE_DESCRIPTION(('KiCad electronic assembly'),'2;1');
FILE_NAME('Keyboard.step','2025-01-02T23:19:19',('Pcbnew'),('Kicad'),
  'Open CASCADE STEP processor 7.8','KiCad to STEP converter','Unknown'
  );
FILE_SCHEMA(('AUTOMOTIVE_DESIGN { 1 0 10303 214 1 1 1 1 }'));
ENDSEC;
DATA;
#1 = APPLICATION_PROTOCOL_DEFINITION('international standard',
  'automotive_design',2000,#2);
#2 = APPLICATION_CONTEXT(
  'core data for automotive mechanical design processes');
#3 = SHAPE_DEFINITION_REPRESENTATION(#4,#10);
#4 = PRODUCT_DEFINITION_SHAPE('','',#5);
#5 = PRODUCT_DEFINITION('design','',#6,#9);
#6 = PRODUCT_DEFINITION_FORMATION('','',#7);
#7 = PRODUCT('Keyboard 1','Keyboard 1','',(#8));
#8 = PRODUCT_CONTEXT('',#2,'mechanical');
#9 = PRODUCT_DEFINITION_CONTEXT('part definition',#2,'design');
#10 = SHAPE_REPRESENTATION('',(#11,#15,#19,#23,#27,#31,#35,#39,#43,#47,
    #51,#55,#59,#63,#67,#71,#75,#79,#83,#87,#91,#95,#99,#103,#107,#111,
    #115,#119,#123,#127,#131,#135,#139,#143,#147,#151,#155,#159,#163,
    #167,#171,#175,#179,#183,#187,#191,#195,#199,#203,#207,#211,#215,
    #219,#223,#227,#231,#235,#239,#243,#247,#251,#255,#259,#263,#267,
    #271,#275,#279,#283,#287,#291,#295,#299,#303,#307,#311,#315,#319,
    #323,#327,#331,#335,#339,#343,#347,#351,#355,#359,#363,#367,#371,
    #375,#379,#383,#387,#391,#395,#399,#403,#407,#411,#415,#419,#423,
    #427,#431,#435,#439,#443,#447,#451,#455,#459,#463,#467,#471,#475,
    #479,#483,#487,#491,#495,#499,#503,#507,#511,#515,#519,#523,#527,
    #531,#535,#539,#543,#547,#551,#555,#559,#563,#567,#571,#575,#579,
    #583,#587,#591,#595,#599,#603,#607,#611,#615,#619,#623,#627,#631,
    #635,#639,#643,#647,#651,#655),#659);
#11 = AXIS2_PLACEMENT_3D('',#12,#13,#14);
#12 = CARTESIAN_POINT('',(0.,0.,0.));
#13 = DIRECTION('',(0.,0.,1.));
#14 = DIRECTION('',(1.,0.,-0.));
#15 = AXIS2_PLACEMENT_3D('',#16,#17,#18);
#16 = CARTESIAN_POINT('',(98.2345,-73.0055,1.65));
#17 = DIRECTION('',(0.,0.,1.));
#18 = DIRECTION('',(1.,0.,0.));
#19 = AXIS2_PLACEMENT_3D('',#20,#21,#22);
#20 = CARTESIAN_POINT('',(123.825,-38.1,1.65));
#21 = DIRECTION('',(0.,0.,1.));
#22 = DIRECTION('',(1.,0.,0.));
#23 = AXIS2_PLACEMENT_3D('',#24,#25,#26);
#24 = CARTESIAN_POINT('',(38.1,-19.05,1.65));
#25 = DIRECTION('',(0.,0.,1.));
#26 = DIRECTION('',(1.,0.,0.));
#27 = AXIS2_PLACEMENT_3D('',#28,#29,#30);
#28 = CARTESIAN_POINT('',(285.75,-76.2,1.65));
#29 = DIRECTION('',(0.,0.,1.));
#30 = DIRECTION('',(1.,0.,0.));
#31 = AXIS2_PLACEMENT_3D('',#32,#33,#34);
#32 = CARTESIAN_POINT('',(257.175,-19.05,1.65));
#33 = DIRECTION('',(0.,0.,1.));
#34 = DIRECTION('',(1.,0.,0.));
#35 = AXIS2_PLACEMENT_3D('',#36,#37,#38);
#36 = CARTESIAN_POINT('',(261.9375,-38.1,1.65));
#37 = DIRECTION('',(0.,0.,1.));
#38 = DIRECTION('',(1.,0.,0.));
#39 = AXIS2_PLACEMENT_3D('',#40,#41,#42);
#40 = CARTESIAN_POINT('',(183.9595,7.957,1.65));
#41 = DIRECTION('',(0.,0.,1.));
#42 = DIRECTION('',(1.,0.,0.));
#43 = AXIS2_PLACEMENT_3D('',#44,#45,#46);
#44 = CARTESIAN_POINT('',(61.9125,4.7625,1.65));
#45 = DIRECTION('',(0.,0.,1.));
#46 = DIRECTION('',(1.,0.,0.));
#47 = AXIS2_PLACEMENT_3D('',#48,#49,#50);
#48 = CARTESIAN_POINT('',(-1.778,-15.8555,1.65));
#49 = DIRECTION('',(0.,0.,1.));
#50 = DIRECTION('',(1.,0.,0.));
#51 = AXIS2_PLACEMENT_3D('',#52,#53,#54);
#52 = CARTESIAN_POINT('',(76.2,-19.05,1.65));
#53 = DIRECTION('',(0.,0.,1.));
#54 = DIRECTION('',(1.,0.,0.));
#55 = AXIS2_PLACEMENT_3D('',#56,#57,#58);
#56 = CARTESIAN_POINT('',(264.922,-73.0055,1.65));
#57 = DIRECTION('',(0.,0.,1.));
#58 = DIRECTION('',(1.,0.,0.));
#59 = AXIS2_PLACEMENT_3D('',#60,#61,#62);
#60 = CARTESIAN_POINT('',(36.322,-15.8555,1.65));
#61 = DIRECTION('',(0.,0.,1.));
#62 = DIRECTION('',(1.,0.,0.));
#63 = AXIS2_PLACEMENT_3D('',#64,#65,#66);
#64 = CARTESIAN_POINT('',(141.097,7.957,1.65));
#65 = DIRECTION('',(0.,0.,1.));
#66 = DIRECTION('',(1.,0.,0.));
#67 = AXIS2_PLACEMENT_3D('',#68,#69,#70);
#68 = CARTESIAN_POINT('',(214.91575,-92.0555,1.65));
#69 = DIRECTION('',(0.,0.,1.));
#70 = DIRECTION('',(1.,0.,0.));
#71 = AXIS2_PLACEMENT_3D('',#72,#73,#74);
#72 = CARTESIAN_POINT('',(214.3125,-76.2,1.65));
#73 = DIRECTION('',(0.,0.,1.));
#74 = DIRECTION('',(1.,0.,0.));
#75 = AXIS2_PLACEMENT_3D('',#76,#77,#78);
#76 = CARTESIAN_POINT('',(136.3345,-73.0055,1.65));
#77 = DIRECTION('',(0.,0.,1.));
#78 = DIRECTION('',(1.,0.,0.));
#79 = AXIS2_PLACEMENT_3D('',#80,#81,#82);
#80 = CARTESIAN_POINT('',(236.347,-34.9055,1.65));
#81 = DIRECTION('',(0.,0.,1.));
#82 = DIRECTION('',(1.,0.,0.));
#83 = AXIS2_PLACEMENT_3D('',#84,#85,#86);
#84 = CARTESIAN_POINT('',(161.925,4.7625,1.65));
#85 = DIRECTION('',(0.,0.,1.));
#86 = DIRECTION('',(1.,0.,0.));
#87 = AXIS2_PLACEMENT_3D('',#88,#89,#90);
#88 = CARTESIAN_POINT('',(122.047,-34.9055,1.65));
#89 = DIRECTION('',(0.,0.,1.));
#90 = DIRECTION('',(1.,0.,0.));
#91 = AXIS2_PLACEMENT_3D('',#92,#93,#94);
#92 = CARTESIAN_POINT('',(52.3875,-57.15,1.65));
#93 = DIRECTION('',(0.,0.,1.));
#94 = DIRECTION('',(1.,0.,0.));
#95 = AXIS2_PLACEMENT_3D('',#96,#97,#98);
#96 = CARTESIAN_POINT('',(245.872,-92.0555,1.65));
#97 = DIRECTION('',(0.,0.,1.));
#98 = DIRECTION('',(1.,0.,0.));
#99 = AXIS2_PLACEMENT_3D('',#100,#101,#102);
#100 = CARTESIAN_POINT('',(121.44375,-95.25,1.65));
#101 = DIRECTION('',(0.,0.,1.));
#102 = DIRECTION('',(1.,0.,0.));
#103 = AXIS2_PLACEMENT_3D('',#104,#105,#106);
#104 = CARTESIAN_POINT('',(0.60325,-92.0555,1.65));
#105 = DIRECTION('',(0.,0.,1.));
#106 = DIRECTION('',(1.,0.,0.));
#107 = AXIS2_PLACEMENT_3D('',#108,#109,#110);
#108 = CARTESIAN_POINT('',(138.1125,-76.2,1.65));
#109 = DIRECTION('',(0.,0.,1.));
#110 = DIRECTION('',(1.,0.,0.));
#111 = AXIS2_PLACEMENT_3D('',#112,#113,#114);
#112 = CARTESIAN_POINT('',(48.22825,-92.0555,1.65));
#113 = DIRECTION('',(0.,0.,1.));
#114 = DIRECTION('',(1.,0.,0.));
#115 = AXIS2_PLACEMENT_3D('',#116,#117,#118);
#116 = CARTESIAN_POINT('',(41.0845,7.957,1.65));
#117 = DIRECTION('',(0.,0.,1.));
#118 = DIRECTION('',(1.,0.,0.));
#119 = AXIS2_PLACEMENT_3D('',#120,#121,#122);
#120 = CARTESIAN_POINT('',(11.90625,-76.2,1.65));
#121 = DIRECTION('',(0.,0.,1.));
#122 = DIRECTION('',(1.,0.,0.));
#123 = AXIS2_PLACEMENT_3D('',#124,#125,#126);
#124 = CARTESIAN_POINT('',(42.8625,4.7625,1.65));
#125 = DIRECTION('',(0.,0.,1.));
#126 = DIRECTION('',(1.,0.,0.));
#127 = AXIS2_PLACEMENT_3D('',#128,#129,#130);
#128 = CARTESIAN_POINT('',(160.147,7.957,1.65));
#129 = DIRECTION('',(0.,0.,1.));
#130 = DIRECTION('',(1.,0.,0.));
#131 = AXIS2_PLACEMENT_3D('',#132,#133,#134);
#132 = CARTESIAN_POINT('',(195.2625,-76.2,1.65));
#133 = DIRECTION('',(0.,0.,1.));
#134 = DIRECTION('',(1.,0.,0.));
#135 = AXIS2_PLACEMENT_3D('',#136,#137,#138);
#136 = CARTESIAN_POINT('',(123.825,4.7625,1.65));
#137 = DIRECTION('',(0.,0.,1.));
#138 = DIRECTION('',(1.,0.,0.));
#139 = AXIS2_PLACEMENT_3D('',#140,#141,#142);
#140 = CARTESIAN_POINT('',(176.2125,-76.2,1.65));
#141 = DIRECTION('',(0.,0.,1.));
#142 = DIRECTION('',(1.,0.,0.));
#143 = AXIS2_PLACEMENT_3D('',#144,#145,#146);
#144 = CARTESIAN_POINT('',(41.0845,-73.0055,1.65));
#145 = DIRECTION('',(0.,0.,1.));
#146 = DIRECTION('',(1.,0.,0.));
#147 = AXIS2_PLACEMENT_3D('',#148,#149,#150);
#148 = CARTESIAN_POINT('',(285.75,-38.1,1.65));
#149 = DIRECTION('',(0.,0.,1.));
#150 = DIRECTION('',(1.,0.,0.));
#151 = AXIS2_PLACEMENT_3D('',#152,#153,#154);
#152 = CARTESIAN_POINT('',(155.3845,-73.0055,1.65));
#153 = DIRECTION('',(0.,0.,1.));
#154 = DIRECTION('',(1.,0.,0.));
#155 = AXIS2_PLACEMENT_3D('',#156,#157,#158);
#156 = CARTESIAN_POINT('',(198.247,-34.9055,1.65));
#157 = DIRECTION('',(0.,0.,1.));
#158 = DIRECTION('',(1.,0.,0.));
#159 = AXIS2_PLACEMENT_3D('',#160,#161,#162);
#160 = CARTESIAN_POINT('',(255.397,-15.8555,1.65));
#161 = DIRECTION('',(0.,0.,1.));
#162 = DIRECTION('',(1.,0.,0.));
#163 = AXIS2_PLACEMENT_3D('',#164,#165,#166);
#164 = CARTESIAN_POINT('',(95.25,-19.05,1.65));
#165 = DIRECTION('',(0.,0.,1.));
#166 = DIRECTION('',(1.,0.,0.));
#167 = AXIS2_PLACEMENT_3D('',#168,#169,#170);
#168 = CARTESIAN_POINT('',(57.15,-19.05,1.65));
#169 = DIRECTION('',(0.,0.,1.));
#170 = DIRECTION('',(1.,0.,0.));
#171 = AXIS2_PLACEMENT_3D('',#172,#173,#174);
#172 = CARTESIAN_POINT('',(71.4375,-57.15,1.65));
#173 = DIRECTION('',(0.,0.,1.));
#174 = DIRECTION('',(1.,0.,0.));
#175 = AXIS2_PLACEMENT_3D('',#176,#177,#178);
#176 = CARTESIAN_POINT('',(26.19375,-95.25,1.65));
#177 = DIRECTION('',(0.,0.,1.));
#178 = DIRECTION('',(1.,0.,0.));
#179 = AXIS2_PLACEMENT_3D('',#180,#181,#182);
#180 = CARTESIAN_POINT('',(119.0625,-76.2,1.65));
#181 = DIRECTION('',(0.,0.,1.));
#182 = DIRECTION('',(1.,0.,0.));
#183 = AXIS2_PLACEMENT_3D('',#184,#185,#186);
#184 = CARTESIAN_POINT('',(238.72825,-73.0055,1.65));
#185 = DIRECTION('',(0.,0.,1.));
#186 = DIRECTION('',(1.,0.,0.));
#187 = AXIS2_PLACEMENT_3D('',#188,#189,#190);
#188 = CARTESIAN_POINT('',(200.025,-38.1,1.65));
#189 = DIRECTION('',(0.,0.,1.));
#190 = DIRECTION('',(1.,0.,0.));
#191 = AXIS2_PLACEMENT_3D('',#192,#193,#194);
#192 = CARTESIAN_POINT('',(157.1625,-76.2,1.65));
#193 = DIRECTION('',(0.,0.,1.));
#194 = DIRECTION('',(1.,0.,0.));
#195 = AXIS2_PLACEMENT_3D('',#196,#197,#198);
#196 = CARTESIAN_POINT('',(204.7875,4.7625,1.65));
#197 = DIRECTION('',(0.,0.,1.));
#198 = DIRECTION('',(1.,0.,0.));
#199 = AXIS2_PLACEMENT_3D('',#200,#201,#202);
#200 = CARTESIAN_POINT('',(260.1595,-34.9055,1.65));
#201 = DIRECTION('',(0.,0.,1.));
#202 = DIRECTION('',(1.,0.,0.));
#203 = AXIS2_PLACEMENT_3D('',#204,#205,#206);
#204 = CARTESIAN_POINT('',(47.625,-38.1,1.65));
#205 = DIRECTION('',(0.,0.,1.));
#206 = DIRECTION('',(1.,0.,0.));
#207 = AXIS2_PLACEMENT_3D('',#208,#209,#210);
#208 = CARTESIAN_POINT('',(23.8125,4.7625,1.65));
#209 = DIRECTION('',(0.,0.,1.));
#210 = DIRECTION('',(1.,0.,0.));
#211 = AXIS2_PLACEMENT_3D('',#212,#213,#214);
#212 = CARTESIAN_POINT('',(285.75,-95.25,1.65));
#213 = DIRECTION('',(0.,0.,1.));
#214 = DIRECTION('',(1.,0.,0.));
#215 = AXIS2_PLACEMENT_3D('',#216,#217,#218);
#216 = CARTESIAN_POINT('',(66.675,-38.1,1.65));
#217 = DIRECTION('',(0.,0.,1.));
#218 = DIRECTION('',(1.,0.,0.));
#219 = AXIS2_PLACEMENT_3D('',#220,#221,#222);
#220 = CARTESIAN_POINT('',(164.9095,-53.9555,1.65));
#221 = DIRECTION('',(0.,0.,1.));
#222 = DIRECTION('',(1.,0.,0.));
#223 = AXIS2_PLACEMENT_3D('',#224,#225,#226);
#224 = CARTESIAN_POINT('',(122.047,7.957,1.65));
#225 = DIRECTION('',(0.,0.,1.));
#226 = DIRECTION('',(1.,0.,0.));
#227 = AXIS2_PLACEMENT_3D('',#228,#229,#230);
#228 = CARTESIAN_POINT('',(79.1845,-73.0055,1.65));
#229 = DIRECTION('',(0.,0.,1.));
#230 = DIRECTION('',(1.,0.,0.));
#231 = AXIS2_PLACEMENT_3D('',#232,#233,#234);
#232 = CARTESIAN_POINT('',(226.822,-15.8555,1.65));
#233 = DIRECTION('',(0.,0.,1.));
#234 = DIRECTION('',(1.,0.,0.));
#235 = AXIS2_PLACEMENT_3D('',#236,#237,#238);
#236 = CARTESIAN_POINT('',(166.6875,-57.15,1.65));
#237 = DIRECTION('',(0.,0.,1.));
#238 = DIRECTION('',(1.,0.,0.));
#239 = AXIS2_PLACEMENT_3D('',#240,#241,#242);
#240 = CARTESIAN_POINT('',(203.0095,-53.9555,1.65));
#241 = DIRECTION('',(0.,0.,1.));
#242 = DIRECTION('',(1.,0.,0.));
#243 = AXIS2_PLACEMENT_3D('',#244,#245,#246);
#244 = CARTESIAN_POINT('',(204.7875,-57.15,1.65));
#245 = DIRECTION('',(0.,0.,1.));
#246 = DIRECTION('',(1.,0.,0.));
#247 = AXIS2_PLACEMENT_3D('',#248,#249,#250);
#248 = CARTESIAN_POINT('',(212.5345,-73.0055,1.65));
#249 = DIRECTION('',(0.,0.,1.));
#250 = DIRECTION('',(1.,0.,0.));
#251 = AXIS2_PLACEMENT_3D('',#252,#253,#254);
#252 = CARTESIAN_POINT('',(-1.778,7.957,1.65));
#253 = DIRECTION('',(0.,0.,1.));
#254 = DIRECTION('',(1.,0.,0.));
#255 = AXIS2_PLACEMENT_3D('',#256,#257,#258);
#256 = CARTESIAN_POINT('',(88.7095,-53.9555,1.65));
#257 = DIRECTION('',(0.,0.,1.));
#258 = DIRECTION('',(1.,0.,0.));
#259 = AXIS2_PLACEMENT_3D('',#260,#261,#262);
#260 = CARTESIAN_POINT('',(28.575,-38.1,1.65));
#261 = DIRECTION('',(0.,0.,1.));
#262 = DIRECTION('',(1.,0.,0.));
#263 = AXIS2_PLACEMENT_3D('',#264,#265,#266);
#264 = CARTESIAN_POINT('',(112.522,-15.8555,1.65));
#265 = DIRECTION('',(0.,0.,1.));
#266 = DIRECTION('',(1.,0.,0.));
#267 = AXIS2_PLACEMENT_3D('',#268,#269,#270);
#268 = CARTESIAN_POINT('',(45.847,-34.9055,1.65));
#269 = DIRECTION('',(0.,0.,1.));
#270 = DIRECTION('',(1.,0.,0.));
#271 = AXIS2_PLACEMENT_3D('',#272,#273,#274);
#272 = CARTESIAN_POINT('',(190.5,-19.05,1.65));
#273 = DIRECTION('',(0.,0.,1.));
#274 = DIRECTION('',(1.,0.,0.));
#275 = AXIS2_PLACEMENT_3D('',#276,#277,#278);
#276 = CARTESIAN_POINT('',(283.972,-34.9055,1.65));
#277 = DIRECTION('',(0.,0.,1.));
#278 = DIRECTION('',(1.,0.,0.));
#279 = AXIS2_PLACEMENT_3D('',#280,#281,#282);
#280 = CARTESIAN_POINT('',(2.9845,-34.9055,1.65));
#281 = DIRECTION('',(0.,0.,1.));
#282 = DIRECTION('',(1.,0.,0.));
#283 = AXIS2_PLACEMENT_3D('',#284,#285,#286);
#284 = CARTESIAN_POINT('',(203.0095,7.957,1.65));
#285 = DIRECTION('',(0.,0.,1.));
#286 = DIRECTION('',(1.,0.,0.));
#287 = AXIS2_PLACEMENT_3D('',#288,#289,#290);
#288 = CARTESIAN_POINT('',(207.772,-15.8555,1.65));
#289 = DIRECTION('',(0.,0.,1.));
#290 = DIRECTION('',(1.,0.,0.));
#291 = AXIS2_PLACEMENT_3D('',#292,#293,#294);
#292 = CARTESIAN_POINT('',(238.125,-38.1,1.65));
#293 = DIRECTION('',(0.,0.,1.));
#294 = DIRECTION('',(1.,0.,0.));
#295 = AXIS2_PLACEMENT_3D('',#296,#297,#298);
#296 = CARTESIAN_POINT('',(266.7,-76.2,1.65));
#297 = DIRECTION('',(0.,0.,1.));
#298 = DIRECTION('',(1.,0.,0.));
#299 = AXIS2_PLACEMENT_3D('',#300,#301,#302);
#300 = CARTESIAN_POINT('',(193.4845,-73.0055,1.65));
#301 = DIRECTION('',(0.,0.,1.));
#302 = DIRECTION('',(1.,0.,0.));
#303 = AXIS2_PLACEMENT_3D('',#304,#305,#306);
#304 = CARTESIAN_POINT('',(222.0595,-53.9555,1.65));
#305 = DIRECTION('',(0.,0.,1.));
#306 = DIRECTION('',(1.,0.,0.));
#307 = AXIS2_PLACEMENT_3D('',#308,#309,#310);
#308 = CARTESIAN_POINT('',(183.9595,-53.9555,1.65));
#309 = DIRECTION('',(0.,0.,1.));
#310 = DIRECTION('',(1.,0.,0.));
#311 = AXIS2_PLACEMENT_3D('',#312,#313,#314);
#312 = CARTESIAN_POINT('',(119.66575,-92.0555,1.65));
#313 = DIRECTION('',(0.,0.,1.));
#314 = DIRECTION('',(1.,0.,0.));
#315 = AXIS2_PLACEMENT_3D('',#316,#317,#318);
#316 = CARTESIAN_POINT('',(222.0595,7.957,1.65));
#317 = DIRECTION('',(0.,0.,1.));
#318 = DIRECTION('',(1.,0.,0.));
#319 = AXIS2_PLACEMENT_3D('',#320,#321,#322);
#320 = CARTESIAN_POINT('',(247.65,-95.25,1.65));
#321 = DIRECTION('',(0.,0.,1.));
#322 = DIRECTION('',(1.,0.,0.));
#323 = AXIS2_PLACEMENT_3D('',#324,#325,#326);
#324 = CARTESIAN_POINT('',(69.6595,-53.9555,1.65));
#325 = DIRECTION('',(0.,0.,1.));
#326 = DIRECTION('',(1.,0.,0.));
#327 = AXIS2_PLACEMENT_3D('',#328,#329,#330);
#328 = CARTESIAN_POINT('',(188.722,-15.8555,1.65));
#329 = DIRECTION('',(0.,0.,1.));
#330 = DIRECTION('',(1.,0.,0.));
#331 = AXIS2_PLACEMENT_3D('',#332,#333,#334);
#332 = CARTESIAN_POINT('',(4.7625,-38.1,1.65));
#333 = DIRECTION('',(0.,0.,1.));
#334 = DIRECTION('',(1.,0.,0.));
#335 = AXIS2_PLACEMENT_3D('',#336,#337,#338);
#336 = CARTESIAN_POINT('',(141.097,-34.9055,1.65));
#337 = DIRECTION('',(0.,0.,1.));
#338 = DIRECTION('',(1.,0.,0.));
#339 = AXIS2_PLACEMENT_3D('',#340,#341,#342);
#340 = CARTESIAN_POINT('',(142.875,4.7625,1.65));
#341 = DIRECTION('',(0.,0.,1.));
#342 = DIRECTION('',(1.,0.,0.));
#343 = AXIS2_PLACEMENT_3D('',#344,#345,#346);
#344 = CARTESIAN_POINT('',(169.672,-15.8555,1.65));
#345 = DIRECTION('',(0.,0.,1.));
#346 = DIRECTION('',(1.,0.,0.));
#347 = AXIS2_PLACEMENT_3D('',#348,#349,#350);
#348 = CARTESIAN_POINT('',(185.7375,-57.15,1.65));
#349 = DIRECTION('',(0.,0.,1.));
#350 = DIRECTION('',(1.,0.,0.));
#351 = AXIS2_PLACEMENT_3D('',#352,#353,#354);
#352 = CARTESIAN_POINT('',(209.55,-19.05,1.65));
#353 = DIRECTION('',(0.,0.,1.));
#354 = DIRECTION('',(1.,0.,0.));
#355 = AXIS2_PLACEMENT_3D('',#356,#357,#358);
#356 = CARTESIAN_POINT('',(171.45,-19.05,1.65));
#357 = DIRECTION('',(0.,0.,1.));
#358 = DIRECTION('',(1.,0.,0.));
#359 = AXIS2_PLACEMENT_3D('',#360,#361,#362);
#360 = CARTESIAN_POINT('',(180.975,-38.1,1.65));
#361 = DIRECTION('',(0.,0.,1.));
#362 = DIRECTION('',(1.,0.,0.));
#363 = AXIS2_PLACEMENT_3D('',#364,#365,#366);
#364 = CARTESIAN_POINT('',(264.922,-92.0555,1.65));
#365 = DIRECTION('',(0.,0.,1.));
#366 = DIRECTION('',(1.,0.,0.));
#367 = AXIS2_PLACEMENT_3D('',#368,#369,#370);
#368 = CARTESIAN_POINT('',(64.897,-34.9055,1.65));
#369 = DIRECTION('',(0.,0.,1.));
#370 = DIRECTION('',(1.,0.,0.));
#371 = AXIS2_PLACEMENT_3D('',#372,#373,#374);
#372 = CARTESIAN_POINT('',(283.972,-73.0055,1.65));
#373 = DIRECTION('',(0.,0.,1.));
#374 = DIRECTION('',(1.,0.,0.));
#375 = AXIS2_PLACEMENT_3D('',#376,#377,#378);
#376 = CARTESIAN_POINT('',(217.297,-34.9055,1.65));
#377 = DIRECTION('',(0.,0.,1.));
#378 = DIRECTION('',(1.,0.,0.));
#379 = AXIS2_PLACEMENT_3D('',#380,#381,#382);
#380 = CARTESIAN_POINT('',(254.79375,-57.15,1.65));
#381 = DIRECTION('',(0.,0.,1.));
#382 = DIRECTION('',(1.,0.,0.));
#383 = AXIS2_PLACEMENT_3D('',#384,#385,#386);
#384 = CARTESIAN_POINT('',(145.8595,-53.9555,1.65));
#385 = DIRECTION('',(0.,0.,1.));
#386 = DIRECTION('',(1.,0.,0.));
#387 = AXIS2_PLACEMENT_3D('',#388,#389,#390);
#388 = CARTESIAN_POINT('',(83.947,-34.9055,1.65));
#389 = DIRECTION('',(0.,0.,1.));
#390 = DIRECTION('',(1.,0.,0.));
#391 = AXIS2_PLACEMENT_3D('',#392,#393,#394);
#392 = CARTESIAN_POINT('',(126.8095,-53.9555,1.65));
#393 = DIRECTION('',(0.,0.,1.));
#394 = DIRECTION('',(1.,0.,0.));
#395 = AXIS2_PLACEMENT_3D('',#396,#397,#398);
#396 = CARTESIAN_POINT('',(85.725,-38.1,1.65));
#397 = DIRECTION('',(0.,0.,1.));
#398 = DIRECTION('',(1.,0.,0.));
#399 = AXIS2_PLACEMENT_3D('',#400,#401,#402);
#400 = CARTESIAN_POINT('',(102.997,-34.9055,1.65));
#401 = DIRECTION('',(0.,0.,1.));
#402 = DIRECTION('',(1.,0.,0.));
#403 = AXIS2_PLACEMENT_3D('',#404,#405,#406);
#404 = CARTESIAN_POINT('',(191.10325,-92.0555,1.65));
#405 = DIRECTION('',(0.,0.,1.));
#406 = DIRECTION('',(1.,0.,0.));
#407 = AXIS2_PLACEMENT_3D('',#408,#409,#410);
#408 = CARTESIAN_POINT('',(109.5375,-57.15,1.65));
#409 = DIRECTION('',(0.,0.,1.));
#410 = DIRECTION('',(1.,0.,0.));
#411 = AXIS2_PLACEMENT_3D('',#412,#413,#414);
#412 = CARTESIAN_POINT('',(0.,4.7625,1.65));
#413 = DIRECTION('',(0.,0.,1.));
#414 = DIRECTION('',(1.,0.,0.));
#415 = AXIS2_PLACEMENT_3D('',#416,#417,#418);
#416 = CARTESIAN_POINT('',(104.775,-38.1,1.65));
#417 = DIRECTION('',(0.,0.,1.));
#418 = DIRECTION('',(1.,0.,0.));
#419 = AXIS2_PLACEMENT_3D('',#420,#421,#422);
#420 = CARTESIAN_POINT('',(50.00625,-95.25,1.65));
#421 = DIRECTION('',(0.,0.,1.));
#422 = DIRECTION('',(1.,0.,0.));
#423 = AXIS2_PLACEMENT_3D('',#424,#425,#426);
#424 = CARTESIAN_POINT('',(80.9625,-76.2,1.65));
#425 = DIRECTION('',(0.,0.,1.));
#426 = DIRECTION('',(1.,0.,0.));
#427 = AXIS2_PLACEMENT_3D('',#428,#429,#430);
#428 = CARTESIAN_POINT('',(50.6095,-53.9555,1.65));
#429 = DIRECTION('',(0.,0.,1.));
#430 = DIRECTION('',(1.,0.,0.));
#431 = AXIS2_PLACEMENT_3D('',#432,#433,#434);
#432 = CARTESIAN_POINT('',(79.1845,7.957,1.65));
#433 = DIRECTION('',(0.,0.,1.));
#434 = DIRECTION('',(1.,0.,0.));
#435 = AXIS2_PLACEMENT_3D('',#436,#437,#438);
#436 = CARTESIAN_POINT('',(24.41575,-92.0555,1.65));
#437 = DIRECTION('',(0.,0.,1.));
#438 = DIRECTION('',(1.,0.,0.));
#439 = AXIS2_PLACEMENT_3D('',#440,#441,#442);
#440 = CARTESIAN_POINT('',(60.1345,7.957,1.65));
#441 = DIRECTION('',(0.,0.,1.));
#442 = DIRECTION('',(1.,0.,0.));
#443 = AXIS2_PLACEMENT_3D('',#444,#445,#446);
#444 = CARTESIAN_POINT('',(283.972,-92.0555,1.65));
#445 = DIRECTION('',(0.,0.,1.));
#446 = DIRECTION('',(1.,0.,0.));
#447 = AXIS2_PLACEMENT_3D('',#448,#449,#450);
#448 = CARTESIAN_POINT('',(42.8625,-76.2,1.65));
#449 = DIRECTION('',(0.,0.,1.));
#450 = DIRECTION('',(1.,0.,0.));
#451 = AXIS2_PLACEMENT_3D('',#452,#453,#454);
#452 = CARTESIAN_POINT('',(107.7595,-53.9555,1.65));
#453 = DIRECTION('',(0.,0.,1.));
#454 = DIRECTION('',(1.,0.,0.));
#455 = AXIS2_PLACEMENT_3D('',#456,#457,#458);
#456 = CARTESIAN_POINT('',(160.147,-34.9055,1.65));
#457 = DIRECTION('',(0.,0.,1.));
#458 = DIRECTION('',(1.,0.,0.));
#459 = AXIS2_PLACEMENT_3D('',#460,#461,#462);
#460 = CARTESIAN_POINT('',(128.5875,-57.15,1.65));
#461 = DIRECTION('',(0.,0.,1.));
#462 = DIRECTION('',(1.,0.,0.));
#463 = AXIS2_PLACEMENT_3D('',#464,#465,#466);
#464 = CARTESIAN_POINT('',(150.622,-15.8555,1.65));
#465 = DIRECTION('',(0.,0.,1.));
#466 = DIRECTION('',(1.,0.,0.));
#467 = AXIS2_PLACEMENT_3D('',#468,#469,#470);
#468 = CARTESIAN_POINT('',(93.472,-15.8555,1.65));
#469 = DIRECTION('',(0.,0.,1.));
#470 = DIRECTION('',(1.,0.,0.));
#471 = AXIS2_PLACEMENT_3D('',#472,#473,#474);
#472 = CARTESIAN_POINT('',(114.3,-19.05,1.65));
#473 = DIRECTION('',(0.,0.,1.));
#474 = DIRECTION('',(1.,0.,0.));
#475 = AXIS2_PLACEMENT_3D('',#476,#477,#478);
#476 = CARTESIAN_POINT('',(131.572,-15.8555,1.65));
#477 = DIRECTION('',(0.,0.,1.));
#478 = DIRECTION('',(1.,0.,0.));
#479 = AXIS2_PLACEMENT_3D('',#480,#481,#482);
#480 = CARTESIAN_POINT('',(55.372,-15.8555,1.65));
#481 = DIRECTION('',(0.,0.,1.));
#482 = DIRECTION('',(1.,0.,0.));
#483 = AXIS2_PLACEMENT_3D('',#484,#485,#486);
#484 = CARTESIAN_POINT('',(5.36575,-53.9555,1.65));
#485 = DIRECTION('',(0.,0.,1.));
#486 = DIRECTION('',(1.,0.,0.));
#487 = AXIS2_PLACEMENT_3D('',#488,#489,#490);
#488 = CARTESIAN_POINT('',(100.0125,-76.2,1.65));
#489 = DIRECTION('',(0.,0.,1.));
#490 = DIRECTION('',(1.,0.,0.));
#491 = AXIS2_PLACEMENT_3D('',#492,#493,#494);
#492 = CARTESIAN_POINT('',(242.8875,4.7625,1.65));
#493 = DIRECTION('',(0.,0.,1.));
#494 = DIRECTION('',(1.,0.,0.));
#495 = AXIS2_PLACEMENT_3D('',#496,#497,#498);
#496 = CARTESIAN_POINT('',(253.01575,-53.9555,1.65));
#497 = DIRECTION('',(0.,0.,1.));
#498 = DIRECTION('',(1.,0.,0.));
#499 = AXIS2_PLACEMENT_3D('',#500,#501,#502);
#500 = CARTESIAN_POINT('',(133.35,-19.05,1.65));
#501 = DIRECTION('',(0.,0.,1.));
#502 = DIRECTION('',(1.,0.,0.));
#503 = AXIS2_PLACEMENT_3D('',#504,#505,#506);
#504 = CARTESIAN_POINT('',(241.1095,7.957,1.65));
#505 = DIRECTION('',(0.,0.,1.));
#506 = DIRECTION('',(1.,0.,0.));
#507 = AXIS2_PLACEMENT_3D('',#508,#509,#510);
#508 = CARTESIAN_POINT('',(283.972,-53.9555,1.65));
#509 = DIRECTION('',(0.,0.,1.));
#510 = DIRECTION('',(1.,0.,0.));
#511 = AXIS2_PLACEMENT_3D('',#512,#513,#514);
#512 = CARTESIAN_POINT('',(0.,-19.05,1.65));
#513 = DIRECTION('',(0.,0.,1.));
#514 = DIRECTION('',(1.,0.,0.));
#515 = AXIS2_PLACEMENT_3D('',#516,#517,#518);
#516 = CARTESIAN_POINT('',(142.875,-38.1,1.65));
#517 = DIRECTION('',(0.,0.,1.));
#518 = DIRECTION('',(1.,0.,0.));
#519 = AXIS2_PLACEMENT_3D('',#520,#521,#522);
#520 = CARTESIAN_POINT('',(223.8375,4.7625,1.65));
#521 = DIRECTION('',(0.,0.,1.));
#522 = DIRECTION('',(1.,0.,0.));
#523 = AXIS2_PLACEMENT_3D('',#524,#525,#526);
#524 = CARTESIAN_POINT('',(10.12825,-73.0055,1.65));
#525 = DIRECTION('',(0.,0.,1.));
#526 = DIRECTION('',(1.,0.,0.));
#527 = AXIS2_PLACEMENT_3D('',#528,#529,#530);
#528 = CARTESIAN_POINT('',(117.2845,-73.0055,1.65));
#529 = DIRECTION('',(0.,0.,1.));
#530 = DIRECTION('',(1.,0.,0.));
#531 = AXIS2_PLACEMENT_3D('',#532,#533,#534);
#532 = CARTESIAN_POINT('',(174.4345,-73.0055,1.65));
#533 = DIRECTION('',(0.,0.,1.));
#534 = DIRECTION('',(1.,0.,0.));
#535 = AXIS2_PLACEMENT_3D('',#536,#537,#538);
#536 = CARTESIAN_POINT('',(147.6375,-57.15,1.65));
#537 = DIRECTION('',(0.,0.,1.));
#538 = DIRECTION('',(1.,0.,0.));
#539 = AXIS2_PLACEMENT_3D('',#540,#541,#542);
#540 = CARTESIAN_POINT('',(161.925,-38.1,1.65));
#541 = DIRECTION('',(0.,0.,1.));
#542 = DIRECTION('',(1.,0.,0.));
#543 = AXIS2_PLACEMENT_3D('',#544,#545,#546);
#544 = CARTESIAN_POINT('',(216.69375,-95.25,1.65));
#545 = DIRECTION('',(0.,0.,1.));
#546 = DIRECTION('',(1.,0.,0.));
#547 = AXIS2_PLACEMENT_3D('',#548,#549,#550);
#548 = CARTESIAN_POINT('',(61.9125,-76.2,1.65));
#549 = DIRECTION('',(0.,0.,1.));
#550 = DIRECTION('',(1.,0.,0.));
#551 = AXIS2_PLACEMENT_3D('',#552,#553,#554);
#552 = CARTESIAN_POINT('',(104.775,4.7625,1.65));
#553 = DIRECTION('',(0.,0.,1.));
#554 = DIRECTION('',(1.,0.,0.));
#555 = AXIS2_PLACEMENT_3D('',#556,#557,#558);
#556 = CARTESIAN_POINT('',(80.9625,4.7625,1.65));
#557 = DIRECTION('',(0.,0.,1.));
#558 = DIRECTION('',(1.,0.,0.));
#559 = AXIS2_PLACEMENT_3D('',#560,#561,#562);
#560 = CARTESIAN_POINT('',(285.75,-19.05,1.65));
#561 = DIRECTION('',(0.,0.,1.));
#562 = DIRECTION('',(1.,0.,0.));
#563 = AXIS2_PLACEMENT_3D('',#564,#565,#566);
#564 = CARTESIAN_POINT('',(152.4,-19.05,1.65));
#565 = DIRECTION('',(0.,0.,1.));
#566 = DIRECTION('',(1.,0.,0.));
#567 = AXIS2_PLACEMENT_3D('',#568,#569,#570);
#568 = CARTESIAN_POINT('',(192.88125,-95.25,1.65));
#569 = DIRECTION('',(0.,0.,1.));
#570 = DIRECTION('',(1.,0.,0.));
#571 = AXIS2_PLACEMENT_3D('',#572,#573,#574);
#572 = CARTESIAN_POINT('',(2.38125,-95.25,1.65));
#573 = DIRECTION('',(0.,0.,1.));
#574 = DIRECTION('',(1.,0.,0.));
#575 = AXIS2_PLACEMENT_3D('',#576,#577,#578);
#576 = CARTESIAN_POINT('',(179.197,-34.9055,1.65));
#577 = DIRECTION('',(0.,0.,1.));
#578 = DIRECTION('',(1.,0.,0.));
#579 = AXIS2_PLACEMENT_3D('',#580,#581,#582);
#580 = CARTESIAN_POINT('',(102.997,7.957,1.65));
#581 = DIRECTION('',(0.,0.,1.));
#582 = DIRECTION('',(1.,0.,0.));
#583 = AXIS2_PLACEMENT_3D('',#584,#585,#586);
#584 = CARTESIAN_POINT('',(60.1345,-73.0055,1.65));
#585 = DIRECTION('',(0.,0.,1.));
#586 = DIRECTION('',(1.,0.,0.));
#587 = AXIS2_PLACEMENT_3D('',#588,#589,#590);
#588 = CARTESIAN_POINT('',(33.3375,-57.15,1.65));
#589 = DIRECTION('',(0.,0.,1.));
#590 = DIRECTION('',(1.,0.,0.));
#591 = AXIS2_PLACEMENT_3D('',#592,#593,#594);
#592 = CARTESIAN_POINT('',(90.4875,-57.15,1.65));
#593 = DIRECTION('',(0.,0.,1.));
#594 = DIRECTION('',(1.,0.,0.));
#595 = AXIS2_PLACEMENT_3D('',#596,#597,#598);
#596 = CARTESIAN_POINT('',(219.075,-38.1,1.65));
#597 = DIRECTION('',(0.,0.,1.));
#598 = DIRECTION('',(1.,0.,0.));
#599 = AXIS2_PLACEMENT_3D('',#600,#601,#602);
#600 = CARTESIAN_POINT('',(285.75,-57.15,1.65));
#601 = DIRECTION('',(0.,0.,1.));
#602 = DIRECTION('',(1.,0.,0.));
#603 = AXIS2_PLACEMENT_3D('',#604,#605,#606);
#604 = CARTESIAN_POINT('',(223.8375,-57.15,1.65));
#605 = DIRECTION('',(0.,0.,1.));
#606 = DIRECTION('',(1.,0.,0.));
#607 = AXIS2_PLACEMENT_3D('',#608,#609,#610);
#608 = CARTESIAN_POINT('',(74.422,-15.8555,1.65));
#609 = DIRECTION('',(0.,0.,1.));
#610 = DIRECTION('',(1.,0.,0.));
#611 = AXIS2_PLACEMENT_3D('',#612,#613,#614);
#612 = CARTESIAN_POINT('',(7.14375,-57.15,1.65));
#613 = DIRECTION('',(0.,0.,1.));
#614 = DIRECTION('',(1.,0.,0.));
#615 = AXIS2_PLACEMENT_3D('',#616,#617,#618);
#616 = CARTESIAN_POINT('',(31.5595,-53.9555,1.65));
#617 = DIRECTION('',(0.,0.,1.));
#618 = DIRECTION('',(1.,0.,0.));
#619 = AXIS2_PLACEMENT_3D('',#620,#621,#622);
#620 = CARTESIAN_POINT('',(26.797,-34.9055,1.65));
#621 = DIRECTION('',(0.,0.,1.));
#622 = DIRECTION('',(1.,0.,0.));
#623 = AXIS2_PLACEMENT_3D('',#624,#625,#626);
#624 = CARTESIAN_POINT('',(228.6,-19.05,1.65));
#625 = DIRECTION('',(0.,0.,1.));
#626 = DIRECTION('',(1.,0.,0.));
#627 = AXIS2_PLACEMENT_3D('',#628,#629,#630);
#628 = CARTESIAN_POINT('',(283.972,-15.8555,1.65));
#629 = DIRECTION('',(0.,0.,1.));
#630 = DIRECTION('',(1.,0.,0.));
#631 = AXIS2_PLACEMENT_3D('',#632,#633,#634);
#632 = CARTESIAN_POINT('',(19.05,-19.05,1.65));
#633 = DIRECTION('',(0.,0.,1.));
#634 = DIRECTION('',(1.,0.,0.));
#635 = AXIS2_PLACEMENT_3D('',#636,#637,#638);
#636 = CARTESIAN_POINT('',(22.0345,7.957,1.65));
#637 = DIRECTION('',(0.,0.,1.));
#638 = DIRECTION('',(1.,0.,0.));
#639 = AXIS2_PLACEMENT_3D('',#640,#641,#642);
#640 = CARTESIAN_POINT('',(17.272,-15.8555,1.65));
#641 = DIRECTION('',(0.,0.,1.));
#642 = DIRECTION('',(1.,0.,0.));
#643 = AXIS2_PLACEMENT_3D('',#644,#645,#646);
#644 = CARTESIAN_POINT('',(240.50625,-76.2,1.65));
#645 = DIRECTION('',(0.,0.,1.));
#646 = DIRECTION('',(1.,0.,0.));
#647 = AXIS2_PLACEMENT_3D('',#648,#649,#650);
#648 = CARTESIAN_POINT('',(185.7375,4.7625,1.65));
#649 = DIRECTION('',(0.,0.,1.));
#650 = DIRECTION('',(1.,0.,0.));
#651 = AXIS2_PLACEMENT_3D('',#652,#653,#654);
#652 = CARTESIAN_POINT('',(266.7,-95.25,1.65));
#653 = DIRECTION('',(0.,0.,1.));
#654 = DIRECTION('',(1.,0.,0.));
#655 = AXIS2_PLACEMENT_3D('',#656,#657,#658);
#656 = CARTESIAN_POINT('',(0.,0.,0.));
#657 = DIRECTION('',(0.,0.,1.));
#658 = DIRECTION('',(1.,0.,-0.));
#659 = ( GEOMETRIC_REPRESENTATION_CONTEXT(3) 
GLOBAL_UNCERTAINTY_ASSIGNED_CONTEXT((#663)) GLOBAL_UNIT_ASSIGNED_CONTEXT
((#660,#661,#662)) REPRESENTATION_CONTEXT('Context #1',
  '3D Context with UNIT and UNCERTAINTY') );
#660 = ( LENGTH_UNIT() NAMED_UNIT(*) SI_UNIT(.MILLI.,.METRE.) );
#661 = ( NAMED_UNIT(*) PLANE_ANGLE_UNIT() SI_UNIT($,.RADIAN.) );
#662 = ( NAMED_UNIT(*) SI_UNIT($,.STERADIAN.) SOLID_ANGLE_UNIT() );
#663 = UNCERTAINTY_MEASURE_WITH_UNIT(LENGTH_MEASURE(1.E-07),#660,
  'distance_accuracy_value','confusion accuracy');
#664 = PRODUCT_RELATED_PRODUCT_CATEGORY('part',$,(#7));
#665 = SHAPE_DEFINITION_REPRESENTATION(#666,#672);
#666 = PRODUCT_DEFINITION_SHAPE('','',#667);
#667 = PRODUCT_DEFINITION('design','',#668,#671);
#668 = PRODUCT_DEFINITION_FORMATION('','',#669);
#669 = PRODUCT('C0603T104K8RAC7867','C0603T104K8RAC7867','',(#670));
#670 = PRODUCT_CONTEXT('',#2,'mechanical');
#671 = PRODUCT_DEFINITION_CONTEXT('part definition',#2,'design');
#672 = SHAPE_REPRESENTATION('',(#11,#673),#677);
#673 = AXIS2_PLACEMENT_3D('',#674,#675,#676);
#674 = CARTESIAN_POINT('',(0.,0.,0.));
#675 = DIRECTION('',(0.,0.,1.));
#676 = DIRECTION('',(1.,0.,-0.));
#677 = ( GEOMETRIC_REPRESENTATION_CONTEXT(3) 
GLOBAL_UNCERTAINTY_ASSIGNED_CONTEXT((#681)) GLOBAL_UNIT_ASSIGNED_CONTEXT
((#678,#679,#680)) REPRESENTATION_CONTEXT('Context #1',
  '3D Context with UNIT and UNCERTAINTY') );
#678 = ( LENGTH_UNIT() NAMED_UNIT(*) SI_UNIT(.MILLI.,.METRE.) );
#679 = ( NAMED_UNIT(*) PLANE_ANGLE_UNIT() SI_UNIT($,.RADIAN.) );
#680 = ( NAMED_UNIT(*) SI_UNIT($,.STERADIAN.) SOLID_ANGLE_UNIT() );
#681 = UNCERTAINTY_MEASURE_WITH_UNIT(LENGTH_MEASURE(1.E-07),#678,
  'distance_accuracy_value','confusion accuracy');
#682 = CONTEXT_DEPENDENT_SHAPE_REPRESENTATION(#683,#685);
#683 = ( REPRESENTATION_RELATIONSHIP('','',#672,#10) 
REPRESENTATION_RELATIONSHIP_WITH_TRANSFORMATION(#684) 
SHAPE_REPRESENTATION_RELATIONSHIP() );
#684 = ITEM_DEFINED_TRANSFORMATION('','',#11,#15);
#685 = PRODUCT_DEFINITION_SHAPE('Placement','Placement of an item',#686
  );
#686 = NEXT_ASSEMBLY_USAGE_OCCURRENCE('2','C62','',#5,#667,$);
#687 = PRODUCT_RELATED_PRODUCT_CATEGORY('part',$,(#669));
#688 = SHAPE_DEFINITION_REPRESENTATION(#689,#695);
#689 = PRODUCT_DEFINITION_SHAPE('','',#690);
#690 = PRODUCT_DEFINITION('design','',#691,#694);
#691 = PRODUCT_DEFINITION_FORMATION('','',#692);
#692 = PRODUCT('C0603C823K4RACTU','C0603C823K4RACTU','',(#693));
#693 = PRODUCT_CONTEXT('',#2,'mechanical');
#694 = PRODUCT_DEFINITION_CONTEXT('part definition',#2,'design');
#695 = SHAPE_REPRESENTATION('',(#11,#696,#1150,#1604),#1894);
#696 = MANIFOLD_SOLID_BREP('',#697);
#697 = CLOSED_SHELL('',(#698,#738,#778,#845,#876,#907,#938,#956,#980,
    #998,#1015,#1032,#1050,#1068,#1086,#1104,#1121,#1138));
#698 = ADVANCED_FACE('',(#699),#733,.F.);
#699 = FACE_BOUND('',#700,.T.);
#700 = EDGE_LOOP('',(#701,#711,#719,#727));
#701 = ORIENTED_EDGE('',*,*,#702,.T.);
#702 = EDGE_CURVE('',#703,#705,#707,.T.);
#703 = VERTEX_POINT('',#704);
#704 = CARTESIAN_POINT('',(-0.8,0.83,0.36));
#705 = VERTEX_POINT('',#706);
#706 = CARTESIAN_POINT('',(-0.8,0.83,-0.36));
#707 = LINE('',#708,#709);
#708 = CARTESIAN_POINT('',(-0.8,0.83,-0.4));
#709 = VECTOR('',#710,1.);
#710 = DIRECTION('',(-1.355252715607E-16,-0.,-1.));
#711 = ORIENTED_EDGE('',*,*,#712,.T.);
#712 = EDGE_CURVE('',#705,#713,#715,.T.);
#713 = VERTEX_POINT('',#714);
#714 = CARTESIAN_POINT('',(-0.8,4.E-02,-0.36));
#715 = LINE('',#716,#717);
#716 = CARTESIAN_POINT('',(-0.8,0.87,-0.36));
#717 = VECTOR('',#718,1.);
#718 = DIRECTION('',(0.,-1.,0.));
#719 = ORIENTED_EDGE('',*,*,#720,.T.);
#720 = EDGE_CURVE('',#713,#721,#723,.T.);
#721 = VERTEX_POINT('',#722);
#722 = CARTESIAN_POINT('',(-0.8,4.E-02,0.36));
#723 = LINE('',#724,#725);
#724 = CARTESIAN_POINT('',(-0.8,4.E-02,-0.4));
#725 = VECTOR('',#726,1.);
#726 = DIRECTION('',(1.355252715607E-16,-0.,1.));
#727 = ORIENTED_EDGE('',*,*,#728,.T.);
#728 = EDGE_CURVE('',#721,#703,#729,.T.);
#729 = LINE('',#730,#731);
#730 = CARTESIAN_POINT('',(-0.8,0.87,0.36));
#731 = VECTOR('',#732,1.);
#732 = DIRECTION('',(-0.,1.,-0.));
#733 = PLANE('',#734);
#734 = AXIS2_PLACEMENT_3D('',#735,#736,#737);
#735 = CARTESIAN_POINT('',(-0.8,0.87,-0.4));
#736 = DIRECTION('',(1.,0.,-1.355252715607E-16));
#737 = DIRECTION('',(-1.355252715607E-16,0.,-1.));
#738 = ADVANCED_FACE('',(#739),#773,.F.);
#739 = FACE_BOUND('',#740,.T.);
#740 = EDGE_LOOP('',(#741,#751,#759,#767));
#741 = ORIENTED_EDGE('',*,*,#742,.T.);
#742 = EDGE_CURVE('',#743,#745,#747,.T.);
#743 = VERTEX_POINT('',#744);
#744 = CARTESIAN_POINT('',(-0.76,0.83,0.4));
#745 = VERTEX_POINT('',#746);
#746 = CARTESIAN_POINT('',(-0.76,4.E-02,0.4));
#747 = LINE('',#748,#749);
#748 = CARTESIAN_POINT('',(-0.76,0.87,0.4));
#749 = VECTOR('',#750,1.);
#750 = DIRECTION('',(0.,-1.,0.));
#751 = ORIENTED_EDGE('',*,*,#752,.T.);
#752 = EDGE_CURVE('',#745,#753,#755,.T.);
#753 = VERTEX_POINT('',#754);
#754 = CARTESIAN_POINT('',(-0.45,4.E-02,0.4));
#755 = LINE('',#756,#757);
#756 = CARTESIAN_POINT('',(-0.8,4.E-02,0.4));
#757 = VECTOR('',#758,1.);
#758 = DIRECTION('',(1.,-0.,0.));
#759 = ORIENTED_EDGE('',*,*,#760,.F.);
#760 = EDGE_CURVE('',#761,#753,#763,.T.);
#761 = VERTEX_POINT('',#762);
#762 = CARTESIAN_POINT('',(-0.45,0.83,0.4));
#763 = LINE('',#764,#765);
#764 = CARTESIAN_POINT('',(-0.45,0.87,0.4));
#765 = VECTOR('',#766,1.);
#766 = DIRECTION('',(-0.,-1.,-0.));
#767 = ORIENTED_EDGE('',*,*,#768,.T.);
#768 = EDGE_CURVE('',#761,#743,#769,.T.);
#769 = LINE('',#770,#771);
#770 = CARTESIAN_POINT('',(-0.8,0.83,0.4));
#771 = VECTOR('',#772,1.);
#772 = DIRECTION('',(-1.,-0.,-0.));
#773 = PLANE('',#774);
#774 = AXIS2_PLACEMENT_3D('',#775,#776,#777);
#775 = CARTESIAN_POINT('',(-0.8,0.87,0.4));
#776 = DIRECTION('',(0.,0.,-1.));
#777 = DIRECTION('',(-1.,0.,-0.));
#778 = ADVANCED_FACE('',(#779),#840,.F.);
#779 = FACE_BOUND('',#780,.T.);
#780 = EDGE_LOOP('',(#781,#791,#800,#808,#817,#825,#832,#833));
#781 = ORIENTED_EDGE('',*,*,#782,.T.);
#782 = EDGE_CURVE('',#783,#785,#787,.T.);
#783 = VERTEX_POINT('',#784);
#784 = CARTESIAN_POINT('',(-0.45,0.,0.36));
#785 = VERTEX_POINT('',#786);
#786 = CARTESIAN_POINT('',(-0.45,0.,-0.36));
#787 = LINE('',#788,#789);
#788 = CARTESIAN_POINT('',(-0.45,0.,-0.4));
#789 = VECTOR('',#790,1.);
#790 = DIRECTION('',(-2.03287907341E-16,-0.,-1.));
#791 = ORIENTED_EDGE('',*,*,#792,.T.);
#792 = EDGE_CURVE('',#785,#793,#795,.T.);
#793 = VERTEX_POINT('',#794);
#794 = CARTESIAN_POINT('',(-0.45,4.E-02,-0.4));
#795 = CIRCLE('',#796,4.E-02);
#796 = AXIS2_PLACEMENT_3D('',#797,#798,#799);
#797 = CARTESIAN_POINT('',(-0.45,4.E-02,-0.36));
#798 = DIRECTION('',(1.,0.,-2.03287907341E-16));
#799 = DIRECTION('',(2.03287907341E-16,0.,1.));
#800 = ORIENTED_EDGE('',*,*,#801,.F.);
#801 = EDGE_CURVE('',#802,#793,#804,.T.);
#802 = VERTEX_POINT('',#803);
#803 = CARTESIAN_POINT('',(-0.45,0.83,-0.4));
#804 = LINE('',#805,#806);
#805 = CARTESIAN_POINT('',(-0.45,0.87,-0.4));
#806 = VECTOR('',#807,1.);
#807 = DIRECTION('',(-0.,-1.,-0.));
#808 = ORIENTED_EDGE('',*,*,#809,.T.);
#809 = EDGE_CURVE('',#802,#810,#812,.T.);
#810 = VERTEX_POINT('',#811);
#811 = CARTESIAN_POINT('',(-0.45,0.87,-0.36));
#812 = CIRCLE('',#813,4.E-02);
#813 = AXIS2_PLACEMENT_3D('',#814,#815,#816);
#814 = CARTESIAN_POINT('',(-0.45,0.83,-0.36));
#815 = DIRECTION('',(1.,0.,-2.03287907341E-16));
#816 = DIRECTION('',(2.03287907341E-16,0.,1.));
#817 = ORIENTED_EDGE('',*,*,#818,.F.);
#818 = EDGE_CURVE('',#819,#810,#821,.T.);
#819 = VERTEX_POINT('',#820);
#820 = CARTESIAN_POINT('',(-0.45,0.87,0.36));
#821 = LINE('',#822,#823);
#822 = CARTESIAN_POINT('',(-0.45,0.87,-0.4));
#823 = VECTOR('',#824,1.);
#824 = DIRECTION('',(-2.03287907341E-16,-0.,-1.));
#825 = ORIENTED_EDGE('',*,*,#826,.T.);
#826 = EDGE_CURVE('',#819,#761,#827,.T.);
#827 = CIRCLE('',#828,4.E-02);
#828 = AXIS2_PLACEMENT_3D('',#829,#830,#831);
#829 = CARTESIAN_POINT('',(-0.45,0.83,0.36));
#830 = DIRECTION('',(1.,0.,-2.03287907341E-16));
#831 = DIRECTION('',(2.03287907341E-16,0.,1.));
#832 = ORIENTED_EDGE('',*,*,#760,.T.);
#833 = ORIENTED_EDGE('',*,*,#834,.T.);
#834 = EDGE_CURVE('',#753,#783,#835,.T.);
#835 = CIRCLE('',#836,4.E-02);
#836 = AXIS2_PLACEMENT_3D('',#837,#838,#839);
#837 = CARTESIAN_POINT('',(-0.45,4.E-02,0.36));
#838 = DIRECTION('',(1.,0.,-2.03287907341E-16));
#839 = DIRECTION('',(2.03287907341E-16,0.,1.));
#840 = PLANE('',#841);
#841 = AXIS2_PLACEMENT_3D('',#842,#843,#844);
#842 = CARTESIAN_POINT('',(-0.45,0.87,-0.4));
#843 = DIRECTION('',(-1.,0.,2.03287907341E-16));
#844 = DIRECTION('',(2.03287907341E-16,0.,1.));
#845 = ADVANCED_FACE('',(#846),#871,.F.);
#846 = FACE_BOUND('',#847,.T.);
#847 = EDGE_LOOP('',(#848,#849,#857,#865));
#848 = ORIENTED_EDGE('',*,*,#801,.T.);
#849 = ORIENTED_EDGE('',*,*,#850,.T.);
#850 = EDGE_CURVE('',#793,#851,#853,.T.);
#851 = VERTEX_POINT('',#852);
#852 = CARTESIAN_POINT('',(-0.76,4.E-02,-0.4));
#853 = LINE('',#854,#855);
#854 = CARTESIAN_POINT('',(-0.8,4.E-02,-0.4));
#855 = VECTOR('',#856,1.);
#856 = DIRECTION('',(-1.,0.,-1.548860246408E-16));
#857 = ORIENTED_EDGE('',*,*,#858,.T.);
#858 = EDGE_CURVE('',#851,#859,#861,.T.);
#859 = VERTEX_POINT('',#860);
#860 = CARTESIAN_POINT('',(-0.76,0.83,-0.4));
#861 = LINE('',#862,#863);
#862 = CARTESIAN_POINT('',(-0.76,0.87,-0.4));
#863 = VECTOR('',#864,1.);
#864 = DIRECTION('',(-0.,1.,-0.));
#865 = ORIENTED_EDGE('',*,*,#866,.T.);
#866 = EDGE_CURVE('',#859,#802,#867,.T.);
#867 = LINE('',#868,#869);
#868 = CARTESIAN_POINT('',(-0.45,0.83,-0.4));
#869 = VECTOR('',#870,1.);
#870 = DIRECTION('',(1.,-0.,1.548860246408E-16));
#871 = PLANE('',#872);
#872 = AXIS2_PLACEMENT_3D('',#873,#874,#875);
#873 = CARTESIAN_POINT('',(-0.8,0.87,-0.4));
#874 = DIRECTION('',(-1.548860246408E-16,0.,1.));
#875 = DIRECTION('',(1.,0.,1.548860246408E-16));
#876 = ADVANCED_FACE('',(#877),#902,.T.);
#877 = FACE_BOUND('',#878,.T.);
#878 = EDGE_LOOP('',(#879,#880,#888,#896));
#879 = ORIENTED_EDGE('',*,*,#818,.T.);
#880 = ORIENTED_EDGE('',*,*,#881,.T.);
#881 = EDGE_CURVE('',#810,#882,#884,.T.);
#882 = VERTEX_POINT('',#883);
#883 = CARTESIAN_POINT('',(-0.76,0.87,-0.36));
#884 = LINE('',#885,#886);
#885 = CARTESIAN_POINT('',(-0.8,0.87,-0.36));
#886 = VECTOR('',#887,1.);
#887 = DIRECTION('',(-1.,0.,-1.548860246408E-16));
#888 = ORIENTED_EDGE('',*,*,#889,.T.);
#889 = EDGE_CURVE('',#882,#890,#892,.T.);
#890 = VERTEX_POINT('',#891);
#891 = CARTESIAN_POINT('',(-0.76,0.87,0.36));
#892 = LINE('',#893,#894);
#893 = CARTESIAN_POINT('',(-0.76,0.87,0.4));
#894 = VECTOR('',#895,1.);
#895 = DIRECTION('',(1.355252715607E-16,-0.,1.));
#896 = ORIENTED_EDGE('',*,*,#897,.T.);
#897 = EDGE_CURVE('',#890,#819,#898,.T.);
#898 = LINE('',#899,#900);
#899 = CARTESIAN_POINT('',(-0.45,0.87,0.36));
#900 = VECTOR('',#901,1.);
#901 = DIRECTION('',(1.,-0.,0.));
#902 = PLANE('',#903);
#903 = AXIS2_PLACEMENT_3D('',#904,#905,#906);
#904 = CARTESIAN_POINT('',(0.,0.87,0.));
#905 = DIRECTION('',(0.,1.,0.));
#906 = DIRECTION('',(0.,-0.,1.));
#907 = ADVANCED_FACE('',(#908),#933,.F.);
#908 = FACE_BOUND('',#909,.T.);
#909 = EDGE_LOOP('',(#910,#920,#926,#927));
#910 = ORIENTED_EDGE('',*,*,#911,.T.);
#911 = EDGE_CURVE('',#912,#914,#916,.T.);
#912 = VERTEX_POINT('',#913);
#913 = CARTESIAN_POINT('',(-0.76,0.,0.36));
#914 = VERTEX_POINT('',#915);
#915 = CARTESIAN_POINT('',(-0.76,0.,-0.36));
#916 = LINE('',#917,#918);
#917 = CARTESIAN_POINT('',(-0.76,0.,1.029992063861E-16));
#918 = VECTOR('',#919,1.);
#919 = DIRECTION('',(-1.355252715607E-16,0.,-1.));
#920 = ORIENTED_EDGE('',*,*,#921,.T.);
#921 = EDGE_CURVE('',#914,#785,#922,.T.);
#922 = LINE('',#923,#924);
#923 = CARTESIAN_POINT('',(5.575896887068E-17,0.,-0.36));
#924 = VECTOR('',#925,1.);
#925 = DIRECTION('',(1.,-0.,1.548860246408E-16));
#926 = ORIENTED_EDGE('',*,*,#782,.F.);
#927 = ORIENTED_EDGE('',*,*,#928,.T.);
#928 = EDGE_CURVE('',#783,#912,#929,.T.);
#929 = LINE('',#930,#931);
#930 = CARTESIAN_POINT('',(0.,0.,0.36));
#931 = VECTOR('',#932,1.);
#932 = DIRECTION('',(-1.,0.,-0.));
#933 = PLANE('',#934);
#934 = AXIS2_PLACEMENT_3D('',#935,#936,#937);
#935 = CARTESIAN_POINT('',(0.,0.,0.));
#936 = DIRECTION('',(0.,1.,0.));
#937 = DIRECTION('',(0.,-0.,1.));
#938 = ADVANCED_FACE('',(#939),#951,.T.);
#939 = FACE_BOUND('',#940,.T.);
#940 = EDGE_LOOP('',(#941,#942,#943,#950));
#941 = ORIENTED_EDGE('',*,*,#826,.F.);
#942 = ORIENTED_EDGE('',*,*,#897,.F.);
#943 = ORIENTED_EDGE('',*,*,#944,.F.);
#944 = EDGE_CURVE('',#743,#890,#945,.T.);
#945 = CIRCLE('',#946,4.E-02);
#946 = AXIS2_PLACEMENT_3D('',#947,#948,#949);
#947 = CARTESIAN_POINT('',(-0.76,0.83,0.36));
#948 = DIRECTION('',(-1.,0.,0.));
#949 = DIRECTION('',(0.,0.,1.));
#950 = ORIENTED_EDGE('',*,*,#768,.F.);
#951 = CYLINDRICAL_SURFACE('',#952,4.E-02);
#952 = AXIS2_PLACEMENT_3D('',#953,#954,#955);
#953 = CARTESIAN_POINT('',(0.,0.83,0.36));
#954 = DIRECTION('',(-1.,0.,0.));
#955 = DIRECTION('',(0.,0.,1.));
#956 = ADVANCED_FACE('',(#957),#975,.T.);
#957 = FACE_BOUND('',#958,.T.);
#958 = EDGE_LOOP('',(#959,#966,#967,#974));
#959 = ORIENTED_EDGE('',*,*,#960,.F.);
#960 = EDGE_CURVE('',#745,#721,#961,.T.);
#961 = CIRCLE('',#962,4.E-02);
#962 = AXIS2_PLACEMENT_3D('',#963,#964,#965);
#963 = CARTESIAN_POINT('',(-0.76,4.E-02,0.36));
#964 = DIRECTION('',(0.,-1.,0.));
#965 = DIRECTION('',(0.,0.,-1.));
#966 = ORIENTED_EDGE('',*,*,#742,.F.);
#967 = ORIENTED_EDGE('',*,*,#968,.F.);
#968 = EDGE_CURVE('',#703,#743,#969,.T.);
#969 = CIRCLE('',#970,4.E-02);
#970 = AXIS2_PLACEMENT_3D('',#971,#972,#973);
#971 = CARTESIAN_POINT('',(-0.76,0.83,0.36));
#972 = DIRECTION('',(0.,1.,-0.));
#973 = DIRECTION('',(0.,0.,1.));
#974 = ORIENTED_EDGE('',*,*,#728,.F.);
#975 = CYLINDRICAL_SURFACE('',#976,4.E-02);
#976 = AXIS2_PLACEMENT_3D('',#977,#978,#979);
#977 = CARTESIAN_POINT('',(-0.76,0.87,0.36));
#978 = DIRECTION('',(0.,-1.,0.));
#979 = DIRECTION('',(0.,0.,-1.));
#980 = ADVANCED_FACE('',(#981),#993,.T.);
#981 = FACE_BOUND('',#982,.T.);
#982 = EDGE_LOOP('',(#983,#984,#985,#992));
#983 = ORIENTED_EDGE('',*,*,#834,.F.);
#984 = ORIENTED_EDGE('',*,*,#752,.F.);
#985 = ORIENTED_EDGE('',*,*,#986,.F.);
#986 = EDGE_CURVE('',#912,#745,#987,.T.);
#987 = CIRCLE('',#988,4.E-02);
#988 = AXIS2_PLACEMENT_3D('',#989,#990,#991);
#989 = CARTESIAN_POINT('',(-0.76,4.E-02,0.36));
#990 = DIRECTION('',(-1.,0.,0.));
#991 = DIRECTION('',(0.,0.,1.));
#992 = ORIENTED_EDGE('',*,*,#928,.F.);
#993 = CYLINDRICAL_SURFACE('',#994,4.E-02);
#994 = AXIS2_PLACEMENT_3D('',#995,#996,#997);
#995 = CARTESIAN_POINT('',(-0.8,4.E-02,0.36));
#996 = DIRECTION('',(1.,-0.,0.));
#997 = DIRECTION('',(0.,0.,-1.));
#998 = ADVANCED_FACE('',(#999),#1010,.T.);
#999 = FACE_BOUND('',#1000,.T.);
#1000 = EDGE_LOOP('',(#1001,#1002,#1003));
#1001 = ORIENTED_EDGE('',*,*,#968,.T.);
#1002 = ORIENTED_EDGE('',*,*,#944,.T.);
#1003 = ORIENTED_EDGE('',*,*,#1004,.F.);
#1004 = EDGE_CURVE('',#703,#890,#1005,.T.);
#1005 = CIRCLE('',#1006,4.E-02);
#1006 = AXIS2_PLACEMENT_3D('',#1007,#1008,#1009);
#1007 = CARTESIAN_POINT('',(-0.76,0.83,0.36));
#1008 = DIRECTION('',(0.,0.,-1.));
#1009 = DIRECTION('',(1.,0.,0.));
#1010 = SPHERICAL_SURFACE('',#1011,4.E-02);
#1011 = AXIS2_PLACEMENT_3D('',#1012,#1013,#1014);
#1012 = CARTESIAN_POINT('',(-0.76,0.83,0.36));
#1013 = DIRECTION('',(0.,1.,0.));
#1014 = DIRECTION('',(1.,0.,0.));
#1015 = ADVANCED_FACE('',(#1016),#1027,.T.);
#1016 = FACE_BOUND('',#1017,.T.);
#1017 = EDGE_LOOP('',(#1018,#1019,#1020));
#1018 = ORIENTED_EDGE('',*,*,#986,.T.);
#1019 = ORIENTED_EDGE('',*,*,#960,.T.);
#1020 = ORIENTED_EDGE('',*,*,#1021,.F.);
#1021 = EDGE_CURVE('',#912,#721,#1022,.T.);
#1022 = CIRCLE('',#1023,4.E-02);
#1023 = AXIS2_PLACEMENT_3D('',#1024,#1025,#1026);
#1024 = CARTESIAN_POINT('',(-0.76,4.E-02,0.36));
#1025 = DIRECTION('',(0.,0.,-1.));
#1026 = DIRECTION('',(1.,0.,0.));
#1027 = SPHERICAL_SURFACE('',#1028,4.E-02);
#1028 = AXIS2_PLACEMENT_3D('',#1029,#1030,#1031);
#1029 = CARTESIAN_POINT('',(-0.76,4.E-02,0.36));
#1030 = DIRECTION('',(0.,1.,0.));
#1031 = DIRECTION('',(1.,0.,0.));
#1032 = ADVANCED_FACE('',(#1033),#1045,.T.);
#1033 = FACE_BOUND('',#1034,.T.);
#1034 = EDGE_LOOP('',(#1035,#1036,#1037,#1044));
#1035 = ORIENTED_EDGE('',*,*,#809,.F.);
#1036 = ORIENTED_EDGE('',*,*,#866,.F.);
#1037 = ORIENTED_EDGE('',*,*,#1038,.F.);
#1038 = EDGE_CURVE('',#882,#859,#1039,.T.);
#1039 = CIRCLE('',#1040,4.E-02);
#1040 = AXIS2_PLACEMENT_3D('',#1041,#1042,#1043);
#1041 = CARTESIAN_POINT('',(-0.76,0.83,-0.36));
#1042 = DIRECTION('',(-1.,0.,0.));
#1043 = DIRECTION('',(0.,0.,1.));
#1044 = ORIENTED_EDGE('',*,*,#881,.F.);
#1045 = CYLINDRICAL_SURFACE('',#1046,4.E-02);
#1046 = AXIS2_PLACEMENT_3D('',#1047,#1048,#1049);
#1047 = CARTESIAN_POINT('',(5.575896887068E-17,0.83,-0.36));
#1048 = DIRECTION('',(1.,-0.,1.548860246408E-16));
#1049 = DIRECTION('',(1.548860246408E-16,0.,-1.));
#1050 = ADVANCED_FACE('',(#1051),#1063,.T.);
#1051 = FACE_BOUND('',#1052,.T.);
#1052 = EDGE_LOOP('',(#1053,#1054,#1055,#1062));
#1053 = ORIENTED_EDGE('',*,*,#1004,.T.);
#1054 = ORIENTED_EDGE('',*,*,#889,.F.);
#1055 = ORIENTED_EDGE('',*,*,#1056,.F.);
#1056 = EDGE_CURVE('',#705,#882,#1057,.T.);
#1057 = CIRCLE('',#1058,4.E-02);
#1058 = AXIS2_PLACEMENT_3D('',#1059,#1060,#1061);
#1059 = CARTESIAN_POINT('',(-0.76,0.83,-0.36));
#1060 = DIRECTION('',(0.,0.,-1.));
#1061 = DIRECTION('',(-1.,0.,0.));
#1062 = ORIENTED_EDGE('',*,*,#702,.F.);
#1063 = CYLINDRICAL_SURFACE('',#1064,4.E-02);
#1064 = AXIS2_PLACEMENT_3D('',#1065,#1066,#1067);
#1065 = CARTESIAN_POINT('',(-0.76,0.83,1.029992063861E-16));
#1066 = DIRECTION('',(-1.355252715607E-16,0.,-1.));
#1067 = DIRECTION('',(-1.,0.,1.355252715607E-16));
#1068 = ADVANCED_FACE('',(#1069),#1081,.T.);
#1069 = FACE_BOUND('',#1070,.T.);
#1070 = EDGE_LOOP('',(#1071,#1072,#1073,#1080));
#1071 = ORIENTED_EDGE('',*,*,#1021,.T.);
#1072 = ORIENTED_EDGE('',*,*,#720,.F.);
#1073 = ORIENTED_EDGE('',*,*,#1074,.F.);
#1074 = EDGE_CURVE('',#914,#713,#1075,.T.);
#1075 = CIRCLE('',#1076,4.E-02);
#1076 = AXIS2_PLACEMENT_3D('',#1077,#1078,#1079);
#1077 = CARTESIAN_POINT('',(-0.76,4.E-02,-0.36));
#1078 = DIRECTION('',(0.,-0.,-1.));
#1079 = DIRECTION('',(-1.,-0.,0.));
#1080 = ORIENTED_EDGE('',*,*,#911,.F.);
#1081 = CYLINDRICAL_SURFACE('',#1082,4.E-02);
#1082 = AXIS2_PLACEMENT_3D('',#1083,#1084,#1085);
#1083 = CARTESIAN_POINT('',(-0.76,4.E-02,-0.4));
#1084 = DIRECTION('',(1.355252715607E-16,-0.,1.));
#1085 = DIRECTION('',(1.,0.,-1.355252715607E-16));
#1086 = ADVANCED_FACE('',(#1087),#1099,.T.);
#1087 = FACE_BOUND('',#1088,.T.);
#1088 = EDGE_LOOP('',(#1089,#1090,#1091,#1098));
#1089 = ORIENTED_EDGE('',*,*,#792,.F.);
#1090 = ORIENTED_EDGE('',*,*,#921,.F.);
#1091 = ORIENTED_EDGE('',*,*,#1092,.F.);
#1092 = EDGE_CURVE('',#851,#914,#1093,.T.);
#1093 = CIRCLE('',#1094,4.E-02);
#1094 = AXIS2_PLACEMENT_3D('',#1095,#1096,#1097);
#1095 = CARTESIAN_POINT('',(-0.76,4.E-02,-0.36));
#1096 = DIRECTION('',(-1.,0.,-0.));
#1097 = DIRECTION('',(-0.,0.,1.));
#1098 = ORIENTED_EDGE('',*,*,#850,.F.);
#1099 = CYLINDRICAL_SURFACE('',#1100,4.E-02);
#1100 = AXIS2_PLACEMENT_3D('',#1101,#1102,#1103);
#1101 = CARTESIAN_POINT('',(-0.8,4.E-02,-0.36));
#1102 = DIRECTION('',(-1.,0.,-1.548860246408E-16));
#1103 = DIRECTION('',(-1.548860246408E-16,0.,1.));
#1104 = ADVANCED_FACE('',(#1105),#1116,.T.);
#1105 = FACE_BOUND('',#1106,.T.);
#1106 = EDGE_LOOP('',(#1107,#1108,#1109));
#1107 = ORIENTED_EDGE('',*,*,#1056,.T.);
#1108 = ORIENTED_EDGE('',*,*,#1038,.T.);
#1109 = ORIENTED_EDGE('',*,*,#1110,.F.);
#1110 = EDGE_CURVE('',#705,#859,#1111,.T.);
#1111 = CIRCLE('',#1112,4.E-02);
#1112 = AXIS2_PLACEMENT_3D('',#1113,#1114,#1115);
#1113 = CARTESIAN_POINT('',(-0.76,0.83,-0.36));
#1114 = DIRECTION('',(0.,-1.,0.));
#1115 = DIRECTION('',(0.,0.,1.));
#1116 = SPHERICAL_SURFACE('',#1117,4.E-02);
#1117 = AXIS2_PLACEMENT_3D('',#1118,#1119,#1120);
#1118 = CARTESIAN_POINT('',(-0.76,0.83,-0.36));
#1119 = DIRECTION('',(0.,1.,0.));
#1120 = DIRECTION('',(1.,0.,0.));
#1121 = ADVANCED_FACE('',(#1122),#1133,.T.);
#1122 = FACE_BOUND('',#1123,.T.);
#1123 = EDGE_LOOP('',(#1124,#1125,#1126));
#1124 = ORIENTED_EDGE('',*,*,#1092,.T.);
#1125 = ORIENTED_EDGE('',*,*,#1074,.T.);
#1126 = ORIENTED_EDGE('',*,*,#1127,.F.);
#1127 = EDGE_CURVE('',#851,#713,#1128,.T.);
#1128 = CIRCLE('',#1129,4.E-02);
#1129 = AXIS2_PLACEMENT_3D('',#1130,#1131,#1132);
#1130 = CARTESIAN_POINT('',(-0.76,4.E-02,-0.36));
#1131 = DIRECTION('',(0.,1.,0.));
#1132 = DIRECTION('',(0.,0.,-1.));
#1133 = SPHERICAL_SURFACE('',#1134,4.E-02);
#1134 = AXIS2_PLACEMENT_3D('',#1135,#1136,#1137);
#1135 = CARTESIAN_POINT('',(-0.76,4.E-02,-0.36));
#1136 = DIRECTION('',(0.,1.,0.));
#1137 = DIRECTION('',(1.,0.,0.));
#1138 = ADVANCED_FACE('',(#1139),#1145,.T.);
#1139 = FACE_BOUND('',#1140,.T.);
#1140 = EDGE_LOOP('',(#1141,#1142,#1143,#1144));
#1141 = ORIENTED_EDGE('',*,*,#1110,.T.);
#1142 = ORIENTED_EDGE('',*,*,#858,.F.);
#1143 = ORIENTED_EDGE('',*,*,#1127,.T.);
#1144 = ORIENTED_EDGE('',*,*,#712,.F.);
#1145 = CYLINDRICAL_SURFACE('',#1146,4.E-02);
#1146 = AXIS2_PLACEMENT_3D('',#1147,#1148,#1149);
#1147 = CARTESIAN_POINT('',(-0.76,0.87,-0.36));
#1148 = DIRECTION('',(0.,-1.,0.));
#1149 = DIRECTION('',(0.,0.,-1.));
#1150 = MANIFOLD_SOLID_BREP('',#1151);
#1151 = CLOSED_SHELL('',(#1152,#1192,#1232,#1299,#1330,#1361,#1392,#1410
    ,#1434,#1452,#1469,#1486,#1504,#1522,#1540,#1558,#1575,#1592));
#1152 = ADVANCED_FACE('',(#1153),#1187,.F.);
#1153 = FACE_BOUND('',#1154,.T.);
#1154 = EDGE_LOOP('',(#1155,#1165,#1173,#1181));
#1155 = ORIENTED_EDGE('',*,*,#1156,.F.);
#1156 = EDGE_CURVE('',#1157,#1159,#1161,.T.);
#1157 = VERTEX_POINT('',#1158);
#1158 = CARTESIAN_POINT('',(0.8,0.83,0.36));
#1159 = VERTEX_POINT('',#1160);
#1160 = CARTESIAN_POINT('',(0.8,0.83,-0.36));
#1161 = LINE('',#1162,#1163);
#1162 = CARTESIAN_POINT('',(0.8,0.83,-0.4));
#1163 = VECTOR('',#1164,1.);
#1164 = DIRECTION('',(1.355252715607E-16,-0.,-1.));
#1165 = ORIENTED_EDGE('',*,*,#1166,.F.);
#1166 = EDGE_CURVE('',#1167,#1157,#1169,.T.);
#1167 = VERTEX_POINT('',#1168);
#1168 = CARTESIAN_POINT('',(0.8,4.E-02,0.36));
#1169 = LINE('',#1170,#1171);
#1170 = CARTESIAN_POINT('',(0.8,0.87,0.36));
#1171 = VECTOR('',#1172,1.);
#1172 = DIRECTION('',(-0.,1.,-0.));
#1173 = ORIENTED_EDGE('',*,*,#1174,.F.);
#1174 = EDGE_CURVE('',#1175,#1167,#1177,.T.);
#1175 = VERTEX_POINT('',#1176);
#1176 = CARTESIAN_POINT('',(0.8,4.E-02,-0.36));
#1177 = LINE('',#1178,#1179);
#1178 = CARTESIAN_POINT('',(0.8,4.E-02,-0.4));
#1179 = VECTOR('',#1180,1.);
#1180 = DIRECTION('',(-1.355252715607E-16,0.,1.));
#1181 = ORIENTED_EDGE('',*,*,#1182,.F.);
#1182 = EDGE_CURVE('',#1159,#1175,#1183,.T.);
#1183 = LINE('',#1184,#1185);
#1184 = CARTESIAN_POINT('',(0.8,0.87,-0.36));
#1185 = VECTOR('',#1186,1.);
#1186 = DIRECTION('',(0.,-1.,0.));
#1187 = PLANE('',#1188);
#1188 = AXIS2_PLACEMENT_3D('',#1189,#1190,#1191);
#1189 = CARTESIAN_POINT('',(0.8,0.87,-0.4));
#1190 = DIRECTION('',(-1.,0.,-1.355252715607E-16));
#1191 = DIRECTION('',(1.355252715607E-16,0.,-1.));
#1192 = ADVANCED_FACE('',(#1193),#1227,.F.);
#1193 = FACE_BOUND('',#1194,.T.);
#1194 = EDGE_LOOP('',(#1195,#1205,#1213,#1221));
#1195 = ORIENTED_EDGE('',*,*,#1196,.F.);
#1196 = EDGE_CURVE('',#1197,#1199,#1201,.T.);
#1197 = VERTEX_POINT('',#1198);
#1198 = CARTESIAN_POINT('',(0.76,0.83,0.4));
#1199 = VERTEX_POINT('',#1200);
#1200 = CARTESIAN_POINT('',(0.76,4.E-02,0.4));
#1201 = LINE('',#1202,#1203);
#1202 = CARTESIAN_POINT('',(0.76,0.87,0.4));
#1203 = VECTOR('',#1204,1.);
#1204 = DIRECTION('',(0.,-1.,0.));
#1205 = ORIENTED_EDGE('',*,*,#1206,.F.);
#1206 = EDGE_CURVE('',#1207,#1197,#1209,.T.);
#1207 = VERTEX_POINT('',#1208);
#1208 = CARTESIAN_POINT('',(0.45,0.83,0.4));
#1209 = LINE('',#1210,#1211);
#1210 = CARTESIAN_POINT('',(0.8,0.83,0.4));
#1211 = VECTOR('',#1212,1.);
#1212 = DIRECTION('',(1.,-0.,-0.));
#1213 = ORIENTED_EDGE('',*,*,#1214,.T.);
#1214 = EDGE_CURVE('',#1207,#1215,#1217,.T.);
#1215 = VERTEX_POINT('',#1216);
#1216 = CARTESIAN_POINT('',(0.45,4.E-02,0.4));
#1217 = LINE('',#1218,#1219);
#1218 = CARTESIAN_POINT('',(0.45,0.87,0.4));
#1219 = VECTOR('',#1220,1.);
#1220 = DIRECTION('',(0.,-1.,-0.));
#1221 = ORIENTED_EDGE('',*,*,#1222,.F.);
#1222 = EDGE_CURVE('',#1199,#1215,#1223,.T.);
#1223 = LINE('',#1224,#1225);
#1224 = CARTESIAN_POINT('',(0.8,4.E-02,0.4));
#1225 = VECTOR('',#1226,1.);
#1226 = DIRECTION('',(-1.,0.,0.));
#1227 = PLANE('',#1228);
#1228 = AXIS2_PLACEMENT_3D('',#1229,#1230,#1231);
#1229 = CARTESIAN_POINT('',(0.8,0.87,0.4));
#1230 = DIRECTION('',(0.,0.,-1.));
#1231 = DIRECTION('',(1.,0.,0.));
#1232 = ADVANCED_FACE('',(#1233),#1294,.F.);
#1233 = FACE_BOUND('',#1234,.T.);
#1234 = EDGE_LOOP('',(#1235,#1245,#1252,#1253,#1262,#1270,#1279,#1287));
#1235 = ORIENTED_EDGE('',*,*,#1236,.F.);
#1236 = EDGE_CURVE('',#1237,#1239,#1241,.T.);
#1237 = VERTEX_POINT('',#1238);
#1238 = CARTESIAN_POINT('',(0.45,0.,0.36));
#1239 = VERTEX_POINT('',#1240);
#1240 = CARTESIAN_POINT('',(0.45,0.,-0.36));
#1241 = LINE('',#1242,#1243);
#1242 = CARTESIAN_POINT('',(0.45,0.,-0.4));
#1243 = VECTOR('',#1244,1.);
#1244 = DIRECTION('',(2.03287907341E-16,-0.,-1.));
#1245 = ORIENTED_EDGE('',*,*,#1246,.F.);
#1246 = EDGE_CURVE('',#1215,#1237,#1247,.T.);
#1247 = CIRCLE('',#1248,4.E-02);
#1248 = AXIS2_PLACEMENT_3D('',#1249,#1250,#1251);
#1249 = CARTESIAN_POINT('',(0.45,4.E-02,0.36));
#1250 = DIRECTION('',(1.,0.,2.03287907341E-16));
#1251 = DIRECTION('',(-2.03287907341E-16,0.,1.));
#1252 = ORIENTED_EDGE('',*,*,#1214,.F.);
#1253 = ORIENTED_EDGE('',*,*,#1254,.F.);
#1254 = EDGE_CURVE('',#1255,#1207,#1257,.T.);
#1255 = VERTEX_POINT('',#1256);
#1256 = CARTESIAN_POINT('',(0.45,0.87,0.36));
#1257 = CIRCLE('',#1258,4.E-02);
#1258 = AXIS2_PLACEMENT_3D('',#1259,#1260,#1261);
#1259 = CARTESIAN_POINT('',(0.45,0.83,0.36));
#1260 = DIRECTION('',(1.,0.,2.03287907341E-16));
#1261 = DIRECTION('',(-2.03287907341E-16,0.,1.));
#1262 = ORIENTED_EDGE('',*,*,#1263,.T.);
#1263 = EDGE_CURVE('',#1255,#1264,#1266,.T.);
#1264 = VERTEX_POINT('',#1265);
#1265 = CARTESIAN_POINT('',(0.45,0.87,-0.36));
#1266 = LINE('',#1267,#1268);
#1267 = CARTESIAN_POINT('',(0.45,0.87,-0.4));
#1268 = VECTOR('',#1269,1.);
#1269 = DIRECTION('',(2.03287907341E-16,-0.,-1.));
#1270 = ORIENTED_EDGE('',*,*,#1271,.F.);
#1271 = EDGE_CURVE('',#1272,#1264,#1274,.T.);
#1272 = VERTEX_POINT('',#1273);
#1273 = CARTESIAN_POINT('',(0.45,0.83,-0.4));
#1274 = CIRCLE('',#1275,4.E-02);
#1275 = AXIS2_PLACEMENT_3D('',#1276,#1277,#1278);
#1276 = CARTESIAN_POINT('',(0.45,0.83,-0.36));
#1277 = DIRECTION('',(1.,0.,2.03287907341E-16));
#1278 = DIRECTION('',(-2.03287907341E-16,0.,1.));
#1279 = ORIENTED_EDGE('',*,*,#1280,.T.);
#1280 = EDGE_CURVE('',#1272,#1281,#1283,.T.);
#1281 = VERTEX_POINT('',#1282);
#1282 = CARTESIAN_POINT('',(0.45,4.E-02,-0.4));
#1283 = LINE('',#1284,#1285);
#1284 = CARTESIAN_POINT('',(0.45,0.87,-0.4));
#1285 = VECTOR('',#1286,1.);
#1286 = DIRECTION('',(0.,-1.,-0.));
#1287 = ORIENTED_EDGE('',*,*,#1288,.F.);
#1288 = EDGE_CURVE('',#1239,#1281,#1289,.T.);
#1289 = CIRCLE('',#1290,4.E-02);
#1290 = AXIS2_PLACEMENT_3D('',#1291,#1292,#1293);
#1291 = CARTESIAN_POINT('',(0.45,4.E-02,-0.36));
#1292 = DIRECTION('',(1.,0.,2.03287907341E-16));
#1293 = DIRECTION('',(-2.03287907341E-16,0.,1.));
#1294 = PLANE('',#1295);
#1295 = AXIS2_PLACEMENT_3D('',#1296,#1297,#1298);
#1296 = CARTESIAN_POINT('',(0.45,0.87,-0.4));
#1297 = DIRECTION('',(1.,0.,2.03287907341E-16));
#1298 = DIRECTION('',(-2.03287907341E-16,0.,1.));
#1299 = ADVANCED_FACE('',(#1300),#1325,.F.);
#1300 = FACE_BOUND('',#1301,.T.);
#1301 = EDGE_LOOP('',(#1302,#1303,#1311,#1319));
#1302 = ORIENTED_EDGE('',*,*,#1280,.F.);
#1303 = ORIENTED_EDGE('',*,*,#1304,.F.);
#1304 = EDGE_CURVE('',#1305,#1272,#1307,.T.);
#1305 = VERTEX_POINT('',#1306);
#1306 = CARTESIAN_POINT('',(0.76,0.83,-0.4));
#1307 = LINE('',#1308,#1309);
#1308 = CARTESIAN_POINT('',(0.45,0.83,-0.4));
#1309 = VECTOR('',#1310,1.);
#1310 = DIRECTION('',(-1.,-0.,1.548860246408E-16));
#1311 = ORIENTED_EDGE('',*,*,#1312,.F.);
#1312 = EDGE_CURVE('',#1313,#1305,#1315,.T.);
#1313 = VERTEX_POINT('',#1314);
#1314 = CARTESIAN_POINT('',(0.76,4.E-02,-0.4));
#1315 = LINE('',#1316,#1317);
#1316 = CARTESIAN_POINT('',(0.76,0.87,-0.4));
#1317 = VECTOR('',#1318,1.);
#1318 = DIRECTION('',(-0.,1.,-0.));
#1319 = ORIENTED_EDGE('',*,*,#1320,.F.);
#1320 = EDGE_CURVE('',#1281,#1313,#1321,.T.);
#1321 = LINE('',#1322,#1323);
#1322 = CARTESIAN_POINT('',(0.8,4.E-02,-0.4));
#1323 = VECTOR('',#1324,1.);
#1324 = DIRECTION('',(1.,0.,-1.548860246408E-16));
#1325 = PLANE('',#1326);
#1326 = AXIS2_PLACEMENT_3D('',#1327,#1328,#1329);
#1327 = CARTESIAN_POINT('',(0.8,0.87,-0.4));
#1328 = DIRECTION('',(1.548860246408E-16,0.,1.));
#1329 = DIRECTION('',(-1.,0.,1.548860246408E-16));
#1330 = ADVANCED_FACE('',(#1331),#1356,.T.);
#1331 = FACE_BOUND('',#1332,.T.);
#1332 = EDGE_LOOP('',(#1333,#1334,#1342,#1350));
#1333 = ORIENTED_EDGE('',*,*,#1263,.F.);
#1334 = ORIENTED_EDGE('',*,*,#1335,.F.);
#1335 = EDGE_CURVE('',#1336,#1255,#1338,.T.);
#1336 = VERTEX_POINT('',#1337);
#1337 = CARTESIAN_POINT('',(0.76,0.87,0.36));
#1338 = LINE('',#1339,#1340);
#1339 = CARTESIAN_POINT('',(0.45,0.87,0.36));
#1340 = VECTOR('',#1341,1.);
#1341 = DIRECTION('',(-1.,0.,0.));
#1342 = ORIENTED_EDGE('',*,*,#1343,.F.);
#1343 = EDGE_CURVE('',#1344,#1336,#1346,.T.);
#1344 = VERTEX_POINT('',#1345);
#1345 = CARTESIAN_POINT('',(0.76,0.87,-0.36));
#1346 = LINE('',#1347,#1348);
#1347 = CARTESIAN_POINT('',(0.76,0.87,0.4));
#1348 = VECTOR('',#1349,1.);
#1349 = DIRECTION('',(-1.355252715607E-16,0.,1.));
#1350 = ORIENTED_EDGE('',*,*,#1351,.F.);
#1351 = EDGE_CURVE('',#1264,#1344,#1352,.T.);
#1352 = LINE('',#1353,#1354);
#1353 = CARTESIAN_POINT('',(0.8,0.87,-0.36));
#1354 = VECTOR('',#1355,1.);
#1355 = DIRECTION('',(1.,0.,-1.548860246408E-16));
#1356 = PLANE('',#1357);
#1357 = AXIS2_PLACEMENT_3D('',#1358,#1359,#1360);
#1358 = CARTESIAN_POINT('',(0.,0.87,0.));
#1359 = DIRECTION('',(0.,1.,0.));
#1360 = DIRECTION('',(0.,-0.,1.));
#1361 = ADVANCED_FACE('',(#1362),#1387,.F.);
#1362 = FACE_BOUND('',#1363,.T.);
#1363 = EDGE_LOOP('',(#1364,#1374,#1380,#1381));
#1364 = ORIENTED_EDGE('',*,*,#1365,.F.);
#1365 = EDGE_CURVE('',#1366,#1368,#1370,.T.);
#1366 = VERTEX_POINT('',#1367);
#1367 = CARTESIAN_POINT('',(0.76,0.,0.36));
#1368 = VERTEX_POINT('',#1369);
#1369 = CARTESIAN_POINT('',(0.76,0.,-0.36));
#1370 = LINE('',#1371,#1372);
#1371 = CARTESIAN_POINT('',(0.76,0.,1.029992063861E-16));
#1372 = VECTOR('',#1373,1.);
#1373 = DIRECTION('',(1.355252715607E-16,-0.,-1.));
#1374 = ORIENTED_EDGE('',*,*,#1375,.F.);
#1375 = EDGE_CURVE('',#1237,#1366,#1376,.T.);
#1376 = LINE('',#1377,#1378);
#1377 = CARTESIAN_POINT('',(0.,0.,0.36));
#1378 = VECTOR('',#1379,1.);
#1379 = DIRECTION('',(1.,-0.,-0.));
#1380 = ORIENTED_EDGE('',*,*,#1236,.T.);
#1381 = ORIENTED_EDGE('',*,*,#1382,.F.);
#1382 = EDGE_CURVE('',#1368,#1239,#1383,.T.);
#1383 = LINE('',#1384,#1385);
#1384 = CARTESIAN_POINT('',(-5.575896887068E-17,0.,-0.36));
#1385 = VECTOR('',#1386,1.);
#1386 = DIRECTION('',(-1.,-0.,1.548860246408E-16));
#1387 = PLANE('',#1388);
#1388 = AXIS2_PLACEMENT_3D('',#1389,#1390,#1391);
#1389 = CARTESIAN_POINT('',(0.,0.,0.));
#1390 = DIRECTION('',(0.,1.,0.));
#1391 = DIRECTION('',(0.,-0.,1.));
#1392 = ADVANCED_FACE('',(#1393),#1405,.T.);
#1393 = FACE_BOUND('',#1394,.T.);
#1394 = EDGE_LOOP('',(#1395,#1396,#1397,#1404));
#1395 = ORIENTED_EDGE('',*,*,#1254,.T.);
#1396 = ORIENTED_EDGE('',*,*,#1206,.T.);
#1397 = ORIENTED_EDGE('',*,*,#1398,.T.);
#1398 = EDGE_CURVE('',#1197,#1336,#1399,.T.);
#1399 = CIRCLE('',#1400,4.E-02);
#1400 = AXIS2_PLACEMENT_3D('',#1401,#1402,#1403);
#1401 = CARTESIAN_POINT('',(0.76,0.83,0.36));
#1402 = DIRECTION('',(-1.,0.,-0.));
#1403 = DIRECTION('',(-0.,0.,1.));
#1404 = ORIENTED_EDGE('',*,*,#1335,.T.);
#1405 = CYLINDRICAL_SURFACE('',#1406,4.E-02);
#1406 = AXIS2_PLACEMENT_3D('',#1407,#1408,#1409);
#1407 = CARTESIAN_POINT('',(0.,0.83,0.36));
#1408 = DIRECTION('',(1.,0.,0.));
#1409 = DIRECTION('',(0.,0.,1.));
#1410 = ADVANCED_FACE('',(#1411),#1429,.T.);
#1411 = FACE_BOUND('',#1412,.T.);
#1412 = EDGE_LOOP('',(#1413,#1420,#1421,#1428));
#1413 = ORIENTED_EDGE('',*,*,#1414,.T.);
#1414 = EDGE_CURVE('',#1199,#1167,#1415,.T.);
#1415 = CIRCLE('',#1416,4.E-02);
#1416 = AXIS2_PLACEMENT_3D('',#1417,#1418,#1419);
#1417 = CARTESIAN_POINT('',(0.76,4.E-02,0.36));
#1418 = DIRECTION('',(-0.,1.,0.));
#1419 = DIRECTION('',(0.,0.,-1.));
#1420 = ORIENTED_EDGE('',*,*,#1166,.T.);
#1421 = ORIENTED_EDGE('',*,*,#1422,.T.);
#1422 = EDGE_CURVE('',#1157,#1197,#1423,.T.);
#1423 = CIRCLE('',#1424,4.E-02);
#1424 = AXIS2_PLACEMENT_3D('',#1425,#1426,#1427);
#1425 = CARTESIAN_POINT('',(0.76,0.83,0.36));
#1426 = DIRECTION('',(0.,-1.,0.));
#1427 = DIRECTION('',(0.,0.,1.));
#1428 = ORIENTED_EDGE('',*,*,#1196,.T.);
#1429 = CYLINDRICAL_SURFACE('',#1430,4.E-02);
#1430 = AXIS2_PLACEMENT_3D('',#1431,#1432,#1433);
#1431 = CARTESIAN_POINT('',(0.76,0.87,0.36));
#1432 = DIRECTION('',(0.,-1.,0.));
#1433 = DIRECTION('',(0.,0.,-1.));
#1434 = ADVANCED_FACE('',(#1435),#1447,.T.);
#1435 = FACE_BOUND('',#1436,.T.);
#1436 = EDGE_LOOP('',(#1437,#1438,#1439,#1446));
#1437 = ORIENTED_EDGE('',*,*,#1246,.T.);
#1438 = ORIENTED_EDGE('',*,*,#1375,.T.);
#1439 = ORIENTED_EDGE('',*,*,#1440,.T.);
#1440 = EDGE_CURVE('',#1366,#1199,#1441,.T.);
#1441 = CIRCLE('',#1442,4.E-02);
#1442 = AXIS2_PLACEMENT_3D('',#1443,#1444,#1445);
#1443 = CARTESIAN_POINT('',(0.76,4.E-02,0.36));
#1444 = DIRECTION('',(-1.,0.,-0.));
#1445 = DIRECTION('',(-0.,0.,1.));
#1446 = ORIENTED_EDGE('',*,*,#1222,.T.);
#1447 = CYLINDRICAL_SURFACE('',#1448,4.E-02);
#1448 = AXIS2_PLACEMENT_3D('',#1449,#1450,#1451);
#1449 = CARTESIAN_POINT('',(0.8,4.E-02,0.36));
#1450 = DIRECTION('',(-1.,0.,0.));
#1451 = DIRECTION('',(0.,0.,-1.));
#1452 = ADVANCED_FACE('',(#1453),#1464,.T.);
#1453 = FACE_BOUND('',#1454,.T.);
#1454 = EDGE_LOOP('',(#1455,#1456,#1463));
#1455 = ORIENTED_EDGE('',*,*,#1422,.F.);
#1456 = ORIENTED_EDGE('',*,*,#1457,.T.);
#1457 = EDGE_CURVE('',#1157,#1336,#1458,.T.);
#1458 = CIRCLE('',#1459,4.E-02);
#1459 = AXIS2_PLACEMENT_3D('',#1460,#1461,#1462);
#1460 = CARTESIAN_POINT('',(0.76,0.83,0.36));
#1461 = DIRECTION('',(0.,0.,1.));
#1462 = DIRECTION('',(-1.,0.,0.));
#1463 = ORIENTED_EDGE('',*,*,#1398,.F.);
#1464 = SPHERICAL_SURFACE('',#1465,4.E-02);
#1465 = AXIS2_PLACEMENT_3D('',#1466,#1467,#1468);
#1466 = CARTESIAN_POINT('',(0.76,0.83,0.36));
#1467 = DIRECTION('',(0.,-1.,0.));
#1468 = DIRECTION('',(-1.,0.,0.));
#1469 = ADVANCED_FACE('',(#1470),#1481,.T.);
#1470 = FACE_BOUND('',#1471,.T.);
#1471 = EDGE_LOOP('',(#1472,#1473,#1480));
#1472 = ORIENTED_EDGE('',*,*,#1440,.F.);
#1473 = ORIENTED_EDGE('',*,*,#1474,.T.);
#1474 = EDGE_CURVE('',#1366,#1167,#1475,.T.);
#1475 = CIRCLE('',#1476,4.E-02);
#1476 = AXIS2_PLACEMENT_3D('',#1477,#1478,#1479);
#1477 = CARTESIAN_POINT('',(0.76,4.E-02,0.36));
#1478 = DIRECTION('',(0.,0.,1.));
#1479 = DIRECTION('',(-1.,0.,0.));
#1480 = ORIENTED_EDGE('',*,*,#1414,.F.);
#1481 = SPHERICAL_SURFACE('',#1482,4.E-02);
#1482 = AXIS2_PLACEMENT_3D('',#1483,#1484,#1485);
#1483 = CARTESIAN_POINT('',(0.76,4.E-02,0.36));
#1484 = DIRECTION('',(0.,-1.,0.));
#1485 = DIRECTION('',(-1.,0.,0.));
#1486 = ADVANCED_FACE('',(#1487),#1499,.T.);
#1487 = FACE_BOUND('',#1488,.T.);
#1488 = EDGE_LOOP('',(#1489,#1490,#1491,#1498));
#1489 = ORIENTED_EDGE('',*,*,#1271,.T.);
#1490 = ORIENTED_EDGE('',*,*,#1351,.T.);
#1491 = ORIENTED_EDGE('',*,*,#1492,.T.);
#1492 = EDGE_CURVE('',#1344,#1305,#1493,.T.);
#1493 = CIRCLE('',#1494,4.E-02);
#1494 = AXIS2_PLACEMENT_3D('',#1495,#1496,#1497);
#1495 = CARTESIAN_POINT('',(0.76,0.83,-0.36));
#1496 = DIRECTION('',(-1.,0.,-0.));
#1497 = DIRECTION('',(-0.,0.,1.));
#1498 = ORIENTED_EDGE('',*,*,#1304,.T.);
#1499 = CYLINDRICAL_SURFACE('',#1500,4.E-02);
#1500 = AXIS2_PLACEMENT_3D('',#1501,#1502,#1503);
#1501 = CARTESIAN_POINT('',(-5.575896887068E-17,0.83,-0.36));
#1502 = DIRECTION('',(-1.,0.,1.548860246408E-16));
#1503 = DIRECTION('',(-1.548860246408E-16,0.,-1.));
#1504 = ADVANCED_FACE('',(#1505),#1517,.T.);
#1505 = FACE_BOUND('',#1506,.T.);
#1506 = EDGE_LOOP('',(#1507,#1508,#1509,#1516));
#1507 = ORIENTED_EDGE('',*,*,#1457,.F.);
#1508 = ORIENTED_EDGE('',*,*,#1156,.T.);
#1509 = ORIENTED_EDGE('',*,*,#1510,.T.);
#1510 = EDGE_CURVE('',#1159,#1344,#1511,.T.);
#1511 = CIRCLE('',#1512,4.E-02);
#1512 = AXIS2_PLACEMENT_3D('',#1513,#1514,#1515);
#1513 = CARTESIAN_POINT('',(0.76,0.83,-0.36));
#1514 = DIRECTION('',(0.,-0.,1.));
#1515 = DIRECTION('',(1.,0.,0.));
#1516 = ORIENTED_EDGE('',*,*,#1343,.T.);
#1517 = CYLINDRICAL_SURFACE('',#1518,4.E-02);
#1518 = AXIS2_PLACEMENT_3D('',#1519,#1520,#1521);
#1519 = CARTESIAN_POINT('',(0.76,0.83,1.029992063861E-16));
#1520 = DIRECTION('',(1.355252715607E-16,0.,-1.));
#1521 = DIRECTION('',(1.,0.,1.355252715607E-16));
#1522 = ADVANCED_FACE('',(#1523),#1535,.T.);
#1523 = FACE_BOUND('',#1524,.T.);
#1524 = EDGE_LOOP('',(#1525,#1526,#1527,#1534));
#1525 = ORIENTED_EDGE('',*,*,#1474,.F.);
#1526 = ORIENTED_EDGE('',*,*,#1365,.T.);
#1527 = ORIENTED_EDGE('',*,*,#1528,.T.);
#1528 = EDGE_CURVE('',#1368,#1175,#1529,.T.);
#1529 = CIRCLE('',#1530,4.E-02);
#1530 = AXIS2_PLACEMENT_3D('',#1531,#1532,#1533);
#1531 = CARTESIAN_POINT('',(0.76,4.E-02,-0.36));
#1532 = DIRECTION('',(0.,-0.,1.));
#1533 = DIRECTION('',(1.,0.,0.));
#1534 = ORIENTED_EDGE('',*,*,#1174,.T.);
#1535 = CYLINDRICAL_SURFACE('',#1536,4.E-02);
#1536 = AXIS2_PLACEMENT_3D('',#1537,#1538,#1539);
#1537 = CARTESIAN_POINT('',(0.76,4.E-02,-0.4));
#1538 = DIRECTION('',(-1.355252715607E-16,0.,1.));
#1539 = DIRECTION('',(-1.,0.,-1.355252715607E-16));
#1540 = ADVANCED_FACE('',(#1541),#1553,.T.);
#1541 = FACE_BOUND('',#1542,.T.);
#1542 = EDGE_LOOP('',(#1543,#1544,#1545,#1552));
#1543 = ORIENTED_EDGE('',*,*,#1288,.T.);
#1544 = ORIENTED_EDGE('',*,*,#1320,.T.);
#1545 = ORIENTED_EDGE('',*,*,#1546,.T.);
#1546 = EDGE_CURVE('',#1313,#1368,#1547,.T.);
#1547 = CIRCLE('',#1548,4.E-02);
#1548 = AXIS2_PLACEMENT_3D('',#1549,#1550,#1551);
#1549 = CARTESIAN_POINT('',(0.76,4.E-02,-0.36));
#1550 = DIRECTION('',(-1.,0.,0.));
#1551 = DIRECTION('',(0.,0.,1.));
#1552 = ORIENTED_EDGE('',*,*,#1382,.T.);
#1553 = CYLINDRICAL_SURFACE('',#1554,4.E-02);
#1554 = AXIS2_PLACEMENT_3D('',#1555,#1556,#1557);
#1555 = CARTESIAN_POINT('',(0.8,4.E-02,-0.36));
#1556 = DIRECTION('',(1.,0.,-1.548860246408E-16));
#1557 = DIRECTION('',(1.548860246408E-16,0.,1.));
#1558 = ADVANCED_FACE('',(#1559),#1570,.T.);
#1559 = FACE_BOUND('',#1560,.T.);
#1560 = EDGE_LOOP('',(#1561,#1562,#1569));
#1561 = ORIENTED_EDGE('',*,*,#1510,.F.);
#1562 = ORIENTED_EDGE('',*,*,#1563,.T.);
#1563 = EDGE_CURVE('',#1159,#1305,#1564,.T.);
#1564 = CIRCLE('',#1565,4.E-02);
#1565 = AXIS2_PLACEMENT_3D('',#1566,#1567,#1568);
#1566 = CARTESIAN_POINT('',(0.76,0.83,-0.36));
#1567 = DIRECTION('',(0.,1.,0.));
#1568 = DIRECTION('',(0.,-0.,1.));
#1569 = ORIENTED_EDGE('',*,*,#1492,.F.);
#1570 = SPHERICAL_SURFACE('',#1571,4.E-02);
#1571 = AXIS2_PLACEMENT_3D('',#1572,#1573,#1574);
#1572 = CARTESIAN_POINT('',(0.76,0.83,-0.36));
#1573 = DIRECTION('',(0.,-1.,0.));
#1574 = DIRECTION('',(-1.,0.,0.));
#1575 = ADVANCED_FACE('',(#1576),#1587,.T.);
#1576 = FACE_BOUND('',#1577,.T.);
#1577 = EDGE_LOOP('',(#1578,#1579,#1586));
#1578 = ORIENTED_EDGE('',*,*,#1546,.F.);
#1579 = ORIENTED_EDGE('',*,*,#1580,.T.);
#1580 = EDGE_CURVE('',#1313,#1175,#1581,.T.);
#1581 = CIRCLE('',#1582,4.E-02);
#1582 = AXIS2_PLACEMENT_3D('',#1583,#1584,#1585);
#1583 = CARTESIAN_POINT('',(0.76,4.E-02,-0.36));
#1584 = DIRECTION('',(0.,-1.,0.));
#1585 = DIRECTION('',(0.,0.,-1.));
#1586 = ORIENTED_EDGE('',*,*,#1528,.F.);
#1587 = SPHERICAL_SURFACE('',#1588,4.E-02);
#1588 = AXIS2_PLACEMENT_3D('',#1589,#1590,#1591);
#1589 = CARTESIAN_POINT('',(0.76,4.E-02,-0.36));
#1590 = DIRECTION('',(0.,-1.,0.));
#1591 = DIRECTION('',(-1.,0.,0.));
#1592 = ADVANCED_FACE('',(#1593),#1599,.T.);
#1593 = FACE_BOUND('',#1594,.T.);
#1594 = EDGE_LOOP('',(#1595,#1596,#1597,#1598));
#1595 = ORIENTED_EDGE('',*,*,#1563,.F.);
#1596 = ORIENTED_EDGE('',*,*,#1182,.T.);
#1597 = ORIENTED_EDGE('',*,*,#1580,.F.);
#1598 = ORIENTED_EDGE('',*,*,#1312,.T.);
#1599 = CYLINDRICAL_SURFACE('',#1600,4.E-02);
#1600 = AXIS2_PLACEMENT_3D('',#1601,#1602,#1603);
#1601 = CARTESIAN_POINT('',(0.76,0.87,-0.36));
#1602 = DIRECTION('',(0.,-1.,0.));
#1603 = DIRECTION('',(0.,0.,-1.));
#1604 = MANIFOLD_SOLID_BREP('',#1605);
#1605 = CLOSED_SHELL('',(#1606,#1682,#1758,#1780,#1797,#1814,#1831,#1848
    ,#1865,#1882));
#1606 = ADVANCED_FACE('',(#1607),#1677,.T.);
#1607 = FACE_BOUND('',#1608,.T.);
#1608 = EDGE_LOOP('',(#1609,#1620,#1628,#1637,#1645,#1654,#1662,#1671));
#1609 = ORIENTED_EDGE('',*,*,#1610,.T.);
#1610 = EDGE_CURVE('',#1611,#1613,#1615,.T.);
#1611 = VERTEX_POINT('',#1612);
#1612 = CARTESIAN_POINT('',(0.450000000001,0.83,-0.386666666667));
#1613 = VERTEX_POINT('',#1614);
#1614 = CARTESIAN_POINT('',(0.450000000001,0.856666666667,-0.36));
#1615 = CIRCLE('',#1616,2.666666666667E-02);
#1616 = AXIS2_PLACEMENT_3D('',#1617,#1618,#1619);
#1617 = CARTESIAN_POINT('',(0.450000000001,0.83,-0.36));
#1618 = DIRECTION('',(1.,0.,2.03287907341E-16));
#1619 = DIRECTION('',(2.03287907341E-16,0.,-1.));
#1620 = ORIENTED_EDGE('',*,*,#1621,.T.);
#1621 = EDGE_CURVE('',#1613,#1622,#1624,.T.);
#1622 = VERTEX_POINT('',#1623);
#1623 = CARTESIAN_POINT('',(0.450000000001,0.856666666667,0.36));
#1624 = LINE('',#1625,#1626);
#1625 = CARTESIAN_POINT('',(0.450000000001,0.856666666667,
    -0.360000000145));
#1626 = VECTOR('',#1627,1.);
#1627 = DIRECTION('',(-2.03287907341E-16,0.,1.));
#1628 = ORIENTED_EDGE('',*,*,#1629,.T.);
#1629 = EDGE_CURVE('',#1622,#1630,#1632,.T.);
#1630 = VERTEX_POINT('',#1631);
#1631 = CARTESIAN_POINT('',(0.450000000001,0.83,0.386666666667));
#1632 = CIRCLE('',#1633,2.666666666667E-02);
#1633 = AXIS2_PLACEMENT_3D('',#1634,#1635,#1636);
#1634 = CARTESIAN_POINT('',(0.450000000001,0.83,0.36));
#1635 = DIRECTION('',(1.,0.,2.03287907341E-16));
#1636 = DIRECTION('',(2.03287907341E-16,0.,-1.));
#1637 = ORIENTED_EDGE('',*,*,#1638,.T.);
#1638 = EDGE_CURVE('',#1630,#1639,#1641,.T.);
#1639 = VERTEX_POINT('',#1640);
#1640 = CARTESIAN_POINT('',(0.450000000001,4.E-02,0.386666666667));
#1641 = LINE('',#1642,#1643);
#1642 = CARTESIAN_POINT('',(0.450000000001,0.83,0.386666666667));
#1643 = VECTOR('',#1644,1.);
#1644 = DIRECTION('',(0.,-1.,0.));
#1645 = ORIENTED_EDGE('',*,*,#1646,.T.);
#1646 = EDGE_CURVE('',#1639,#1647,#1649,.T.);
#1647 = VERTEX_POINT('',#1648);
#1648 = CARTESIAN_POINT('',(0.450000000001,1.333333333333E-02,0.36));
#1649 = CIRCLE('',#1650,2.666666666667E-02);
#1650 = AXIS2_PLACEMENT_3D('',#1651,#1652,#1653);
#1651 = CARTESIAN_POINT('',(0.450000000001,4.E-02,0.36));
#1652 = DIRECTION('',(1.,0.,2.03287907341E-16));
#1653 = DIRECTION('',(2.03287907341E-16,0.,-1.));
#1654 = ORIENTED_EDGE('',*,*,#1655,.T.);
#1655 = EDGE_CURVE('',#1647,#1656,#1658,.T.);
#1656 = VERTEX_POINT('',#1657);
#1657 = CARTESIAN_POINT('',(0.450000000001,1.333333333333E-02,-0.36));
#1658 = LINE('',#1659,#1660);
#1659 = CARTESIAN_POINT('',(0.450000000001,1.333333333333E-02,
    0.359999999855));
#1660 = VECTOR('',#1661,1.);
#1661 = DIRECTION('',(2.03287907341E-16,0.,-1.));
#1662 = ORIENTED_EDGE('',*,*,#1663,.T.);
#1663 = EDGE_CURVE('',#1656,#1664,#1666,.T.);
#1664 = VERTEX_POINT('',#1665);
#1665 = CARTESIAN_POINT('',(0.450000000001,4.E-02,-0.386666666667));
#1666 = CIRCLE('',#1667,2.666666666667E-02);
#1667 = AXIS2_PLACEMENT_3D('',#1668,#1669,#1670);
#1668 = CARTESIAN_POINT('',(0.450000000001,4.E-02,-0.36));
#1669 = DIRECTION('',(1.,0.,2.03287907341E-16));
#1670 = DIRECTION('',(2.03287907341E-16,0.,-1.));
#1671 = ORIENTED_EDGE('',*,*,#1672,.T.);
#1672 = EDGE_CURVE('',#1664,#1611,#1673,.T.);
#1673 = LINE('',#1674,#1675);
#1674 = CARTESIAN_POINT('',(0.450000000001,4.E-02,-0.386666666667));
#1675 = VECTOR('',#1676,1.);
#1676 = DIRECTION('',(-0.,1.,0.));
#1677 = PLANE('',#1678);
#1678 = AXIS2_PLACEMENT_3D('',#1679,#1680,#1681);
#1679 = CARTESIAN_POINT('',(0.45,0.87,-0.4));
#1680 = DIRECTION('',(1.,0.,2.03287907341E-16));
#1681 = DIRECTION('',(-2.03287907341E-16,0.,1.));
#1682 = ADVANCED_FACE('',(#1683),#1753,.F.);
#1683 = FACE_BOUND('',#1684,.T.);
#1684 = EDGE_LOOP('',(#1685,#1696,#1704,#1713,#1721,#1730,#1738,#1747));
#1685 = ORIENTED_EDGE('',*,*,#1686,.F.);
#1686 = EDGE_CURVE('',#1687,#1689,#1691,.T.);
#1687 = VERTEX_POINT('',#1688);
#1688 = CARTESIAN_POINT('',(-0.45,0.83,-0.386666666667));
#1689 = VERTEX_POINT('',#1690);
#1690 = CARTESIAN_POINT('',(-0.45,0.856666666667,-0.36));
#1691 = CIRCLE('',#1692,2.666666666667E-02);
#1692 = AXIS2_PLACEMENT_3D('',#1693,#1694,#1695);
#1693 = CARTESIAN_POINT('',(-0.45,0.83,-0.36));
#1694 = DIRECTION('',(1.,0.,-8.673617379884E-17));
#1695 = DIRECTION('',(-8.673617379884E-17,-0.,-1.));
#1696 = ORIENTED_EDGE('',*,*,#1697,.F.);
#1697 = EDGE_CURVE('',#1698,#1687,#1700,.T.);
#1698 = VERTEX_POINT('',#1699);
#1699 = CARTESIAN_POINT('',(-0.45,4.E-02,-0.386666666667));
#1700 = LINE('',#1701,#1702);
#1701 = CARTESIAN_POINT('',(-0.45,4.E-02,-0.386666666667));
#1702 = VECTOR('',#1703,1.);
#1703 = DIRECTION('',(0.,1.,0.));
#1704 = ORIENTED_EDGE('',*,*,#1705,.F.);
#1705 = EDGE_CURVE('',#1706,#1698,#1708,.T.);
#1706 = VERTEX_POINT('',#1707);
#1707 = CARTESIAN_POINT('',(-0.45,1.333333333333E-02,-0.36));
#1708 = CIRCLE('',#1709,2.666666666667E-02);
#1709 = AXIS2_PLACEMENT_3D('',#1710,#1711,#1712);
#1710 = CARTESIAN_POINT('',(-0.45,4.E-02,-0.36));
#1711 = DIRECTION('',(1.,0.,-8.673617379884E-17));
#1712 = DIRECTION('',(-8.673617379884E-17,-0.,-1.));
#1713 = ORIENTED_EDGE('',*,*,#1714,.F.);
#1714 = EDGE_CURVE('',#1715,#1706,#1717,.T.);
#1715 = VERTEX_POINT('',#1716);
#1716 = CARTESIAN_POINT('',(-0.45,1.333333333333E-02,0.36));
#1717 = LINE('',#1718,#1719);
#1718 = CARTESIAN_POINT('',(-0.45,1.333333333333E-02,0.36));
#1719 = VECTOR('',#1720,1.);
#1720 = DIRECTION('',(-1.505836350674E-16,0.,-1.));
#1721 = ORIENTED_EDGE('',*,*,#1722,.F.);
#1722 = EDGE_CURVE('',#1723,#1715,#1725,.T.);
#1723 = VERTEX_POINT('',#1724);
#1724 = CARTESIAN_POINT('',(-0.45,4.E-02,0.386666666667));
#1725 = CIRCLE('',#1726,2.666666666667E-02);
#1726 = AXIS2_PLACEMENT_3D('',#1727,#1728,#1729);
#1727 = CARTESIAN_POINT('',(-0.45,4.E-02,0.36));
#1728 = DIRECTION('',(1.,0.,-8.673617379884E-17));
#1729 = DIRECTION('',(-8.673617379884E-17,-0.,-1.));
#1730 = ORIENTED_EDGE('',*,*,#1731,.F.);
#1731 = EDGE_CURVE('',#1732,#1723,#1734,.T.);
#1732 = VERTEX_POINT('',#1733);
#1733 = CARTESIAN_POINT('',(-0.45,0.83,0.386666666667));
#1734 = LINE('',#1735,#1736);
#1735 = CARTESIAN_POINT('',(-0.45,0.83,0.386666666667));
#1736 = VECTOR('',#1737,1.);
#1737 = DIRECTION('',(0.,-1.,0.));
#1738 = ORIENTED_EDGE('',*,*,#1739,.F.);
#1739 = EDGE_CURVE('',#1740,#1732,#1742,.T.);
#1740 = VERTEX_POINT('',#1741);
#1741 = CARTESIAN_POINT('',(-0.45,0.856666666667,0.36));
#1742 = CIRCLE('',#1743,2.666666666667E-02);
#1743 = AXIS2_PLACEMENT_3D('',#1744,#1745,#1746);
#1744 = CARTESIAN_POINT('',(-0.45,0.83,0.36));
#1745 = DIRECTION('',(1.,0.,-8.673617379884E-17));
#1746 = DIRECTION('',(-8.673617379884E-17,-0.,-1.));
#1747 = ORIENTED_EDGE('',*,*,#1748,.F.);
#1748 = EDGE_CURVE('',#1689,#1740,#1749,.T.);
#1749 = LINE('',#1750,#1751);
#1750 = CARTESIAN_POINT('',(-0.45,0.856666666667,-0.36));
#1751 = VECTOR('',#1752,1.);
#1752 = DIRECTION('',(1.505836350674E-16,0.,1.));
#1753 = PLANE('',#1754);
#1754 = AXIS2_PLACEMENT_3D('',#1755,#1756,#1757);
#1755 = CARTESIAN_POINT('',(-0.45,0.83,-0.36));
#1756 = DIRECTION('',(1.,0.,-8.673617379884E-17));
#1757 = DIRECTION('',(-8.673617379884E-17,0.,-1.));
#1758 = ADVANCED_FACE('',(#1759),#1775,.F.);
#1759 = FACE_BOUND('',#1760,.T.);
#1760 = EDGE_LOOP('',(#1761,#1762,#1768,#1769));
#1761 = ORIENTED_EDGE('',*,*,#1672,.F.);
#1762 = ORIENTED_EDGE('',*,*,#1763,.T.);
#1763 = EDGE_CURVE('',#1664,#1698,#1764,.T.);
#1764 = LINE('',#1765,#1766);
#1765 = CARTESIAN_POINT('',(5.E+05,4.E-02,-0.38666666671));
#1766 = VECTOR('',#1767,1.);
#1767 = DIRECTION('',(-1.,-0.,8.673617379884E-17));
#1768 = ORIENTED_EDGE('',*,*,#1697,.T.);
#1769 = ORIENTED_EDGE('',*,*,#1770,.F.);
#1770 = EDGE_CURVE('',#1611,#1687,#1771,.T.);
#1771 = LINE('',#1772,#1773);
#1772 = CARTESIAN_POINT('',(5.E+05,0.83,-0.38666666671));
#1773 = VECTOR('',#1774,1.);
#1774 = DIRECTION('',(-1.,-0.,8.673617379884E-17));
#1775 = PLANE('',#1776);
#1776 = AXIS2_PLACEMENT_3D('',#1777,#1778,#1779);
#1777 = CARTESIAN_POINT('',(5.E+05,4.E-02,-0.38666666671));
#1778 = DIRECTION('',(8.673617379884E-17,-0.,1.));
#1779 = DIRECTION('',(1.,0.,-8.673617379884E-17));
#1780 = ADVANCED_FACE('',(#1781),#1792,.T.);
#1781 = FACE_BOUND('',#1782,.T.);
#1782 = EDGE_LOOP('',(#1783,#1784,#1790,#1791));
#1783 = ORIENTED_EDGE('',*,*,#1663,.F.);
#1784 = ORIENTED_EDGE('',*,*,#1785,.T.);
#1785 = EDGE_CURVE('',#1656,#1706,#1786,.T.);
#1786 = LINE('',#1787,#1788);
#1787 = CARTESIAN_POINT('',(5.E+05,1.333333333333E-02,-0.360000000043));
#1788 = VECTOR('',#1789,1.);
#1789 = DIRECTION('',(-1.,-0.,8.673617379884E-17));
#1790 = ORIENTED_EDGE('',*,*,#1705,.T.);
#1791 = ORIENTED_EDGE('',*,*,#1763,.F.);
#1792 = CYLINDRICAL_SURFACE('',#1793,2.666666666667E-02);
#1793 = AXIS2_PLACEMENT_3D('',#1794,#1795,#1796);
#1794 = CARTESIAN_POINT('',(5.E+05,4.E-02,-0.360000000043));
#1795 = DIRECTION('',(-1.,-0.,8.673617379884E-17));
#1796 = DIRECTION('',(8.673617379884E-17,0.,1.));
#1797 = ADVANCED_FACE('',(#1798),#1809,.F.);
#1798 = FACE_BOUND('',#1799,.T.);
#1799 = EDGE_LOOP('',(#1800,#1801,#1807,#1808));
#1800 = ORIENTED_EDGE('',*,*,#1655,.F.);
#1801 = ORIENTED_EDGE('',*,*,#1802,.T.);
#1802 = EDGE_CURVE('',#1647,#1715,#1803,.T.);
#1803 = LINE('',#1804,#1805);
#1804 = CARTESIAN_POINT('',(5.E+05,1.333333333333E-02,0.359999999957));
#1805 = VECTOR('',#1806,1.);
#1806 = DIRECTION('',(-1.,-0.,8.673617379884E-17));
#1807 = ORIENTED_EDGE('',*,*,#1714,.T.);
#1808 = ORIENTED_EDGE('',*,*,#1785,.F.);
#1809 = PLANE('',#1810);
#1810 = AXIS2_PLACEMENT_3D('',#1811,#1812,#1813);
#1811 = CARTESIAN_POINT('',(5.E+05,1.333333333333E-02,0.359999999957));
#1812 = DIRECTION('',(0.,1.,0.));
#1813 = DIRECTION('',(0.,-0.,1.));
#1814 = ADVANCED_FACE('',(#1815),#1826,.T.);
#1815 = FACE_BOUND('',#1816,.T.);
#1816 = EDGE_LOOP('',(#1817,#1818,#1824,#1825));
#1817 = ORIENTED_EDGE('',*,*,#1646,.F.);
#1818 = ORIENTED_EDGE('',*,*,#1819,.T.);
#1819 = EDGE_CURVE('',#1639,#1723,#1820,.T.);
#1820 = LINE('',#1821,#1822);
#1821 = CARTESIAN_POINT('',(5.E+05,4.E-02,0.386666666623));
#1822 = VECTOR('',#1823,1.);
#1823 = DIRECTION('',(-1.,-0.,8.673617379884E-17));
#1824 = ORIENTED_EDGE('',*,*,#1722,.T.);
#1825 = ORIENTED_EDGE('',*,*,#1802,.F.);
#1826 = CYLINDRICAL_SURFACE('',#1827,2.666666666667E-02);
#1827 = AXIS2_PLACEMENT_3D('',#1828,#1829,#1830);
#1828 = CARTESIAN_POINT('',(5.E+05,4.E-02,0.359999999957));
#1829 = DIRECTION('',(-1.,-0.,8.673617379884E-17));
#1830 = DIRECTION('',(8.673617379884E-17,0.,1.));
#1831 = ADVANCED_FACE('',(#1832),#1843,.F.);
#1832 = FACE_BOUND('',#1833,.T.);
#1833 = EDGE_LOOP('',(#1834,#1835,#1841,#1842));
#1834 = ORIENTED_EDGE('',*,*,#1638,.F.);
#1835 = ORIENTED_EDGE('',*,*,#1836,.T.);
#1836 = EDGE_CURVE('',#1630,#1732,#1837,.T.);
#1837 = LINE('',#1838,#1839);
#1838 = CARTESIAN_POINT('',(5.E+05,0.83,0.386666666623));
#1839 = VECTOR('',#1840,1.);
#1840 = DIRECTION('',(-1.,-0.,8.673617379884E-17));
#1841 = ORIENTED_EDGE('',*,*,#1731,.T.);
#1842 = ORIENTED_EDGE('',*,*,#1819,.F.);
#1843 = PLANE('',#1844);
#1844 = AXIS2_PLACEMENT_3D('',#1845,#1846,#1847);
#1845 = CARTESIAN_POINT('',(5.E+05,0.83,0.386666666623));
#1846 = DIRECTION('',(-8.673617379884E-17,0.,-1.));
#1847 = DIRECTION('',(-1.,0.,8.673617379884E-17));
#1848 = ADVANCED_FACE('',(#1849),#1860,.T.);
#1849 = FACE_BOUND('',#1850,.T.);
#1850 = EDGE_LOOP('',(#1851,#1852,#1858,#1859));
#1851 = ORIENTED_EDGE('',*,*,#1629,.F.);
#1852 = ORIENTED_EDGE('',*,*,#1853,.T.);
#1853 = EDGE_CURVE('',#1622,#1740,#1854,.T.);
#1854 = LINE('',#1855,#1856);
#1855 = CARTESIAN_POINT('',(5.E+05,0.856666666667,0.359999999957));
#1856 = VECTOR('',#1857,1.);
#1857 = DIRECTION('',(-1.,-0.,8.673617379884E-17));
#1858 = ORIENTED_EDGE('',*,*,#1739,.T.);
#1859 = ORIENTED_EDGE('',*,*,#1836,.F.);
#1860 = CYLINDRICAL_SURFACE('',#1861,2.666666666667E-02);
#1861 = AXIS2_PLACEMENT_3D('',#1862,#1863,#1864);
#1862 = CARTESIAN_POINT('',(5.E+05,0.83,0.359999999957));
#1863 = DIRECTION('',(-1.,-0.,8.673617379884E-17));
#1864 = DIRECTION('',(8.673617379884E-17,0.,1.));
#1865 = ADVANCED_FACE('',(#1866),#1877,.F.);
#1866 = FACE_BOUND('',#1867,.T.);
#1867 = EDGE_LOOP('',(#1868,#1869,#1875,#1876));
#1868 = ORIENTED_EDGE('',*,*,#1621,.F.);
#1869 = ORIENTED_EDGE('',*,*,#1870,.T.);
#1870 = EDGE_CURVE('',#1613,#1689,#1871,.T.);
#1871 = LINE('',#1872,#1873);
#1872 = CARTESIAN_POINT('',(5.E+05,0.856666666667,-0.360000000043));
#1873 = VECTOR('',#1874,1.);
#1874 = DIRECTION('',(-1.,-0.,8.673617379884E-17));
#1875 = ORIENTED_EDGE('',*,*,#1748,.T.);
#1876 = ORIENTED_EDGE('',*,*,#1853,.F.);
#1877 = PLANE('',#1878);
#1878 = AXIS2_PLACEMENT_3D('',#1879,#1880,#1881);
#1879 = CARTESIAN_POINT('',(5.E+05,0.856666666667,-0.360000000043));
#1880 = DIRECTION('',(0.,-1.,0.));
#1881 = DIRECTION('',(0.,-0.,-1.));
#1882 = ADVANCED_FACE('',(#1883),#1889,.T.);
#1883 = FACE_BOUND('',#1884,.T.);
#1884 = EDGE_LOOP('',(#1885,#1886,#1887,#1888));
#1885 = ORIENTED_EDGE('',*,*,#1610,.F.);
#1886 = ORIENTED_EDGE('',*,*,#1770,.T.);
#1887 = ORIENTED_EDGE('',*,*,#1686,.T.);
#1888 = ORIENTED_EDGE('',*,*,#1870,.F.);
#1889 = CYLINDRICAL_SURFACE('',#1890,2.666666666667E-02);
#1890 = AXIS2_PLACEMENT_3D('',#1891,#1892,#1893);
#1891 = CARTESIAN_POINT('',(5.E+05,0.83,-0.360000000043));
#1892 = DIRECTION('',(-1.,-0.,8.673617379884E-17));
#1893 = DIRECTION('',(8.673617379884E-17,0.,1.));
#1894 = ( GEOMETRIC_REPRESENTATION_CONTEXT(3) 
GLOBAL_UNCERTAINTY_ASSIGNED_CONTEXT((#1898)) 
GLOBAL_UNIT_ASSIGNED_CONTEXT((#1895,#1896,#1897)) REPRESENTATION_CONTEXT
('Context #1','3D Context with UNIT and UNCERTAINTY') );
#1895 = ( LENGTH_UNIT() NAMED_UNIT(*) SI_UNIT(.MILLI.,.METRE.) );
#1896 = ( NAMED_UNIT(*) PLANE_ANGLE_UNIT() SI_UNIT($,.RADIAN.) );
#1897 = ( NAMED_UNIT(*) SI_UNIT($,.STERADIAN.) SOLID_ANGLE_UNIT() );
#1898 = UNCERTAINTY_MEASURE_WITH_UNIT(LENGTH_MEASURE(1.E-07),#1895,
  'distance_accuracy_value','confusion accuracy');
#1899 = CONTEXT_DEPENDENT_SHAPE_REPRESENTATION(#1900,#1902);
#1900 = ( REPRESENTATION_RELATIONSHIP('','',#695,#672) 
REPRESENTATION_RELATIONSHIP_WITH_TRANSFORMATION(#1901) 
SHAPE_REPRESENTATION_RELATIONSHIP() );
#1901 = ITEM_DEFINED_TRANSFORMATION('','',#11,#673);
#1902 = PRODUCT_DEFINITION_SHAPE('Placement','Placement of an item',
  #1903);
#1903 = NEXT_ASSEMBLY_USAGE_OCCURRENCE('1','=>[0:1:1:3]','',#667,#690,$
  );
#1904 = PRODUCT_RELATED_PRODUCT_CATEGORY('part',$,(#692));
#1905 = SHAPE_DEFINITION_REPRESENTATION(#1906,#1912);
#1906 = PRODUCT_DEFINITION_SHAPE('','',#1907);
#1907 = PRODUCT_DEFINITION('design','',#1908,#1911);
#1908 = PRODUCT_DEFINITION_FORMATION('','',#1909);
#1909 = PRODUCT('LED_SK6812_PLCC4_5.0x5.0mm_P3.2mm',
  'LED_SK6812_PLCC4_5.0x5.0mm_P3.2mm','',(#1910));
#1910 = PRODUCT_CONTEXT('',#2,'mechanical');
#1911 = PRODUCT_DEFINITION_CONTEXT('part definition',#2,'design');
#1912 = SHAPE_REPRESENTATION('',(#11,#1913),#1917);
#1913 = AXIS2_PLACEMENT_3D('',#1914,#1915,#1916);
#1914 = CARTESIAN_POINT('',(0.,0.,0.));
#1915 = DIRECTION('',(0.,0.,1.));
#1916 = DIRECTION('',(1.,0.,-0.));
#1917 = ( GEOMETRIC_REPRESENTATION_CONTEXT(3) 
GLOBAL_UNCERTAINTY_ASSIGNED_CONTEXT((#1921)) 
GLOBAL_UNIT_ASSIGNED_CONTEXT((#1918,#1919,#1920)) REPRESENTATION_CONTEXT
('Context #1','3D Context with UNIT and UNCERTAINTY') );
#1918 = ( LENGTH_UNIT() NAMED_UNIT(*) SI_UNIT(.MILLI.,.METRE.) );
#1919 = ( NAMED_UNIT(*) PLANE_ANGLE_UNIT() SI_UNIT($,.RADIAN.) );
#1920 = ( NAMED_UNIT(*) SI_UNIT($,.STERADIAN.) SOLID_ANGLE_UNIT() );
#1921 = UNCERTAINTY_MEASURE_WITH_UNIT(LENGTH_MEASURE(1.E-07),#1918,
  'distance_accuracy_value','confusion accuracy');
#1922 = CONTEXT_DEPENDENT_SHAPE_REPRESENTATION(#1923,#1925);
#1923 = ( REPRESENTATION_RELATIONSHIP('','',#1912,#10) 
REPRESENTATION_RELATIONSHIP_WITH_TRANSFORMATION(#1924) 
SHAPE_REPRESENTATION_RELATIONSHIP() );
#1924 = ITEM_DEFINED_TRANSFORMATION('','',#11,#19);
#1925 = PRODUCT_DEFINITION_SHAPE('Placement','Placement of an item',
  #1926);
#1926 = NEXT_ASSEMBLY_USAGE_OCCURRENCE('4','LED35','',#5,#1907,$);
#1927 = PRODUCT_RELATED_PRODUCT_CATEGORY('part',$,(#1909));
#1928 = SHAPE_DEFINITION_REPRESENTATION(#1929,#1935);
#1929 = PRODUCT_DEFINITION_SHAPE('','',#1930);
#1930 = PRODUCT_DEFINITION('design','',#1931,#1934);
#1931 = PRODUCT_DEFINITION_FORMATION('','',#1932);
#1932 = PRODUCT('LED_SK6812_PLCC4_50x50mm_P32mm',
  'LED_SK6812_PLCC4_50x50mm_P32mm','',(#1933));
#1933 = PRODUCT_CONTEXT('',#2,'mechanical');
#1934 = PRODUCT_DEFINITION_CONTEXT('part definition',#2,'design');
#1935 = ADVANCED_BREP_SHAPE_REPRESENTATION('',(#11,#1936),#4076);
#1936 = MANIFOLD_SOLID_BREP('',#1937);
#1937 = CLOSED_SHELL('',(#1938,#1995,#2032,#2064,#2089,#2114,#2139,#2157
    ,#2194,#2222,#2258,#2374,#2484,#2500,#2509,#2520,#2668,#2696,#2724,
    #2752,#2828,#2850,#2920,#2948,#3024,#3046,#3116,#3144,#3172,#3200,
    #3276,#3298,#3368,#3396,#3472,#3494,#3564,#3580,#3596,#3612,#3628,
    #3646,#3664,#3682,#3704,#3716,#3732,#3746,#3758,#3776,#3796,#3810,
    #3822,#3838,#3852,#3870,#3888,#3906,#3926,#3940,#3952,#3968,#3982,
    #4000,#4022,#4034,#4050,#4064));
#1938 = ADVANCED_FACE('',(#1939,#1953),#1990,.T.);
#1939 = FACE_BOUND('',#1940,.T.);
#1940 = EDGE_LOOP('',(#1941));
#1941 = ORIENTED_EDGE('',*,*,#1942,.T.);
#1942 = EDGE_CURVE('',#1943,#1943,#1945,.T.);
#1943 = VERTEX_POINT('',#1944);
#1944 = CARTESIAN_POINT('',(-1.986666666667,2.432964974306E-16,0.85));
#1945 = ( BOUNDED_CURVE() B_SPLINE_CURVE(2,(#1946,#1947,#1948,#1949,
#1950,#1951,#1952),.UNSPECIFIED.,.T.,.F.) B_SPLINE_CURVE_WITH_KNOTS((1,2
    ,2,2,2,1),(-2.094395102393,0.,2.094395102393,4.188790204786,
6.28318530718,8.377580409573),.UNSPECIFIED.) CURVE() 
GEOMETRIC_REPRESENTATION_ITEM() RATIONAL_B_SPLINE_CURVE((1.,0.5,1.,0.5,
1.,0.5,1.)) REPRESENTATION_ITEM('') );
#1946 = CARTESIAN_POINT('',(-1.986666666667,2.432964974306E-16,0.85));
#1947 = CARTESIAN_POINT('',(-1.986666666667,3.441007604371,0.85));
#1948 = CARTESIAN_POINT('',(0.993333333333,1.720503802185,0.85));
#1949 = CARTESIAN_POINT('',(3.973333333334,1.404172411293E-28,0.85));
#1950 = CARTESIAN_POINT('',(0.993333333334,-1.720503802185,0.85));
#1951 = CARTESIAN_POINT('',(-1.986666666667,-3.441007604371,0.85));
#1952 = CARTESIAN_POINT('',(-1.986666666667,2.432964974306E-16,0.85));
#1953 = FACE_BOUND('',#1954,.T.);
#1954 = EDGE_LOOP('',(#1955,#1964,#1971,#1978,#1985));
#1955 = ORIENTED_EDGE('',*,*,#1956,.T.);
#1956 = EDGE_CURVE('',#1957,#1959,#1961,.T.);
#1957 = VERTEX_POINT('',#1958);
#1958 = CARTESIAN_POINT('',(1.431329009077,-2.42,0.85));
#1959 = VERTEX_POINT('',#1960);
#1960 = CARTESIAN_POINT('',(2.42,-1.431329009077,0.85));
#1961 = B_SPLINE_CURVE_WITH_KNOTS('',1,(#1962,#1963),.UNSPECIFIED.,.F.,
  .F.,(2,2),(3.313708498974E-02,1.431329009078),
  .PIECEWISE_BEZIER_KNOTS.);
#1962 = CARTESIAN_POINT('',(1.431329009077,-2.42,0.85));
#1963 = CARTESIAN_POINT('',(2.42,-1.431329009077,0.85));
#1964 = ORIENTED_EDGE('',*,*,#1965,.T.);
#1965 = EDGE_CURVE('',#1959,#1966,#1968,.T.);
#1966 = VERTEX_POINT('',#1967);
#1967 = CARTESIAN_POINT('',(2.42,2.42,0.85));
#1968 = B_SPLINE_CURVE_WITH_KNOTS('',1,(#1969,#1970),.UNSPECIFIED.,.F.,
  .F.,(2,2),(3.313708499E-02,3.884466094067),.PIECEWISE_BEZIER_KNOTS.);
#1969 = CARTESIAN_POINT('',(2.42,-1.431329009077,0.85));
#1970 = CARTESIAN_POINT('',(2.42,2.42,0.85));
#1971 = ORIENTED_EDGE('',*,*,#1972,.T.);
#1972 = EDGE_CURVE('',#1966,#1973,#1975,.T.);
#1973 = VERTEX_POINT('',#1974);
#1974 = CARTESIAN_POINT('',(-2.42,2.42,0.85));
#1975 = B_SPLINE_CURVE_WITH_KNOTS('',1,(#1976,#1977),.UNSPECIFIED.,.F.,
  .F.,(2,2),(8.E-02,4.92),.PIECEWISE_BEZIER_KNOTS.);
#1976 = CARTESIAN_POINT('',(2.42,2.42,0.85));
#1977 = CARTESIAN_POINT('',(-2.42,2.42,0.85));
#1978 = ORIENTED_EDGE('',*,*,#1979,.T.);
#1979 = EDGE_CURVE('',#1973,#1980,#1982,.T.);
#1980 = VERTEX_POINT('',#1981);
#1981 = CARTESIAN_POINT('',(-2.42,-2.42,0.85));
#1982 = B_SPLINE_CURVE_WITH_KNOTS('',1,(#1983,#1984),.UNSPECIFIED.,.F.,
  .F.,(2,2),(8.E-02,4.92),.PIECEWISE_BEZIER_KNOTS.);
#1983 = CARTESIAN_POINT('',(-2.42,2.42,0.85));
#1984 = CARTESIAN_POINT('',(-2.42,-2.42,0.85));
#1985 = ORIENTED_EDGE('',*,*,#1986,.T.);
#1986 = EDGE_CURVE('',#1980,#1957,#1987,.T.);
#1987 = B_SPLINE_CURVE_WITH_KNOTS('',1,(#1988,#1989),.UNSPECIFIED.,.F.,
  .F.,(2,2),(8.E-02,3.931329009077),.PIECEWISE_BEZIER_KNOTS.);
#1988 = CARTESIAN_POINT('',(-2.42,-2.42,0.85));
#1989 = CARTESIAN_POINT('',(1.431329009077,-2.42,0.85));
#1990 = B_SPLINE_SURFACE_WITH_KNOTS('',1,1,(
    (#1991,#1992)
    ,(#1993,#1994
    )),.UNSPECIFIED.,.F.,.F.,.F.,(2,2),(2,2),(-2.42,2.42),(-2.42,2.42),
  .PIECEWISE_BEZIER_KNOTS.);
#1991 = CARTESIAN_POINT('',(2.42,2.42,0.85));
#1992 = CARTESIAN_POINT('',(2.42,-2.42,0.85));
#1993 = CARTESIAN_POINT('',(-2.42,2.42,0.85));
#1994 = CARTESIAN_POINT('',(-2.42,-2.42,0.85));
#1995 = ADVANCED_FACE('',(#1996),#2017,.F.);
#1996 = FACE_BOUND('',#1997,.F.);
#1997 = EDGE_LOOP('',(#1998,#2005,#2006,#2007));
#1998 = ORIENTED_EDGE('',*,*,#1999,.F.);
#1999 = EDGE_CURVE('',#1943,#2000,#2002,.T.);
#2000 = VERTEX_POINT('',#2001);
#2001 = CARTESIAN_POINT('',(-1.666666666667,2.041077998579E-16,0.69));
#2002 = B_SPLINE_CURVE_WITH_KNOTS('',1,(#2003,#2004),.UNSPECIFIED.,.F.,
  .F.,(2,2),(-0.452548339959,0.),.PIECEWISE_BEZIER_KNOTS.);
#2003 = CARTESIAN_POINT('',(-1.986666666667,2.432964974306E-16,0.85));
#2004 = CARTESIAN_POINT('',(-1.666666666667,2.041077998579E-16,0.69));
#2005 = ORIENTED_EDGE('',*,*,#1942,.T.);
#2006 = ORIENTED_EDGE('',*,*,#1999,.T.);
#2007 = ORIENTED_EDGE('',*,*,#2008,.F.);
#2008 = EDGE_CURVE('',#2000,#2000,#2009,.T.);
#2009 = ( BOUNDED_CURVE() B_SPLINE_CURVE(2,(#2010,#2011,#2012,#2013,
#2014,#2015,#2016),.UNSPECIFIED.,.T.,.F.) B_SPLINE_CURVE_WITH_KNOTS((1,2
    ,2,2,2,1),(-2.094395102393,0.,2.094395102393,4.188790204786,
6.28318530718,8.377580409573),.UNSPECIFIED.) CURVE() 
GEOMETRIC_REPRESENTATION_ITEM() RATIONAL_B_SPLINE_CURVE((1.,0.5,1.,0.5,
1.,0.5,1.)) REPRESENTATION_ITEM('') );
#2010 = CARTESIAN_POINT('',(-1.666666666667,2.041077998579E-16,0.69));
#2011 = CARTESIAN_POINT('',(-1.666666666667,2.886751345949,0.69));
#2012 = CARTESIAN_POINT('',(0.833333333333,1.443375672974,0.69));
#2013 = CARTESIAN_POINT('',(3.333333333334,1.177867939108E-28,0.69));
#2014 = CARTESIAN_POINT('',(0.833333333334,-1.443375672974,0.69));
#2015 = CARTESIAN_POINT('',(-1.666666666667,-2.886751345949,0.69));
#2016 = CARTESIAN_POINT('',(-1.666666666667,2.041077998579E-16,0.69));
#2017 = ( BOUNDED_SURFACE() B_SPLINE_SURFACE(2,1,(
    (#2018,#2019)
    ,(#2020,#2021)
    ,(#2022,#2023)
    ,(#2024,#2025)
    ,(#2026,#2027)
    ,(#2028,#2029)
    ,(#2030,#2031
)),.UNSPECIFIED.,.T.,.F.,.F.) B_SPLINE_SURFACE_WITH_KNOTS((1,2,2,2,2,1),
  (2,2),(-2.094395102393,0.,2.094395102393,4.188790204786,6.28318530718,
    8.377580409573),(-5.551115123126E-17,0.452548339959),.UNSPECIFIED.) 
GEOMETRIC_REPRESENTATION_ITEM() RATIONAL_B_SPLINE_SURFACE((
    (1.,1.)
    ,(0.5,0.5)
    ,(1.,1.)
    ,(0.5,0.5)
    ,(1.,1.)
    ,(0.5,0.5)
,(1.,1.))) REPRESENTATION_ITEM('') SURFACE() );
#2018 = CARTESIAN_POINT('',(-1.666666666667,2.041077998579E-16,0.69));
#2019 = CARTESIAN_POINT('',(-1.986666666667,2.432964974306E-16,0.85));
#2020 = CARTESIAN_POINT('',(-1.666666666667,-2.886751345949,0.69));
#2021 = CARTESIAN_POINT('',(-1.986666666667,-3.44100760437,0.85));
#2022 = CARTESIAN_POINT('',(0.833333333333,-1.443375672974,0.69));
#2023 = CARTESIAN_POINT('',(0.993333333333,-1.720503802185,0.85));
#2024 = CARTESIAN_POINT('',(3.333333333334,-8.164311994316E-16,0.69));
#2025 = CARTESIAN_POINT('',(3.973333333334,-9.731859897224E-16,0.85));
#2026 = CARTESIAN_POINT('',(0.833333333334,1.443375672974,0.69));
#2027 = CARTESIAN_POINT('',(0.993333333333,1.720503802185,0.85));
#2028 = CARTESIAN_POINT('',(-1.666666666667,2.886751345949,0.69));
#2029 = CARTESIAN_POINT('',(-1.986666666667,3.44100760437,0.85));
#2030 = CARTESIAN_POINT('',(-1.666666666667,2.041077998579E-16,0.69));
#2031 = CARTESIAN_POINT('',(-1.986666666667,2.432964974306E-16,0.85));
#2032 = ADVANCED_FACE('',(#2033),#2057,.T.);
#2033 = FACE_BOUND('',#2034,.T.);
#2034 = EDGE_LOOP('',(#2035,#2043,#2050,#2056));
#2035 = ORIENTED_EDGE('',*,*,#2036,.T.);
#2036 = EDGE_CURVE('',#1957,#2037,#2039,.T.);
#2037 = VERTEX_POINT('',#2038);
#2038 = CARTESIAN_POINT('',(1.464466094067,-2.5,0.81));
#2039 = ( BOUNDED_CURVE() B_SPLINE_CURVE(2,(#2040,#2041,#2042),
.UNSPECIFIED.,.F.,.F.) B_SPLINE_CURVE_WITH_KNOTS((3,3),(1.570796326795,
3.14159265359),.PIECEWISE_BEZIER_KNOTS.) CURVE() 
GEOMETRIC_REPRESENTATION_ITEM() RATIONAL_B_SPLINE_CURVE((1.,
0.707106781187,1.)) REPRESENTATION_ITEM('') );
#2040 = CARTESIAN_POINT('',(1.431329009077,-2.42,0.85));
#2041 = CARTESIAN_POINT('',(1.464466094067,-2.5,0.85));
#2042 = CARTESIAN_POINT('',(1.464466094067,-2.5,0.81));
#2043 = ORIENTED_EDGE('',*,*,#2044,.T.);
#2044 = EDGE_CURVE('',#2037,#2045,#2047,.T.);
#2045 = VERTEX_POINT('',#2046);
#2046 = CARTESIAN_POINT('',(2.5,-1.464466094067,0.81));
#2047 = B_SPLINE_CURVE_WITH_KNOTS('',1,(#2048,#2049),.UNSPECIFIED.,.F.,
  .F.,(2,2),(0.,1.464466094068),.PIECEWISE_BEZIER_KNOTS.);
#2048 = CARTESIAN_POINT('',(1.464466094067,-2.5,0.81));
#2049 = CARTESIAN_POINT('',(2.5,-1.464466094067,0.81));
#2050 = ORIENTED_EDGE('',*,*,#2051,.F.);
#2051 = EDGE_CURVE('',#1959,#2045,#2052,.T.);
#2052 = ( BOUNDED_CURVE() B_SPLINE_CURVE(2,(#2053,#2054,#2055),
.UNSPECIFIED.,.F.,.F.) B_SPLINE_CURVE_WITH_KNOTS((3,3),(4.712388980385,
6.28318530718),.PIECEWISE_BEZIER_KNOTS.) CURVE() 
GEOMETRIC_REPRESENTATION_ITEM() RATIONAL_B_SPLINE_CURVE((1.,
0.707106781187,1.)) REPRESENTATION_ITEM('') );
#2053 = CARTESIAN_POINT('',(2.42,-1.431329009077,0.85));
#2054 = CARTESIAN_POINT('',(2.5,-1.464466094067,0.85));
#2055 = CARTESIAN_POINT('',(2.5,-1.464466094067,0.81));
#2056 = ORIENTED_EDGE('',*,*,#1956,.F.);
#2057 = ( BOUNDED_SURFACE() B_SPLINE_SURFACE(2,1,(
    (#2058,#2059)
    ,(#2060,#2061)
    ,(#2062,#2063
)),.UNSPECIFIED.,.F.,.F.,.F.) B_SPLINE_SURFACE_WITH_KNOTS((3,3),(2,2),(
    0.,1.570796326795),(-7.146206720204E-08,1.46446616553),
.PIECEWISE_BEZIER_KNOTS.) GEOMETRIC_REPRESENTATION_ITEM() 
RATIONAL_B_SPLINE_SURFACE((
    (1.,1.)
    ,(0.707106781187,0.707106781187)
,(1.,1.))) REPRESENTATION_ITEM('') SURFACE() );
#2058 = CARTESIAN_POINT('',(1.407897501041,-2.443431508036,0.85));
#2059 = CARTESIAN_POINT('',(2.443431508036,-1.407897501041,0.85));
#2060 = CARTESIAN_POINT('',(1.464466043536,-2.500000050531,0.85));
#2061 = CARTESIAN_POINT('',(2.500000050531,-1.464466043536,0.85));
#2062 = CARTESIAN_POINT('',(1.464466043536,-2.500000050531,0.81));
#2063 = CARTESIAN_POINT('',(2.500000050531,-1.464466043536,0.81));
#2064 = ADVANCED_FACE('',(#2065),#2082,.T.);
#2065 = FACE_BOUND('',#2066,.T.);
#2066 = EDGE_LOOP('',(#2067,#2075,#2080,#2081));
#2067 = ORIENTED_EDGE('',*,*,#2068,.F.);
#2068 = EDGE_CURVE('',#2069,#1980,#2071,.T.);
#2069 = VERTEX_POINT('',#2070);
#2070 = CARTESIAN_POINT('',(-2.5,-2.5,0.81));
#2071 = ( BOUNDED_CURVE() B_SPLINE_CURVE(2,(#2072,#2073,#2074),
.UNSPECIFIED.,.F.,.F.) B_SPLINE_CURVE_WITH_KNOTS((3,3),(0.,
1.570796326795),.PIECEWISE_BEZIER_KNOTS.) CURVE() 
GEOMETRIC_REPRESENTATION_ITEM() RATIONAL_B_SPLINE_CURVE((1.,
0.707106781187,1.)) REPRESENTATION_ITEM('') );
#2072 = CARTESIAN_POINT('',(-2.5,-2.5,0.81));
#2073 = CARTESIAN_POINT('',(-2.5,-2.5,0.85));
#2074 = CARTESIAN_POINT('',(-2.42,-2.42,0.85));
#2075 = ORIENTED_EDGE('',*,*,#2076,.T.);
#2076 = EDGE_CURVE('',#2069,#2037,#2077,.T.);
#2077 = B_SPLINE_CURVE_WITH_KNOTS('',1,(#2078,#2079),.UNSPECIFIED.,.F.,
  .F.,(2,2),(0.,3.964466094067),.PIECEWISE_BEZIER_KNOTS.);
#2078 = CARTESIAN_POINT('',(-2.5,-2.5,0.81));
#2079 = CARTESIAN_POINT('',(1.464466094067,-2.5,0.81));
#2080 = ORIENTED_EDGE('',*,*,#2036,.F.);
#2081 = ORIENTED_EDGE('',*,*,#1986,.F.);
#2082 = ( BOUNDED_SURFACE() B_SPLINE_SURFACE(2,1,(
    (#2083,#2084)
    ,(#2085,#2086)
    ,(#2087,#2088
)),.UNSPECIFIED.,.F.,.F.,.F.) B_SPLINE_SURFACE_WITH_KNOTS((3,3),(2,2),(
    0.,1.570796326795),(-1.725245453166E-07,3.964466165529),
.PIECEWISE_BEZIER_KNOTS.) GEOMETRIC_REPRESENTATION_ITEM() 
RATIONAL_B_SPLINE_SURFACE((
    (1.,1.)
    ,(0.707106781187,0.707106781187)
,(1.,1.))) REPRESENTATION_ITEM('') SURFACE() );
#2083 = CARTESIAN_POINT('',(-2.500000172525,-2.42,0.85));
#2084 = CARTESIAN_POINT('',(1.464466165529,-2.42,0.85));
#2085 = CARTESIAN_POINT('',(-2.500000172525,-2.5,0.85));
#2086 = CARTESIAN_POINT('',(1.464466165529,-2.5,0.85));
#2087 = CARTESIAN_POINT('',(-2.500000172525,-2.5,0.81));
#2088 = CARTESIAN_POINT('',(1.464466165529,-2.5,0.81));
#2089 = ADVANCED_FACE('',(#2090),#2107,.T.);
#2090 = FACE_BOUND('',#2091,.T.);
#2091 = EDGE_LOOP('',(#2092,#2099,#2105,#2106));
#2092 = ORIENTED_EDGE('',*,*,#2093,.T.);
#2093 = EDGE_CURVE('',#2045,#2094,#2096,.T.);
#2094 = VERTEX_POINT('',#2095);
#2095 = CARTESIAN_POINT('',(2.5,2.5,0.81));
#2096 = B_SPLINE_CURVE_WITH_KNOTS('',1,(#2097,#2098),.UNSPECIFIED.,.F.,
  .F.,(2,2),(0.,3.964466094067),.PIECEWISE_BEZIER_KNOTS.);
#2097 = CARTESIAN_POINT('',(2.5,-1.464466094067,0.81));
#2098 = CARTESIAN_POINT('',(2.5,2.5,0.81));
#2099 = ORIENTED_EDGE('',*,*,#2100,.T.);
#2100 = EDGE_CURVE('',#2094,#1966,#2101,.T.);
#2101 = ( BOUNDED_CURVE() B_SPLINE_CURVE(2,(#2102,#2103,#2104),
.UNSPECIFIED.,.F.,.F.) B_SPLINE_CURVE_WITH_KNOTS((3,3),(3.14159265359,
4.712388980385),.PIECEWISE_BEZIER_KNOTS.) CURVE() 
GEOMETRIC_REPRESENTATION_ITEM() RATIONAL_B_SPLINE_CURVE((1.,
0.707106781187,1.)) REPRESENTATION_ITEM('') );
#2102 = CARTESIAN_POINT('',(2.5,2.5,0.81));
#2103 = CARTESIAN_POINT('',(2.5,2.5,0.85));
#2104 = CARTESIAN_POINT('',(2.42,2.42,0.85));
#2105 = ORIENTED_EDGE('',*,*,#1965,.F.);
#2106 = ORIENTED_EDGE('',*,*,#2051,.T.);
#2107 = ( BOUNDED_SURFACE() B_SPLINE_SURFACE(2,1,(
    (#2108,#2109)
    ,(#2110,#2111)
    ,(#2112,#2113
)),.UNSPECIFIED.,.F.,.F.,.F.) B_SPLINE_SURFACE_WITH_KNOTS((3,3),(2,2),(
    4.712388980385,6.28318530718),(-7.146181096326E-08,3.964466266592),
.PIECEWISE_BEZIER_KNOTS.) GEOMETRIC_REPRESENTATION_ITEM() 
RATIONAL_B_SPLINE_SURFACE((
    (1.,1.)
    ,(0.707106781187,0.707106781187)
,(1.,1.))) REPRESENTATION_ITEM('') SURFACE() );
#2108 = CARTESIAN_POINT('',(2.42,-1.464466165529,0.85));
#2109 = CARTESIAN_POINT('',(2.42,2.500000172525,0.85));
#2110 = CARTESIAN_POINT('',(2.5,-1.464466165529,0.85));
#2111 = CARTESIAN_POINT('',(2.5,2.500000172525,0.85));
#2112 = CARTESIAN_POINT('',(2.5,-1.464466165529,0.81));
#2113 = CARTESIAN_POINT('',(2.5,2.500000172525,0.81));
#2114 = ADVANCED_FACE('',(#2115),#2132,.T.);
#2115 = FACE_BOUND('',#2116,.T.);
#2116 = EDGE_LOOP('',(#2117,#2124,#2125,#2126));
#2117 = ORIENTED_EDGE('',*,*,#2118,.T.);
#2118 = EDGE_CURVE('',#2119,#2069,#2121,.T.);
#2119 = VERTEX_POINT('',#2120);
#2120 = CARTESIAN_POINT('',(-2.5,2.5,0.81));
#2121 = B_SPLINE_CURVE_WITH_KNOTS('',1,(#2122,#2123),.UNSPECIFIED.,.F.,
  .F.,(2,2),(0.,5.),.PIECEWISE_BEZIER_KNOTS.);
#2122 = CARTESIAN_POINT('',(-2.5,2.5,0.81));
#2123 = CARTESIAN_POINT('',(-2.5,-2.5,0.81));
#2124 = ORIENTED_EDGE('',*,*,#2068,.T.);
#2125 = ORIENTED_EDGE('',*,*,#1979,.F.);
#2126 = ORIENTED_EDGE('',*,*,#2127,.F.);
#2127 = EDGE_CURVE('',#2119,#1973,#2128,.T.);
#2128 = ( BOUNDED_CURVE() B_SPLINE_CURVE(2,(#2129,#2130,#2131),
.UNSPECIFIED.,.F.,.F.) B_SPLINE_CURVE_WITH_KNOTS((3,3),(0.,
1.570796326795),.PIECEWISE_BEZIER_KNOTS.) CURVE() 
GEOMETRIC_REPRESENTATION_ITEM() RATIONAL_B_SPLINE_CURVE((1.,
0.707106781187,1.)) REPRESENTATION_ITEM('') );
#2129 = CARTESIAN_POINT('',(-2.5,2.5,0.81));
#2130 = CARTESIAN_POINT('',(-2.5,2.5,0.85));
#2131 = CARTESIAN_POINT('',(-2.42,2.42,0.85));
#2132 = ( BOUNDED_SURFACE() B_SPLINE_SURFACE(2,1,(
    (#2133,#2134)
    ,(#2135,#2136)
    ,(#2137,#2138
)),.UNSPECIFIED.,.F.,.F.,.F.) B_SPLINE_SURFACE_WITH_KNOTS((3,3),(2,2),(
    4.712388980385,6.28318530718),(-1.725245453166E-07,5.000000172525),
.PIECEWISE_BEZIER_KNOTS.) GEOMETRIC_REPRESENTATION_ITEM() 
RATIONAL_B_SPLINE_SURFACE((
    (1.,1.)
    ,(0.707106781187,0.707106781187)
,(1.,1.))) REPRESENTATION_ITEM('') SURFACE() );
#2133 = CARTESIAN_POINT('',(-2.42,2.500000172525,0.85));
#2134 = CARTESIAN_POINT('',(-2.42,-2.500000172525,0.85));
#2135 = CARTESIAN_POINT('',(-2.5,2.500000172525,0.85));
#2136 = CARTESIAN_POINT('',(-2.5,-2.500000172525,0.85));
#2137 = CARTESIAN_POINT('',(-2.5,2.500000172525,0.81));
#2138 = CARTESIAN_POINT('',(-2.5,-2.500000172525,0.81));
#2139 = ADVANCED_FACE('',(#2140),#2150,.T.);
#2140 = FACE_BOUND('',#2141,.T.);
#2141 = EDGE_LOOP('',(#2142,#2147,#2148,#2149));
#2142 = ORIENTED_EDGE('',*,*,#2143,.T.);
#2143 = EDGE_CURVE('',#2094,#2119,#2144,.T.);
#2144 = B_SPLINE_CURVE_WITH_KNOTS('',1,(#2145,#2146),.UNSPECIFIED.,.F.,
  .F.,(2,2),(0.,5.),.PIECEWISE_BEZIER_KNOTS.);
#2145 = CARTESIAN_POINT('',(2.5,2.5,0.81));
#2146 = CARTESIAN_POINT('',(-2.5,2.5,0.81));
#2147 = ORIENTED_EDGE('',*,*,#2127,.T.);
#2148 = ORIENTED_EDGE('',*,*,#1972,.F.);
#2149 = ORIENTED_EDGE('',*,*,#2100,.F.);
#2150 = ( BOUNDED_SURFACE() B_SPLINE_SURFACE(2,1,(
    (#2151,#2152)
    ,(#2153,#2154)
    ,(#2155,#2156
)),.UNSPECIFIED.,.F.,.F.,.F.) B_SPLINE_SURFACE_WITH_KNOTS((3,3),(2,2),(
    4.712388980385,6.28318530718),(-1.725245453166E-07,5.000000172525),
.PIECEWISE_BEZIER_KNOTS.) GEOMETRIC_REPRESENTATION_ITEM() 
RATIONAL_B_SPLINE_SURFACE((
    (1.,1.)
    ,(0.707106781187,0.707106781187)
,(1.,1.))) REPRESENTATION_ITEM('') SURFACE() );
#2151 = CARTESIAN_POINT('',(2.500000172525,2.42,0.85));
#2152 = CARTESIAN_POINT('',(-2.500000172525,2.42,0.85));
#2153 = CARTESIAN_POINT('',(2.500000172525,2.5,0.85));
#2154 = CARTESIAN_POINT('',(-2.500000172525,2.5,0.85));
#2155 = CARTESIAN_POINT('',(2.500000172525,2.5,0.81));
#2156 = CARTESIAN_POINT('',(-2.500000172525,2.5,0.81));
#2157 = ADVANCED_FACE('',(#2158),#2179,.F.);
#2158 = FACE_BOUND('',#2159,.F.);
#2159 = EDGE_LOOP('',(#2160,#2167,#2168,#2169));
#2160 = ORIENTED_EDGE('',*,*,#2161,.T.);
#2161 = EDGE_CURVE('',#2162,#2000,#2164,.T.);
#2162 = VERTEX_POINT('',#2163);
#2163 = CARTESIAN_POINT('',(-1.666666666667,2.041077998579E-16,0.65));
#2164 = B_SPLINE_CURVE_WITH_KNOTS('',1,(#2165,#2166),.UNSPECIFIED.,.F.,
  .F.,(2,2),(0.4,0.48),.PIECEWISE_BEZIER_KNOTS.);
#2165 = CARTESIAN_POINT('',(-1.666666666667,2.041077998579E-16,0.65));
#2166 = CARTESIAN_POINT('',(-1.666666666667,2.041077998579E-16,0.69));
#2167 = ORIENTED_EDGE('',*,*,#2008,.T.);
#2168 = ORIENTED_EDGE('',*,*,#2161,.F.);
#2169 = ORIENTED_EDGE('',*,*,#2170,.T.);
#2170 = EDGE_CURVE('',#2162,#2162,#2171,.T.);
#2171 = ( BOUNDED_CURVE() B_SPLINE_CURVE(2,(#2172,#2173,#2174,#2175,
#2176,#2177,#2178),.UNSPECIFIED.,.T.,.F.) B_SPLINE_CURVE_WITH_KNOTS((1,2
    ,2,2,2,1),(-2.094395102393,0.,2.094395102393,4.188790204786,
6.28318530718,8.377580409573),.UNSPECIFIED.) CURVE() 
GEOMETRIC_REPRESENTATION_ITEM() RATIONAL_B_SPLINE_CURVE((1.,0.5,1.,0.5,
1.,0.5,1.)) REPRESENTATION_ITEM('') );
#2172 = CARTESIAN_POINT('',(-1.666666666667,2.041077998579E-16,0.65));
#2173 = CARTESIAN_POINT('',(-1.666666666667,-2.886751345949,0.65));
#2174 = CARTESIAN_POINT('',(0.833333333333,-1.443375672974,0.65));
#2175 = CARTESIAN_POINT('',(3.333333333334,-8.164311994316E-16,0.65));
#2176 = CARTESIAN_POINT('',(0.833333333334,1.443375672974,0.65));
#2177 = CARTESIAN_POINT('',(-1.666666666667,2.886751345949,0.65));
#2178 = CARTESIAN_POINT('',(-1.666666666667,2.041077998579E-16,0.65));
#2179 = ( BOUNDED_SURFACE() B_SPLINE_SURFACE(2,1,(
    (#2180,#2181)
    ,(#2182,#2183)
    ,(#2184,#2185)
    ,(#2186,#2187)
    ,(#2188,#2189)
    ,(#2190,#2191)
    ,(#2192,#2193
)),.UNSPECIFIED.,.T.,.F.,.F.) B_SPLINE_SURFACE_WITH_KNOTS((1,2,2,2,2,1),
  (2,2),(-2.094395102393,0.,2.094395102393,4.188790204786,6.28318530718,
    8.377580409573),(-0.48,-0.4),.UNSPECIFIED.) 
GEOMETRIC_REPRESENTATION_ITEM() RATIONAL_B_SPLINE_SURFACE((
    (1.,1.)
    ,(0.5,0.5)
    ,(1.,1.)
    ,(0.5,0.5)
    ,(1.,1.)
    ,(0.5,0.5)
,(1.,1.))) REPRESENTATION_ITEM('') SURFACE() );
#2180 = CARTESIAN_POINT('',(-1.666666666667,2.041077998579E-16,0.69));
#2181 = CARTESIAN_POINT('',(-1.666666666667,2.041077998579E-16,0.65));
#2182 = CARTESIAN_POINT('',(-1.666666666667,2.886751345949,0.69));
#2183 = CARTESIAN_POINT('',(-1.666666666667,2.886751345949,0.65));
#2184 = CARTESIAN_POINT('',(0.833333333333,1.443375672974,0.69));
#2185 = CARTESIAN_POINT('',(0.833333333333,1.443375672974,0.65));
#2186 = CARTESIAN_POINT('',(3.333333333334,1.177867939108E-28,0.69));
#2187 = CARTESIAN_POINT('',(3.333333333334,1.177867939108E-28,0.65));
#2188 = CARTESIAN_POINT('',(0.833333333334,-1.443375672974,0.69));
#2189 = CARTESIAN_POINT('',(0.833333333334,-1.443375672974,0.65));
#2190 = CARTESIAN_POINT('',(-1.666666666667,-2.886751345949,0.69));
#2191 = CARTESIAN_POINT('',(-1.666666666667,-2.886751345949,0.65));
#2192 = CARTESIAN_POINT('',(-1.666666666667,2.041077998579E-16,0.69));
#2193 = CARTESIAN_POINT('',(-1.666666666667,2.041077998579E-16,0.65));
#2194 = ADVANCED_FACE('',(#2195),#2217,.T.);
#2195 = FACE_BOUND('',#2196,.T.);
#2196 = EDGE_LOOP('',(#2197,#2204,#2211,#2216));
#2197 = ORIENTED_EDGE('',*,*,#2198,.T.);
#2198 = EDGE_CURVE('',#2037,#2199,#2201,.T.);
#2199 = VERTEX_POINT('',#2200);
#2200 = CARTESIAN_POINT('',(1.464466094067,-2.5,0.69));
#2201 = B_SPLINE_CURVE_WITH_KNOTS('',1,(#2202,#2203),.UNSPECIFIED.,.F.,
  .F.,(2,2),(-0.88,-0.64),.PIECEWISE_BEZIER_KNOTS.);
#2202 = CARTESIAN_POINT('',(1.464466094067,-2.5,0.81));
#2203 = CARTESIAN_POINT('',(1.464466094067,-2.5,0.69));
#2204 = ORIENTED_EDGE('',*,*,#2205,.F.);
#2205 = EDGE_CURVE('',#2206,#2199,#2208,.T.);
#2206 = VERTEX_POINT('',#2207);
#2207 = CARTESIAN_POINT('',(2.5,-1.464466094067,0.69));
#2208 = B_SPLINE_CURVE_WITH_KNOTS('',1,(#2209,#2210),.UNSPECIFIED.,.F.,
  .F.,(2,2),(1.767766952966,3.232233047034),.PIECEWISE_BEZIER_KNOTS.);
#2209 = CARTESIAN_POINT('',(2.5,-1.464466094067,0.69));
#2210 = CARTESIAN_POINT('',(1.464466094067,-2.5,0.69));
#2211 = ORIENTED_EDGE('',*,*,#2212,.T.);
#2212 = EDGE_CURVE('',#2206,#2045,#2213,.T.);
#2213 = B_SPLINE_CURVE_WITH_KNOTS('',1,(#2214,#2215),.UNSPECIFIED.,.F.,
  .F.,(2,2),(0.64,0.88),.PIECEWISE_BEZIER_KNOTS.);
#2214 = CARTESIAN_POINT('',(2.5,-1.464466094067,0.69));
#2215 = CARTESIAN_POINT('',(2.5,-1.464466094067,0.81));
#2216 = ORIENTED_EDGE('',*,*,#2044,.F.);
#2217 = B_SPLINE_SURFACE_WITH_KNOTS('',1,1,(
    (#2218,#2219)
    ,(#2220,#2221
    )),.UNSPECIFIED.,.F.,.F.,.F.,(2,2),(2,2),(1.767766952966,
    3.232233047034),(-0.24,0.),.PIECEWISE_BEZIER_KNOTS.);
#2218 = CARTESIAN_POINT('',(2.5,-1.464466094067,0.81));
#2219 = CARTESIAN_POINT('',(2.5,-1.464466094067,0.69));
#2220 = CARTESIAN_POINT('',(1.464466094067,-2.5,0.81));
#2221 = CARTESIAN_POINT('',(1.464466094067,-2.5,0.69));
#2222 = ADVANCED_FACE('',(#2223),#2253,.F.);
#2223 = FACE_BOUND('',#2224,.F.);
#2224 = EDGE_LOOP('',(#2225,#2226,#2233,#2240,#2247,#2252));
#2225 = ORIENTED_EDGE('',*,*,#2198,.T.);
#2226 = ORIENTED_EDGE('',*,*,#2227,.T.);
#2227 = EDGE_CURVE('',#2199,#2228,#2230,.T.);
#2228 = VERTEX_POINT('',#2229);
#2229 = CARTESIAN_POINT('',(2.5,-2.5,0.69));
#2230 = B_SPLINE_CURVE_WITH_KNOTS('',1,(#2231,#2232),.UNSPECIFIED.,.F.,
  .F.,(2,2),(0.839466094067,1.875),.PIECEWISE_BEZIER_KNOTS.);
#2231 = CARTESIAN_POINT('',(1.464466094067,-2.5,0.69));
#2232 = CARTESIAN_POINT('',(2.5,-2.5,0.69));
#2233 = ORIENTED_EDGE('',*,*,#2234,.F.);
#2234 = EDGE_CURVE('',#2235,#2228,#2237,.T.);
#2235 = VERTEX_POINT('',#2236);
#2236 = CARTESIAN_POINT('',(2.5,-2.5,5.E-02));
#2237 = B_SPLINE_CURVE_WITH_KNOTS('',1,(#2238,#2239),.UNSPECIFIED.,.F.,
  .F.,(2,2),(0.,1.28),.PIECEWISE_BEZIER_KNOTS.);
#2238 = CARTESIAN_POINT('',(2.5,-2.5,5.E-02));
#2239 = CARTESIAN_POINT('',(2.5,-2.5,0.69));
#2240 = ORIENTED_EDGE('',*,*,#2241,.F.);
#2241 = EDGE_CURVE('',#2242,#2235,#2244,.T.);
#2242 = VERTEX_POINT('',#2243);
#2243 = CARTESIAN_POINT('',(-2.5,-2.5,5.E-02));
#2244 = B_SPLINE_CURVE_WITH_KNOTS('',1,(#2245,#2246),.UNSPECIFIED.,.F.,
  .F.,(2,2),(0.,5.),.PIECEWISE_BEZIER_KNOTS.);
#2245 = CARTESIAN_POINT('',(-2.5,-2.5,5.E-02));
#2246 = CARTESIAN_POINT('',(2.5,-2.5,5.E-02));
#2247 = ORIENTED_EDGE('',*,*,#2248,.T.);
#2248 = EDGE_CURVE('',#2242,#2069,#2249,.T.);
#2249 = B_SPLINE_CURVE_WITH_KNOTS('',1,(#2250,#2251),.UNSPECIFIED.,.F.,
  .F.,(2,2),(0.,1.52),.PIECEWISE_BEZIER_KNOTS.);
#2250 = CARTESIAN_POINT('',(-2.5,-2.5,5.E-02));
#2251 = CARTESIAN_POINT('',(-2.5,-2.5,0.81));
#2252 = ORIENTED_EDGE('',*,*,#2076,.T.);
#2253 = B_SPLINE_SURFACE_WITH_KNOTS('',1,1,(
    (#2254,#2255)
    ,(#2256,#2257
    )),.UNSPECIFIED.,.F.,.F.,.F.,(2,2),(2,2),(0.,5.),(-1.52,0.),
  .PIECEWISE_BEZIER_KNOTS.);
#2254 = CARTESIAN_POINT('',(-2.5,-2.5,0.81));
#2255 = CARTESIAN_POINT('',(-2.5,-2.5,5.E-02));
#2256 = CARTESIAN_POINT('',(2.5,-2.5,0.81));
#2257 = CARTESIAN_POINT('',(2.5,-2.5,5.E-02));
#2258 = ADVANCED_FACE('',(#2259,#2309,#2339),#2369,.F.);
#2259 = FACE_BOUND('',#2260,.F.);
#2260 = EDGE_LOOP('',(#2261,#2268,#2275,#2282,#2289,#2296,#2301,#2302,
    #2307,#2308));
#2261 = ORIENTED_EDGE('',*,*,#2262,.F.);
#2262 = EDGE_CURVE('',#2263,#2094,#2265,.T.);
#2263 = VERTEX_POINT('',#2264);
#2264 = CARTESIAN_POINT('',(2.5,2.5,5.E-02));
#2265 = B_SPLINE_CURVE_WITH_KNOTS('',1,(#2266,#2267),.UNSPECIFIED.,.F.,
  .F.,(2,2),(0.,1.52),.PIECEWISE_BEZIER_KNOTS.);
#2266 = CARTESIAN_POINT('',(2.5,2.5,5.E-02));
#2267 = CARTESIAN_POINT('',(2.5,2.5,0.81));
#2268 = ORIENTED_EDGE('',*,*,#2269,.F.);
#2269 = EDGE_CURVE('',#2270,#2263,#2272,.T.);
#2270 = VERTEX_POINT('',#2271);
#2271 = CARTESIAN_POINT('',(2.5,2.1,5.E-02));
#2272 = B_SPLINE_CURVE_WITH_KNOTS('',1,(#2273,#2274),.UNSPECIFIED.,.F.,
  .F.,(2,2),(4.6,5.),.PIECEWISE_BEZIER_KNOTS.);
#2273 = CARTESIAN_POINT('',(2.5,2.1,5.E-02));
#2274 = CARTESIAN_POINT('',(2.5,2.5,5.E-02));
#2275 = ORIENTED_EDGE('',*,*,#2276,.F.);
#2276 = EDGE_CURVE('',#2277,#2270,#2279,.T.);
#2277 = VERTEX_POINT('',#2278);
#2278 = CARTESIAN_POINT('',(2.5,1.1,5.E-02));
#2279 = B_SPLINE_CURVE_WITH_KNOTS('',1,(#2280,#2281),.UNSPECIFIED.,.F.,
  .F.,(2,2),(3.6,4.6),.PIECEWISE_BEZIER_KNOTS.);
#2280 = CARTESIAN_POINT('',(2.5,1.1,5.E-02));
#2281 = CARTESIAN_POINT('',(2.5,2.1,5.E-02));
#2282 = ORIENTED_EDGE('',*,*,#2283,.F.);
#2283 = EDGE_CURVE('',#2284,#2277,#2286,.T.);
#2284 = VERTEX_POINT('',#2285);
#2285 = CARTESIAN_POINT('',(2.5,-1.1,5.E-02));
#2286 = B_SPLINE_CURVE_WITH_KNOTS('',1,(#2287,#2288),.UNSPECIFIED.,.F.,
  .F.,(2,2),(1.4,3.6),.PIECEWISE_BEZIER_KNOTS.);
#2287 = CARTESIAN_POINT('',(2.5,-1.1,5.E-02));
#2288 = CARTESIAN_POINT('',(2.5,1.1,5.E-02));
#2289 = ORIENTED_EDGE('',*,*,#2290,.F.);
#2290 = EDGE_CURVE('',#2291,#2284,#2293,.T.);
#2291 = VERTEX_POINT('',#2292);
#2292 = CARTESIAN_POINT('',(2.5,-2.1,5.E-02));
#2293 = B_SPLINE_CURVE_WITH_KNOTS('',1,(#2294,#2295),.UNSPECIFIED.,.F.,
  .F.,(2,2),(0.4,1.4),.PIECEWISE_BEZIER_KNOTS.);
#2294 = CARTESIAN_POINT('',(2.5,-2.1,5.E-02));
#2295 = CARTESIAN_POINT('',(2.5,-1.1,5.E-02));
#2296 = ORIENTED_EDGE('',*,*,#2297,.F.);
#2297 = EDGE_CURVE('',#2235,#2291,#2298,.T.);
#2298 = B_SPLINE_CURVE_WITH_KNOTS('',1,(#2299,#2300),.UNSPECIFIED.,.F.,
  .F.,(2,2),(0.,0.4),.PIECEWISE_BEZIER_KNOTS.);
#2299 = CARTESIAN_POINT('',(2.5,-2.5,5.E-02));
#2300 = CARTESIAN_POINT('',(2.5,-2.1,5.E-02));
#2301 = ORIENTED_EDGE('',*,*,#2234,.T.);
#2302 = ORIENTED_EDGE('',*,*,#2303,.T.);
#2303 = EDGE_CURVE('',#2228,#2206,#2304,.T.);
#2304 = B_SPLINE_CURVE_WITH_KNOTS('',1,(#2305,#2306),.UNSPECIFIED.,.F.,
  .F.,(2,2),(0.625,1.660533905933),.PIECEWISE_BEZIER_KNOTS.);
#2305 = CARTESIAN_POINT('',(2.5,-2.5,0.69));
#2306 = CARTESIAN_POINT('',(2.5,-1.464466094067,0.69));
#2307 = ORIENTED_EDGE('',*,*,#2212,.T.);
#2308 = ORIENTED_EDGE('',*,*,#2093,.T.);
#2309 = FACE_BOUND('',#2310,.F.);
#2310 = EDGE_LOOP('',(#2311,#2320,#2327,#2334));
#2311 = ORIENTED_EDGE('',*,*,#2312,.F.);
#2312 = EDGE_CURVE('',#2313,#2315,#2317,.T.);
#2313 = VERTEX_POINT('',#2314);
#2314 = CARTESIAN_POINT('',(2.5,-2.1,0.3));
#2315 = VERTEX_POINT('',#2316);
#2316 = CARTESIAN_POINT('',(2.5,-1.1,0.3));
#2317 = B_SPLINE_CURVE_WITH_KNOTS('',1,(#2318,#2319),.UNSPECIFIED.,.F.,
  .F.,(2,2),(-5.E-02,0.95),.PIECEWISE_BEZIER_KNOTS.);
#2318 = CARTESIAN_POINT('',(2.5,-2.1,0.3));
#2319 = CARTESIAN_POINT('',(2.5,-1.1,0.3));
#2320 = ORIENTED_EDGE('',*,*,#2321,.T.);
#2321 = EDGE_CURVE('',#2313,#2322,#2324,.T.);
#2322 = VERTEX_POINT('',#2323);
#2323 = CARTESIAN_POINT('',(2.5,-2.1,0.25));
#2324 = B_SPLINE_CURVE_WITH_KNOTS('',1,(#2325,#2326),.UNSPECIFIED.,.F.,
  .F.,(2,2),(-0.55,-0.45),.PIECEWISE_BEZIER_KNOTS.);
#2325 = CARTESIAN_POINT('',(2.5,-2.1,0.3));
#2326 = CARTESIAN_POINT('',(2.5,-2.1,0.25));
#2327 = ORIENTED_EDGE('',*,*,#2328,.T.);
#2328 = EDGE_CURVE('',#2322,#2329,#2331,.T.);
#2329 = VERTEX_POINT('',#2330);
#2330 = CARTESIAN_POINT('',(2.5,-1.1,0.25));
#2331 = B_SPLINE_CURVE_WITH_KNOTS('',1,(#2332,#2333),.UNSPECIFIED.,.F.,
  .F.,(2,2),(-5.E-02,0.95),.PIECEWISE_BEZIER_KNOTS.);
#2332 = CARTESIAN_POINT('',(2.5,-2.1,0.25));
#2333 = CARTESIAN_POINT('',(2.5,-1.1,0.25));
#2334 = ORIENTED_EDGE('',*,*,#2335,.T.);
#2335 = EDGE_CURVE('',#2329,#2315,#2336,.T.);
#2336 = B_SPLINE_CURVE_WITH_KNOTS('',1,(#2337,#2338),.UNSPECIFIED.,.F.,
  .F.,(2,2),(0.45,0.55),.PIECEWISE_BEZIER_KNOTS.);
#2337 = CARTESIAN_POINT('',(2.5,-1.1,0.25));
#2338 = CARTESIAN_POINT('',(2.5,-1.1,0.3));
#2339 = FACE_BOUND('',#2340,.F.);
#2340 = EDGE_LOOP('',(#2341,#2350,#2357,#2364));
#2341 = ORIENTED_EDGE('',*,*,#2342,.T.);
#2342 = EDGE_CURVE('',#2343,#2345,#2347,.T.);
#2343 = VERTEX_POINT('',#2344);
#2344 = CARTESIAN_POINT('',(2.5,1.1,0.25));
#2345 = VERTEX_POINT('',#2346);
#2346 = CARTESIAN_POINT('',(2.5,2.1,0.25));
#2347 = B_SPLINE_CURVE_WITH_KNOTS('',1,(#2348,#2349),.UNSPECIFIED.,.F.,
  .F.,(2,2),(1.55,2.55),.PIECEWISE_BEZIER_KNOTS.);
#2348 = CARTESIAN_POINT('',(2.5,1.1,0.25));
#2349 = CARTESIAN_POINT('',(2.5,2.1,0.25));
#2350 = ORIENTED_EDGE('',*,*,#2351,.T.);
#2351 = EDGE_CURVE('',#2345,#2352,#2354,.T.);
#2352 = VERTEX_POINT('',#2353);
#2353 = CARTESIAN_POINT('',(2.5,2.1,0.3));
#2354 = B_SPLINE_CURVE_WITH_KNOTS('',1,(#2355,#2356),.UNSPECIFIED.,.F.,
  .F.,(2,2),(0.45,0.55),.PIECEWISE_BEZIER_KNOTS.);
#2355 = CARTESIAN_POINT('',(2.5,2.1,0.25));
#2356 = CARTESIAN_POINT('',(2.5,2.1,0.3));
#2357 = ORIENTED_EDGE('',*,*,#2358,.F.);
#2358 = EDGE_CURVE('',#2359,#2352,#2361,.T.);
#2359 = VERTEX_POINT('',#2360);
#2360 = CARTESIAN_POINT('',(2.5,1.1,0.3));
#2361 = B_SPLINE_CURVE_WITH_KNOTS('',1,(#2362,#2363),.UNSPECIFIED.,.F.,
  .F.,(2,2),(1.55,2.55),.PIECEWISE_BEZIER_KNOTS.);
#2362 = CARTESIAN_POINT('',(2.5,1.1,0.3));
#2363 = CARTESIAN_POINT('',(2.5,2.1,0.3));
#2364 = ORIENTED_EDGE('',*,*,#2365,.T.);
#2365 = EDGE_CURVE('',#2359,#2343,#2366,.T.);
#2366 = B_SPLINE_CURVE_WITH_KNOTS('',1,(#2367,#2368),.UNSPECIFIED.,.F.,
  .F.,(2,2),(-0.55,-0.45),.PIECEWISE_BEZIER_KNOTS.);
#2367 = CARTESIAN_POINT('',(2.5,1.1,0.3));
#2368 = CARTESIAN_POINT('',(2.5,1.1,0.25));
#2369 = B_SPLINE_SURFACE_WITH_KNOTS('',1,1,(
    (#2370,#2371)
    ,(#2372,#2373
    )),.UNSPECIFIED.,.F.,.F.,.F.,(2,2),(2,2),(0.,5.),(-1.52,0.),
  .PIECEWISE_BEZIER_KNOTS.);
#2370 = CARTESIAN_POINT('',(2.5,-2.5,0.81));
#2371 = CARTESIAN_POINT('',(2.5,-2.5,5.E-02));
#2372 = CARTESIAN_POINT('',(2.5,2.5,0.81));
#2373 = CARTESIAN_POINT('',(2.5,2.5,5.E-02));
#2374 = ADVANCED_FACE('',(#2375,#2419,#2449),#2479,.F.);
#2375 = FACE_BOUND('',#2376,.F.);
#2376 = EDGE_LOOP('',(#2377,#2384,#2385,#2386,#2393,#2400,#2407,#2414));
#2377 = ORIENTED_EDGE('',*,*,#2378,.T.);
#2378 = EDGE_CURVE('',#2379,#2119,#2381,.T.);
#2379 = VERTEX_POINT('',#2380);
#2380 = CARTESIAN_POINT('',(-2.5,2.5,5.E-02));
#2381 = B_SPLINE_CURVE_WITH_KNOTS('',1,(#2382,#2383),.UNSPECIFIED.,.F.,
  .F.,(2,2),(0.,1.52),.PIECEWISE_BEZIER_KNOTS.);
#2382 = CARTESIAN_POINT('',(-2.5,2.5,5.E-02));
#2383 = CARTESIAN_POINT('',(-2.5,2.5,0.81));
#2384 = ORIENTED_EDGE('',*,*,#2118,.T.);
#2385 = ORIENTED_EDGE('',*,*,#2248,.F.);
#2386 = ORIENTED_EDGE('',*,*,#2387,.F.);
#2387 = EDGE_CURVE('',#2388,#2242,#2390,.T.);
#2388 = VERTEX_POINT('',#2389);
#2389 = CARTESIAN_POINT('',(-2.5,-2.1,5.E-02));
#2390 = B_SPLINE_CURVE_WITH_KNOTS('',1,(#2391,#2392),.UNSPECIFIED.,.F.,
  .F.,(2,2),(4.6,5.),.PIECEWISE_BEZIER_KNOTS.);
#2391 = CARTESIAN_POINT('',(-2.5,-2.1,5.E-02));
#2392 = CARTESIAN_POINT('',(-2.5,-2.5,5.E-02));
#2393 = ORIENTED_EDGE('',*,*,#2394,.F.);
#2394 = EDGE_CURVE('',#2395,#2388,#2397,.T.);
#2395 = VERTEX_POINT('',#2396);
#2396 = CARTESIAN_POINT('',(-2.5,-1.1,5.E-02));
#2397 = B_SPLINE_CURVE_WITH_KNOTS('',1,(#2398,#2399),.UNSPECIFIED.,.F.,
  .F.,(2,2),(3.6,4.6),.PIECEWISE_BEZIER_KNOTS.);
#2398 = CARTESIAN_POINT('',(-2.5,-1.1,5.E-02));
#2399 = CARTESIAN_POINT('',(-2.5,-2.1,5.E-02));
#2400 = ORIENTED_EDGE('',*,*,#2401,.F.);
#2401 = EDGE_CURVE('',#2402,#2395,#2404,.T.);
#2402 = VERTEX_POINT('',#2403);
#2403 = CARTESIAN_POINT('',(-2.5,1.1,5.E-02));
#2404 = B_SPLINE_CURVE_WITH_KNOTS('',1,(#2405,#2406),.UNSPECIFIED.,.F.,
  .F.,(2,2),(1.4,3.6),.PIECEWISE_BEZIER_KNOTS.);
#2405 = CARTESIAN_POINT('',(-2.5,1.1,5.E-02));
#2406 = CARTESIAN_POINT('',(-2.5,-1.1,5.E-02));
#2407 = ORIENTED_EDGE('',*,*,#2408,.F.);
#2408 = EDGE_CURVE('',#2409,#2402,#2411,.T.);
#2409 = VERTEX_POINT('',#2410);
#2410 = CARTESIAN_POINT('',(-2.5,2.1,5.E-02));
#2411 = B_SPLINE_CURVE_WITH_KNOTS('',1,(#2412,#2413),.UNSPECIFIED.,.F.,
  .F.,(2,2),(0.4,1.4),.PIECEWISE_BEZIER_KNOTS.);
#2412 = CARTESIAN_POINT('',(-2.5,2.1,5.E-02));
#2413 = CARTESIAN_POINT('',(-2.5,1.1,5.E-02));
#2414 = ORIENTED_EDGE('',*,*,#2415,.F.);
#2415 = EDGE_CURVE('',#2379,#2409,#2416,.T.);
#2416 = B_SPLINE_CURVE_WITH_KNOTS('',1,(#2417,#2418),.UNSPECIFIED.,.F.,
  .F.,(2,2),(0.,0.4),.PIECEWISE_BEZIER_KNOTS.);
#2417 = CARTESIAN_POINT('',(-2.5,2.5,5.E-02));
#2418 = CARTESIAN_POINT('',(-2.5,2.1,5.E-02));
#2419 = FACE_BOUND('',#2420,.F.);
#2420 = EDGE_LOOP('',(#2421,#2430,#2437,#2444));
#2421 = ORIENTED_EDGE('',*,*,#2422,.T.);
#2422 = EDGE_CURVE('',#2423,#2425,#2427,.T.);
#2423 = VERTEX_POINT('',#2424);
#2424 = CARTESIAN_POINT('',(-2.5,-1.1,0.25));
#2425 = VERTEX_POINT('',#2426);
#2426 = CARTESIAN_POINT('',(-2.5,-2.1,0.25));
#2427 = B_SPLINE_CURVE_WITH_KNOTS('',1,(#2428,#2429),.UNSPECIFIED.,.F.,
  .F.,(2,2),(1.55,2.55),.PIECEWISE_BEZIER_KNOTS.);
#2428 = CARTESIAN_POINT('',(-2.5,-1.1,0.25));
#2429 = CARTESIAN_POINT('',(-2.5,-2.1,0.25));
#2430 = ORIENTED_EDGE('',*,*,#2431,.T.);
#2431 = EDGE_CURVE('',#2425,#2432,#2434,.T.);
#2432 = VERTEX_POINT('',#2433);
#2433 = CARTESIAN_POINT('',(-2.5,-2.1,0.3));
#2434 = B_SPLINE_CURVE_WITH_KNOTS('',1,(#2435,#2436),.UNSPECIFIED.,.F.,
  .F.,(2,2),(0.45,0.55),.PIECEWISE_BEZIER_KNOTS.);
#2435 = CARTESIAN_POINT('',(-2.5,-2.1,0.25));
#2436 = CARTESIAN_POINT('',(-2.5,-2.1,0.3));
#2437 = ORIENTED_EDGE('',*,*,#2438,.F.);
#2438 = EDGE_CURVE('',#2439,#2432,#2441,.T.);
#2439 = VERTEX_POINT('',#2440);
#2440 = CARTESIAN_POINT('',(-2.5,-1.1,0.3));
#2441 = B_SPLINE_CURVE_WITH_KNOTS('',1,(#2442,#2443),.UNSPECIFIED.,.F.,
  .F.,(2,2),(1.55,2.55),.PIECEWISE_BEZIER_KNOTS.);
#2442 = CARTESIAN_POINT('',(-2.5,-1.1,0.3));
#2443 = CARTESIAN_POINT('',(-2.5,-2.1,0.3));
#2444 = ORIENTED_EDGE('',*,*,#2445,.T.);
#2445 = EDGE_CURVE('',#2439,#2423,#2446,.T.);
#2446 = B_SPLINE_CURVE_WITH_KNOTS('',1,(#2447,#2448),.UNSPECIFIED.,.F.,
  .F.,(2,2),(-0.55,-0.45),.PIECEWISE_BEZIER_KNOTS.);
#2447 = CARTESIAN_POINT('',(-2.5,-1.1,0.3));
#2448 = CARTESIAN_POINT('',(-2.5,-1.1,0.25));
#2449 = FACE_BOUND('',#2450,.F.);
#2450 = EDGE_LOOP('',(#2451,#2460,#2467,#2474));
#2451 = ORIENTED_EDGE('',*,*,#2452,.F.);
#2452 = EDGE_CURVE('',#2453,#2455,#2457,.T.);
#2453 = VERTEX_POINT('',#2454);
#2454 = CARTESIAN_POINT('',(-2.5,2.1,0.3));
#2455 = VERTEX_POINT('',#2456);
#2456 = CARTESIAN_POINT('',(-2.5,1.1,0.3));
#2457 = B_SPLINE_CURVE_WITH_KNOTS('',1,(#2458,#2459),.UNSPECIFIED.,.F.,
  .F.,(2,2),(-5.E-02,0.95),.PIECEWISE_BEZIER_KNOTS.);
#2458 = CARTESIAN_POINT('',(-2.5,2.1,0.3));
#2459 = CARTESIAN_POINT('',(-2.5,1.1,0.3));
#2460 = ORIENTED_EDGE('',*,*,#2461,.T.);
#2461 = EDGE_CURVE('',#2453,#2462,#2464,.T.);
#2462 = VERTEX_POINT('',#2463);
#2463 = CARTESIAN_POINT('',(-2.5,2.1,0.25));
#2464 = B_SPLINE_CURVE_WITH_KNOTS('',1,(#2465,#2466),.UNSPECIFIED.,.F.,
  .F.,(2,2),(-0.55,-0.45),.PIECEWISE_BEZIER_KNOTS.);
#2465 = CARTESIAN_POINT('',(-2.5,2.1,0.3));
#2466 = CARTESIAN_POINT('',(-2.5,2.1,0.25));
#2467 = ORIENTED_EDGE('',*,*,#2468,.T.);
#2468 = EDGE_CURVE('',#2462,#2469,#2471,.T.);
#2469 = VERTEX_POINT('',#2470);
#2470 = CARTESIAN_POINT('',(-2.5,1.1,0.25));
#2471 = B_SPLINE_CURVE_WITH_KNOTS('',1,(#2472,#2473),.UNSPECIFIED.,.F.,
  .F.,(2,2),(-5.E-02,0.95),.PIECEWISE_BEZIER_KNOTS.);
#2472 = CARTESIAN_POINT('',(-2.5,2.1,0.25));
#2473 = CARTESIAN_POINT('',(-2.5,1.1,0.25));
#2474 = ORIENTED_EDGE('',*,*,#2475,.T.);
#2475 = EDGE_CURVE('',#2469,#2455,#2476,.T.);
#2476 = B_SPLINE_CURVE_WITH_KNOTS('',1,(#2477,#2478),.UNSPECIFIED.,.F.,
  .F.,(2,2),(0.45,0.55),.PIECEWISE_BEZIER_KNOTS.);
#2477 = CARTESIAN_POINT('',(-2.5,1.1,0.25));
#2478 = CARTESIAN_POINT('',(-2.5,1.1,0.3));
#2479 = B_SPLINE_SURFACE_WITH_KNOTS('',1,1,(
    (#2480,#2481)
    ,(#2482,#2483
    )),.UNSPECIFIED.,.F.,.F.,.F.,(2,2),(2,2),(0.,5.),(-1.52,0.),
  .PIECEWISE_BEZIER_KNOTS.);
#2480 = CARTESIAN_POINT('',(-2.5,2.5,0.81));
#2481 = CARTESIAN_POINT('',(-2.5,2.5,5.E-02));
#2482 = CARTESIAN_POINT('',(-2.5,-2.5,0.81));
#2483 = CARTESIAN_POINT('',(-2.5,-2.5,5.E-02));
#2484 = ADVANCED_FACE('',(#2485),#2495,.F.);
#2485 = FACE_BOUND('',#2486,.F.);
#2486 = EDGE_LOOP('',(#2487,#2488,#2489,#2490));
#2487 = ORIENTED_EDGE('',*,*,#2262,.T.);
#2488 = ORIENTED_EDGE('',*,*,#2143,.T.);
#2489 = ORIENTED_EDGE('',*,*,#2378,.F.);
#2490 = ORIENTED_EDGE('',*,*,#2491,.F.);
#2491 = EDGE_CURVE('',#2263,#2379,#2492,.T.);
#2492 = B_SPLINE_CURVE_WITH_KNOTS('',1,(#2493,#2494),.UNSPECIFIED.,.F.,
  .F.,(2,2),(0.,5.),.PIECEWISE_BEZIER_KNOTS.);
#2493 = CARTESIAN_POINT('',(2.5,2.5,5.E-02));
#2494 = CARTESIAN_POINT('',(-2.5,2.5,5.E-02));
#2495 = B_SPLINE_SURFACE_WITH_KNOTS('',1,1,(
    (#2496,#2497)
    ,(#2498,#2499
    )),.UNSPECIFIED.,.F.,.F.,.F.,(2,2),(2,2),(0.,5.),(-1.52,0.),
  .PIECEWISE_BEZIER_KNOTS.);
#2496 = CARTESIAN_POINT('',(2.5,2.5,0.81));
#2497 = CARTESIAN_POINT('',(2.5,2.5,5.E-02));
#2498 = CARTESIAN_POINT('',(-2.5,2.5,0.81));
#2499 = CARTESIAN_POINT('',(-2.5,2.5,5.E-02));
#2500 = ADVANCED_FACE('',(#2501),#2504,.T.);
#2501 = FACE_BOUND('',#2502,.T.);
#2502 = EDGE_LOOP('',(#2503));
#2503 = ORIENTED_EDGE('',*,*,#2170,.T.);
#2504 = B_SPLINE_SURFACE_WITH_KNOTS('',1,1,(
    (#2505,#2506)
    ,(#2507,#2508
    )),.UNSPECIFIED.,.F.,.F.,.F.,(2,2),(2,2),(-1.666666666667,
    1.666666666667),(-1.666666666667,1.666666666667),
  .PIECEWISE_BEZIER_KNOTS.);
#2505 = CARTESIAN_POINT('',(-1.666666666667,1.666666666667,0.65));
#2506 = CARTESIAN_POINT('',(1.666666666667,1.666666666667,0.65));
#2507 = CARTESIAN_POINT('',(-1.666666666667,-1.666666666667,0.65));
#2508 = CARTESIAN_POINT('',(1.666666666667,-1.666666666667,0.65));
#2509 = ADVANCED_FACE('',(#2510),#2515,.T.);
#2510 = FACE_BOUND('',#2511,.T.);
#2511 = EDGE_LOOP('',(#2512,#2513,#2514));
#2512 = ORIENTED_EDGE('',*,*,#2303,.T.);
#2513 = ORIENTED_EDGE('',*,*,#2205,.T.);
#2514 = ORIENTED_EDGE('',*,*,#2227,.T.);
#2515 = B_SPLINE_SURFACE_WITH_KNOTS('',1,1,(
    (#2516,#2517)
    ,(#2518,#2519
    )),.UNSPECIFIED.,.F.,.F.,.F.,(2,2),(2,2),(-0.732233047034,
    0.732233047034),(-2.5,-1.767766952966),.PIECEWISE_BEZIER_KNOTS.);
#2516 = CARTESIAN_POINT('',(2.5,-1.464466094067,0.69));
#2517 = CARTESIAN_POINT('',(3.017766952967,-1.982233047033,0.69));
#2518 = CARTESIAN_POINT('',(1.464466094067,-2.5,0.69));
#2519 = CARTESIAN_POINT('',(1.982233047033,-3.017766952967,0.69));
#2520 = ADVANCED_FACE('',(#2521),#2663,.F.);
#2521 = FACE_BOUND('',#2522,.F.);
#2522 = EDGE_LOOP('',(#2523,#2524,#2525,#2526,#2533,#2540,#2547,#2554,
    #2559,#2560,#2567,#2574,#2581,#2588,#2593,#2594,#2595,#2596,#2603,
    #2610,#2617,#2624,#2629,#2630,#2637,#2644,#2651,#2658));
#2523 = ORIENTED_EDGE('',*,*,#2269,.T.);
#2524 = ORIENTED_EDGE('',*,*,#2491,.T.);
#2525 = ORIENTED_EDGE('',*,*,#2415,.T.);
#2526 = ORIENTED_EDGE('',*,*,#2527,.F.);
#2527 = EDGE_CURVE('',#2528,#2409,#2530,.T.);
#2528 = VERTEX_POINT('',#2529);
#2529 = CARTESIAN_POINT('',(-1.85,2.1,5.E-02));
#2530 = B_SPLINE_CURVE_WITH_KNOTS('',1,(#2531,#2532),.UNSPECIFIED.,.F.,
  .F.,(2,2),(-1.E-01,0.55),.PIECEWISE_BEZIER_KNOTS.);
#2531 = CARTESIAN_POINT('',(-1.85,2.1,5.E-02));
#2532 = CARTESIAN_POINT('',(-2.5,2.1,5.E-02));
#2533 = ORIENTED_EDGE('',*,*,#2534,.T.);
#2534 = EDGE_CURVE('',#2528,#2535,#2537,.T.);
#2535 = VERTEX_POINT('',#2536);
#2536 = CARTESIAN_POINT('',(-1.7,2.1,5.E-02));
#2537 = B_SPLINE_CURVE_WITH_KNOTS('',1,(#2538,#2539),.UNSPECIFIED.,.F.,
  .F.,(2,2),(-1.,-0.85),.PIECEWISE_BEZIER_KNOTS.);
#2538 = CARTESIAN_POINT('',(-1.85,2.1,5.E-02));
#2539 = CARTESIAN_POINT('',(-1.7,2.1,5.E-02));
#2540 = ORIENTED_EDGE('',*,*,#2541,.T.);
#2541 = EDGE_CURVE('',#2535,#2542,#2544,.T.);
#2542 = VERTEX_POINT('',#2543);
#2543 = CARTESIAN_POINT('',(-1.7,1.1,5.E-02));
#2544 = B_SPLINE_CURVE_WITH_KNOTS('',1,(#2545,#2546),.UNSPECIFIED.,.F.,
  .F.,(2,2),(-1.55,-0.55),.PIECEWISE_BEZIER_KNOTS.);
#2545 = CARTESIAN_POINT('',(-1.7,2.1,5.E-02));
#2546 = CARTESIAN_POINT('',(-1.7,1.1,5.E-02));
#2547 = ORIENTED_EDGE('',*,*,#2548,.T.);
#2548 = EDGE_CURVE('',#2542,#2549,#2551,.T.);
#2549 = VERTEX_POINT('',#2550);
#2550 = CARTESIAN_POINT('',(-1.85,1.1,5.E-02));
#2551 = B_SPLINE_CURVE_WITH_KNOTS('',1,(#2552,#2553),.UNSPECIFIED.,.F.,
  .F.,(2,2),(0.35,0.5),.PIECEWISE_BEZIER_KNOTS.);
#2552 = CARTESIAN_POINT('',(-1.7,1.1,5.E-02));
#2553 = CARTESIAN_POINT('',(-1.85,1.1,5.E-02));
#2554 = ORIENTED_EDGE('',*,*,#2555,.F.);
#2555 = EDGE_CURVE('',#2402,#2549,#2556,.T.);
#2556 = B_SPLINE_CURVE_WITH_KNOTS('',1,(#2557,#2558),.UNSPECIFIED.,.F.,
  .F.,(2,2),(-5.E-02,0.6),.PIECEWISE_BEZIER_KNOTS.);
#2557 = CARTESIAN_POINT('',(-2.5,1.1,5.E-02));
#2558 = CARTESIAN_POINT('',(-1.85,1.1,5.E-02));
#2559 = ORIENTED_EDGE('',*,*,#2401,.T.);
#2560 = ORIENTED_EDGE('',*,*,#2561,.F.);
#2561 = EDGE_CURVE('',#2562,#2395,#2564,.T.);
#2562 = VERTEX_POINT('',#2563);
#2563 = CARTESIAN_POINT('',(-1.85,-1.1,5.E-02));
#2564 = B_SPLINE_CURVE_WITH_KNOTS('',1,(#2565,#2566),.UNSPECIFIED.,.F.,
  .F.,(2,2),(-1.E-01,0.55),.PIECEWISE_BEZIER_KNOTS.);
#2565 = CARTESIAN_POINT('',(-1.85,-1.1,5.E-02));
#2566 = CARTESIAN_POINT('',(-2.5,-1.1,5.E-02));
#2567 = ORIENTED_EDGE('',*,*,#2568,.T.);
#2568 = EDGE_CURVE('',#2562,#2569,#2571,.T.);
#2569 = VERTEX_POINT('',#2570);
#2570 = CARTESIAN_POINT('',(-1.7,-1.1,5.E-02));
#2571 = B_SPLINE_CURVE_WITH_KNOTS('',1,(#2572,#2573),.UNSPECIFIED.,.F.,
  .F.,(2,2),(-1.,-0.85),.PIECEWISE_BEZIER_KNOTS.);
#2572 = CARTESIAN_POINT('',(-1.85,-1.1,5.E-02));
#2573 = CARTESIAN_POINT('',(-1.7,-1.1,5.E-02));
#2574 = ORIENTED_EDGE('',*,*,#2575,.T.);
#2575 = EDGE_CURVE('',#2569,#2576,#2578,.T.);
#2576 = VERTEX_POINT('',#2577);
#2577 = CARTESIAN_POINT('',(-1.7,-2.1,5.E-02));
#2578 = B_SPLINE_CURVE_WITH_KNOTS('',1,(#2579,#2580),.UNSPECIFIED.,.F.,
  .F.,(2,2),(5.E-02,1.05),.PIECEWISE_BEZIER_KNOTS.);
#2579 = CARTESIAN_POINT('',(-1.7,-1.1,5.E-02));
#2580 = CARTESIAN_POINT('',(-1.7,-2.1,5.E-02));
#2581 = ORIENTED_EDGE('',*,*,#2582,.T.);
#2582 = EDGE_CURVE('',#2576,#2583,#2585,.T.);
#2583 = VERTEX_POINT('',#2584);
#2584 = CARTESIAN_POINT('',(-1.85,-2.1,5.E-02));
#2585 = B_SPLINE_CURVE_WITH_KNOTS('',1,(#2586,#2587),.UNSPECIFIED.,.F.,
  .F.,(2,2),(0.35,0.5),.PIECEWISE_BEZIER_KNOTS.);
#2586 = CARTESIAN_POINT('',(-1.7,-2.1,5.E-02));
#2587 = CARTESIAN_POINT('',(-1.85,-2.1,5.E-02));
#2588 = ORIENTED_EDGE('',*,*,#2589,.F.);
#2589 = EDGE_CURVE('',#2388,#2583,#2590,.T.);
#2590 = B_SPLINE_CURVE_WITH_KNOTS('',1,(#2591,#2592),.UNSPECIFIED.,.F.,
  .F.,(2,2),(-5.E-02,0.6),.PIECEWISE_BEZIER_KNOTS.);
#2591 = CARTESIAN_POINT('',(-2.5,-2.1,5.E-02));
#2592 = CARTESIAN_POINT('',(-1.85,-2.1,5.E-02));
#2593 = ORIENTED_EDGE('',*,*,#2387,.T.);
#2594 = ORIENTED_EDGE('',*,*,#2241,.T.);
#2595 = ORIENTED_EDGE('',*,*,#2297,.T.);
#2596 = ORIENTED_EDGE('',*,*,#2597,.F.);
#2597 = EDGE_CURVE('',#2598,#2291,#2600,.T.);
#2598 = VERTEX_POINT('',#2599);
#2599 = CARTESIAN_POINT('',(1.85,-2.1,5.E-02));
#2600 = B_SPLINE_CURVE_WITH_KNOTS('',1,(#2601,#2602),.UNSPECIFIED.,.F.,
  .F.,(2,2),(-1.E-01,0.55),.PIECEWISE_BEZIER_KNOTS.);
#2601 = CARTESIAN_POINT('',(1.85,-2.1,5.E-02));
#2602 = CARTESIAN_POINT('',(2.5,-2.1,5.E-02));
#2603 = ORIENTED_EDGE('',*,*,#2604,.T.);
#2604 = EDGE_CURVE('',#2598,#2605,#2607,.T.);
#2605 = VERTEX_POINT('',#2606);
#2606 = CARTESIAN_POINT('',(1.7,-2.1,5.E-02));
#2607 = B_SPLINE_CURVE_WITH_KNOTS('',1,(#2608,#2609),.UNSPECIFIED.,.F.,
  .F.,(2,2),(-1.,-0.85),.PIECEWISE_BEZIER_KNOTS.);
#2608 = CARTESIAN_POINT('',(1.85,-2.1,5.E-02));
#2609 = CARTESIAN_POINT('',(1.7,-2.1,5.E-02));
#2610 = ORIENTED_EDGE('',*,*,#2611,.T.);
#2611 = EDGE_CURVE('',#2605,#2612,#2614,.T.);
#2612 = VERTEX_POINT('',#2613);
#2613 = CARTESIAN_POINT('',(1.7,-1.1,5.E-02));
#2614 = B_SPLINE_CURVE_WITH_KNOTS('',1,(#2615,#2616),.UNSPECIFIED.,.F.,
  .F.,(2,2),(-1.55,-0.55),.PIECEWISE_BEZIER_KNOTS.);
#2615 = CARTESIAN_POINT('',(1.7,-2.1,5.E-02));
#2616 = CARTESIAN_POINT('',(1.7,-1.1,5.E-02));
#2617 = ORIENTED_EDGE('',*,*,#2618,.T.);
#2618 = EDGE_CURVE('',#2612,#2619,#2621,.T.);
#2619 = VERTEX_POINT('',#2620);
#2620 = CARTESIAN_POINT('',(1.85,-1.1,5.E-02));
#2621 = B_SPLINE_CURVE_WITH_KNOTS('',1,(#2622,#2623),.UNSPECIFIED.,.F.,
  .F.,(2,2),(0.35,0.5),.PIECEWISE_BEZIER_KNOTS.);
#2622 = CARTESIAN_POINT('',(1.7,-1.1,5.E-02));
#2623 = CARTESIAN_POINT('',(1.85,-1.1,5.E-02));
#2624 = ORIENTED_EDGE('',*,*,#2625,.F.);
#2625 = EDGE_CURVE('',#2284,#2619,#2626,.T.);
#2626 = B_SPLINE_CURVE_WITH_KNOTS('',1,(#2627,#2628),.UNSPECIFIED.,.F.,
  .F.,(2,2),(-5.E-02,0.6),.PIECEWISE_BEZIER_KNOTS.);
#2627 = CARTESIAN_POINT('',(2.5,-1.1,5.E-02));
#2628 = CARTESIAN_POINT('',(1.85,-1.1,5.E-02));
#2629 = ORIENTED_EDGE('',*,*,#2283,.T.);
#2630 = ORIENTED_EDGE('',*,*,#2631,.F.);
#2631 = EDGE_CURVE('',#2632,#2277,#2634,.T.);
#2632 = VERTEX_POINT('',#2633);
#2633 = CARTESIAN_POINT('',(1.85,1.1,5.E-02));
#2634 = B_SPLINE_CURVE_WITH_KNOTS('',1,(#2635,#2636),.UNSPECIFIED.,.F.,
  .F.,(2,2),(-1.E-01,0.55),.PIECEWISE_BEZIER_KNOTS.);
#2635 = CARTESIAN_POINT('',(1.85,1.1,5.E-02));
#2636 = CARTESIAN_POINT('',(2.5,1.1,5.E-02));
#2637 = ORIENTED_EDGE('',*,*,#2638,.T.);
#2638 = EDGE_CURVE('',#2632,#2639,#2641,.T.);
#2639 = VERTEX_POINT('',#2640);
#2640 = CARTESIAN_POINT('',(1.7,1.1,5.E-02));
#2641 = B_SPLINE_CURVE_WITH_KNOTS('',1,(#2642,#2643),.UNSPECIFIED.,.F.,
  .F.,(2,2),(-1.,-0.85),.PIECEWISE_BEZIER_KNOTS.);
#2642 = CARTESIAN_POINT('',(1.85,1.1,5.E-02));
#2643 = CARTESIAN_POINT('',(1.7,1.1,5.E-02));
#2644 = ORIENTED_EDGE('',*,*,#2645,.T.);
#2645 = EDGE_CURVE('',#2639,#2646,#2648,.T.);
#2646 = VERTEX_POINT('',#2647);
#2647 = CARTESIAN_POINT('',(1.7,2.1,5.E-02));
#2648 = B_SPLINE_CURVE_WITH_KNOTS('',1,(#2649,#2650),.UNSPECIFIED.,.F.,
  .F.,(2,2),(5.E-02,1.05),.PIECEWISE_BEZIER_KNOTS.);
#2649 = CARTESIAN_POINT('',(1.7,1.1,5.E-02));
#2650 = CARTESIAN_POINT('',(1.7,2.1,5.E-02));
#2651 = ORIENTED_EDGE('',*,*,#2652,.T.);
#2652 = EDGE_CURVE('',#2646,#2653,#2655,.T.);
#2653 = VERTEX_POINT('',#2654);
#2654 = CARTESIAN_POINT('',(1.85,2.1,5.E-02));
#2655 = B_SPLINE_CURVE_WITH_KNOTS('',1,(#2656,#2657),.UNSPECIFIED.,.F.,
  .F.,(2,2),(0.35,0.5),.PIECEWISE_BEZIER_KNOTS.);
#2656 = CARTESIAN_POINT('',(1.7,2.1,5.E-02));
#2657 = CARTESIAN_POINT('',(1.85,2.1,5.E-02));
#2658 = ORIENTED_EDGE('',*,*,#2659,.F.);
#2659 = EDGE_CURVE('',#2270,#2653,#2660,.T.);
#2660 = B_SPLINE_CURVE_WITH_KNOTS('',1,(#2661,#2662),.UNSPECIFIED.,.F.,
  .F.,(2,2),(-5.E-02,0.6),.PIECEWISE_BEZIER_KNOTS.);
#2661 = CARTESIAN_POINT('',(2.5,2.1,5.E-02));
#2662 = CARTESIAN_POINT('',(1.85,2.1,5.E-02));
#2663 = B_SPLINE_SURFACE_WITH_KNOTS('',1,1,(
    (#2664,#2665)
    ,(#2666,#2667
    )),.UNSPECIFIED.,.F.,.F.,.F.,(2,2),(2,2),(-2.5,2.5),(-2.5,2.5),
  .PIECEWISE_BEZIER_KNOTS.);
#2664 = CARTESIAN_POINT('',(2.5,2.5,5.E-02));
#2665 = CARTESIAN_POINT('',(2.5,-2.5,5.E-02));
#2666 = CARTESIAN_POINT('',(-2.5,2.5,5.E-02));
#2667 = CARTESIAN_POINT('',(-2.5,-2.5,5.E-02));
#2668 = ADVANCED_FACE('',(#2669),#2691,.T.);
#2669 = FACE_BOUND('',#2670,.T.);
#2670 = EDGE_LOOP('',(#2671,#2680,#2685,#2686));
#2671 = ORIENTED_EDGE('',*,*,#2672,.T.);
#2672 = EDGE_CURVE('',#2673,#2675,#2677,.T.);
#2673 = VERTEX_POINT('',#2674);
#2674 = CARTESIAN_POINT('',(2.55,1.1,5.E-02));
#2675 = VERTEX_POINT('',#2676);
#2676 = CARTESIAN_POINT('',(2.55,2.1,5.E-02));
#2677 = B_SPLINE_CURVE_WITH_KNOTS('',1,(#2678,#2679),.UNSPECIFIED.,.F.,
  .F.,(2,2),(0.1,1.1),.PIECEWISE_BEZIER_KNOTS.);
#2678 = CARTESIAN_POINT('',(2.55,1.1,5.E-02));
#2679 = CARTESIAN_POINT('',(2.55,2.1,5.E-02));
#2680 = ORIENTED_EDGE('',*,*,#2681,.T.);
#2681 = EDGE_CURVE('',#2675,#2270,#2682,.T.);
#2682 = B_SPLINE_CURVE_WITH_KNOTS('',1,(#2683,#2684),.UNSPECIFIED.,.F.,
  .F.,(2,2),(-1.E-01,-5.E-02),.PIECEWISE_BEZIER_KNOTS.);
#2683 = CARTESIAN_POINT('',(2.55,2.1,5.E-02));
#2684 = CARTESIAN_POINT('',(2.5,2.1,5.E-02));
#2685 = ORIENTED_EDGE('',*,*,#2276,.F.);
#2686 = ORIENTED_EDGE('',*,*,#2687,.T.);
#2687 = EDGE_CURVE('',#2277,#2673,#2688,.T.);
#2688 = B_SPLINE_CURVE_WITH_KNOTS('',1,(#2689,#2690),.UNSPECIFIED.,.F.,
  .F.,(2,2),(0.55,0.6),.PIECEWISE_BEZIER_KNOTS.);
#2689 = CARTESIAN_POINT('',(2.5,1.1,5.E-02));
#2690 = CARTESIAN_POINT('',(2.55,1.1,5.E-02));
#2691 = B_SPLINE_SURFACE_WITH_KNOTS('',1,1,(
    (#2692,#2693)
    ,(#2694,#2695
    )),.UNSPECIFIED.,.F.,.F.,.F.,(2,2),(2,2),(-0.35,-0.3),(-0.5,0.5),
  .PIECEWISE_BEZIER_KNOTS.);
#2692 = CARTESIAN_POINT('',(2.55,2.1,5.E-02));
#2693 = CARTESIAN_POINT('',(2.55,1.1,5.E-02));
#2694 = CARTESIAN_POINT('',(2.5,2.1,5.E-02));
#2695 = CARTESIAN_POINT('',(2.5,1.1,5.E-02));
#2696 = ADVANCED_FACE('',(#2697),#2719,.T.);
#2697 = FACE_BOUND('',#2698,.T.);
#2698 = EDGE_LOOP('',(#2699,#2708,#2713,#2714));
#2699 = ORIENTED_EDGE('',*,*,#2700,.T.);
#2700 = EDGE_CURVE('',#2701,#2703,#2705,.T.);
#2701 = VERTEX_POINT('',#2702);
#2702 = CARTESIAN_POINT('',(2.55,-2.1,5.E-02));
#2703 = VERTEX_POINT('',#2704);
#2704 = CARTESIAN_POINT('',(2.55,-1.1,5.E-02));
#2705 = B_SPLINE_CURVE_WITH_KNOTS('',1,(#2706,#2707),.UNSPECIFIED.,.F.,
  .F.,(2,2),(0.1,1.1),.PIECEWISE_BEZIER_KNOTS.);
#2706 = CARTESIAN_POINT('',(2.55,-2.1,5.E-02));
#2707 = CARTESIAN_POINT('',(2.55,-1.1,5.E-02));
#2708 = ORIENTED_EDGE('',*,*,#2709,.T.);
#2709 = EDGE_CURVE('',#2703,#2284,#2710,.T.);
#2710 = B_SPLINE_CURVE_WITH_KNOTS('',1,(#2711,#2712),.UNSPECIFIED.,.F.,
  .F.,(2,2),(-1.E-01,-5.E-02),.PIECEWISE_BEZIER_KNOTS.);
#2711 = CARTESIAN_POINT('',(2.55,-1.1,5.E-02));
#2712 = CARTESIAN_POINT('',(2.5,-1.1,5.E-02));
#2713 = ORIENTED_EDGE('',*,*,#2290,.F.);
#2714 = ORIENTED_EDGE('',*,*,#2715,.T.);
#2715 = EDGE_CURVE('',#2291,#2701,#2716,.T.);
#2716 = B_SPLINE_CURVE_WITH_KNOTS('',1,(#2717,#2718),.UNSPECIFIED.,.F.,
  .F.,(2,2),(0.55,0.6),.PIECEWISE_BEZIER_KNOTS.);
#2717 = CARTESIAN_POINT('',(2.5,-2.1,5.E-02));
#2718 = CARTESIAN_POINT('',(2.55,-2.1,5.E-02));
#2719 = B_SPLINE_SURFACE_WITH_KNOTS('',1,1,(
    (#2720,#2721)
    ,(#2722,#2723
    )),.UNSPECIFIED.,.F.,.F.,.F.,(2,2),(2,2),(-0.35,-0.3),(-0.5,0.5),
  .PIECEWISE_BEZIER_KNOTS.);
#2720 = CARTESIAN_POINT('',(2.55,-1.1,5.E-02));
#2721 = CARTESIAN_POINT('',(2.55,-2.1,5.E-02));
#2722 = CARTESIAN_POINT('',(2.5,-1.1,5.E-02));
#2723 = CARTESIAN_POINT('',(2.5,-2.1,5.E-02));
#2724 = ADVANCED_FACE('',(#2725),#2747,.T.);
#2725 = FACE_BOUND('',#2726,.T.);
#2726 = EDGE_LOOP('',(#2727,#2736,#2741,#2742));
#2727 = ORIENTED_EDGE('',*,*,#2728,.T.);
#2728 = EDGE_CURVE('',#2729,#2731,#2733,.T.);
#2729 = VERTEX_POINT('',#2730);
#2730 = CARTESIAN_POINT('',(2.65,-2.1,0.3));
#2731 = VERTEX_POINT('',#2732);
#2732 = CARTESIAN_POINT('',(2.65,-1.1,0.3));
#2733 = B_SPLINE_CURVE_WITH_KNOTS('',1,(#2734,#2735),.UNSPECIFIED.,.F.,
  .F.,(2,2),(0.,1.),.PIECEWISE_BEZIER_KNOTS.);
#2734 = CARTESIAN_POINT('',(2.65,-2.1,0.3));
#2735 = CARTESIAN_POINT('',(2.65,-1.1,0.3));
#2736 = ORIENTED_EDGE('',*,*,#2737,.T.);
#2737 = EDGE_CURVE('',#2731,#2315,#2738,.T.);
#2738 = B_SPLINE_CURVE_WITH_KNOTS('',1,(#2739,#2740),.UNSPECIFIED.,.F.,
  .F.,(2,2),(5.E-02,0.2),.PIECEWISE_BEZIER_KNOTS.);
#2739 = CARTESIAN_POINT('',(2.65,-1.1,0.3));
#2740 = CARTESIAN_POINT('',(2.5,-1.1,0.3));
#2741 = ORIENTED_EDGE('',*,*,#2312,.F.);
#2742 = ORIENTED_EDGE('',*,*,#2743,.T.);
#2743 = EDGE_CURVE('',#2313,#2729,#2744,.T.);
#2744 = B_SPLINE_CURVE_WITH_KNOTS('',1,(#2745,#2746),.UNSPECIFIED.,.F.,
  .F.,(2,2),(0.8,0.95),.PIECEWISE_BEZIER_KNOTS.);
#2745 = CARTESIAN_POINT('',(2.5,-2.1,0.3));
#2746 = CARTESIAN_POINT('',(2.65,-2.1,0.3));
#2747 = B_SPLINE_SURFACE_WITH_KNOTS('',1,1,(
    (#2748,#2749)
    ,(#2750,#2751
    )),.UNSPECIFIED.,.F.,.F.,.F.,(2,2),(2,2),(-0.45,-0.3),(-0.5,0.5),
  .PIECEWISE_BEZIER_KNOTS.);
#2748 = CARTESIAN_POINT('',(2.65,-1.1,0.3));
#2749 = CARTESIAN_POINT('',(2.65,-2.1,0.3));
#2750 = CARTESIAN_POINT('',(2.5,-1.1,0.3));
#2751 = CARTESIAN_POINT('',(2.5,-2.1,0.3));
#2752 = ADVANCED_FACE('',(#2753),#2823,.F.);
#2753 = FACE_BOUND('',#2754,.F.);
#2754 = EDGE_LOOP('',(#2755,#2765,#2772,#2778,#2779,#2780,#2787,#2795,
    #2802,#2808,#2809,#2810,#2811,#2818));
#2755 = ORIENTED_EDGE('',*,*,#2756,.F.);
#2756 = EDGE_CURVE('',#2757,#2759,#2761,.T.);
#2757 = VERTEX_POINT('',#2758);
#2758 = CARTESIAN_POINT('',(2.7,-1.1,2.5E-02));
#2759 = VERTEX_POINT('',#2760);
#2760 = CARTESIAN_POINT('',(2.65,-1.1,-3.469446951954E-18));
#2761 = ( BOUNDED_CURVE() B_SPLINE_CURVE(2,(#2762,#2763,#2764),
.UNSPECIFIED.,.F.,.F.) B_SPLINE_CURVE_WITH_KNOTS((3,3),(4.712388980385,
6.28318530718),.PIECEWISE_BEZIER_KNOTS.) CURVE() 
GEOMETRIC_REPRESENTATION_ITEM() RATIONAL_B_SPLINE_CURVE((1.,
0.707106781187,1.)) REPRESENTATION_ITEM('') );
#2762 = CARTESIAN_POINT('',(2.7,-1.1,2.5E-02));
#2763 = CARTESIAN_POINT('',(2.7,-1.1,6.938893903907E-18));
#2764 = CARTESIAN_POINT('',(2.65,-1.1,0.));
#2765 = ORIENTED_EDGE('',*,*,#2766,.T.);
#2766 = EDGE_CURVE('',#2757,#2767,#2769,.T.);
#2767 = VERTEX_POINT('',#2768);
#2768 = CARTESIAN_POINT('',(2.7,-1.1,0.275));
#2769 = B_SPLINE_CURVE_WITH_KNOTS('',1,(#2770,#2771),.UNSPECIFIED.,.F.,
  .F.,(2,2),(5.E-02,0.55),.PIECEWISE_BEZIER_KNOTS.);
#2770 = CARTESIAN_POINT('',(2.7,-1.1,2.5E-02));
#2771 = CARTESIAN_POINT('',(2.7,-1.1,0.275));
#2772 = ORIENTED_EDGE('',*,*,#2773,.T.);
#2773 = EDGE_CURVE('',#2767,#2731,#2774,.T.);
#2774 = ( BOUNDED_CURVE() B_SPLINE_CURVE(2,(#2775,#2776,#2777),
.UNSPECIFIED.,.F.,.F.) B_SPLINE_CURVE_WITH_KNOTS((3,3),(1.570796326795,
3.14159265359),.PIECEWISE_BEZIER_KNOTS.) CURVE() 
GEOMETRIC_REPRESENTATION_ITEM() RATIONAL_B_SPLINE_CURVE((1.,
0.707106781187,1.)) REPRESENTATION_ITEM('') );
#2775 = CARTESIAN_POINT('',(2.7,-1.1,0.275));
#2776 = CARTESIAN_POINT('',(2.7,-1.1,0.3));
#2777 = CARTESIAN_POINT('',(2.65,-1.1,0.3));
#2778 = ORIENTED_EDGE('',*,*,#2737,.T.);
#2779 = ORIENTED_EDGE('',*,*,#2335,.F.);
#2780 = ORIENTED_EDGE('',*,*,#2781,.F.);
#2781 = EDGE_CURVE('',#2782,#2329,#2784,.T.);
#2782 = VERTEX_POINT('',#2783);
#2783 = CARTESIAN_POINT('',(2.55,-1.1,0.25));
#2784 = B_SPLINE_CURVE_WITH_KNOTS('',1,(#2785,#2786),.UNSPECIFIED.,.F.,
  .F.,(2,2),(-1.E-01,-5.E-02),.PIECEWISE_BEZIER_KNOTS.);
#2785 = CARTESIAN_POINT('',(2.55,-1.1,0.25));
#2786 = CARTESIAN_POINT('',(2.5,-1.1,0.25));
#2787 = ORIENTED_EDGE('',*,*,#2788,.T.);
#2788 = EDGE_CURVE('',#2782,#2789,#2791,.T.);
#2789 = VERTEX_POINT('',#2790);
#2790 = CARTESIAN_POINT('',(2.6,-1.1,0.225));
#2791 = ( BOUNDED_CURVE() B_SPLINE_CURVE(2,(#2792,#2793,#2794),
.UNSPECIFIED.,.F.,.F.) B_SPLINE_CURVE_WITH_KNOTS((3,3),(4.712388980385,
6.28318530718),.PIECEWISE_BEZIER_KNOTS.) CURVE() 
GEOMETRIC_REPRESENTATION_ITEM() RATIONAL_B_SPLINE_CURVE((1.,
0.707106781187,1.)) REPRESENTATION_ITEM('') );
#2792 = CARTESIAN_POINT('',(2.55,-1.1,0.25));
#2793 = CARTESIAN_POINT('',(2.6,-1.1,0.25));
#2794 = CARTESIAN_POINT('',(2.6,-1.1,0.225));
#2795 = ORIENTED_EDGE('',*,*,#2796,.T.);
#2796 = EDGE_CURVE('',#2789,#2797,#2799,.T.);
#2797 = VERTEX_POINT('',#2798);
#2798 = CARTESIAN_POINT('',(2.6,-1.1,7.5E-02));
#2799 = B_SPLINE_CURVE_WITH_KNOTS('',1,(#2800,#2801),.UNSPECIFIED.,.F.,
  .F.,(2,2),(-0.4,-1.E-01),.PIECEWISE_BEZIER_KNOTS.);
#2800 = CARTESIAN_POINT('',(2.6,-1.1,0.225));
#2801 = CARTESIAN_POINT('',(2.6,-1.1,7.5E-02));
#2802 = ORIENTED_EDGE('',*,*,#2803,.T.);
#2803 = EDGE_CURVE('',#2797,#2703,#2804,.T.);
#2804 = ( BOUNDED_CURVE() B_SPLINE_CURVE(2,(#2805,#2806,#2807),
.UNSPECIFIED.,.F.,.F.) B_SPLINE_CURVE_WITH_KNOTS((3,3),(0.,
1.570796326795),.PIECEWISE_BEZIER_KNOTS.) CURVE() 
GEOMETRIC_REPRESENTATION_ITEM() RATIONAL_B_SPLINE_CURVE((1.,
0.707106781187,1.)) REPRESENTATION_ITEM('') );
#2805 = CARTESIAN_POINT('',(2.6,-1.1,7.5E-02));
#2806 = CARTESIAN_POINT('',(2.6,-1.1,5.E-02));
#2807 = CARTESIAN_POINT('',(2.55,-1.1,5.E-02));
#2808 = ORIENTED_EDGE('',*,*,#2709,.T.);
#2809 = ORIENTED_EDGE('',*,*,#2625,.T.);
#2810 = ORIENTED_EDGE('',*,*,#2618,.F.);
#2811 = ORIENTED_EDGE('',*,*,#2812,.F.);
#2812 = EDGE_CURVE('',#2813,#2612,#2815,.T.);
#2813 = VERTEX_POINT('',#2814);
#2814 = CARTESIAN_POINT('',(1.7,-1.1,0.));
#2815 = B_SPLINE_CURVE_WITH_KNOTS('',1,(#2816,#2817),.UNSPECIFIED.,.F.,
  .F.,(2,2),(0.,0.1),.PIECEWISE_BEZIER_KNOTS.);
#2816 = CARTESIAN_POINT('',(1.7,-1.1,0.));
#2817 = CARTESIAN_POINT('',(1.7,-1.1,5.E-02));
#2818 = ORIENTED_EDGE('',*,*,#2819,.F.);
#2819 = EDGE_CURVE('',#2759,#2813,#2820,.T.);
#2820 = B_SPLINE_CURVE_WITH_KNOTS('',1,(#2821,#2822),.UNSPECIFIED.,.F.,
  .F.,(2,2),(5.E-02,1.),.PIECEWISE_BEZIER_KNOTS.);
#2821 = CARTESIAN_POINT('',(2.65,-1.1,0.));
#2822 = CARTESIAN_POINT('',(1.7,-1.1,0.));
#2823 = B_SPLINE_SURFACE_WITH_KNOTS('',1,1,(
    (#2824,#2825)
    ,(#2826,#2827
    )),.UNSPECIFIED.,.F.,.F.,.F.,(2,2),(2,2),(0.,1.),(-0.6,0.),
  .PIECEWISE_BEZIER_KNOTS.);
#2824 = CARTESIAN_POINT('',(2.7,-1.1,0.3));
#2825 = CARTESIAN_POINT('',(2.7,-1.1,0.));
#2826 = CARTESIAN_POINT('',(1.7,-1.1,0.3));
#2827 = CARTESIAN_POINT('',(1.7,-1.1,0.));
#2828 = ADVANCED_FACE('',(#2829),#2845,.F.);
#2829 = FACE_BOUND('',#2830,.F.);
#2830 = EDGE_LOOP('',(#2831,#2838,#2839,#2840));
#2831 = ORIENTED_EDGE('',*,*,#2832,.T.);
#2832 = EDGE_CURVE('',#2833,#2782,#2835,.T.);
#2833 = VERTEX_POINT('',#2834);
#2834 = CARTESIAN_POINT('',(2.55,-2.1,0.25));
#2835 = B_SPLINE_CURVE_WITH_KNOTS('',1,(#2836,#2837),.UNSPECIFIED.,.F.,
  .F.,(2,2),(0.1,1.1),.PIECEWISE_BEZIER_KNOTS.);
#2836 = CARTESIAN_POINT('',(2.55,-2.1,0.25));
#2837 = CARTESIAN_POINT('',(2.55,-1.1,0.25));
#2838 = ORIENTED_EDGE('',*,*,#2781,.T.);
#2839 = ORIENTED_EDGE('',*,*,#2328,.F.);
#2840 = ORIENTED_EDGE('',*,*,#2841,.T.);
#2841 = EDGE_CURVE('',#2322,#2833,#2842,.T.);
#2842 = B_SPLINE_CURVE_WITH_KNOTS('',1,(#2843,#2844),.UNSPECIFIED.,.F.,
  .F.,(2,2),(0.55,0.6),.PIECEWISE_BEZIER_KNOTS.);
#2843 = CARTESIAN_POINT('',(2.5,-2.1,0.25));
#2844 = CARTESIAN_POINT('',(2.55,-2.1,0.25));
#2845 = B_SPLINE_SURFACE_WITH_KNOTS('',1,1,(
    (#2846,#2847)
    ,(#2848,#2849
    )),.UNSPECIFIED.,.F.,.F.,.F.,(2,2),(2,2),(-0.35,-0.3),(-0.5,0.5),
  .PIECEWISE_BEZIER_KNOTS.);
#2846 = CARTESIAN_POINT('',(2.55,-1.1,0.25));
#2847 = CARTESIAN_POINT('',(2.55,-2.1,0.25));
#2848 = CARTESIAN_POINT('',(2.5,-1.1,0.25));
#2849 = CARTESIAN_POINT('',(2.5,-2.1,0.25));
#2850 = ADVANCED_FACE('',(#2851),#2915,.F.);
#2851 = FACE_BOUND('',#2852,.F.);
#2852 = EDGE_LOOP('',(#2853,#2862,#2870,#2877,#2882,#2883,#2884,#2885,
    #2893,#2900,#2906,#2907,#2908,#2909));
#2853 = ORIENTED_EDGE('',*,*,#2854,.F.);
#2854 = EDGE_CURVE('',#2855,#2857,#2859,.T.);
#2855 = VERTEX_POINT('',#2856);
#2856 = CARTESIAN_POINT('',(2.7,-2.1,2.5E-02));
#2857 = VERTEX_POINT('',#2858);
#2858 = CARTESIAN_POINT('',(2.7,-2.1,0.275));
#2859 = B_SPLINE_CURVE_WITH_KNOTS('',1,(#2860,#2861),.UNSPECIFIED.,.F.,
  .F.,(2,2),(5.E-02,0.55),.PIECEWISE_BEZIER_KNOTS.);
#2860 = CARTESIAN_POINT('',(2.7,-2.1,2.5E-02));
#2861 = CARTESIAN_POINT('',(2.7,-2.1,0.275));
#2862 = ORIENTED_EDGE('',*,*,#2863,.T.);
#2863 = EDGE_CURVE('',#2855,#2864,#2866,.T.);
#2864 = VERTEX_POINT('',#2865);
#2865 = CARTESIAN_POINT('',(2.65,-2.1,-3.469446951954E-18));
#2866 = ( BOUNDED_CURVE() B_SPLINE_CURVE(2,(#2867,#2868,#2869),
.UNSPECIFIED.,.F.,.F.) B_SPLINE_CURVE_WITH_KNOTS((3,3),(4.712388980385,
6.28318530718),.PIECEWISE_BEZIER_KNOTS.) CURVE() 
GEOMETRIC_REPRESENTATION_ITEM() RATIONAL_B_SPLINE_CURVE((1.,
0.707106781187,1.)) REPRESENTATION_ITEM('') );
#2867 = CARTESIAN_POINT('',(2.7,-2.1,2.5E-02));
#2868 = CARTESIAN_POINT('',(2.7,-2.1,6.938893903907E-18));
#2869 = CARTESIAN_POINT('',(2.65,-2.1,0.));
#2870 = ORIENTED_EDGE('',*,*,#2871,.F.);
#2871 = EDGE_CURVE('',#2872,#2864,#2874,.T.);
#2872 = VERTEX_POINT('',#2873);
#2873 = CARTESIAN_POINT('',(1.7,-2.1,0.));
#2874 = B_SPLINE_CURVE_WITH_KNOTS('',1,(#2875,#2876),.UNSPECIFIED.,.F.,
  .F.,(2,2),(0.,0.95),.PIECEWISE_BEZIER_KNOTS.);
#2875 = CARTESIAN_POINT('',(1.7,-2.1,0.));
#2876 = CARTESIAN_POINT('',(2.65,-2.1,0.));
#2877 = ORIENTED_EDGE('',*,*,#2878,.T.);
#2878 = EDGE_CURVE('',#2872,#2605,#2879,.T.);
#2879 = B_SPLINE_CURVE_WITH_KNOTS('',1,(#2880,#2881),.UNSPECIFIED.,.F.,
  .F.,(2,2),(0.,0.1),.PIECEWISE_BEZIER_KNOTS.);
#2880 = CARTESIAN_POINT('',(1.7,-2.1,0.));
#2881 = CARTESIAN_POINT('',(1.7,-2.1,5.E-02));
#2882 = ORIENTED_EDGE('',*,*,#2604,.F.);
#2883 = ORIENTED_EDGE('',*,*,#2597,.T.);
#2884 = ORIENTED_EDGE('',*,*,#2715,.T.);
#2885 = ORIENTED_EDGE('',*,*,#2886,.F.);
#2886 = EDGE_CURVE('',#2887,#2701,#2889,.T.);
#2887 = VERTEX_POINT('',#2888);
#2888 = CARTESIAN_POINT('',(2.6,-2.1,7.5E-02));
#2889 = ( BOUNDED_CURVE() B_SPLINE_CURVE(2,(#2890,#2891,#2892),
.UNSPECIFIED.,.F.,.F.) B_SPLINE_CURVE_WITH_KNOTS((3,3),(0.,
1.570796326795),.PIECEWISE_BEZIER_KNOTS.) CURVE() 
GEOMETRIC_REPRESENTATION_ITEM() RATIONAL_B_SPLINE_CURVE((1.,
0.707106781187,1.)) REPRESENTATION_ITEM('') );
#2890 = CARTESIAN_POINT('',(2.6,-2.1,7.5E-02));
#2891 = CARTESIAN_POINT('',(2.6,-2.1,5.E-02));
#2892 = CARTESIAN_POINT('',(2.55,-2.1,5.E-02));
#2893 = ORIENTED_EDGE('',*,*,#2894,.T.);
#2894 = EDGE_CURVE('',#2887,#2895,#2897,.T.);
#2895 = VERTEX_POINT('',#2896);
#2896 = CARTESIAN_POINT('',(2.6,-2.1,0.225));
#2897 = B_SPLINE_CURVE_WITH_KNOTS('',1,(#2898,#2899),.UNSPECIFIED.,.F.,
  .F.,(2,2),(1.E-01,0.4),.PIECEWISE_BEZIER_KNOTS.);
#2898 = CARTESIAN_POINT('',(2.6,-2.1,7.5E-02));
#2899 = CARTESIAN_POINT('',(2.6,-2.1,0.225));
#2900 = ORIENTED_EDGE('',*,*,#2901,.F.);
#2901 = EDGE_CURVE('',#2833,#2895,#2902,.T.);
#2902 = ( BOUNDED_CURVE() B_SPLINE_CURVE(2,(#2903,#2904,#2905),
.UNSPECIFIED.,.F.,.F.) B_SPLINE_CURVE_WITH_KNOTS((3,3),(4.712388980385,
6.28318530718),.PIECEWISE_BEZIER_KNOTS.) CURVE() 
GEOMETRIC_REPRESENTATION_ITEM() RATIONAL_B_SPLINE_CURVE((1.,
0.707106781187,1.)) REPRESENTATION_ITEM('') );
#2903 = CARTESIAN_POINT('',(2.55,-2.1,0.25));
#2904 = CARTESIAN_POINT('',(2.6,-2.1,0.25));
#2905 = CARTESIAN_POINT('',(2.6,-2.1,0.225));
#2906 = ORIENTED_EDGE('',*,*,#2841,.F.);
#2907 = ORIENTED_EDGE('',*,*,#2321,.F.);
#2908 = ORIENTED_EDGE('',*,*,#2743,.T.);
#2909 = ORIENTED_EDGE('',*,*,#2910,.F.);
#2910 = EDGE_CURVE('',#2857,#2729,#2911,.T.);
#2911 = ( BOUNDED_CURVE() B_SPLINE_CURVE(2,(#2912,#2913,#2914),
.UNSPECIFIED.,.F.,.F.) B_SPLINE_CURVE_WITH_KNOTS((3,3),(1.570796326795,
3.14159265359),.PIECEWISE_BEZIER_KNOTS.) CURVE() 
GEOMETRIC_REPRESENTATION_ITEM() RATIONAL_B_SPLINE_CURVE((1.,
0.707106781187,1.)) REPRESENTATION_ITEM('') );
#2912 = CARTESIAN_POINT('',(2.7,-2.1,0.275));
#2913 = CARTESIAN_POINT('',(2.7,-2.1,0.3));
#2914 = CARTESIAN_POINT('',(2.65,-2.1,0.3));
#2915 = B_SPLINE_SURFACE_WITH_KNOTS('',1,1,(
    (#2916,#2917)
    ,(#2918,#2919
    )),.UNSPECIFIED.,.F.,.F.,.F.,(2,2),(2,2),(0.,1.),(-0.6,0.),
  .PIECEWISE_BEZIER_KNOTS.);
#2916 = CARTESIAN_POINT('',(1.7,-2.1,0.3));
#2917 = CARTESIAN_POINT('',(1.7,-2.1,0.));
#2918 = CARTESIAN_POINT('',(2.7,-2.1,0.3));
#2919 = CARTESIAN_POINT('',(2.7,-2.1,0.));
#2920 = ADVANCED_FACE('',(#2921),#2943,.F.);
#2921 = FACE_BOUND('',#2922,.F.);
#2922 = EDGE_LOOP('',(#2923,#2932,#2937,#2938));
#2923 = ORIENTED_EDGE('',*,*,#2924,.T.);
#2924 = EDGE_CURVE('',#2925,#2927,#2929,.T.);
#2925 = VERTEX_POINT('',#2926);
#2926 = CARTESIAN_POINT('',(2.55,1.1,0.25));
#2927 = VERTEX_POINT('',#2928);
#2928 = CARTESIAN_POINT('',(2.55,2.1,0.25));
#2929 = B_SPLINE_CURVE_WITH_KNOTS('',1,(#2930,#2931),.UNSPECIFIED.,.F.,
  .F.,(2,2),(0.1,1.1),.PIECEWISE_BEZIER_KNOTS.);
#2930 = CARTESIAN_POINT('',(2.55,1.1,0.25));
#2931 = CARTESIAN_POINT('',(2.55,2.1,0.25));
#2932 = ORIENTED_EDGE('',*,*,#2933,.T.);
#2933 = EDGE_CURVE('',#2927,#2345,#2934,.T.);
#2934 = B_SPLINE_CURVE_WITH_KNOTS('',1,(#2935,#2936),.UNSPECIFIED.,.F.,
  .F.,(2,2),(-1.E-01,-5.E-02),.PIECEWISE_BEZIER_KNOTS.);
#2935 = CARTESIAN_POINT('',(2.55,2.1,0.25));
#2936 = CARTESIAN_POINT('',(2.5,2.1,0.25));
#2937 = ORIENTED_EDGE('',*,*,#2342,.F.);
#2938 = ORIENTED_EDGE('',*,*,#2939,.T.);
#2939 = EDGE_CURVE('',#2343,#2925,#2940,.T.);
#2940 = B_SPLINE_CURVE_WITH_KNOTS('',1,(#2941,#2942),.UNSPECIFIED.,.F.,
  .F.,(2,2),(0.55,0.6),.PIECEWISE_BEZIER_KNOTS.);
#2941 = CARTESIAN_POINT('',(2.5,1.1,0.25));
#2942 = CARTESIAN_POINT('',(2.55,1.1,0.25));
#2943 = B_SPLINE_SURFACE_WITH_KNOTS('',1,1,(
    (#2944,#2945)
    ,(#2946,#2947
    )),.UNSPECIFIED.,.F.,.F.,.F.,(2,2),(2,2),(-0.35,-0.3),(-0.5,0.5),
  .PIECEWISE_BEZIER_KNOTS.);
#2944 = CARTESIAN_POINT('',(2.55,2.1,0.25));
#2945 = CARTESIAN_POINT('',(2.55,1.1,0.25));
#2946 = CARTESIAN_POINT('',(2.5,2.1,0.25));
#2947 = CARTESIAN_POINT('',(2.5,1.1,0.25));
#2948 = ADVANCED_FACE('',(#2949),#3019,.F.);
#2949 = FACE_BOUND('',#2950,.F.);
#2950 = EDGE_LOOP('',(#2951,#2960,#2968,#2975,#2980,#2981,#2982,#2983,
    #2991,#2998,#3004,#3005,#3006,#3013));
#2951 = ORIENTED_EDGE('',*,*,#2952,.F.);
#2952 = EDGE_CURVE('',#2953,#2955,#2957,.T.);
#2953 = VERTEX_POINT('',#2954);
#2954 = CARTESIAN_POINT('',(2.7,1.1,2.5E-02));
#2955 = VERTEX_POINT('',#2956);
#2956 = CARTESIAN_POINT('',(2.7,1.1,0.275));
#2957 = B_SPLINE_CURVE_WITH_KNOTS('',1,(#2958,#2959),.UNSPECIFIED.,.F.,
  .F.,(2,2),(5.E-02,0.55),.PIECEWISE_BEZIER_KNOTS.);
#2958 = CARTESIAN_POINT('',(2.7,1.1,2.5E-02));
#2959 = CARTESIAN_POINT('',(2.7,1.1,0.275));
#2960 = ORIENTED_EDGE('',*,*,#2961,.T.);
#2961 = EDGE_CURVE('',#2953,#2962,#2964,.T.);
#2962 = VERTEX_POINT('',#2963);
#2963 = CARTESIAN_POINT('',(2.65,1.1,-3.469446951954E-18));
#2964 = ( BOUNDED_CURVE() B_SPLINE_CURVE(2,(#2965,#2966,#2967),
.UNSPECIFIED.,.F.,.F.) B_SPLINE_CURVE_WITH_KNOTS((3,3),(4.712388980385,
6.28318530718),.PIECEWISE_BEZIER_KNOTS.) CURVE() 
GEOMETRIC_REPRESENTATION_ITEM() RATIONAL_B_SPLINE_CURVE((1.,
0.707106781187,1.)) REPRESENTATION_ITEM('') );
#2965 = CARTESIAN_POINT('',(2.7,1.1,2.5E-02));
#2966 = CARTESIAN_POINT('',(2.7,1.1,6.938893903907E-18));
#2967 = CARTESIAN_POINT('',(2.65,1.1,0.));
#2968 = ORIENTED_EDGE('',*,*,#2969,.F.);
#2969 = EDGE_CURVE('',#2970,#2962,#2972,.T.);
#2970 = VERTEX_POINT('',#2971);
#2971 = CARTESIAN_POINT('',(1.7,1.1,0.));
#2972 = B_SPLINE_CURVE_WITH_KNOTS('',1,(#2973,#2974),.UNSPECIFIED.,.F.,
  .F.,(2,2),(0.,0.95),.PIECEWISE_BEZIER_KNOTS.);
#2973 = CARTESIAN_POINT('',(1.7,1.1,0.));
#2974 = CARTESIAN_POINT('',(2.65,1.1,0.));
#2975 = ORIENTED_EDGE('',*,*,#2976,.T.);
#2976 = EDGE_CURVE('',#2970,#2639,#2977,.T.);
#2977 = B_SPLINE_CURVE_WITH_KNOTS('',1,(#2978,#2979),.UNSPECIFIED.,.F.,
  .F.,(2,2),(0.,0.1),.PIECEWISE_BEZIER_KNOTS.);
#2978 = CARTESIAN_POINT('',(1.7,1.1,0.));
#2979 = CARTESIAN_POINT('',(1.7,1.1,5.E-02));
#2980 = ORIENTED_EDGE('',*,*,#2638,.F.);
#2981 = ORIENTED_EDGE('',*,*,#2631,.T.);
#2982 = ORIENTED_EDGE('',*,*,#2687,.T.);
#2983 = ORIENTED_EDGE('',*,*,#2984,.F.);
#2984 = EDGE_CURVE('',#2985,#2673,#2987,.T.);
#2985 = VERTEX_POINT('',#2986);
#2986 = CARTESIAN_POINT('',(2.6,1.1,7.5E-02));
#2987 = ( BOUNDED_CURVE() B_SPLINE_CURVE(2,(#2988,#2989,#2990),
.UNSPECIFIED.,.F.,.F.) B_SPLINE_CURVE_WITH_KNOTS((3,3),(0.,
1.570796326795),.PIECEWISE_BEZIER_KNOTS.) CURVE() 
GEOMETRIC_REPRESENTATION_ITEM() RATIONAL_B_SPLINE_CURVE((1.,
0.707106781187,1.)) REPRESENTATION_ITEM('') );
#2988 = CARTESIAN_POINT('',(2.6,1.1,7.5E-02));
#2989 = CARTESIAN_POINT('',(2.6,1.1,5.E-02));
#2990 = CARTESIAN_POINT('',(2.55,1.1,5.E-02));
#2991 = ORIENTED_EDGE('',*,*,#2992,.T.);
#2992 = EDGE_CURVE('',#2985,#2993,#2995,.T.);
#2993 = VERTEX_POINT('',#2994);
#2994 = CARTESIAN_POINT('',(2.6,1.1,0.225));
#2995 = B_SPLINE_CURVE_WITH_KNOTS('',1,(#2996,#2997),.UNSPECIFIED.,.F.,
  .F.,(2,2),(1.E-01,0.4),.PIECEWISE_BEZIER_KNOTS.);
#2996 = CARTESIAN_POINT('',(2.6,1.1,7.5E-02));
#2997 = CARTESIAN_POINT('',(2.6,1.1,0.225));
#2998 = ORIENTED_EDGE('',*,*,#2999,.F.);
#2999 = EDGE_CURVE('',#2925,#2993,#3000,.T.);
#3000 = ( BOUNDED_CURVE() B_SPLINE_CURVE(2,(#3001,#3002,#3003),
.UNSPECIFIED.,.F.,.F.) B_SPLINE_CURVE_WITH_KNOTS((3,3),(4.712388980385,
6.28318530718),.PIECEWISE_BEZIER_KNOTS.) CURVE() 
GEOMETRIC_REPRESENTATION_ITEM() RATIONAL_B_SPLINE_CURVE((1.,
0.707106781187,1.)) REPRESENTATION_ITEM('') );
#3001 = CARTESIAN_POINT('',(2.55,1.1,0.25));
#3002 = CARTESIAN_POINT('',(2.6,1.1,0.25));
#3003 = CARTESIAN_POINT('',(2.6,1.1,0.225));
#3004 = ORIENTED_EDGE('',*,*,#2939,.F.);
#3005 = ORIENTED_EDGE('',*,*,#2365,.F.);
#3006 = ORIENTED_EDGE('',*,*,#3007,.T.);
#3007 = EDGE_CURVE('',#2359,#3008,#3010,.T.);
#3008 = VERTEX_POINT('',#3009);
#3009 = CARTESIAN_POINT('',(2.65,1.1,0.3));
#3010 = B_SPLINE_CURVE_WITH_KNOTS('',1,(#3011,#3012),.UNSPECIFIED.,.F.,
  .F.,(2,2),(0.8,0.95),.PIECEWISE_BEZIER_KNOTS.);
#3011 = CARTESIAN_POINT('',(2.5,1.1,0.3));
#3012 = CARTESIAN_POINT('',(2.65,1.1,0.3));
#3013 = ORIENTED_EDGE('',*,*,#3014,.F.);
#3014 = EDGE_CURVE('',#2955,#3008,#3015,.T.);
#3015 = ( BOUNDED_CURVE() B_SPLINE_CURVE(2,(#3016,#3017,#3018),
.UNSPECIFIED.,.F.,.F.) B_SPLINE_CURVE_WITH_KNOTS((3,3),(1.570796326795,
3.14159265359),.PIECEWISE_BEZIER_KNOTS.) CURVE() 
GEOMETRIC_REPRESENTATION_ITEM() RATIONAL_B_SPLINE_CURVE((1.,
0.707106781187,1.)) REPRESENTATION_ITEM('') );
#3016 = CARTESIAN_POINT('',(2.7,1.1,0.275));
#3017 = CARTESIAN_POINT('',(2.7,1.1,0.3));
#3018 = CARTESIAN_POINT('',(2.65,1.1,0.3));
#3019 = B_SPLINE_SURFACE_WITH_KNOTS('',1,1,(
    (#3020,#3021)
    ,(#3022,#3023
    )),.UNSPECIFIED.,.F.,.F.,.F.,(2,2),(2,2),(0.,1.),(-0.6,0.),
  .PIECEWISE_BEZIER_KNOTS.);
#3020 = CARTESIAN_POINT('',(1.7,1.1,0.3));
#3021 = CARTESIAN_POINT('',(1.7,1.1,0.));
#3022 = CARTESIAN_POINT('',(2.7,1.1,0.3));
#3023 = CARTESIAN_POINT('',(2.7,1.1,0.));
#3024 = ADVANCED_FACE('',(#3025),#3041,.T.);
#3025 = FACE_BOUND('',#3026,.T.);
#3026 = EDGE_LOOP('',(#3027,#3034,#3039,#3040));
#3027 = ORIENTED_EDGE('',*,*,#3028,.T.);
#3028 = EDGE_CURVE('',#3008,#3029,#3031,.T.);
#3029 = VERTEX_POINT('',#3030);
#3030 = CARTESIAN_POINT('',(2.65,2.1,0.3));
#3031 = B_SPLINE_CURVE_WITH_KNOTS('',1,(#3032,#3033),.UNSPECIFIED.,.F.,
  .F.,(2,2),(0.,1.),.PIECEWISE_BEZIER_KNOTS.);
#3032 = CARTESIAN_POINT('',(2.65,1.1,0.3));
#3033 = CARTESIAN_POINT('',(2.65,2.1,0.3));
#3034 = ORIENTED_EDGE('',*,*,#3035,.T.);
#3035 = EDGE_CURVE('',#3029,#2352,#3036,.T.);
#3036 = B_SPLINE_CURVE_WITH_KNOTS('',1,(#3037,#3038),.UNSPECIFIED.,.F.,
  .F.,(2,2),(5.E-02,0.2),.PIECEWISE_BEZIER_KNOTS.);
#3037 = CARTESIAN_POINT('',(2.65,2.1,0.3));
#3038 = CARTESIAN_POINT('',(2.5,2.1,0.3));
#3039 = ORIENTED_EDGE('',*,*,#2358,.F.);
#3040 = ORIENTED_EDGE('',*,*,#3007,.T.);
#3041 = B_SPLINE_SURFACE_WITH_KNOTS('',1,1,(
    (#3042,#3043)
    ,(#3044,#3045
    )),.UNSPECIFIED.,.F.,.F.,.F.,(2,2),(2,2),(-0.45,-0.3),(-0.5,0.5),
  .PIECEWISE_BEZIER_KNOTS.);
#3042 = CARTESIAN_POINT('',(2.65,2.1,0.3));
#3043 = CARTESIAN_POINT('',(2.65,1.1,0.3));
#3044 = CARTESIAN_POINT('',(2.5,2.1,0.3));
#3045 = CARTESIAN_POINT('',(2.5,1.1,0.3));
#3046 = ADVANCED_FACE('',(#3047),#3111,.F.);
#3047 = FACE_BOUND('',#3048,.F.);
#3048 = EDGE_LOOP('',(#3049,#3059,#3066,#3072,#3073,#3074,#3075,#3083,
    #3090,#3096,#3097,#3098,#3099,#3106));
#3049 = ORIENTED_EDGE('',*,*,#3050,.F.);
#3050 = EDGE_CURVE('',#3051,#3053,#3055,.T.);
#3051 = VERTEX_POINT('',#3052);
#3052 = CARTESIAN_POINT('',(2.7,2.1,2.5E-02));
#3053 = VERTEX_POINT('',#3054);
#3054 = CARTESIAN_POINT('',(2.65,2.1,-3.469446951954E-18));
#3055 = ( BOUNDED_CURVE() B_SPLINE_CURVE(2,(#3056,#3057,#3058),
.UNSPECIFIED.,.F.,.F.) B_SPLINE_CURVE_WITH_KNOTS((3,3),(4.712388980385,
6.28318530718),.PIECEWISE_BEZIER_KNOTS.) CURVE() 
GEOMETRIC_REPRESENTATION_ITEM() RATIONAL_B_SPLINE_CURVE((1.,
0.707106781187,1.)) REPRESENTATION_ITEM('') );
#3056 = CARTESIAN_POINT('',(2.7,2.1,2.5E-02));
#3057 = CARTESIAN_POINT('',(2.7,2.1,6.938893903907E-18));
#3058 = CARTESIAN_POINT('',(2.65,2.1,0.));
#3059 = ORIENTED_EDGE('',*,*,#3060,.T.);
#3060 = EDGE_CURVE('',#3051,#3061,#3063,.T.);
#3061 = VERTEX_POINT('',#3062);
#3062 = CARTESIAN_POINT('',(2.7,2.1,0.275));
#3063 = B_SPLINE_CURVE_WITH_KNOTS('',1,(#3064,#3065),.UNSPECIFIED.,.F.,
  .F.,(2,2),(5.E-02,0.55),.PIECEWISE_BEZIER_KNOTS.);
#3064 = CARTESIAN_POINT('',(2.7,2.1,2.5E-02));
#3065 = CARTESIAN_POINT('',(2.7,2.1,0.275));
#3066 = ORIENTED_EDGE('',*,*,#3067,.T.);
#3067 = EDGE_CURVE('',#3061,#3029,#3068,.T.);
#3068 = ( BOUNDED_CURVE() B_SPLINE_CURVE(2,(#3069,#3070,#3071),
.UNSPECIFIED.,.F.,.F.) B_SPLINE_CURVE_WITH_KNOTS((3,3),(1.570796326795,
3.14159265359),.PIECEWISE_BEZIER_KNOTS.) CURVE() 
GEOMETRIC_REPRESENTATION_ITEM() RATIONAL_B_SPLINE_CURVE((1.,
0.707106781187,1.)) REPRESENTATION_ITEM('') );
#3069 = CARTESIAN_POINT('',(2.7,2.1,0.275));
#3070 = CARTESIAN_POINT('',(2.7,2.1,0.3));
#3071 = CARTESIAN_POINT('',(2.65,2.1,0.3));
#3072 = ORIENTED_EDGE('',*,*,#3035,.T.);
#3073 = ORIENTED_EDGE('',*,*,#2351,.F.);
#3074 = ORIENTED_EDGE('',*,*,#2933,.F.);
#3075 = ORIENTED_EDGE('',*,*,#3076,.T.);
#3076 = EDGE_CURVE('',#2927,#3077,#3079,.T.);
#3077 = VERTEX_POINT('',#3078);
#3078 = CARTESIAN_POINT('',(2.6,2.1,0.225));
#3079 = ( BOUNDED_CURVE() B_SPLINE_CURVE(2,(#3080,#3081,#3082),
.UNSPECIFIED.,.F.,.F.) B_SPLINE_CURVE_WITH_KNOTS((3,3),(4.712388980385,
6.28318530718),.PIECEWISE_BEZIER_KNOTS.) CURVE() 
GEOMETRIC_REPRESENTATION_ITEM() RATIONAL_B_SPLINE_CURVE((1.,
0.707106781187,1.)) REPRESENTATION_ITEM('') );
#3080 = CARTESIAN_POINT('',(2.55,2.1,0.25));
#3081 = CARTESIAN_POINT('',(2.6,2.1,0.25));
#3082 = CARTESIAN_POINT('',(2.6,2.1,0.225));
#3083 = ORIENTED_EDGE('',*,*,#3084,.T.);
#3084 = EDGE_CURVE('',#3077,#3085,#3087,.T.);
#3085 = VERTEX_POINT('',#3086);
#3086 = CARTESIAN_POINT('',(2.6,2.1,7.5E-02));
#3087 = B_SPLINE_CURVE_WITH_KNOTS('',1,(#3088,#3089),.UNSPECIFIED.,.F.,
  .F.,(2,2),(-0.4,-1.E-01),.PIECEWISE_BEZIER_KNOTS.);
#3088 = CARTESIAN_POINT('',(2.6,2.1,0.225));
#3089 = CARTESIAN_POINT('',(2.6,2.1,7.5E-02));
#3090 = ORIENTED_EDGE('',*,*,#3091,.T.);
#3091 = EDGE_CURVE('',#3085,#2675,#3092,.T.);
#3092 = ( BOUNDED_CURVE() B_SPLINE_CURVE(2,(#3093,#3094,#3095),
.UNSPECIFIED.,.F.,.F.) B_SPLINE_CURVE_WITH_KNOTS((3,3),(0.,
1.570796326795),.PIECEWISE_BEZIER_KNOTS.) CURVE() 
GEOMETRIC_REPRESENTATION_ITEM() RATIONAL_B_SPLINE_CURVE((1.,
0.707106781187,1.)) REPRESENTATION_ITEM('') );
#3093 = CARTESIAN_POINT('',(2.6,2.1,7.5E-02));
#3094 = CARTESIAN_POINT('',(2.6,2.1,5.E-02));
#3095 = CARTESIAN_POINT('',(2.55,2.1,5.E-02));
#3096 = ORIENTED_EDGE('',*,*,#2681,.T.);
#3097 = ORIENTED_EDGE('',*,*,#2659,.T.);
#3098 = ORIENTED_EDGE('',*,*,#2652,.F.);
#3099 = ORIENTED_EDGE('',*,*,#3100,.F.);
#3100 = EDGE_CURVE('',#3101,#2646,#3103,.T.);
#3101 = VERTEX_POINT('',#3102);
#3102 = CARTESIAN_POINT('',(1.7,2.1,0.));
#3103 = B_SPLINE_CURVE_WITH_KNOTS('',1,(#3104,#3105),.UNSPECIFIED.,.F.,
  .F.,(2,2),(0.,0.1),.PIECEWISE_BEZIER_KNOTS.);
#3104 = CARTESIAN_POINT('',(1.7,2.1,0.));
#3105 = CARTESIAN_POINT('',(1.7,2.1,5.E-02));
#3106 = ORIENTED_EDGE('',*,*,#3107,.F.);
#3107 = EDGE_CURVE('',#3053,#3101,#3108,.T.);
#3108 = B_SPLINE_CURVE_WITH_KNOTS('',1,(#3109,#3110),.UNSPECIFIED.,.F.,
  .F.,(2,2),(5.E-02,1.),.PIECEWISE_BEZIER_KNOTS.);
#3109 = CARTESIAN_POINT('',(2.65,2.1,0.));
#3110 = CARTESIAN_POINT('',(1.7,2.1,0.));
#3111 = B_SPLINE_SURFACE_WITH_KNOTS('',1,1,(
    (#3112,#3113)
    ,(#3114,#3115
    )),.UNSPECIFIED.,.F.,.F.,.F.,(2,2),(2,2),(0.,1.),(-0.6,0.),
  .PIECEWISE_BEZIER_KNOTS.);
#3112 = CARTESIAN_POINT('',(2.7,2.1,0.3));
#3113 = CARTESIAN_POINT('',(2.7,2.1,0.));
#3114 = CARTESIAN_POINT('',(1.7,2.1,0.3));
#3115 = CARTESIAN_POINT('',(1.7,2.1,0.));
#3116 = ADVANCED_FACE('',(#3117),#3139,.T.);
#3117 = FACE_BOUND('',#3118,.T.);
#3118 = EDGE_LOOP('',(#3119,#3120,#3127,#3134));
#3119 = ORIENTED_EDGE('',*,*,#2408,.F.);
#3120 = ORIENTED_EDGE('',*,*,#3121,.T.);
#3121 = EDGE_CURVE('',#2409,#3122,#3124,.T.);
#3122 = VERTEX_POINT('',#3123);
#3123 = CARTESIAN_POINT('',(-2.55,2.1,5.E-02));
#3124 = B_SPLINE_CURVE_WITH_KNOTS('',1,(#3125,#3126),.UNSPECIFIED.,.F.,
  .F.,(2,2),(0.55,0.6),.PIECEWISE_BEZIER_KNOTS.);
#3125 = CARTESIAN_POINT('',(-2.5,2.1,5.E-02));
#3126 = CARTESIAN_POINT('',(-2.55,2.1,5.E-02));
#3127 = ORIENTED_EDGE('',*,*,#3128,.T.);
#3128 = EDGE_CURVE('',#3122,#3129,#3131,.T.);
#3129 = VERTEX_POINT('',#3130);
#3130 = CARTESIAN_POINT('',(-2.55,1.1,5.E-02));
#3131 = B_SPLINE_CURVE_WITH_KNOTS('',1,(#3132,#3133),.UNSPECIFIED.,.F.,
  .F.,(2,2),(0.1,1.1),.PIECEWISE_BEZIER_KNOTS.);
#3132 = CARTESIAN_POINT('',(-2.55,2.1,5.E-02));
#3133 = CARTESIAN_POINT('',(-2.55,1.1,5.E-02));
#3134 = ORIENTED_EDGE('',*,*,#3135,.T.);
#3135 = EDGE_CURVE('',#3129,#2402,#3136,.T.);
#3136 = B_SPLINE_CURVE_WITH_KNOTS('',1,(#3137,#3138),.UNSPECIFIED.,.F.,
  .F.,(2,2),(-1.E-01,-5.E-02),.PIECEWISE_BEZIER_KNOTS.);
#3137 = CARTESIAN_POINT('',(-2.55,1.1,5.E-02));
#3138 = CARTESIAN_POINT('',(-2.5,1.1,5.E-02));
#3139 = B_SPLINE_SURFACE_WITH_KNOTS('',1,1,(
    (#3140,#3141)
    ,(#3142,#3143
    )),.UNSPECIFIED.,.F.,.F.,.F.,(2,2),(2,2),(0.3,0.35),(-0.5,0.5),
  .PIECEWISE_BEZIER_KNOTS.);
#3140 = CARTESIAN_POINT('',(-2.5,2.1,5.E-02));
#3141 = CARTESIAN_POINT('',(-2.5,1.1,5.E-02));
#3142 = CARTESIAN_POINT('',(-2.55,2.1,5.E-02));
#3143 = CARTESIAN_POINT('',(-2.55,1.1,5.E-02));
#3144 = ADVANCED_FACE('',(#3145),#3167,.T.);
#3145 = FACE_BOUND('',#3146,.T.);
#3146 = EDGE_LOOP('',(#3147,#3148,#3155,#3162));
#3147 = ORIENTED_EDGE('',*,*,#2394,.F.);
#3148 = ORIENTED_EDGE('',*,*,#3149,.T.);
#3149 = EDGE_CURVE('',#2395,#3150,#3152,.T.);
#3150 = VERTEX_POINT('',#3151);
#3151 = CARTESIAN_POINT('',(-2.55,-1.1,5.E-02));
#3152 = B_SPLINE_CURVE_WITH_KNOTS('',1,(#3153,#3154),.UNSPECIFIED.,.F.,
  .F.,(2,2),(0.55,0.6),.PIECEWISE_BEZIER_KNOTS.);
#3153 = CARTESIAN_POINT('',(-2.5,-1.1,5.E-02));
#3154 = CARTESIAN_POINT('',(-2.55,-1.1,5.E-02));
#3155 = ORIENTED_EDGE('',*,*,#3156,.T.);
#3156 = EDGE_CURVE('',#3150,#3157,#3159,.T.);
#3157 = VERTEX_POINT('',#3158);
#3158 = CARTESIAN_POINT('',(-2.55,-2.1,5.E-02));
#3159 = B_SPLINE_CURVE_WITH_KNOTS('',1,(#3160,#3161),.UNSPECIFIED.,.F.,
  .F.,(2,2),(0.1,1.1),.PIECEWISE_BEZIER_KNOTS.);
#3160 = CARTESIAN_POINT('',(-2.55,-1.1,5.E-02));
#3161 = CARTESIAN_POINT('',(-2.55,-2.1,5.E-02));
#3162 = ORIENTED_EDGE('',*,*,#3163,.T.);
#3163 = EDGE_CURVE('',#3157,#2388,#3164,.T.);
#3164 = B_SPLINE_CURVE_WITH_KNOTS('',1,(#3165,#3166),.UNSPECIFIED.,.F.,
  .F.,(2,2),(-1.E-01,-5.E-02),.PIECEWISE_BEZIER_KNOTS.);
#3165 = CARTESIAN_POINT('',(-2.55,-2.1,5.E-02));
#3166 = CARTESIAN_POINT('',(-2.5,-2.1,5.E-02));
#3167 = B_SPLINE_SURFACE_WITH_KNOTS('',1,1,(
    (#3168,#3169)
    ,(#3170,#3171
    )),.UNSPECIFIED.,.F.,.F.,.F.,(2,2),(2,2),(0.3,0.35),(-0.5,0.5),
  .PIECEWISE_BEZIER_KNOTS.);
#3168 = CARTESIAN_POINT('',(-2.5,-1.1,5.E-02));
#3169 = CARTESIAN_POINT('',(-2.5,-2.1,5.E-02));
#3170 = CARTESIAN_POINT('',(-2.55,-1.1,5.E-02));
#3171 = CARTESIAN_POINT('',(-2.55,-2.1,5.E-02));
#3172 = ADVANCED_FACE('',(#3173),#3195,.F.);
#3173 = FACE_BOUND('',#3174,.F.);
#3174 = EDGE_LOOP('',(#3175,#3176,#3183,#3190));
#3175 = ORIENTED_EDGE('',*,*,#2422,.F.);
#3176 = ORIENTED_EDGE('',*,*,#3177,.T.);
#3177 = EDGE_CURVE('',#2423,#3178,#3180,.T.);
#3178 = VERTEX_POINT('',#3179);
#3179 = CARTESIAN_POINT('',(-2.55,-1.1,0.25));
#3180 = B_SPLINE_CURVE_WITH_KNOTS('',1,(#3181,#3182),.UNSPECIFIED.,.F.,
  .F.,(2,2),(0.55,0.6),.PIECEWISE_BEZIER_KNOTS.);
#3181 = CARTESIAN_POINT('',(-2.5,-1.1,0.25));
#3182 = CARTESIAN_POINT('',(-2.55,-1.1,0.25));
#3183 = ORIENTED_EDGE('',*,*,#3184,.T.);
#3184 = EDGE_CURVE('',#3178,#3185,#3187,.T.);
#3185 = VERTEX_POINT('',#3186);
#3186 = CARTESIAN_POINT('',(-2.55,-2.1,0.25));
#3187 = B_SPLINE_CURVE_WITH_KNOTS('',1,(#3188,#3189),.UNSPECIFIED.,.F.,
  .F.,(2,2),(0.1,1.1),.PIECEWISE_BEZIER_KNOTS.);
#3188 = CARTESIAN_POINT('',(-2.55,-1.1,0.25));
#3189 = CARTESIAN_POINT('',(-2.55,-2.1,0.25));
#3190 = ORIENTED_EDGE('',*,*,#3191,.T.);
#3191 = EDGE_CURVE('',#3185,#2425,#3192,.T.);
#3192 = B_SPLINE_CURVE_WITH_KNOTS('',1,(#3193,#3194),.UNSPECIFIED.,.F.,
  .F.,(2,2),(-1.E-01,-5.E-02),.PIECEWISE_BEZIER_KNOTS.);
#3193 = CARTESIAN_POINT('',(-2.55,-2.1,0.25));
#3194 = CARTESIAN_POINT('',(-2.5,-2.1,0.25));
#3195 = B_SPLINE_SURFACE_WITH_KNOTS('',1,1,(
    (#3196,#3197)
    ,(#3198,#3199
    )),.UNSPECIFIED.,.F.,.F.,.F.,(2,2),(2,2),(0.3,0.35),(-0.5,0.5),
  .PIECEWISE_BEZIER_KNOTS.);
#3196 = CARTESIAN_POINT('',(-2.5,-1.1,0.25));
#3197 = CARTESIAN_POINT('',(-2.5,-2.1,0.25));
#3198 = CARTESIAN_POINT('',(-2.55,-1.1,0.25));
#3199 = CARTESIAN_POINT('',(-2.55,-2.1,0.25));
#3200 = ADVANCED_FACE('',(#3201),#3271,.F.);
#3201 = FACE_BOUND('',#3202,.F.);
#3202 = EDGE_LOOP('',(#3203,#3212,#3220,#3227,#3232,#3233,#3234,#3235,
    #3243,#3250,#3256,#3257,#3258,#3265));
#3203 = ORIENTED_EDGE('',*,*,#3204,.F.);
#3204 = EDGE_CURVE('',#3205,#3207,#3209,.T.);
#3205 = VERTEX_POINT('',#3206);
#3206 = CARTESIAN_POINT('',(-2.7,-1.1,2.5E-02));
#3207 = VERTEX_POINT('',#3208);
#3208 = CARTESIAN_POINT('',(-2.7,-1.1,0.275));
#3209 = B_SPLINE_CURVE_WITH_KNOTS('',1,(#3210,#3211),.UNSPECIFIED.,.F.,
  .F.,(2,2),(5.E-02,0.55),.PIECEWISE_BEZIER_KNOTS.);
#3210 = CARTESIAN_POINT('',(-2.7,-1.1,2.5E-02));
#3211 = CARTESIAN_POINT('',(-2.7,-1.1,0.275));
#3212 = ORIENTED_EDGE('',*,*,#3213,.T.);
#3213 = EDGE_CURVE('',#3205,#3214,#3216,.T.);
#3214 = VERTEX_POINT('',#3215);
#3215 = CARTESIAN_POINT('',(-2.65,-1.1,-3.469446951954E-18));
#3216 = ( BOUNDED_CURVE() B_SPLINE_CURVE(2,(#3217,#3218,#3219),
.UNSPECIFIED.,.F.,.F.) B_SPLINE_CURVE_WITH_KNOTS((3,3),(1.570796326795,
3.14159265359),.PIECEWISE_BEZIER_KNOTS.) CURVE() 
GEOMETRIC_REPRESENTATION_ITEM() RATIONAL_B_SPLINE_CURVE((1.,
0.707106781187,1.)) REPRESENTATION_ITEM('') );
#3217 = CARTESIAN_POINT('',(-2.7,-1.1,2.5E-02));
#3218 = CARTESIAN_POINT('',(-2.7,-1.1,6.938893903907E-18));
#3219 = CARTESIAN_POINT('',(-2.65,-1.1,0.));
#3220 = ORIENTED_EDGE('',*,*,#3221,.F.);
#3221 = EDGE_CURVE('',#3222,#3214,#3224,.T.);
#3222 = VERTEX_POINT('',#3223);
#3223 = CARTESIAN_POINT('',(-1.7,-1.1,0.));
#3224 = B_SPLINE_CURVE_WITH_KNOTS('',1,(#3225,#3226),.UNSPECIFIED.,.F.,
  .F.,(2,2),(0.,0.95),.PIECEWISE_BEZIER_KNOTS.);
#3225 = CARTESIAN_POINT('',(-1.7,-1.1,0.));
#3226 = CARTESIAN_POINT('',(-2.65,-1.1,0.));
#3227 = ORIENTED_EDGE('',*,*,#3228,.T.);
#3228 = EDGE_CURVE('',#3222,#2569,#3229,.T.);
#3229 = B_SPLINE_CURVE_WITH_KNOTS('',1,(#3230,#3231),.UNSPECIFIED.,.F.,
  .F.,(2,2),(0.,0.1),.PIECEWISE_BEZIER_KNOTS.);
#3230 = CARTESIAN_POINT('',(-1.7,-1.1,0.));
#3231 = CARTESIAN_POINT('',(-1.7,-1.1,5.E-02));
#3232 = ORIENTED_EDGE('',*,*,#2568,.F.);
#3233 = ORIENTED_EDGE('',*,*,#2561,.T.);
#3234 = ORIENTED_EDGE('',*,*,#3149,.T.);
#3235 = ORIENTED_EDGE('',*,*,#3236,.F.);
#3236 = EDGE_CURVE('',#3237,#3150,#3239,.T.);
#3237 = VERTEX_POINT('',#3238);
#3238 = CARTESIAN_POINT('',(-2.6,-1.1,7.5E-02));
#3239 = ( BOUNDED_CURVE() B_SPLINE_CURVE(2,(#3240,#3241,#3242),
.UNSPECIFIED.,.F.,.F.) B_SPLINE_CURVE_WITH_KNOTS((3,3),(4.712388980385,
6.28318530718),.PIECEWISE_BEZIER_KNOTS.) CURVE() 
GEOMETRIC_REPRESENTATION_ITEM() RATIONAL_B_SPLINE_CURVE((1.,
0.707106781187,1.)) REPRESENTATION_ITEM('') );
#3240 = CARTESIAN_POINT('',(-2.6,-1.1,7.5E-02));
#3241 = CARTESIAN_POINT('',(-2.6,-1.1,5.E-02));
#3242 = CARTESIAN_POINT('',(-2.55,-1.1,5.E-02));
#3243 = ORIENTED_EDGE('',*,*,#3244,.T.);
#3244 = EDGE_CURVE('',#3237,#3245,#3247,.T.);
#3245 = VERTEX_POINT('',#3246);
#3246 = CARTESIAN_POINT('',(-2.6,-1.1,0.225));
#3247 = B_SPLINE_CURVE_WITH_KNOTS('',1,(#3248,#3249),.UNSPECIFIED.,.F.,
  .F.,(2,2),(1.E-01,0.4),.PIECEWISE_BEZIER_KNOTS.);
#3248 = CARTESIAN_POINT('',(-2.6,-1.1,7.5E-02));
#3249 = CARTESIAN_POINT('',(-2.6,-1.1,0.225));
#3250 = ORIENTED_EDGE('',*,*,#3251,.F.);
#3251 = EDGE_CURVE('',#3178,#3245,#3252,.T.);
#3252 = ( BOUNDED_CURVE() B_SPLINE_CURVE(2,(#3253,#3254,#3255),
.UNSPECIFIED.,.F.,.F.) B_SPLINE_CURVE_WITH_KNOTS((3,3),(4.712388980385,
6.28318530718),.PIECEWISE_BEZIER_KNOTS.) CURVE() 
GEOMETRIC_REPRESENTATION_ITEM() RATIONAL_B_SPLINE_CURVE((1.,
0.707106781187,1.)) REPRESENTATION_ITEM('') );
#3253 = CARTESIAN_POINT('',(-2.55,-1.1,0.25));
#3254 = CARTESIAN_POINT('',(-2.6,-1.1,0.25));
#3255 = CARTESIAN_POINT('',(-2.6,-1.1,0.225));
#3256 = ORIENTED_EDGE('',*,*,#3177,.F.);
#3257 = ORIENTED_EDGE('',*,*,#2445,.F.);
#3258 = ORIENTED_EDGE('',*,*,#3259,.T.);
#3259 = EDGE_CURVE('',#2439,#3260,#3262,.T.);
#3260 = VERTEX_POINT('',#3261);
#3261 = CARTESIAN_POINT('',(-2.65,-1.1,0.3));
#3262 = B_SPLINE_CURVE_WITH_KNOTS('',1,(#3263,#3264),.UNSPECIFIED.,.F.,
  .F.,(2,2),(0.8,0.95),.PIECEWISE_BEZIER_KNOTS.);
#3263 = CARTESIAN_POINT('',(-2.5,-1.1,0.3));
#3264 = CARTESIAN_POINT('',(-2.65,-1.1,0.3));
#3265 = ORIENTED_EDGE('',*,*,#3266,.T.);
#3266 = EDGE_CURVE('',#3260,#3207,#3267,.T.);
#3267 = ( BOUNDED_CURVE() B_SPLINE_CURVE(2,(#3268,#3269,#3270),
.UNSPECIFIED.,.F.,.F.) B_SPLINE_CURVE_WITH_KNOTS((3,3),(0.,
1.570796326795),.PIECEWISE_BEZIER_KNOTS.) CURVE() 
GEOMETRIC_REPRESENTATION_ITEM() RATIONAL_B_SPLINE_CURVE((1.,
0.707106781187,1.)) REPRESENTATION_ITEM('') );
#3268 = CARTESIAN_POINT('',(-2.65,-1.1,0.3));
#3269 = CARTESIAN_POINT('',(-2.7,-1.1,0.3));
#3270 = CARTESIAN_POINT('',(-2.7,-1.1,0.275));
#3271 = B_SPLINE_SURFACE_WITH_KNOTS('',1,1,(
    (#3272,#3273)
    ,(#3274,#3275
    )),.UNSPECIFIED.,.F.,.F.,.F.,(2,2),(2,2),(0.,1.),(-0.6,0.),
  .PIECEWISE_BEZIER_KNOTS.);
#3272 = CARTESIAN_POINT('',(-1.7,-1.1,0.3));
#3273 = CARTESIAN_POINT('',(-1.7,-1.1,0.));
#3274 = CARTESIAN_POINT('',(-2.7,-1.1,0.3));
#3275 = CARTESIAN_POINT('',(-2.7,-1.1,0.));
#3276 = ADVANCED_FACE('',(#3277),#3293,.T.);
#3277 = FACE_BOUND('',#3278,.T.);
#3278 = EDGE_LOOP('',(#3279,#3280,#3281,#3288));
#3279 = ORIENTED_EDGE('',*,*,#2438,.F.);
#3280 = ORIENTED_EDGE('',*,*,#3259,.T.);
#3281 = ORIENTED_EDGE('',*,*,#3282,.T.);
#3282 = EDGE_CURVE('',#3260,#3283,#3285,.T.);
#3283 = VERTEX_POINT('',#3284);
#3284 = CARTESIAN_POINT('',(-2.65,-2.1,0.3));
#3285 = B_SPLINE_CURVE_WITH_KNOTS('',1,(#3286,#3287),.UNSPECIFIED.,.F.,
  .F.,(2,2),(0.,1.),.PIECEWISE_BEZIER_KNOTS.);
#3286 = CARTESIAN_POINT('',(-2.65,-1.1,0.3));
#3287 = CARTESIAN_POINT('',(-2.65,-2.1,0.3));
#3288 = ORIENTED_EDGE('',*,*,#3289,.T.);
#3289 = EDGE_CURVE('',#3283,#2432,#3290,.T.);
#3290 = B_SPLINE_CURVE_WITH_KNOTS('',1,(#3291,#3292),.UNSPECIFIED.,.F.,
  .F.,(2,2),(5.E-02,0.2),.PIECEWISE_BEZIER_KNOTS.);
#3291 = CARTESIAN_POINT('',(-2.65,-2.1,0.3));
#3292 = CARTESIAN_POINT('',(-2.5,-2.1,0.3));
#3293 = B_SPLINE_SURFACE_WITH_KNOTS('',1,1,(
    (#3294,#3295)
    ,(#3296,#3297
    )),.UNSPECIFIED.,.F.,.F.,.F.,(2,2),(2,2),(0.3,0.45),(-0.5,0.5),
  .PIECEWISE_BEZIER_KNOTS.);
#3294 = CARTESIAN_POINT('',(-2.5,-1.1,0.3));
#3295 = CARTESIAN_POINT('',(-2.5,-2.1,0.3));
#3296 = CARTESIAN_POINT('',(-2.65,-1.1,0.3));
#3297 = CARTESIAN_POINT('',(-2.65,-2.1,0.3));
#3298 = ADVANCED_FACE('',(#3299),#3363,.F.);
#3299 = FACE_BOUND('',#3300,.F.);
#3300 = EDGE_LOOP('',(#3301,#3311,#3318,#3324,#3325,#3326,#3327,#3335,
    #3342,#3348,#3349,#3350,#3351,#3358));
#3301 = ORIENTED_EDGE('',*,*,#3302,.F.);
#3302 = EDGE_CURVE('',#3303,#3305,#3307,.T.);
#3303 = VERTEX_POINT('',#3304);
#3304 = CARTESIAN_POINT('',(-2.7,-2.1,2.5E-02));
#3305 = VERTEX_POINT('',#3306);
#3306 = CARTESIAN_POINT('',(-2.65,-2.1,-3.469446951954E-18));
#3307 = ( BOUNDED_CURVE() B_SPLINE_CURVE(2,(#3308,#3309,#3310),
.UNSPECIFIED.,.F.,.F.) B_SPLINE_CURVE_WITH_KNOTS((3,3),(1.570796326795,
3.14159265359),.PIECEWISE_BEZIER_KNOTS.) CURVE() 
GEOMETRIC_REPRESENTATION_ITEM() RATIONAL_B_SPLINE_CURVE((1.,
0.707106781187,1.)) REPRESENTATION_ITEM('') );
#3308 = CARTESIAN_POINT('',(-2.7,-2.1,2.5E-02));
#3309 = CARTESIAN_POINT('',(-2.7,-2.1,6.938893903907E-18));
#3310 = CARTESIAN_POINT('',(-2.65,-2.1,0.));
#3311 = ORIENTED_EDGE('',*,*,#3312,.T.);
#3312 = EDGE_CURVE('',#3303,#3313,#3315,.T.);
#3313 = VERTEX_POINT('',#3314);
#3314 = CARTESIAN_POINT('',(-2.7,-2.1,0.275));
#3315 = B_SPLINE_CURVE_WITH_KNOTS('',1,(#3316,#3317),.UNSPECIFIED.,.F.,
  .F.,(2,2),(5.E-02,0.55),.PIECEWISE_BEZIER_KNOTS.);
#3316 = CARTESIAN_POINT('',(-2.7,-2.1,2.5E-02));
#3317 = CARTESIAN_POINT('',(-2.7,-2.1,0.275));
#3318 = ORIENTED_EDGE('',*,*,#3319,.F.);
#3319 = EDGE_CURVE('',#3283,#3313,#3320,.T.);
#3320 = ( BOUNDED_CURVE() B_SPLINE_CURVE(2,(#3321,#3322,#3323),
.UNSPECIFIED.,.F.,.F.) B_SPLINE_CURVE_WITH_KNOTS((3,3),(0.,
1.570796326795),.PIECEWISE_BEZIER_KNOTS.) CURVE() 
GEOMETRIC_REPRESENTATION_ITEM() RATIONAL_B_SPLINE_CURVE((1.,
0.707106781187,1.)) REPRESENTATION_ITEM('') );
#3321 = CARTESIAN_POINT('',(-2.65,-2.1,0.3));
#3322 = CARTESIAN_POINT('',(-2.7,-2.1,0.3));
#3323 = CARTESIAN_POINT('',(-2.7,-2.1,0.275));
#3324 = ORIENTED_EDGE('',*,*,#3289,.T.);
#3325 = ORIENTED_EDGE('',*,*,#2431,.F.);
#3326 = ORIENTED_EDGE('',*,*,#3191,.F.);
#3327 = ORIENTED_EDGE('',*,*,#3328,.T.);
#3328 = EDGE_CURVE('',#3185,#3329,#3331,.T.);
#3329 = VERTEX_POINT('',#3330);
#3330 = CARTESIAN_POINT('',(-2.6,-2.1,0.225));
#3331 = ( BOUNDED_CURVE() B_SPLINE_CURVE(2,(#3332,#3333,#3334),
.UNSPECIFIED.,.F.,.F.) B_SPLINE_CURVE_WITH_KNOTS((3,3),(4.712388980385,
6.28318530718),.PIECEWISE_BEZIER_KNOTS.) CURVE() 
GEOMETRIC_REPRESENTATION_ITEM() RATIONAL_B_SPLINE_CURVE((1.,
0.707106781187,1.)) REPRESENTATION_ITEM('') );
#3332 = CARTESIAN_POINT('',(-2.55,-2.1,0.25));
#3333 = CARTESIAN_POINT('',(-2.6,-2.1,0.25));
#3334 = CARTESIAN_POINT('',(-2.6,-2.1,0.225));
#3335 = ORIENTED_EDGE('',*,*,#3336,.T.);
#3336 = EDGE_CURVE('',#3329,#3337,#3339,.T.);
#3337 = VERTEX_POINT('',#3338);
#3338 = CARTESIAN_POINT('',(-2.6,-2.1,7.5E-02));
#3339 = B_SPLINE_CURVE_WITH_KNOTS('',1,(#3340,#3341),.UNSPECIFIED.,.F.,
  .F.,(2,2),(-0.4,-1.E-01),.PIECEWISE_BEZIER_KNOTS.);
#3340 = CARTESIAN_POINT('',(-2.6,-2.1,0.225));
#3341 = CARTESIAN_POINT('',(-2.6,-2.1,7.5E-02));
#3342 = ORIENTED_EDGE('',*,*,#3343,.T.);
#3343 = EDGE_CURVE('',#3337,#3157,#3344,.T.);
#3344 = ( BOUNDED_CURVE() B_SPLINE_CURVE(2,(#3345,#3346,#3347),
.UNSPECIFIED.,.F.,.F.) B_SPLINE_CURVE_WITH_KNOTS((3,3),(4.712388980385,
6.28318530718),.PIECEWISE_BEZIER_KNOTS.) CURVE() 
GEOMETRIC_REPRESENTATION_ITEM() RATIONAL_B_SPLINE_CURVE((1.,
0.707106781187,1.)) REPRESENTATION_ITEM('') );
#3345 = CARTESIAN_POINT('',(-2.6,-2.1,7.5E-02));
#3346 = CARTESIAN_POINT('',(-2.6,-2.1,5.E-02));
#3347 = CARTESIAN_POINT('',(-2.55,-2.1,5.E-02));
#3348 = ORIENTED_EDGE('',*,*,#3163,.T.);
#3349 = ORIENTED_EDGE('',*,*,#2589,.T.);
#3350 = ORIENTED_EDGE('',*,*,#2582,.F.);
#3351 = ORIENTED_EDGE('',*,*,#3352,.F.);
#3352 = EDGE_CURVE('',#3353,#2576,#3355,.T.);
#3353 = VERTEX_POINT('',#3354);
#3354 = CARTESIAN_POINT('',(-1.7,-2.1,0.));
#3355 = B_SPLINE_CURVE_WITH_KNOTS('',1,(#3356,#3357),.UNSPECIFIED.,.F.,
  .F.,(2,2),(0.,0.1),.PIECEWISE_BEZIER_KNOTS.);
#3356 = CARTESIAN_POINT('',(-1.7,-2.1,0.));
#3357 = CARTESIAN_POINT('',(-1.7,-2.1,5.E-02));
#3358 = ORIENTED_EDGE('',*,*,#3359,.F.);
#3359 = EDGE_CURVE('',#3305,#3353,#3360,.T.);
#3360 = B_SPLINE_CURVE_WITH_KNOTS('',1,(#3361,#3362),.UNSPECIFIED.,.F.,
  .F.,(2,2),(5.E-02,1.),.PIECEWISE_BEZIER_KNOTS.);
#3361 = CARTESIAN_POINT('',(-2.65,-2.1,0.));
#3362 = CARTESIAN_POINT('',(-1.7,-2.1,0.));
#3363 = B_SPLINE_SURFACE_WITH_KNOTS('',1,1,(
    (#3364,#3365)
    ,(#3366,#3367
    )),.UNSPECIFIED.,.F.,.F.,.F.,(2,2),(2,2),(0.,1.),(-0.6,0.),
  .PIECEWISE_BEZIER_KNOTS.);
#3364 = CARTESIAN_POINT('',(-2.7,-2.1,0.3));
#3365 = CARTESIAN_POINT('',(-2.7,-2.1,0.));
#3366 = CARTESIAN_POINT('',(-1.7,-2.1,0.3));
#3367 = CARTESIAN_POINT('',(-1.7,-2.1,0.));
#3368 = ADVANCED_FACE('',(#3369),#3391,.T.);
#3369 = FACE_BOUND('',#3370,.T.);
#3370 = EDGE_LOOP('',(#3371,#3372,#3379,#3386));
#3371 = ORIENTED_EDGE('',*,*,#2452,.F.);
#3372 = ORIENTED_EDGE('',*,*,#3373,.T.);
#3373 = EDGE_CURVE('',#2453,#3374,#3376,.T.);
#3374 = VERTEX_POINT('',#3375);
#3375 = CARTESIAN_POINT('',(-2.65,2.1,0.3));
#3376 = B_SPLINE_CURVE_WITH_KNOTS('',1,(#3377,#3378),.UNSPECIFIED.,.F.,
  .F.,(2,2),(0.8,0.95),.PIECEWISE_BEZIER_KNOTS.);
#3377 = CARTESIAN_POINT('',(-2.5,2.1,0.3));
#3378 = CARTESIAN_POINT('',(-2.65,2.1,0.3));
#3379 = ORIENTED_EDGE('',*,*,#3380,.T.);
#3380 = EDGE_CURVE('',#3374,#3381,#3383,.T.);
#3381 = VERTEX_POINT('',#3382);
#3382 = CARTESIAN_POINT('',(-2.65,1.1,0.3));
#3383 = B_SPLINE_CURVE_WITH_KNOTS('',1,(#3384,#3385),.UNSPECIFIED.,.F.,
  .F.,(2,2),(0.,1.),.PIECEWISE_BEZIER_KNOTS.);
#3384 = CARTESIAN_POINT('',(-2.65,2.1,0.3));
#3385 = CARTESIAN_POINT('',(-2.65,1.1,0.3));
#3386 = ORIENTED_EDGE('',*,*,#3387,.T.);
#3387 = EDGE_CURVE('',#3381,#2455,#3388,.T.);
#3388 = B_SPLINE_CURVE_WITH_KNOTS('',1,(#3389,#3390),.UNSPECIFIED.,.F.,
  .F.,(2,2),(5.E-02,0.2),.PIECEWISE_BEZIER_KNOTS.);
#3389 = CARTESIAN_POINT('',(-2.65,1.1,0.3));
#3390 = CARTESIAN_POINT('',(-2.5,1.1,0.3));
#3391 = B_SPLINE_SURFACE_WITH_KNOTS('',1,1,(
    (#3392,#3393)
    ,(#3394,#3395
    )),.UNSPECIFIED.,.F.,.F.,.F.,(2,2),(2,2),(0.3,0.45),(-0.5,0.5),
  .PIECEWISE_BEZIER_KNOTS.);
#3392 = CARTESIAN_POINT('',(-2.5,2.1,0.3));
#3393 = CARTESIAN_POINT('',(-2.5,1.1,0.3));
#3394 = CARTESIAN_POINT('',(-2.65,2.1,0.3));
#3395 = CARTESIAN_POINT('',(-2.65,1.1,0.3));
#3396 = ADVANCED_FACE('',(#3397),#3467,.F.);
#3397 = FACE_BOUND('',#3398,.F.);
#3398 = EDGE_LOOP('',(#3399,#3409,#3416,#3422,#3423,#3424,#3431,#3439,
    #3446,#3452,#3453,#3454,#3455,#3462));
#3399 = ORIENTED_EDGE('',*,*,#3400,.F.);
#3400 = EDGE_CURVE('',#3401,#3403,#3405,.T.);
#3401 = VERTEX_POINT('',#3402);
#3402 = CARTESIAN_POINT('',(-2.7,1.1,2.5E-02));
#3403 = VERTEX_POINT('',#3404);
#3404 = CARTESIAN_POINT('',(-2.65,1.1,-3.469446951954E-18));
#3405 = ( BOUNDED_CURVE() B_SPLINE_CURVE(2,(#3406,#3407,#3408),
.UNSPECIFIED.,.F.,.F.) B_SPLINE_CURVE_WITH_KNOTS((3,3),(1.570796326795,
3.14159265359),.PIECEWISE_BEZIER_KNOTS.) CURVE() 
GEOMETRIC_REPRESENTATION_ITEM() RATIONAL_B_SPLINE_CURVE((1.,
0.707106781187,1.)) REPRESENTATION_ITEM('') );
#3406 = CARTESIAN_POINT('',(-2.7,1.1,2.5E-02));
#3407 = CARTESIAN_POINT('',(-2.7,1.1,6.938893903907E-18));
#3408 = CARTESIAN_POINT('',(-2.65,1.1,0.));
#3409 = ORIENTED_EDGE('',*,*,#3410,.T.);
#3410 = EDGE_CURVE('',#3401,#3411,#3413,.T.);
#3411 = VERTEX_POINT('',#3412);
#3412 = CARTESIAN_POINT('',(-2.7,1.1,0.275));
#3413 = B_SPLINE_CURVE_WITH_KNOTS('',1,(#3414,#3415),.UNSPECIFIED.,.F.,
  .F.,(2,2),(5.E-02,0.55),.PIECEWISE_BEZIER_KNOTS.);
#3414 = CARTESIAN_POINT('',(-2.7,1.1,2.5E-02));
#3415 = CARTESIAN_POINT('',(-2.7,1.1,0.275));
#3416 = ORIENTED_EDGE('',*,*,#3417,.F.);
#3417 = EDGE_CURVE('',#3381,#3411,#3418,.T.);
#3418 = ( BOUNDED_CURVE() B_SPLINE_CURVE(2,(#3419,#3420,#3421),
.UNSPECIFIED.,.F.,.F.) B_SPLINE_CURVE_WITH_KNOTS((3,3),(0.,
1.570796326795),.PIECEWISE_BEZIER_KNOTS.) CURVE() 
GEOMETRIC_REPRESENTATION_ITEM() RATIONAL_B_SPLINE_CURVE((1.,
0.707106781187,1.)) REPRESENTATION_ITEM('') );
#3419 = CARTESIAN_POINT('',(-2.65,1.1,0.3));
#3420 = CARTESIAN_POINT('',(-2.7,1.1,0.3));
#3421 = CARTESIAN_POINT('',(-2.7,1.1,0.275));
#3422 = ORIENTED_EDGE('',*,*,#3387,.T.);
#3423 = ORIENTED_EDGE('',*,*,#2475,.F.);
#3424 = ORIENTED_EDGE('',*,*,#3425,.F.);
#3425 = EDGE_CURVE('',#3426,#2469,#3428,.T.);
#3426 = VERTEX_POINT('',#3427);
#3427 = CARTESIAN_POINT('',(-2.55,1.1,0.25));
#3428 = B_SPLINE_CURVE_WITH_KNOTS('',1,(#3429,#3430),.UNSPECIFIED.,.F.,
  .F.,(2,2),(-1.E-01,-5.E-02),.PIECEWISE_BEZIER_KNOTS.);
#3429 = CARTESIAN_POINT('',(-2.55,1.1,0.25));
#3430 = CARTESIAN_POINT('',(-2.5,1.1,0.25));
#3431 = ORIENTED_EDGE('',*,*,#3432,.T.);
#3432 = EDGE_CURVE('',#3426,#3433,#3435,.T.);
#3433 = VERTEX_POINT('',#3434);
#3434 = CARTESIAN_POINT('',(-2.6,1.1,0.225));
#3435 = ( BOUNDED_CURVE() B_SPLINE_CURVE(2,(#3436,#3437,#3438),
.UNSPECIFIED.,.F.,.F.) B_SPLINE_CURVE_WITH_KNOTS((3,3),(4.712388980385,
6.28318530718),.PIECEWISE_BEZIER_KNOTS.) CURVE() 
GEOMETRIC_REPRESENTATION_ITEM() RATIONAL_B_SPLINE_CURVE((1.,
0.707106781187,1.)) REPRESENTATION_ITEM('') );
#3436 = CARTESIAN_POINT('',(-2.55,1.1,0.25));
#3437 = CARTESIAN_POINT('',(-2.6,1.1,0.25));
#3438 = CARTESIAN_POINT('',(-2.6,1.1,0.225));
#3439 = ORIENTED_EDGE('',*,*,#3440,.T.);
#3440 = EDGE_CURVE('',#3433,#3441,#3443,.T.);
#3441 = VERTEX_POINT('',#3442);
#3442 = CARTESIAN_POINT('',(-2.6,1.1,7.5E-02));
#3443 = B_SPLINE_CURVE_WITH_KNOTS('',1,(#3444,#3445),.UNSPECIFIED.,.F.,
  .F.,(2,2),(-0.4,-1.E-01),.PIECEWISE_BEZIER_KNOTS.);
#3444 = CARTESIAN_POINT('',(-2.6,1.1,0.225));
#3445 = CARTESIAN_POINT('',(-2.6,1.1,7.5E-02));
#3446 = ORIENTED_EDGE('',*,*,#3447,.T.);
#3447 = EDGE_CURVE('',#3441,#3129,#3448,.T.);
#3448 = ( BOUNDED_CURVE() B_SPLINE_CURVE(2,(#3449,#3450,#3451),
.UNSPECIFIED.,.F.,.F.) B_SPLINE_CURVE_WITH_KNOTS((3,3),(4.712388980385,
6.28318530718),.PIECEWISE_BEZIER_KNOTS.) CURVE() 
GEOMETRIC_REPRESENTATION_ITEM() RATIONAL_B_SPLINE_CURVE((1.,
0.707106781187,1.)) REPRESENTATION_ITEM('') );
#3449 = CARTESIAN_POINT('',(-2.6,1.1,7.5E-02));
#3450 = CARTESIAN_POINT('',(-2.6,1.1,5.E-02));
#3451 = CARTESIAN_POINT('',(-2.55,1.1,5.E-02));
#3452 = ORIENTED_EDGE('',*,*,#3135,.T.);
#3453 = ORIENTED_EDGE('',*,*,#2555,.T.);
#3454 = ORIENTED_EDGE('',*,*,#2548,.F.);
#3455 = ORIENTED_EDGE('',*,*,#3456,.F.);
#3456 = EDGE_CURVE('',#3457,#2542,#3459,.T.);
#3457 = VERTEX_POINT('',#3458);
#3458 = CARTESIAN_POINT('',(-1.7,1.1,0.));
#3459 = B_SPLINE_CURVE_WITH_KNOTS('',1,(#3460,#3461),.UNSPECIFIED.,.F.,
  .F.,(2,2),(0.,0.1),.PIECEWISE_BEZIER_KNOTS.);
#3460 = CARTESIAN_POINT('',(-1.7,1.1,0.));
#3461 = CARTESIAN_POINT('',(-1.7,1.1,5.E-02));
#3462 = ORIENTED_EDGE('',*,*,#3463,.F.);
#3463 = EDGE_CURVE('',#3403,#3457,#3464,.T.);
#3464 = B_SPLINE_CURVE_WITH_KNOTS('',1,(#3465,#3466),.UNSPECIFIED.,.F.,
  .F.,(2,2),(5.E-02,1.),.PIECEWISE_BEZIER_KNOTS.);
#3465 = CARTESIAN_POINT('',(-2.65,1.1,0.));
#3466 = CARTESIAN_POINT('',(-1.7,1.1,0.));
#3467 = B_SPLINE_SURFACE_WITH_KNOTS('',1,1,(
    (#3468,#3469)
    ,(#3470,#3471
    )),.UNSPECIFIED.,.F.,.F.,.F.,(2,2),(2,2),(0.,1.),(-0.6,0.),
  .PIECEWISE_BEZIER_KNOTS.);
#3468 = CARTESIAN_POINT('',(-2.7,1.1,0.3));
#3469 = CARTESIAN_POINT('',(-2.7,1.1,0.));
#3470 = CARTESIAN_POINT('',(-1.7,1.1,0.3));
#3471 = CARTESIAN_POINT('',(-1.7,1.1,0.));
#3472 = ADVANCED_FACE('',(#3473),#3489,.F.);
#3473 = FACE_BOUND('',#3474,.F.);
#3474 = EDGE_LOOP('',(#3475,#3476,#3483,#3488));
#3475 = ORIENTED_EDGE('',*,*,#2468,.F.);
#3476 = ORIENTED_EDGE('',*,*,#3477,.T.);
#3477 = EDGE_CURVE('',#2462,#3478,#3480,.T.);
#3478 = VERTEX_POINT('',#3479);
#3479 = CARTESIAN_POINT('',(-2.55,2.1,0.25));
#3480 = B_SPLINE_CURVE_WITH_KNOTS('',1,(#3481,#3482),.UNSPECIFIED.,.F.,
  .F.,(2,2),(0.55,0.6),.PIECEWISE_BEZIER_KNOTS.);
#3481 = CARTESIAN_POINT('',(-2.5,2.1,0.25));
#3482 = CARTESIAN_POINT('',(-2.55,2.1,0.25));
#3483 = ORIENTED_EDGE('',*,*,#3484,.T.);
#3484 = EDGE_CURVE('',#3478,#3426,#3485,.T.);
#3485 = B_SPLINE_CURVE_WITH_KNOTS('',1,(#3486,#3487),.UNSPECIFIED.,.F.,
  .F.,(2,2),(0.1,1.1),.PIECEWISE_BEZIER_KNOTS.);
#3486 = CARTESIAN_POINT('',(-2.55,2.1,0.25));
#3487 = CARTESIAN_POINT('',(-2.55,1.1,0.25));
#3488 = ORIENTED_EDGE('',*,*,#3425,.T.);
#3489 = B_SPLINE_SURFACE_WITH_KNOTS('',1,1,(
    (#3490,#3491)
    ,(#3492,#3493
    )),.UNSPECIFIED.,.F.,.F.,.F.,(2,2),(2,2),(0.3,0.35),(-0.5,0.5),
  .PIECEWISE_BEZIER_KNOTS.);
#3490 = CARTESIAN_POINT('',(-2.5,2.1,0.25));
#3491 = CARTESIAN_POINT('',(-2.5,1.1,0.25));
#3492 = CARTESIAN_POINT('',(-2.55,2.1,0.25));
#3493 = CARTESIAN_POINT('',(-2.55,1.1,0.25));
#3494 = ADVANCED_FACE('',(#3495),#3559,.F.);
#3495 = FACE_BOUND('',#3496,.F.);
#3496 = EDGE_LOOP('',(#3497,#3506,#3514,#3521,#3526,#3527,#3528,#3529,
    #3537,#3544,#3550,#3551,#3552,#3553));
#3497 = ORIENTED_EDGE('',*,*,#3498,.F.);
#3498 = EDGE_CURVE('',#3499,#3501,#3503,.T.);
#3499 = VERTEX_POINT('',#3500);
#3500 = CARTESIAN_POINT('',(-2.7,2.1,2.5E-02));
#3501 = VERTEX_POINT('',#3502);
#3502 = CARTESIAN_POINT('',(-2.7,2.1,0.275));
#3503 = B_SPLINE_CURVE_WITH_KNOTS('',1,(#3504,#3505),.UNSPECIFIED.,.F.,
  .F.,(2,2),(5.E-02,0.55),.PIECEWISE_BEZIER_KNOTS.);
#3504 = CARTESIAN_POINT('',(-2.7,2.1,2.5E-02));
#3505 = CARTESIAN_POINT('',(-2.7,2.1,0.275));
#3506 = ORIENTED_EDGE('',*,*,#3507,.T.);
#3507 = EDGE_CURVE('',#3499,#3508,#3510,.T.);
#3508 = VERTEX_POINT('',#3509);
#3509 = CARTESIAN_POINT('',(-2.65,2.1,-3.469446951954E-18));
#3510 = ( BOUNDED_CURVE() B_SPLINE_CURVE(2,(#3511,#3512,#3513),
.UNSPECIFIED.,.F.,.F.) B_SPLINE_CURVE_WITH_KNOTS((3,3),(1.570796326795,
3.14159265359),.PIECEWISE_BEZIER_KNOTS.) CURVE() 
GEOMETRIC_REPRESENTATION_ITEM() RATIONAL_B_SPLINE_CURVE((1.,
0.707106781187,1.)) REPRESENTATION_ITEM('') );
#3511 = CARTESIAN_POINT('',(-2.7,2.1,2.5E-02));
#3512 = CARTESIAN_POINT('',(-2.7,2.1,6.938893903907E-18));
#3513 = CARTESIAN_POINT('',(-2.65,2.1,0.));
#3514 = ORIENTED_EDGE('',*,*,#3515,.F.);
#3515 = EDGE_CURVE('',#3516,#3508,#3518,.T.);
#3516 = VERTEX_POINT('',#3517);
#3517 = CARTESIAN_POINT('',(-1.7,2.1,0.));
#3518 = B_SPLINE_CURVE_WITH_KNOTS('',1,(#3519,#3520),.UNSPECIFIED.,.F.,
  .F.,(2,2),(0.,0.95),.PIECEWISE_BEZIER_KNOTS.);
#3519 = CARTESIAN_POINT('',(-1.7,2.1,0.));
#3520 = CARTESIAN_POINT('',(-2.65,2.1,0.));
#3521 = ORIENTED_EDGE('',*,*,#3522,.T.);
#3522 = EDGE_CURVE('',#3516,#2535,#3523,.T.);
#3523 = B_SPLINE_CURVE_WITH_KNOTS('',1,(#3524,#3525),.UNSPECIFIED.,.F.,
  .F.,(2,2),(0.,0.1),.PIECEWISE_BEZIER_KNOTS.);
#3524 = CARTESIAN_POINT('',(-1.7,2.1,0.));
#3525 = CARTESIAN_POINT('',(-1.7,2.1,5.E-02));
#3526 = ORIENTED_EDGE('',*,*,#2534,.F.);
#3527 = ORIENTED_EDGE('',*,*,#2527,.T.);
#3528 = ORIENTED_EDGE('',*,*,#3121,.T.);
#3529 = ORIENTED_EDGE('',*,*,#3530,.F.);
#3530 = EDGE_CURVE('',#3531,#3122,#3533,.T.);
#3531 = VERTEX_POINT('',#3532);
#3532 = CARTESIAN_POINT('',(-2.6,2.1,7.5E-02));
#3533 = ( BOUNDED_CURVE() B_SPLINE_CURVE(2,(#3534,#3535,#3536),
.UNSPECIFIED.,.F.,.F.) B_SPLINE_CURVE_WITH_KNOTS((3,3),(4.712388980385,
6.28318530718),.PIECEWISE_BEZIER_KNOTS.) CURVE() 
GEOMETRIC_REPRESENTATION_ITEM() RATIONAL_B_SPLINE_CURVE((1.,
0.707106781187,1.)) REPRESENTATION_ITEM('') );
#3534 = CARTESIAN_POINT('',(-2.6,2.1,7.5E-02));
#3535 = CARTESIAN_POINT('',(-2.6,2.1,5.E-02));
#3536 = CARTESIAN_POINT('',(-2.55,2.1,5.E-02));
#3537 = ORIENTED_EDGE('',*,*,#3538,.T.);
#3538 = EDGE_CURVE('',#3531,#3539,#3541,.T.);
#3539 = VERTEX_POINT('',#3540);
#3540 = CARTESIAN_POINT('',(-2.6,2.1,0.225));
#3541 = B_SPLINE_CURVE_WITH_KNOTS('',1,(#3542,#3543),.UNSPECIFIED.,.F.,
  .F.,(2,2),(1.E-01,0.4),.PIECEWISE_BEZIER_KNOTS.);
#3542 = CARTESIAN_POINT('',(-2.6,2.1,7.5E-02));
#3543 = CARTESIAN_POINT('',(-2.6,2.1,0.225));
#3544 = ORIENTED_EDGE('',*,*,#3545,.F.);
#3545 = EDGE_CURVE('',#3478,#3539,#3546,.T.);
#3546 = ( BOUNDED_CURVE() B_SPLINE_CURVE(2,(#3547,#3548,#3549),
.UNSPECIFIED.,.F.,.F.) B_SPLINE_CURVE_WITH_KNOTS((3,3),(4.712388980385,
6.28318530718),.PIECEWISE_BEZIER_KNOTS.) CURVE() 
GEOMETRIC_REPRESENTATION_ITEM() RATIONAL_B_SPLINE_CURVE((1.,
0.707106781187,1.)) REPRESENTATION_ITEM('') );
#3547 = CARTESIAN_POINT('',(-2.55,2.1,0.25));
#3548 = CARTESIAN_POINT('',(-2.6,2.1,0.25));
#3549 = CARTESIAN_POINT('',(-2.6,2.1,0.225));
#3550 = ORIENTED_EDGE('',*,*,#3477,.F.);
#3551 = ORIENTED_EDGE('',*,*,#2461,.F.);
#3552 = ORIENTED_EDGE('',*,*,#3373,.T.);
#3553 = ORIENTED_EDGE('',*,*,#3554,.T.);
#3554 = EDGE_CURVE('',#3374,#3501,#3555,.T.);
#3555 = ( BOUNDED_CURVE() B_SPLINE_CURVE(2,(#3556,#3557,#3558),
.UNSPECIFIED.,.F.,.F.) B_SPLINE_CURVE_WITH_KNOTS((3,3),(0.,
1.570796326795),.PIECEWISE_BEZIER_KNOTS.) CURVE() 
GEOMETRIC_REPRESENTATION_ITEM() RATIONAL_B_SPLINE_CURVE((1.,
0.707106781187,1.)) REPRESENTATION_ITEM('') );
#3556 = CARTESIAN_POINT('',(-2.65,2.1,0.3));
#3557 = CARTESIAN_POINT('',(-2.7,2.1,0.3));
#3558 = CARTESIAN_POINT('',(-2.7,2.1,0.275));
#3559 = B_SPLINE_SURFACE_WITH_KNOTS('',1,1,(
    (#3560,#3561)
    ,(#3562,#3563
    )),.UNSPECIFIED.,.F.,.F.,.F.,(2,2),(2,2),(0.,1.),(-0.6,0.),
  .PIECEWISE_BEZIER_KNOTS.);
#3560 = CARTESIAN_POINT('',(-1.7,2.1,0.3));
#3561 = CARTESIAN_POINT('',(-1.7,2.1,0.));
#3562 = CARTESIAN_POINT('',(-2.7,2.1,0.3));
#3563 = CARTESIAN_POINT('',(-2.7,2.1,0.));
#3564 = ADVANCED_FACE('',(#3565),#3575,.F.);
#3565 = FACE_BOUND('',#3566,.F.);
#3566 = EDGE_LOOP('',(#3567,#3572,#3573,#3574));
#3567 = ORIENTED_EDGE('',*,*,#3568,.F.);
#3568 = EDGE_CURVE('',#3101,#2970,#3569,.T.);
#3569 = B_SPLINE_CURVE_WITH_KNOTS('',1,(#3570,#3571),.UNSPECIFIED.,.F.,
  .F.,(2,2),(0.,1.),.PIECEWISE_BEZIER_KNOTS.);
#3570 = CARTESIAN_POINT('',(1.7,2.1,0.));
#3571 = CARTESIAN_POINT('',(1.7,1.1,0.));
#3572 = ORIENTED_EDGE('',*,*,#3100,.T.);
#3573 = ORIENTED_EDGE('',*,*,#2645,.F.);
#3574 = ORIENTED_EDGE('',*,*,#2976,.F.);
#3575 = B_SPLINE_SURFACE_WITH_KNOTS('',1,1,(
    (#3576,#3577)
    ,(#3578,#3579
    )),.UNSPECIFIED.,.F.,.F.,.F.,(2,2),(2,2),(0.,1.),(-0.1,0.),
  .PIECEWISE_BEZIER_KNOTS.);
#3576 = CARTESIAN_POINT('',(1.7,2.1,5.E-02));
#3577 = CARTESIAN_POINT('',(1.7,2.1,0.));
#3578 = CARTESIAN_POINT('',(1.7,1.1,5.E-02));
#3579 = CARTESIAN_POINT('',(1.7,1.1,0.));
#3580 = ADVANCED_FACE('',(#3581),#3591,.F.);
#3581 = FACE_BOUND('',#3582,.F.);
#3582 = EDGE_LOOP('',(#3583,#3588,#3589,#3590));
#3583 = ORIENTED_EDGE('',*,*,#3584,.F.);
#3584 = EDGE_CURVE('',#2813,#2872,#3585,.T.);
#3585 = B_SPLINE_CURVE_WITH_KNOTS('',1,(#3586,#3587),.UNSPECIFIED.,.F.,
  .F.,(2,2),(0.,1.),.PIECEWISE_BEZIER_KNOTS.);
#3586 = CARTESIAN_POINT('',(1.7,-1.1,0.));
#3587 = CARTESIAN_POINT('',(1.7,-2.1,0.));
#3588 = ORIENTED_EDGE('',*,*,#2812,.T.);
#3589 = ORIENTED_EDGE('',*,*,#2611,.F.);
#3590 = ORIENTED_EDGE('',*,*,#2878,.F.);
#3591 = B_SPLINE_SURFACE_WITH_KNOTS('',1,1,(
    (#3592,#3593)
    ,(#3594,#3595
    )),.UNSPECIFIED.,.F.,.F.,.F.,(2,2),(2,2),(0.,1.),(-0.1,0.),
  .PIECEWISE_BEZIER_KNOTS.);
#3592 = CARTESIAN_POINT('',(1.7,-1.1,5.E-02));
#3593 = CARTESIAN_POINT('',(1.7,-1.1,0.));
#3594 = CARTESIAN_POINT('',(1.7,-2.1,5.E-02));
#3595 = CARTESIAN_POINT('',(1.7,-2.1,0.));
#3596 = ADVANCED_FACE('',(#3597),#3607,.F.);
#3597 = FACE_BOUND('',#3598,.F.);
#3598 = EDGE_LOOP('',(#3599,#3604,#3605,#3606));
#3599 = ORIENTED_EDGE('',*,*,#3600,.F.);
#3600 = EDGE_CURVE('',#3353,#3222,#3601,.T.);
#3601 = B_SPLINE_CURVE_WITH_KNOTS('',1,(#3602,#3603),.UNSPECIFIED.,.F.,
  .F.,(2,2),(0.,1.),.PIECEWISE_BEZIER_KNOTS.);
#3602 = CARTESIAN_POINT('',(-1.7,-2.1,0.));
#3603 = CARTESIAN_POINT('',(-1.7,-1.1,0.));
#3604 = ORIENTED_EDGE('',*,*,#3352,.T.);
#3605 = ORIENTED_EDGE('',*,*,#2575,.F.);
#3606 = ORIENTED_EDGE('',*,*,#3228,.F.);
#3607 = B_SPLINE_SURFACE_WITH_KNOTS('',1,1,(
    (#3608,#3609)
    ,(#3610,#3611
    )),.UNSPECIFIED.,.F.,.F.,.F.,(2,2),(2,2),(0.,1.),(-0.1,0.),
  .PIECEWISE_BEZIER_KNOTS.);
#3608 = CARTESIAN_POINT('',(-1.7,-2.1,5.E-02));
#3609 = CARTESIAN_POINT('',(-1.7,-2.1,0.));
#3610 = CARTESIAN_POINT('',(-1.7,-1.1,5.E-02));
#3611 = CARTESIAN_POINT('',(-1.7,-1.1,0.));
#3612 = ADVANCED_FACE('',(#3613),#3623,.F.);
#3613 = FACE_BOUND('',#3614,.F.);
#3614 = EDGE_LOOP('',(#3615,#3620,#3621,#3622));
#3615 = ORIENTED_EDGE('',*,*,#3616,.F.);
#3616 = EDGE_CURVE('',#3457,#3516,#3617,.T.);
#3617 = B_SPLINE_CURVE_WITH_KNOTS('',1,(#3618,#3619),.UNSPECIFIED.,.F.,
  .F.,(2,2),(0.,1.),.PIECEWISE_BEZIER_KNOTS.);
#3618 = CARTESIAN_POINT('',(-1.7,1.1,0.));
#3619 = CARTESIAN_POINT('',(-1.7,2.1,0.));
#3620 = ORIENTED_EDGE('',*,*,#3456,.T.);
#3621 = ORIENTED_EDGE('',*,*,#2541,.F.);
#3622 = ORIENTED_EDGE('',*,*,#3522,.F.);
#3623 = B_SPLINE_SURFACE_WITH_KNOTS('',1,1,(
    (#3624,#3625)
    ,(#3626,#3627
    )),.UNSPECIFIED.,.F.,.F.,.F.,(2,2),(2,2),(0.,1.),(-0.1,0.),
  .PIECEWISE_BEZIER_KNOTS.);
#3624 = CARTESIAN_POINT('',(-1.7,1.1,5.E-02));
#3625 = CARTESIAN_POINT('',(-1.7,1.1,0.));
#3626 = CARTESIAN_POINT('',(-1.7,2.1,5.E-02));
#3627 = CARTESIAN_POINT('',(-1.7,2.1,0.));
#3628 = ADVANCED_FACE('',(#3629),#3639,.F.);
#3629 = FACE_BOUND('',#3630,.F.);
#3630 = EDGE_LOOP('',(#3631,#3632,#3633,#3634));
#3631 = ORIENTED_EDGE('',*,*,#2984,.T.);
#3632 = ORIENTED_EDGE('',*,*,#2672,.T.);
#3633 = ORIENTED_EDGE('',*,*,#3091,.F.);
#3634 = ORIENTED_EDGE('',*,*,#3635,.F.);
#3635 = EDGE_CURVE('',#2985,#3085,#3636,.T.);
#3636 = B_SPLINE_CURVE_WITH_KNOTS('',1,(#3637,#3638),.UNSPECIFIED.,.F.,
  .F.,(2,2),(0.1,1.1),.PIECEWISE_BEZIER_KNOTS.);
#3637 = CARTESIAN_POINT('',(2.6,1.1,7.5E-02));
#3638 = CARTESIAN_POINT('',(2.6,2.1,7.5E-02));
#3639 = ( BOUNDED_SURFACE() B_SPLINE_SURFACE(2,1,(
    (#3640,#3641)
    ,(#3642,#3643)
    ,(#3644,#3645
)),.UNSPECIFIED.,.F.,.F.,.F.) B_SPLINE_SURFACE_WITH_KNOTS((3,3),(2,2),(
    0.,1.570796326795),(0.1,1.1),.PIECEWISE_BEZIER_KNOTS.) 
GEOMETRIC_REPRESENTATION_ITEM() RATIONAL_B_SPLINE_SURFACE((
    (1.,1.)
    ,(0.707106781187,0.707106781187)
,(1.,1.))) REPRESENTATION_ITEM('') SURFACE() );
#3640 = CARTESIAN_POINT('',(2.6,1.1,7.5E-02));
#3641 = CARTESIAN_POINT('',(2.6,2.1,7.5E-02));
#3642 = CARTESIAN_POINT('',(2.6,1.1,5.E-02));
#3643 = CARTESIAN_POINT('',(2.6,2.1,5.E-02));
#3644 = CARTESIAN_POINT('',(2.55,1.1,5.E-02));
#3645 = CARTESIAN_POINT('',(2.55,2.1,5.E-02));
#3646 = ADVANCED_FACE('',(#3647),#3657,.F.);
#3647 = FACE_BOUND('',#3648,.F.);
#3648 = EDGE_LOOP('',(#3649,#3650,#3651,#3652));
#3649 = ORIENTED_EDGE('',*,*,#2886,.T.);
#3650 = ORIENTED_EDGE('',*,*,#2700,.T.);
#3651 = ORIENTED_EDGE('',*,*,#2803,.F.);
#3652 = ORIENTED_EDGE('',*,*,#3653,.F.);
#3653 = EDGE_CURVE('',#2887,#2797,#3654,.T.);
#3654 = B_SPLINE_CURVE_WITH_KNOTS('',1,(#3655,#3656),.UNSPECIFIED.,.F.,
  .F.,(2,2),(0.1,1.1),.PIECEWISE_BEZIER_KNOTS.);
#3655 = CARTESIAN_POINT('',(2.6,-2.1,7.5E-02));
#3656 = CARTESIAN_POINT('',(2.6,-1.1,7.5E-02));
#3657 = ( BOUNDED_SURFACE() B_SPLINE_SURFACE(2,1,(
    (#3658,#3659)
    ,(#3660,#3661)
    ,(#3662,#3663
)),.UNSPECIFIED.,.F.,.F.,.F.) B_SPLINE_SURFACE_WITH_KNOTS((3,3),(2,2),(
    0.,1.570796326795),(0.1,1.1),.PIECEWISE_BEZIER_KNOTS.) 
GEOMETRIC_REPRESENTATION_ITEM() RATIONAL_B_SPLINE_SURFACE((
    (1.,1.)
    ,(0.707106781187,0.707106781187)
,(1.,1.))) REPRESENTATION_ITEM('') SURFACE() );
#3658 = CARTESIAN_POINT('',(2.6,-2.1,7.5E-02));
#3659 = CARTESIAN_POINT('',(2.6,-1.1,7.5E-02));
#3660 = CARTESIAN_POINT('',(2.6,-2.1,5.E-02));
#3661 = CARTESIAN_POINT('',(2.6,-1.1,5.E-02));
#3662 = CARTESIAN_POINT('',(2.55,-2.1,5.E-02));
#3663 = CARTESIAN_POINT('',(2.55,-1.1,5.E-02));
#3664 = ADVANCED_FACE('',(#3665),#3675,.T.);
#3665 = FACE_BOUND('',#3666,.T.);
#3666 = EDGE_LOOP('',(#3667,#3672,#3673,#3674));
#3667 = ORIENTED_EDGE('',*,*,#3668,.T.);
#3668 = EDGE_CURVE('',#2857,#2767,#3669,.T.);
#3669 = B_SPLINE_CURVE_WITH_KNOTS('',1,(#3670,#3671),.UNSPECIFIED.,.F.,
  .F.,(2,2),(0.,1.),.PIECEWISE_BEZIER_KNOTS.);
#3670 = CARTESIAN_POINT('',(2.7,-2.1,0.275));
#3671 = CARTESIAN_POINT('',(2.7,-1.1,0.275));
#3672 = ORIENTED_EDGE('',*,*,#2773,.T.);
#3673 = ORIENTED_EDGE('',*,*,#2728,.F.);
#3674 = ORIENTED_EDGE('',*,*,#2910,.F.);
#3675 = ( BOUNDED_SURFACE() B_SPLINE_SURFACE(2,1,(
    (#3676,#3677)
    ,(#3678,#3679)
    ,(#3680,#3681
)),.UNSPECIFIED.,.F.,.F.,.F.) B_SPLINE_SURFACE_WITH_KNOTS((3,3),(2,2),(
    4.712388980385,6.28318530718),(0.,1.),.PIECEWISE_BEZIER_KNOTS.) 
GEOMETRIC_REPRESENTATION_ITEM() RATIONAL_B_SPLINE_SURFACE((
    (1.,1.)
    ,(0.707106781187,0.707106781187)
,(1.,1.))) REPRESENTATION_ITEM('') SURFACE() );
#3676 = CARTESIAN_POINT('',(2.65,-2.1,0.3));
#3677 = CARTESIAN_POINT('',(2.65,-1.1,0.3));
#3678 = CARTESIAN_POINT('',(2.7,-2.1,0.3));
#3679 = CARTESIAN_POINT('',(2.7,-1.1,0.3));
#3680 = CARTESIAN_POINT('',(2.7,-2.1,0.275));
#3681 = CARTESIAN_POINT('',(2.7,-1.1,0.275));
#3682 = ADVANCED_FACE('',(#3683),#3697,.T.);
#3683 = FACE_BOUND('',#3684,.T.);
#3684 = EDGE_LOOP('',(#3685,#3686,#3691,#3692));
#3685 = ORIENTED_EDGE('',*,*,#2863,.T.);
#3686 = ORIENTED_EDGE('',*,*,#3687,.T.);
#3687 = EDGE_CURVE('',#2864,#2759,#3688,.T.);
#3688 = B_SPLINE_CURVE_WITH_KNOTS('',1,(#3689,#3690),.UNSPECIFIED.,.F.,
  .F.,(2,2),(0.,1.),.PIECEWISE_BEZIER_KNOTS.);
#3689 = CARTESIAN_POINT('',(2.65,-2.1,-3.469446951954E-18));
#3690 = CARTESIAN_POINT('',(2.65,-1.1,-3.469446951954E-18));
#3691 = ORIENTED_EDGE('',*,*,#2756,.F.);
#3692 = ORIENTED_EDGE('',*,*,#3693,.F.);
#3693 = EDGE_CURVE('',#2855,#2757,#3694,.T.);
#3694 = B_SPLINE_CURVE_WITH_KNOTS('',1,(#3695,#3696),.UNSPECIFIED.,.F.,
  .F.,(2,2),(0.,1.),.PIECEWISE_BEZIER_KNOTS.);
#3695 = CARTESIAN_POINT('',(2.7,-2.1,2.5E-02));
#3696 = CARTESIAN_POINT('',(2.7,-1.1,2.5E-02));
#3697 = ( BOUNDED_SURFACE() B_SPLINE_SURFACE(2,1,(
    (#3698,#3699)
    ,(#3700,#3701)
    ,(#3702,#3703
)),.UNSPECIFIED.,.F.,.F.,.F.) B_SPLINE_SURFACE_WITH_KNOTS((3,3),(2,2),(
    0.,1.570796326795),(0.,1.),.PIECEWISE_BEZIER_KNOTS.) 
GEOMETRIC_REPRESENTATION_ITEM() RATIONAL_B_SPLINE_SURFACE((
    (1.,1.)
    ,(0.707106781187,0.707106781187)
,(1.,1.))) REPRESENTATION_ITEM('') SURFACE() );
#3698 = CARTESIAN_POINT('',(2.7,-2.1,2.5E-02));
#3699 = CARTESIAN_POINT('',(2.7,-1.1,2.5E-02));
#3700 = CARTESIAN_POINT('',(2.7,-2.1,-2.22044604925E-16));
#3701 = CARTESIAN_POINT('',(2.7,-1.1,-2.22044604925E-16));
#3702 = CARTESIAN_POINT('',(2.65,-2.1,0.));
#3703 = CARTESIAN_POINT('',(2.65,-1.1,0.));
#3704 = ADVANCED_FACE('',(#3705),#3711,.F.);
#3705 = FACE_BOUND('',#3706,.F.);
#3706 = EDGE_LOOP('',(#3707,#3708,#3709,#3710));
#3707 = ORIENTED_EDGE('',*,*,#2819,.T.);
#3708 = ORIENTED_EDGE('',*,*,#3584,.T.);
#3709 = ORIENTED_EDGE('',*,*,#2871,.T.);
#3710 = ORIENTED_EDGE('',*,*,#3687,.T.);
#3711 = B_SPLINE_SURFACE_WITH_KNOTS('',1,1,(
    (#3712,#3713)
    ,(#3714,#3715
    )),.UNSPECIFIED.,.F.,.F.,.F.,(2,2),(2,2),(-0.45,0.5),(-0.5,0.5),
  .PIECEWISE_BEZIER_KNOTS.);
#3712 = CARTESIAN_POINT('',(2.65,-1.1,0.));
#3713 = CARTESIAN_POINT('',(2.65,-2.1,0.));
#3714 = CARTESIAN_POINT('',(1.7,-1.1,0.));
#3715 = CARTESIAN_POINT('',(1.7,-2.1,0.));
#3716 = ADVANCED_FACE('',(#3717),#3727,.T.);
#3717 = FACE_BOUND('',#3718,.T.);
#3718 = EDGE_LOOP('',(#3719,#3720,#3721,#3726));
#3719 = ORIENTED_EDGE('',*,*,#3653,.F.);
#3720 = ORIENTED_EDGE('',*,*,#2894,.T.);
#3721 = ORIENTED_EDGE('',*,*,#3722,.T.);
#3722 = EDGE_CURVE('',#2895,#2789,#3723,.T.);
#3723 = B_SPLINE_CURVE_WITH_KNOTS('',1,(#3724,#3725),.UNSPECIFIED.,.F.,
  .F.,(2,2),(0.1,1.1),.PIECEWISE_BEZIER_KNOTS.);
#3724 = CARTESIAN_POINT('',(2.6,-2.1,0.225));
#3725 = CARTESIAN_POINT('',(2.6,-1.1,0.225));
#3726 = ORIENTED_EDGE('',*,*,#2796,.T.);
#3727 = B_SPLINE_SURFACE_WITH_KNOTS('',1,1,(
    (#3728,#3729)
    ,(#3730,#3731
    )),.UNSPECIFIED.,.F.,.F.,.F.,(2,2),(2,2),(0.1,1.1),(-0.35,-5.E-02),
  .PIECEWISE_BEZIER_KNOTS.);
#3728 = CARTESIAN_POINT('',(2.6,-2.1,0.225));
#3729 = CARTESIAN_POINT('',(2.6,-2.1,7.5E-02));
#3730 = CARTESIAN_POINT('',(2.6,-1.1,0.225));
#3731 = CARTESIAN_POINT('',(2.6,-1.1,7.5E-02));
#3732 = ADVANCED_FACE('',(#3733),#3739,.F.);
#3733 = FACE_BOUND('',#3734,.F.);
#3734 = EDGE_LOOP('',(#3735,#3736,#3737,#3738));
#3735 = ORIENTED_EDGE('',*,*,#3722,.T.);
#3736 = ORIENTED_EDGE('',*,*,#2788,.F.);
#3737 = ORIENTED_EDGE('',*,*,#2832,.F.);
#3738 = ORIENTED_EDGE('',*,*,#2901,.T.);
#3739 = ( BOUNDED_SURFACE() B_SPLINE_SURFACE(2,1,(
    (#3740,#3741)
    ,(#3742,#3743)
    ,(#3744,#3745
)),.UNSPECIFIED.,.F.,.F.,.F.) B_SPLINE_SURFACE_WITH_KNOTS((3,3),(2,2),(
    4.712388980385,6.28318530718),(0.1,1.1),.PIECEWISE_BEZIER_KNOTS.) 
GEOMETRIC_REPRESENTATION_ITEM() RATIONAL_B_SPLINE_SURFACE((
    (1.,1.)
    ,(0.707106781187,0.707106781187)
,(1.,1.))) REPRESENTATION_ITEM('') SURFACE() );
#3740 = CARTESIAN_POINT('',(2.55,-2.1,0.25));
#3741 = CARTESIAN_POINT('',(2.55,-1.1,0.25));
#3742 = CARTESIAN_POINT('',(2.6,-2.1,0.25));
#3743 = CARTESIAN_POINT('',(2.6,-1.1,0.25));
#3744 = CARTESIAN_POINT('',(2.6,-2.1,0.225));
#3745 = CARTESIAN_POINT('',(2.6,-1.1,0.225));
#3746 = ADVANCED_FACE('',(#3747),#3753,.F.);
#3747 = FACE_BOUND('',#3748,.F.);
#3748 = EDGE_LOOP('',(#3749,#3750,#3751,#3752));
#3749 = ORIENTED_EDGE('',*,*,#2854,.T.);
#3750 = ORIENTED_EDGE('',*,*,#3668,.T.);
#3751 = ORIENTED_EDGE('',*,*,#2766,.F.);
#3752 = ORIENTED_EDGE('',*,*,#3693,.F.);
#3753 = B_SPLINE_SURFACE_WITH_KNOTS('',1,1,(
    (#3754,#3755)
    ,(#3756,#3757
    )),.UNSPECIFIED.,.F.,.F.,.F.,(2,2),(2,2),(0.,1.),(-0.55,-5.E-02),
  .PIECEWISE_BEZIER_KNOTS.);
#3754 = CARTESIAN_POINT('',(2.7,-2.1,0.275));
#3755 = CARTESIAN_POINT('',(2.7,-2.1,2.5E-02));
#3756 = CARTESIAN_POINT('',(2.7,-1.1,0.275));
#3757 = CARTESIAN_POINT('',(2.7,-1.1,2.5E-02));
#3758 = ADVANCED_FACE('',(#3759),#3769,.F.);
#3759 = FACE_BOUND('',#3760,.F.);
#3760 = EDGE_LOOP('',(#3761,#3766,#3767,#3768));
#3761 = ORIENTED_EDGE('',*,*,#3762,.T.);
#3762 = EDGE_CURVE('',#2993,#3077,#3763,.T.);
#3763 = B_SPLINE_CURVE_WITH_KNOTS('',1,(#3764,#3765),.UNSPECIFIED.,.F.,
  .F.,(2,2),(0.1,1.1),.PIECEWISE_BEZIER_KNOTS.);
#3764 = CARTESIAN_POINT('',(2.6,1.1,0.225));
#3765 = CARTESIAN_POINT('',(2.6,2.1,0.225));
#3766 = ORIENTED_EDGE('',*,*,#3076,.F.);
#3767 = ORIENTED_EDGE('',*,*,#2924,.F.);
#3768 = ORIENTED_EDGE('',*,*,#2999,.T.);
#3769 = ( BOUNDED_SURFACE() B_SPLINE_SURFACE(2,1,(
    (#3770,#3771)
    ,(#3772,#3773)
    ,(#3774,#3775
)),.UNSPECIFIED.,.F.,.F.,.F.) B_SPLINE_SURFACE_WITH_KNOTS((3,3),(2,2),(
    4.712388980385,6.28318530718),(0.1,1.1),.PIECEWISE_BEZIER_KNOTS.) 
GEOMETRIC_REPRESENTATION_ITEM() RATIONAL_B_SPLINE_SURFACE((
    (1.,1.)
    ,(0.707106781187,0.707106781187)
,(1.,1.))) REPRESENTATION_ITEM('') SURFACE() );
#3770 = CARTESIAN_POINT('',(2.55,1.1,0.25));
#3771 = CARTESIAN_POINT('',(2.55,2.1,0.25));
#3772 = CARTESIAN_POINT('',(2.6,1.1,0.25));
#3773 = CARTESIAN_POINT('',(2.6,2.1,0.25));
#3774 = CARTESIAN_POINT('',(2.6,1.1,0.225));
#3775 = CARTESIAN_POINT('',(2.6,2.1,0.225));
#3776 = ADVANCED_FACE('',(#3777),#3791,.F.);
#3777 = FACE_BOUND('',#3778,.F.);
#3778 = EDGE_LOOP('',(#3779,#3780,#3785,#3786));
#3779 = ORIENTED_EDGE('',*,*,#2952,.T.);
#3780 = ORIENTED_EDGE('',*,*,#3781,.T.);
#3781 = EDGE_CURVE('',#2955,#3061,#3782,.T.);
#3782 = B_SPLINE_CURVE_WITH_KNOTS('',1,(#3783,#3784),.UNSPECIFIED.,.F.,
  .F.,(2,2),(0.,1.),.PIECEWISE_BEZIER_KNOTS.);
#3783 = CARTESIAN_POINT('',(2.7,1.1,0.275));
#3784 = CARTESIAN_POINT('',(2.7,2.1,0.275));
#3785 = ORIENTED_EDGE('',*,*,#3060,.F.);
#3786 = ORIENTED_EDGE('',*,*,#3787,.F.);
#3787 = EDGE_CURVE('',#2953,#3051,#3788,.T.);
#3788 = B_SPLINE_CURVE_WITH_KNOTS('',1,(#3789,#3790),.UNSPECIFIED.,.F.,
  .F.,(2,2),(0.,1.),.PIECEWISE_BEZIER_KNOTS.);
#3789 = CARTESIAN_POINT('',(2.7,1.1,2.5E-02));
#3790 = CARTESIAN_POINT('',(2.7,2.1,2.5E-02));
#3791 = B_SPLINE_SURFACE_WITH_KNOTS('',1,1,(
    (#3792,#3793)
    ,(#3794,#3795
    )),.UNSPECIFIED.,.F.,.F.,.F.,(2,2),(2,2),(0.,1.),(-0.55,-5.E-02),
  .PIECEWISE_BEZIER_KNOTS.);
#3792 = CARTESIAN_POINT('',(2.7,1.1,0.275));
#3793 = CARTESIAN_POINT('',(2.7,1.1,2.5E-02));
#3794 = CARTESIAN_POINT('',(2.7,2.1,0.275));
#3795 = CARTESIAN_POINT('',(2.7,2.1,2.5E-02));
#3796 = ADVANCED_FACE('',(#3797),#3803,.T.);
#3797 = FACE_BOUND('',#3798,.T.);
#3798 = EDGE_LOOP('',(#3799,#3800,#3801,#3802));
#3799 = ORIENTED_EDGE('',*,*,#3781,.T.);
#3800 = ORIENTED_EDGE('',*,*,#3067,.T.);
#3801 = ORIENTED_EDGE('',*,*,#3028,.F.);
#3802 = ORIENTED_EDGE('',*,*,#3014,.F.);
#3803 = ( BOUNDED_SURFACE() B_SPLINE_SURFACE(2,1,(
    (#3804,#3805)
    ,(#3806,#3807)
    ,(#3808,#3809
)),.UNSPECIFIED.,.F.,.F.,.F.) B_SPLINE_SURFACE_WITH_KNOTS((3,3),(2,2),(
    4.712388980385,6.28318530718),(0.,1.),.PIECEWISE_BEZIER_KNOTS.) 
GEOMETRIC_REPRESENTATION_ITEM() RATIONAL_B_SPLINE_SURFACE((
    (1.,1.)
    ,(0.707106781187,0.707106781187)
,(1.,1.))) REPRESENTATION_ITEM('') SURFACE() );
#3804 = CARTESIAN_POINT('',(2.65,1.1,0.3));
#3805 = CARTESIAN_POINT('',(2.65,2.1,0.3));
#3806 = CARTESIAN_POINT('',(2.7,1.1,0.3));
#3807 = CARTESIAN_POINT('',(2.7,2.1,0.3));
#3808 = CARTESIAN_POINT('',(2.7,1.1,0.275));
#3809 = CARTESIAN_POINT('',(2.7,2.1,0.275));
#3810 = ADVANCED_FACE('',(#3811),#3817,.T.);
#3811 = FACE_BOUND('',#3812,.T.);
#3812 = EDGE_LOOP('',(#3813,#3814,#3815,#3816));
#3813 = ORIENTED_EDGE('',*,*,#3635,.F.);
#3814 = ORIENTED_EDGE('',*,*,#2992,.T.);
#3815 = ORIENTED_EDGE('',*,*,#3762,.T.);
#3816 = ORIENTED_EDGE('',*,*,#3084,.T.);
#3817 = B_SPLINE_SURFACE_WITH_KNOTS('',1,1,(
    (#3818,#3819)
    ,(#3820,#3821
    )),.UNSPECIFIED.,.F.,.F.,.F.,(2,2),(2,2),(0.1,1.1),(-0.35,-5.E-02),
  .PIECEWISE_BEZIER_KNOTS.);
#3818 = CARTESIAN_POINT('',(2.6,1.1,0.225));
#3819 = CARTESIAN_POINT('',(2.6,1.1,7.5E-02));
#3820 = CARTESIAN_POINT('',(2.6,2.1,0.225));
#3821 = CARTESIAN_POINT('',(2.6,2.1,7.5E-02));
#3822 = ADVANCED_FACE('',(#3823),#3833,.F.);
#3823 = FACE_BOUND('',#3824,.F.);
#3824 = EDGE_LOOP('',(#3825,#3826,#3827,#3828));
#3825 = ORIENTED_EDGE('',*,*,#3107,.T.);
#3826 = ORIENTED_EDGE('',*,*,#3568,.T.);
#3827 = ORIENTED_EDGE('',*,*,#2969,.T.);
#3828 = ORIENTED_EDGE('',*,*,#3829,.T.);
#3829 = EDGE_CURVE('',#2962,#3053,#3830,.T.);
#3830 = B_SPLINE_CURVE_WITH_KNOTS('',1,(#3831,#3832),.UNSPECIFIED.,.F.,
  .F.,(2,2),(0.,1.),.PIECEWISE_BEZIER_KNOTS.);
#3831 = CARTESIAN_POINT('',(2.65,1.1,-3.469446951954E-18));
#3832 = CARTESIAN_POINT('',(2.65,2.1,-3.469446951954E-18));
#3833 = B_SPLINE_SURFACE_WITH_KNOTS('',1,1,(
    (#3834,#3835)
    ,(#3836,#3837
    )),.UNSPECIFIED.,.F.,.F.,.F.,(2,2),(2,2),(-0.45,0.5),(-0.5,0.5),
  .PIECEWISE_BEZIER_KNOTS.);
#3834 = CARTESIAN_POINT('',(2.65,2.1,0.));
#3835 = CARTESIAN_POINT('',(2.65,1.1,0.));
#3836 = CARTESIAN_POINT('',(1.7,2.1,0.));
#3837 = CARTESIAN_POINT('',(1.7,1.1,0.));
#3838 = ADVANCED_FACE('',(#3839),#3845,.T.);
#3839 = FACE_BOUND('',#3840,.T.);
#3840 = EDGE_LOOP('',(#3841,#3842,#3843,#3844));
#3841 = ORIENTED_EDGE('',*,*,#2961,.T.);
#3842 = ORIENTED_EDGE('',*,*,#3829,.T.);
#3843 = ORIENTED_EDGE('',*,*,#3050,.F.);
#3844 = ORIENTED_EDGE('',*,*,#3787,.F.);
#3845 = ( BOUNDED_SURFACE() B_SPLINE_SURFACE(2,1,(
    (#3846,#3847)
    ,(#3848,#3849)
    ,(#3850,#3851
)),.UNSPECIFIED.,.F.,.F.,.F.) B_SPLINE_SURFACE_WITH_KNOTS((3,3),(2,2),(
    0.,1.570796326795),(0.,1.),.PIECEWISE_BEZIER_KNOTS.) 
GEOMETRIC_REPRESENTATION_ITEM() RATIONAL_B_SPLINE_SURFACE((
    (1.,1.)
    ,(0.707106781187,0.707106781187)
,(1.,1.))) REPRESENTATION_ITEM('') SURFACE() );
#3846 = CARTESIAN_POINT('',(2.7,1.1,2.5E-02));
#3847 = CARTESIAN_POINT('',(2.7,2.1,2.5E-02));
#3848 = CARTESIAN_POINT('',(2.7,1.1,-2.22044604925E-16));
#3849 = CARTESIAN_POINT('',(2.7,2.1,-2.22044604925E-16));
#3850 = CARTESIAN_POINT('',(2.65,1.1,0.));
#3851 = CARTESIAN_POINT('',(2.65,2.1,0.));
#3852 = ADVANCED_FACE('',(#3853),#3863,.F.);
#3853 = FACE_BOUND('',#3854,.F.);
#3854 = EDGE_LOOP('',(#3855,#3856,#3861,#3862));
#3855 = ORIENTED_EDGE('',*,*,#3447,.F.);
#3856 = ORIENTED_EDGE('',*,*,#3857,.F.);
#3857 = EDGE_CURVE('',#3531,#3441,#3858,.T.);
#3858 = B_SPLINE_CURVE_WITH_KNOTS('',1,(#3859,#3860),.UNSPECIFIED.,.F.,
  .F.,(2,2),(0.1,1.1),.PIECEWISE_BEZIER_KNOTS.);
#3859 = CARTESIAN_POINT('',(-2.6,2.1,7.5E-02));
#3860 = CARTESIAN_POINT('',(-2.6,1.1,7.5E-02));
#3861 = ORIENTED_EDGE('',*,*,#3530,.T.);
#3862 = ORIENTED_EDGE('',*,*,#3128,.T.);
#3863 = ( BOUNDED_SURFACE() B_SPLINE_SURFACE(2,1,(
    (#3864,#3865)
    ,(#3866,#3867)
    ,(#3868,#3869
)),.UNSPECIFIED.,.F.,.F.,.F.) B_SPLINE_SURFACE_WITH_KNOTS((3,3),(2,2),(
    4.712388980385,6.28318530718),(0.1,1.1),.PIECEWISE_BEZIER_KNOTS.) 
GEOMETRIC_REPRESENTATION_ITEM() RATIONAL_B_SPLINE_SURFACE((
    (1.,1.)
    ,(0.707106781187,0.707106781187)
,(1.,1.))) REPRESENTATION_ITEM('') SURFACE() );
#3864 = CARTESIAN_POINT('',(-2.6,2.1,7.5E-02));
#3865 = CARTESIAN_POINT('',(-2.6,1.1,7.5E-02));
#3866 = CARTESIAN_POINT('',(-2.6,2.1,5.E-02));
#3867 = CARTESIAN_POINT('',(-2.6,1.1,5.E-02));
#3868 = CARTESIAN_POINT('',(-2.55,2.1,5.E-02));
#3869 = CARTESIAN_POINT('',(-2.55,1.1,5.E-02));
#3870 = ADVANCED_FACE('',(#3871),#3881,.F.);
#3871 = FACE_BOUND('',#3872,.F.);
#3872 = EDGE_LOOP('',(#3873,#3874,#3879,#3880));
#3873 = ORIENTED_EDGE('',*,*,#3343,.F.);
#3874 = ORIENTED_EDGE('',*,*,#3875,.F.);
#3875 = EDGE_CURVE('',#3237,#3337,#3876,.T.);
#3876 = B_SPLINE_CURVE_WITH_KNOTS('',1,(#3877,#3878),.UNSPECIFIED.,.F.,
  .F.,(2,2),(0.1,1.1),.PIECEWISE_BEZIER_KNOTS.);
#3877 = CARTESIAN_POINT('',(-2.6,-1.1,7.5E-02));
#3878 = CARTESIAN_POINT('',(-2.6,-2.1,7.5E-02));
#3879 = ORIENTED_EDGE('',*,*,#3236,.T.);
#3880 = ORIENTED_EDGE('',*,*,#3156,.T.);
#3881 = ( BOUNDED_SURFACE() B_SPLINE_SURFACE(2,1,(
    (#3882,#3883)
    ,(#3884,#3885)
    ,(#3886,#3887
)),.UNSPECIFIED.,.F.,.F.,.F.) B_SPLINE_SURFACE_WITH_KNOTS((3,3),(2,2),(
    4.712388980385,6.28318530718),(0.1,1.1),.PIECEWISE_BEZIER_KNOTS.) 
GEOMETRIC_REPRESENTATION_ITEM() RATIONAL_B_SPLINE_SURFACE((
    (1.,1.)
    ,(0.707106781187,0.707106781187)
,(1.,1.))) REPRESENTATION_ITEM('') SURFACE() );
#3882 = CARTESIAN_POINT('',(-2.6,-1.1,7.5E-02));
#3883 = CARTESIAN_POINT('',(-2.6,-2.1,7.5E-02));
#3884 = CARTESIAN_POINT('',(-2.6,-1.1,5.E-02));
#3885 = CARTESIAN_POINT('',(-2.6,-2.1,5.E-02));
#3886 = CARTESIAN_POINT('',(-2.55,-1.1,5.E-02));
#3887 = CARTESIAN_POINT('',(-2.55,-2.1,5.E-02));
#3888 = ADVANCED_FACE('',(#3889),#3899,.F.);
#3889 = FACE_BOUND('',#3890,.F.);
#3890 = EDGE_LOOP('',(#3891,#3896,#3897,#3898));
#3891 = ORIENTED_EDGE('',*,*,#3892,.T.);
#3892 = EDGE_CURVE('',#3245,#3329,#3893,.T.);
#3893 = B_SPLINE_CURVE_WITH_KNOTS('',1,(#3894,#3895),.UNSPECIFIED.,.F.,
  .F.,(2,2),(0.1,1.1),.PIECEWISE_BEZIER_KNOTS.);
#3894 = CARTESIAN_POINT('',(-2.6,-1.1,0.225));
#3895 = CARTESIAN_POINT('',(-2.6,-2.1,0.225));
#3896 = ORIENTED_EDGE('',*,*,#3328,.F.);
#3897 = ORIENTED_EDGE('',*,*,#3184,.F.);
#3898 = ORIENTED_EDGE('',*,*,#3251,.T.);
#3899 = ( BOUNDED_SURFACE() B_SPLINE_SURFACE(2,1,(
    (#3900,#3901)
    ,(#3902,#3903)
    ,(#3904,#3905
)),.UNSPECIFIED.,.F.,.F.,.F.) B_SPLINE_SURFACE_WITH_KNOTS((3,3),(2,2),(
    4.712388980385,6.28318530718),(0.1,1.1),.PIECEWISE_BEZIER_KNOTS.) 
GEOMETRIC_REPRESENTATION_ITEM() RATIONAL_B_SPLINE_SURFACE((
    (1.,1.)
    ,(0.707106781187,0.707106781187)
,(1.,1.))) REPRESENTATION_ITEM('') SURFACE() );
#3900 = CARTESIAN_POINT('',(-2.55,-1.1,0.25));
#3901 = CARTESIAN_POINT('',(-2.55,-2.1,0.25));
#3902 = CARTESIAN_POINT('',(-2.6,-1.1,0.25));
#3903 = CARTESIAN_POINT('',(-2.6,-2.1,0.25));
#3904 = CARTESIAN_POINT('',(-2.6,-1.1,0.225));
#3905 = CARTESIAN_POINT('',(-2.6,-2.1,0.225));
#3906 = ADVANCED_FACE('',(#3907),#3921,.F.);
#3907 = FACE_BOUND('',#3908,.F.);
#3908 = EDGE_LOOP('',(#3909,#3910,#3915,#3916));
#3909 = ORIENTED_EDGE('',*,*,#3204,.T.);
#3910 = ORIENTED_EDGE('',*,*,#3911,.T.);
#3911 = EDGE_CURVE('',#3207,#3313,#3912,.T.);
#3912 = B_SPLINE_CURVE_WITH_KNOTS('',1,(#3913,#3914),.UNSPECIFIED.,.F.,
  .F.,(2,2),(0.,1.),.PIECEWISE_BEZIER_KNOTS.);
#3913 = CARTESIAN_POINT('',(-2.7,-1.1,0.275));
#3914 = CARTESIAN_POINT('',(-2.7,-2.1,0.275));
#3915 = ORIENTED_EDGE('',*,*,#3312,.F.);
#3916 = ORIENTED_EDGE('',*,*,#3917,.F.);
#3917 = EDGE_CURVE('',#3205,#3303,#3918,.T.);
#3918 = B_SPLINE_CURVE_WITH_KNOTS('',1,(#3919,#3920),.UNSPECIFIED.,.F.,
  .F.,(2,2),(0.,1.),.PIECEWISE_BEZIER_KNOTS.);
#3919 = CARTESIAN_POINT('',(-2.7,-1.1,2.5E-02));
#3920 = CARTESIAN_POINT('',(-2.7,-2.1,2.5E-02));
#3921 = B_SPLINE_SURFACE_WITH_KNOTS('',1,1,(
    (#3922,#3923)
    ,(#3924,#3925
    )),.UNSPECIFIED.,.F.,.F.,.F.,(2,2),(2,2),(0.,1.),(-0.55,-5.E-02),
  .PIECEWISE_BEZIER_KNOTS.);
#3922 = CARTESIAN_POINT('',(-2.7,-1.1,0.275));
#3923 = CARTESIAN_POINT('',(-2.7,-1.1,2.5E-02));
#3924 = CARTESIAN_POINT('',(-2.7,-2.1,0.275));
#3925 = CARTESIAN_POINT('',(-2.7,-2.1,2.5E-02));
#3926 = ADVANCED_FACE('',(#3927),#3933,.T.);
#3927 = FACE_BOUND('',#3928,.T.);
#3928 = EDGE_LOOP('',(#3929,#3930,#3931,#3932));
#3929 = ORIENTED_EDGE('',*,*,#3266,.T.);
#3930 = ORIENTED_EDGE('',*,*,#3911,.T.);
#3931 = ORIENTED_EDGE('',*,*,#3319,.F.);
#3932 = ORIENTED_EDGE('',*,*,#3282,.F.);
#3933 = ( BOUNDED_SURFACE() B_SPLINE_SURFACE(2,1,(
    (#3934,#3935)
    ,(#3936,#3937)
    ,(#3938,#3939
)),.UNSPECIFIED.,.F.,.F.,.F.) B_SPLINE_SURFACE_WITH_KNOTS((3,3),(2,2),(
    0.,1.570796326795),(0.,1.),.PIECEWISE_BEZIER_KNOTS.) 
GEOMETRIC_REPRESENTATION_ITEM() RATIONAL_B_SPLINE_SURFACE((
    (1.,1.)
    ,(0.707106781187,0.707106781187)
,(1.,1.))) REPRESENTATION_ITEM('') SURFACE() );
#3934 = CARTESIAN_POINT('',(-2.65,-1.1,0.3));
#3935 = CARTESIAN_POINT('',(-2.65,-2.1,0.3));
#3936 = CARTESIAN_POINT('',(-2.7,-1.1,0.3));
#3937 = CARTESIAN_POINT('',(-2.7,-2.1,0.3));
#3938 = CARTESIAN_POINT('',(-2.7,-1.1,0.275));
#3939 = CARTESIAN_POINT('',(-2.7,-2.1,0.275));
#3940 = ADVANCED_FACE('',(#3941),#3947,.T.);
#3941 = FACE_BOUND('',#3942,.T.);
#3942 = EDGE_LOOP('',(#3943,#3944,#3945,#3946));
#3943 = ORIENTED_EDGE('',*,*,#3875,.F.);
#3944 = ORIENTED_EDGE('',*,*,#3244,.T.);
#3945 = ORIENTED_EDGE('',*,*,#3892,.T.);
#3946 = ORIENTED_EDGE('',*,*,#3336,.T.);
#3947 = B_SPLINE_SURFACE_WITH_KNOTS('',1,1,(
    (#3948,#3949)
    ,(#3950,#3951
    )),.UNSPECIFIED.,.F.,.F.,.F.,(2,2),(2,2),(0.1,1.1),(-0.35,-5.E-02),
  .PIECEWISE_BEZIER_KNOTS.);
#3948 = CARTESIAN_POINT('',(-2.6,-1.1,0.225));
#3949 = CARTESIAN_POINT('',(-2.6,-1.1,7.5E-02));
#3950 = CARTESIAN_POINT('',(-2.6,-2.1,0.225));
#3951 = CARTESIAN_POINT('',(-2.6,-2.1,7.5E-02));
#3952 = ADVANCED_FACE('',(#3953),#3963,.F.);
#3953 = FACE_BOUND('',#3954,.F.);
#3954 = EDGE_LOOP('',(#3955,#3956,#3961,#3962));
#3955 = ORIENTED_EDGE('',*,*,#3221,.T.);
#3956 = ORIENTED_EDGE('',*,*,#3957,.T.);
#3957 = EDGE_CURVE('',#3214,#3305,#3958,.T.);
#3958 = B_SPLINE_CURVE_WITH_KNOTS('',1,(#3959,#3960),.UNSPECIFIED.,.F.,
  .F.,(2,2),(0.,1.),.PIECEWISE_BEZIER_KNOTS.);
#3959 = CARTESIAN_POINT('',(-2.65,-1.1,-3.469446951954E-18));
#3960 = CARTESIAN_POINT('',(-2.65,-2.1,-3.469446951954E-18));
#3961 = ORIENTED_EDGE('',*,*,#3359,.T.);
#3962 = ORIENTED_EDGE('',*,*,#3600,.T.);
#3963 = B_SPLINE_SURFACE_WITH_KNOTS('',1,1,(
    (#3964,#3965)
    ,(#3966,#3967
    )),.UNSPECIFIED.,.F.,.F.,.F.,(2,2),(2,2),(-0.5,0.45),(-0.5,0.5),
  .PIECEWISE_BEZIER_KNOTS.);
#3964 = CARTESIAN_POINT('',(-1.7,-1.1,0.));
#3965 = CARTESIAN_POINT('',(-1.7,-2.1,0.));
#3966 = CARTESIAN_POINT('',(-2.65,-1.1,0.));
#3967 = CARTESIAN_POINT('',(-2.65,-2.1,0.));
#3968 = ADVANCED_FACE('',(#3969),#3975,.T.);
#3969 = FACE_BOUND('',#3970,.T.);
#3970 = EDGE_LOOP('',(#3971,#3972,#3973,#3974));
#3971 = ORIENTED_EDGE('',*,*,#3213,.T.);
#3972 = ORIENTED_EDGE('',*,*,#3957,.T.);
#3973 = ORIENTED_EDGE('',*,*,#3302,.F.);
#3974 = ORIENTED_EDGE('',*,*,#3917,.F.);
#3975 = ( BOUNDED_SURFACE() B_SPLINE_SURFACE(2,1,(
    (#3976,#3977)
    ,(#3978,#3979)
    ,(#3980,#3981
)),.UNSPECIFIED.,.F.,.F.,.F.) B_SPLINE_SURFACE_WITH_KNOTS((3,3),(2,2),(
    0.,1.570796326795),(0.,1.),.PIECEWISE_BEZIER_KNOTS.) 
GEOMETRIC_REPRESENTATION_ITEM() RATIONAL_B_SPLINE_SURFACE((
    (1.,1.)
    ,(0.707106781187,0.707106781187)
,(1.,1.))) REPRESENTATION_ITEM('') SURFACE() );
#3976 = CARTESIAN_POINT('',(-2.7,-1.1,2.5E-02));
#3977 = CARTESIAN_POINT('',(-2.7,-2.1,2.5E-02));
#3978 = CARTESIAN_POINT('',(-2.7,-1.1,-2.22044604925E-16));
#3979 = CARTESIAN_POINT('',(-2.7,-2.1,-2.22044604925E-16));
#3980 = CARTESIAN_POINT('',(-2.65,-1.1,0.));
#3981 = CARTESIAN_POINT('',(-2.65,-2.1,0.));
#3982 = ADVANCED_FACE('',(#3983),#3993,.T.);
#3983 = FACE_BOUND('',#3984,.T.);
#3984 = EDGE_LOOP('',(#3985,#3986,#3991,#3992));
#3985 = ORIENTED_EDGE('',*,*,#3554,.T.);
#3986 = ORIENTED_EDGE('',*,*,#3987,.T.);
#3987 = EDGE_CURVE('',#3501,#3411,#3988,.T.);
#3988 = B_SPLINE_CURVE_WITH_KNOTS('',1,(#3989,#3990),.UNSPECIFIED.,.F.,
  .F.,(2,2),(0.,1.),.PIECEWISE_BEZIER_KNOTS.);
#3989 = CARTESIAN_POINT('',(-2.7,2.1,0.275));
#3990 = CARTESIAN_POINT('',(-2.7,1.1,0.275));
#3991 = ORIENTED_EDGE('',*,*,#3417,.F.);
#3992 = ORIENTED_EDGE('',*,*,#3380,.F.);
#3993 = ( BOUNDED_SURFACE() B_SPLINE_SURFACE(2,1,(
    (#3994,#3995)
    ,(#3996,#3997)
    ,(#3998,#3999
)),.UNSPECIFIED.,.F.,.F.,.F.) B_SPLINE_SURFACE_WITH_KNOTS((3,3),(2,2),(
    0.,1.570796326795),(0.,1.),.PIECEWISE_BEZIER_KNOTS.) 
GEOMETRIC_REPRESENTATION_ITEM() RATIONAL_B_SPLINE_SURFACE((
    (1.,1.)
    ,(0.707106781187,0.707106781187)
,(1.,1.))) REPRESENTATION_ITEM('') SURFACE() );
#3994 = CARTESIAN_POINT('',(-2.65,2.1,0.3));
#3995 = CARTESIAN_POINT('',(-2.65,1.1,0.3));
#3996 = CARTESIAN_POINT('',(-2.7,2.1,0.3));
#3997 = CARTESIAN_POINT('',(-2.7,1.1,0.3));
#3998 = CARTESIAN_POINT('',(-2.7,2.1,0.275));
#3999 = CARTESIAN_POINT('',(-2.7,1.1,0.275));
#4000 = ADVANCED_FACE('',(#4001),#4015,.T.);
#4001 = FACE_BOUND('',#4002,.T.);
#4002 = EDGE_LOOP('',(#4003,#4004,#4009,#4010));
#4003 = ORIENTED_EDGE('',*,*,#3507,.T.);
#4004 = ORIENTED_EDGE('',*,*,#4005,.T.);
#4005 = EDGE_CURVE('',#3508,#3403,#4006,.T.);
#4006 = B_SPLINE_CURVE_WITH_KNOTS('',1,(#4007,#4008),.UNSPECIFIED.,.F.,
  .F.,(2,2),(0.,1.),.PIECEWISE_BEZIER_KNOTS.);
#4007 = CARTESIAN_POINT('',(-2.65,2.1,-3.469446951954E-18));
#4008 = CARTESIAN_POINT('',(-2.65,1.1,-3.469446951954E-18));
#4009 = ORIENTED_EDGE('',*,*,#3400,.F.);
#4010 = ORIENTED_EDGE('',*,*,#4011,.F.);
#4011 = EDGE_CURVE('',#3499,#3401,#4012,.T.);
#4012 = B_SPLINE_CURVE_WITH_KNOTS('',1,(#4013,#4014),.UNSPECIFIED.,.F.,
  .F.,(2,2),(0.,1.),.PIECEWISE_BEZIER_KNOTS.);
#4013 = CARTESIAN_POINT('',(-2.7,2.1,2.5E-02));
#4014 = CARTESIAN_POINT('',(-2.7,1.1,2.5E-02));
#4015 = ( BOUNDED_SURFACE() B_SPLINE_SURFACE(2,1,(
    (#4016,#4017)
    ,(#4018,#4019)
    ,(#4020,#4021
)),.UNSPECIFIED.,.F.,.F.,.F.) B_SPLINE_SURFACE_WITH_KNOTS((3,3),(2,2),(
    0.,1.570796326795),(0.,1.),.PIECEWISE_BEZIER_KNOTS.) 
GEOMETRIC_REPRESENTATION_ITEM() RATIONAL_B_SPLINE_SURFACE((
    (1.,1.)
    ,(0.707106781187,0.707106781187)
,(1.,1.))) REPRESENTATION_ITEM('') SURFACE() );
#4016 = CARTESIAN_POINT('',(-2.7,2.1,2.5E-02));
#4017 = CARTESIAN_POINT('',(-2.7,1.1,2.5E-02));
#4018 = CARTESIAN_POINT('',(-2.7,2.1,-2.22044604925E-16));
#4019 = CARTESIAN_POINT('',(-2.7,1.1,-2.22044604925E-16));
#4020 = CARTESIAN_POINT('',(-2.65,2.1,0.));
#4021 = CARTESIAN_POINT('',(-2.65,1.1,0.));
#4022 = ADVANCED_FACE('',(#4023),#4029,.F.);
#4023 = FACE_BOUND('',#4024,.F.);
#4024 = EDGE_LOOP('',(#4025,#4026,#4027,#4028));
#4025 = ORIENTED_EDGE('',*,*,#3515,.T.);
#4026 = ORIENTED_EDGE('',*,*,#4005,.T.);
#4027 = ORIENTED_EDGE('',*,*,#3463,.T.);
#4028 = ORIENTED_EDGE('',*,*,#3616,.T.);
#4029 = B_SPLINE_SURFACE_WITH_KNOTS('',1,1,(
    (#4030,#4031)
    ,(#4032,#4033
    )),.UNSPECIFIED.,.F.,.F.,.F.,(2,2),(2,2),(-0.5,0.45),(-0.5,0.5),
  .PIECEWISE_BEZIER_KNOTS.);
#4030 = CARTESIAN_POINT('',(-1.7,2.1,0.));
#4031 = CARTESIAN_POINT('',(-1.7,1.1,0.));
#4032 = CARTESIAN_POINT('',(-2.65,2.1,0.));
#4033 = CARTESIAN_POINT('',(-2.65,1.1,0.));
#4034 = ADVANCED_FACE('',(#4035),#4045,.T.);
#4035 = FACE_BOUND('',#4036,.T.);
#4036 = EDGE_LOOP('',(#4037,#4038,#4039,#4044));
#4037 = ORIENTED_EDGE('',*,*,#3857,.F.);
#4038 = ORIENTED_EDGE('',*,*,#3538,.T.);
#4039 = ORIENTED_EDGE('',*,*,#4040,.T.);
#4040 = EDGE_CURVE('',#3539,#3433,#4041,.T.);
#4041 = B_SPLINE_CURVE_WITH_KNOTS('',1,(#4042,#4043),.UNSPECIFIED.,.F.,
  .F.,(2,2),(0.1,1.1),.PIECEWISE_BEZIER_KNOTS.);
#4042 = CARTESIAN_POINT('',(-2.6,2.1,0.225));
#4043 = CARTESIAN_POINT('',(-2.6,1.1,0.225));
#4044 = ORIENTED_EDGE('',*,*,#3440,.T.);
#4045 = B_SPLINE_SURFACE_WITH_KNOTS('',1,1,(
    (#4046,#4047)
    ,(#4048,#4049
    )),.UNSPECIFIED.,.F.,.F.,.F.,(2,2),(2,2),(0.1,1.1),(-0.35,-5.E-02),
  .PIECEWISE_BEZIER_KNOTS.);
#4046 = CARTESIAN_POINT('',(-2.6,2.1,0.225));
#4047 = CARTESIAN_POINT('',(-2.6,2.1,7.5E-02));
#4048 = CARTESIAN_POINT('',(-2.6,1.1,0.225));
#4049 = CARTESIAN_POINT('',(-2.6,1.1,7.5E-02));
#4050 = ADVANCED_FACE('',(#4051),#4057,.F.);
#4051 = FACE_BOUND('',#4052,.F.);
#4052 = EDGE_LOOP('',(#4053,#4054,#4055,#4056));
#4053 = ORIENTED_EDGE('',*,*,#4040,.T.);
#4054 = ORIENTED_EDGE('',*,*,#3432,.F.);
#4055 = ORIENTED_EDGE('',*,*,#3484,.F.);
#4056 = ORIENTED_EDGE('',*,*,#3545,.T.);
#4057 = ( BOUNDED_SURFACE() B_SPLINE_SURFACE(2,1,(
    (#4058,#4059)
    ,(#4060,#4061)
    ,(#4062,#4063
)),.UNSPECIFIED.,.F.,.F.,.F.) B_SPLINE_SURFACE_WITH_KNOTS((3,3),(2,2),(
    4.712388980385,6.28318530718),(0.1,1.1),.PIECEWISE_BEZIER_KNOTS.) 
GEOMETRIC_REPRESENTATION_ITEM() RATIONAL_B_SPLINE_SURFACE((
    (1.,1.)
    ,(0.707106781187,0.707106781187)
,(1.,1.))) REPRESENTATION_ITEM('') SURFACE() );
#4058 = CARTESIAN_POINT('',(-2.55,2.1,0.25));
#4059 = CARTESIAN_POINT('',(-2.55,1.1,0.25));
#4060 = CARTESIAN_POINT('',(-2.6,2.1,0.25));
#4061 = CARTESIAN_POINT('',(-2.6,1.1,0.25));
#4062 = CARTESIAN_POINT('',(-2.6,2.1,0.225));
#4063 = CARTESIAN_POINT('',(-2.6,1.1,0.225));
#4064 = ADVANCED_FACE('',(#4065),#4071,.F.);
#4065 = FACE_BOUND('',#4066,.F.);
#4066 = EDGE_LOOP('',(#4067,#4068,#4069,#4070));
#4067 = ORIENTED_EDGE('',*,*,#3498,.T.);
#4068 = ORIENTED_EDGE('',*,*,#3987,.T.);
#4069 = ORIENTED_EDGE('',*,*,#3410,.F.);
#4070 = ORIENTED_EDGE('',*,*,#4011,.F.);
#4071 = B_SPLINE_SURFACE_WITH_KNOTS('',1,1,(
    (#4072,#4073)
    ,(#4074,#4075
    )),.UNSPECIFIED.,.F.,.F.,.F.,(2,2),(2,2),(0.,1.),(-0.55,-5.E-02),
  .PIECEWISE_BEZIER_KNOTS.);
#4072 = CARTESIAN_POINT('',(-2.7,2.1,0.275));
#4073 = CARTESIAN_POINT('',(-2.7,2.1,2.5E-02));
#4074 = CARTESIAN_POINT('',(-2.7,1.1,0.275));
#4075 = CARTESIAN_POINT('',(-2.7,1.1,2.5E-02));
#4076 = ( GEOMETRIC_REPRESENTATION_CONTEXT(3) 
GLOBAL_UNCERTAINTY_ASSIGNED_CONTEXT((#4080)) 
GLOBAL_UNIT_ASSIGNED_CONTEXT((#4077,#4078,#4079)) REPRESENTATION_CONTEXT
('Context #1','3D Context with UNIT and UNCERTAINTY') );
#4077 = ( LENGTH_UNIT() NAMED_UNIT(*) SI_UNIT(.MILLI.,.METRE.) );
#4078 = ( NAMED_UNIT(*) PLANE_ANGLE_UNIT() SI_UNIT($,.RADIAN.) );
#4079 = ( NAMED_UNIT(*) SI_UNIT($,.STERADIAN.) SOLID_ANGLE_UNIT() );
#4080 = UNCERTAINTY_MEASURE_WITH_UNIT(LENGTH_MEASURE(1.E-07),#4077,
  'distance_accuracy_value','confusion accuracy');
#4081 = CONTEXT_DEPENDENT_SHAPE_REPRESENTATION(#4082,#4084);
#4082 = ( REPRESENTATION_RELATIONSHIP('','',#1935,#1912) 
REPRESENTATION_RELATIONSHIP_WITH_TRANSFORMATION(#4083) 
SHAPE_REPRESENTATION_RELATIONSHIP() );
#4083 = ITEM_DEFINED_TRANSFORMATION('','',#11,#1913);
#4084 = PRODUCT_DEFINITION_SHAPE('Placement','Placement of an item',
  #4085);
#4085 = NEXT_ASSEMBLY_USAGE_OCCURRENCE('3','=>[0:1:1:5]','',#1907,#1930,
  $);
#4086 = PRODUCT_RELATED_PRODUCT_CATEGORY('part',$,(#1932));
#4087 = CONTEXT_DEPENDENT_SHAPE_REPRESENTATION(#4088,#4090);
#4088 = ( REPRESENTATION_RELATIONSHIP('','',#1912,#10) 
REPRESENTATION_RELATIONSHIP_WITH_TRANSFORMATION(#4089) 
SHAPE_REPRESENTATION_RELATIONSHIP() );
#4089 = ITEM_DEFINED_TRANSFORMATION('','',#11,#23);
#4090 = PRODUCT_DEFINITION_SHAPE('Placement','Placement of an item',
  #4091);
#4091 = NEXT_ASSEMBLY_USAGE_OCCURRENCE('5','LED16','',#5,#1907,$);
#4092 = CONTEXT_DEPENDENT_SHAPE_REPRESENTATION(#4093,#4095);
#4093 = ( REPRESENTATION_RELATIONSHIP('','',#1912,#10) 
REPRESENTATION_RELATIONSHIP_WITH_TRANSFORMATION(#4094) 
SHAPE_REPRESENTATION_RELATIONSHIP() );
#4094 = ITEM_DEFINED_TRANSFORMATION('','',#11,#27);
#4095 = PRODUCT_DEFINITION_SHAPE('Placement','Placement of an item',
  #4096);
#4096 = NEXT_ASSEMBLY_USAGE_OCCURRENCE('6','LED71','',#5,#1907,$);
#4097 = CONTEXT_DEPENDENT_SHAPE_REPRESENTATION(#4098,#4100);
#4098 = ( REPRESENTATION_RELATIONSHIP('','',#1912,#10) 
REPRESENTATION_RELATIONSHIP_WITH_TRANSFORMATION(#4099) 
SHAPE_REPRESENTATION_RELATIONSHIP() );
#4099 = ITEM_DEFINED_TRANSFORMATION('','',#11,#31);
#4100 = PRODUCT_DEFINITION_SHAPE('Placement','Placement of an item',
  #4101);
#4101 = NEXT_ASSEMBLY_USAGE_OCCURRENCE('7','LED27','',#5,#1907,$);
#4102 = CONTEXT_DEPENDENT_SHAPE_REPRESENTATION(#4103,#4105);
#4103 = ( REPRESENTATION_RELATIONSHIP('','',#1912,#10) 
REPRESENTATION_RELATIONSHIP_WITH_TRANSFORMATION(#4104) 
SHAPE_REPRESENTATION_RELATIONSHIP() );
#4104 = ITEM_DEFINED_TRANSFORMATION('','',#11,#35);
#4105 = PRODUCT_DEFINITION_SHAPE('Placement','Placement of an item',
  #4106);
#4106 = NEXT_ASSEMBLY_USAGE_OCCURRENCE('8','LED42','',#5,#1907,$);
#4107 = CONTEXT_DEPENDENT_SHAPE_REPRESENTATION(#4108,#4110);
#4108 = ( REPRESENTATION_RELATIONSHIP('','',#672,#10) 
REPRESENTATION_RELATIONSHIP_WITH_TRANSFORMATION(#4109) 
SHAPE_REPRESENTATION_RELATIONSHIP() );
#4109 = ITEM_DEFINED_TRANSFORMATION('','',#11,#39);
#4110 = PRODUCT_DEFINITION_SHAPE('Placement','Placement of an item',
  #4111);
#4111 = NEXT_ASSEMBLY_USAGE_OCCURRENCE('9','C10','',#5,#667,$);
#4112 = CONTEXT_DEPENDENT_SHAPE_REPRESENTATION(#4113,#4115);
#4113 = ( REPRESENTATION_RELATIONSHIP('','',#1912,#10) 
REPRESENTATION_RELATIONSHIP_WITH_TRANSFORMATION(#4114) 
SHAPE_REPRESENTATION_RELATIONSHIP() );
#4114 = ITEM_DEFINED_TRANSFORMATION('','',#11,#43);
#4115 = PRODUCT_DEFINITION_SHAPE('Placement','Placement of an item',
  #4116);
#4116 = NEXT_ASSEMBLY_USAGE_OCCURRENCE('10','LED4','',#5,#1907,$);
#4117 = CONTEXT_DEPENDENT_SHAPE_REPRESENTATION(#4118,#4120);
#4118 = ( REPRESENTATION_RELATIONSHIP('','',#672,#10) 
REPRESENTATION_RELATIONSHIP_WITH_TRANSFORMATION(#4119) 
SHAPE_REPRESENTATION_RELATIONSHIP() );
#4119 = ITEM_DEFINED_TRANSFORMATION('','',#11,#47);
#4120 = PRODUCT_DEFINITION_SHAPE('Placement','Placement of an item',
  #4121);
#4121 = NEXT_ASSEMBLY_USAGE_OCCURRENCE('11','C14','',#5,#667,$);
#4122 = CONTEXT_DEPENDENT_SHAPE_REPRESENTATION(#4123,#4125);
#4123 = ( REPRESENTATION_RELATIONSHIP('','',#1912,#10) 
REPRESENTATION_RELATIONSHIP_WITH_TRANSFORMATION(#4124) 
SHAPE_REPRESENTATION_RELATIONSHIP() );
#4124 = ITEM_DEFINED_TRANSFORMATION('','',#11,#51);
#4125 = PRODUCT_DEFINITION_SHAPE('Placement','Placement of an item',
  #4126);
#4126 = NEXT_ASSEMBLY_USAGE_OCCURRENCE('12','LED18','',#5,#1907,$);
#4127 = CONTEXT_DEPENDENT_SHAPE_REPRESENTATION(#4128,#4130);
#4128 = ( REPRESENTATION_RELATIONSHIP('','',#672,#10) 
REPRESENTATION_RELATIONSHIP_WITH_TRANSFORMATION(#4129) 
SHAPE_REPRESENTATION_RELATIONSHIP() );
#4129 = ITEM_DEFINED_TRANSFORMATION('','',#11,#55);
#4130 = PRODUCT_DEFINITION_SHAPE('Placement','Placement of an item',
  #4131);
#4131 = NEXT_ASSEMBLY_USAGE_OCCURRENCE('13','C70','',#5,#667,$);
#4132 = CONTEXT_DEPENDENT_SHAPE_REPRESENTATION(#4133,#4135);
#4133 = ( REPRESENTATION_RELATIONSHIP('','',#672,#10) 
REPRESENTATION_RELATIONSHIP_WITH_TRANSFORMATION(#4134) 
SHAPE_REPRESENTATION_RELATIONSHIP() );
#4134 = ITEM_DEFINED_TRANSFORMATION('','',#11,#59);
#4135 = PRODUCT_DEFINITION_SHAPE('Placement','Placement of an item',
  #4136);
#4136 = NEXT_ASSEMBLY_USAGE_OCCURRENCE('14','C16','',#5,#667,$);
#4137 = CONTEXT_DEPENDENT_SHAPE_REPRESENTATION(#4138,#4140);
#4138 = ( REPRESENTATION_RELATIONSHIP('','',#672,#10) 
REPRESENTATION_RELATIONSHIP_WITH_TRANSFORMATION(#4139) 
SHAPE_REPRESENTATION_RELATIONSHIP() );
#4139 = ITEM_DEFINED_TRANSFORMATION('','',#11,#63);
#4140 = PRODUCT_DEFINITION_SHAPE('Placement','Placement of an item',
  #4141);
#4141 = NEXT_ASSEMBLY_USAGE_OCCURRENCE('15','C8','',#5,#667,$);
#4142 = CONTEXT_DEPENDENT_SHAPE_REPRESENTATION(#4143,#4145);
#4143 = ( REPRESENTATION_RELATIONSHIP('','',#672,#10) 
REPRESENTATION_RELATIONSHIP_WITH_TRANSFORMATION(#4144) 
SHAPE_REPRESENTATION_RELATIONSHIP() );
#4144 = ITEM_DEFINED_TRANSFORMATION('','',#11,#67);
#4145 = PRODUCT_DEFINITION_SHAPE('Placement','Placement of an item',
  #4146);
#4146 = NEXT_ASSEMBLY_USAGE_OCCURRENCE('16','C77','',#5,#667,$);
#4147 = CONTEXT_DEPENDENT_SHAPE_REPRESENTATION(#4148,#4150);
#4148 = ( REPRESENTATION_RELATIONSHIP('','',#1912,#10) 
REPRESENTATION_RELATIONSHIP_WITH_TRANSFORMATION(#4149) 
SHAPE_REPRESENTATION_RELATIONSHIP() );
#4149 = ITEM_DEFINED_TRANSFORMATION('','',#11,#71);
#4150 = PRODUCT_DEFINITION_SHAPE('Placement','Placement of an item',
  #4151);
#4151 = NEXT_ASSEMBLY_USAGE_OCCURRENCE('17','LED68','',#5,#1907,$);
#4152 = CONTEXT_DEPENDENT_SHAPE_REPRESENTATION(#4153,#4155);
#4153 = ( REPRESENTATION_RELATIONSHIP('','',#672,#10) 
REPRESENTATION_RELATIONSHIP_WITH_TRANSFORMATION(#4154) 
SHAPE_REPRESENTATION_RELATIONSHIP() );
#4154 = ITEM_DEFINED_TRANSFORMATION('','',#11,#75);
#4155 = PRODUCT_DEFINITION_SHAPE('Placement','Placement of an item',
  #4156);
#4156 = NEXT_ASSEMBLY_USAGE_OCCURRENCE('18','C64','',#5,#667,$);
#4157 = CONTEXT_DEPENDENT_SHAPE_REPRESENTATION(#4158,#4160);
#4158 = ( REPRESENTATION_RELATIONSHIP('','',#672,#10) 
REPRESENTATION_RELATIONSHIP_WITH_TRANSFORMATION(#4159) 
SHAPE_REPRESENTATION_RELATIONSHIP() );
#4159 = ITEM_DEFINED_TRANSFORMATION('','',#11,#79);
#4160 = PRODUCT_DEFINITION_SHAPE('Placement','Placement of an item',
  #4161);
#4161 = NEXT_ASSEMBLY_USAGE_OCCURRENCE('19','C41','',#5,#667,$);
#4162 = CONTEXT_DEPENDENT_SHAPE_REPRESENTATION(#4163,#4165);
#4163 = ( REPRESENTATION_RELATIONSHIP('','',#1912,#10) 
REPRESENTATION_RELATIONSHIP_WITH_TRANSFORMATION(#4164) 
SHAPE_REPRESENTATION_RELATIONSHIP() );
#4164 = ITEM_DEFINED_TRANSFORMATION('','',#11,#83);
#4165 = PRODUCT_DEFINITION_SHAPE('Placement','Placement of an item',
  #4166);
#4166 = NEXT_ASSEMBLY_USAGE_OCCURRENCE('20','LED9','',#5,#1907,$);
#4167 = CONTEXT_DEPENDENT_SHAPE_REPRESENTATION(#4168,#4170);
#4168 = ( REPRESENTATION_RELATIONSHIP('','',#672,#10) 
REPRESENTATION_RELATIONSHIP_WITH_TRANSFORMATION(#4169) 
SHAPE_REPRESENTATION_RELATIONSHIP() );
#4169 = ITEM_DEFINED_TRANSFORMATION('','',#11,#87);
#4170 = PRODUCT_DEFINITION_SHAPE('Placement','Placement of an item',
  #4171);
#4171 = NEXT_ASSEMBLY_USAGE_OCCURRENCE('21','C35','',#5,#667,$);
#4172 = CONTEXT_DEPENDENT_SHAPE_REPRESENTATION(#4173,#4175);
#4173 = ( REPRESENTATION_RELATIONSHIP('','',#1912,#10) 
REPRESENTATION_RELATIONSHIP_WITH_TRANSFORMATION(#4174) 
SHAPE_REPRESENTATION_RELATIONSHIP() );
#4174 = ITEM_DEFINED_TRANSFORMATION('','',#11,#91);
#4175 = PRODUCT_DEFINITION_SHAPE('Placement','Placement of an item',
  #4176);
#4176 = NEXT_ASSEMBLY_USAGE_OCCURRENCE('22','LED46','',#5,#1907,$);
#4177 = CONTEXT_DEPENDENT_SHAPE_REPRESENTATION(#4178,#4180);
#4178 = ( REPRESENTATION_RELATIONSHIP('','',#672,#10) 
REPRESENTATION_RELATIONSHIP_WITH_TRANSFORMATION(#4179) 
SHAPE_REPRESENTATION_RELATIONSHIP() );
#4179 = ITEM_DEFINED_TRANSFORMATION('','',#11,#95);
#4180 = PRODUCT_DEFINITION_SHAPE('Placement','Placement of an item',
  #4181);
#4181 = NEXT_ASSEMBLY_USAGE_OCCURRENCE('23','C78','',#5,#667,$);
#4182 = CONTEXT_DEPENDENT_SHAPE_REPRESENTATION(#4183,#4185);
#4183 = ( REPRESENTATION_RELATIONSHIP('','',#1912,#10) 
REPRESENTATION_RELATIONSHIP_WITH_TRANSFORMATION(#4184) 
SHAPE_REPRESENTATION_RELATIONSHIP() );
#4184 = ITEM_DEFINED_TRANSFORMATION('','',#11,#99);
#4185 = PRODUCT_DEFINITION_SHAPE('Placement','Placement of an item',
  #4186);
#4186 = NEXT_ASSEMBLY_USAGE_OCCURRENCE('24','LED75','',#5,#1907,$);
#4187 = CONTEXT_DEPENDENT_SHAPE_REPRESENTATION(#4188,#4190);
#4188 = ( REPRESENTATION_RELATIONSHIP('','',#672,#10) 
REPRESENTATION_RELATIONSHIP_WITH_TRANSFORMATION(#4189) 
SHAPE_REPRESENTATION_RELATIONSHIP() );
#4189 = ITEM_DEFINED_TRANSFORMATION('','',#11,#103);
#4190 = PRODUCT_DEFINITION_SHAPE('Placement','Placement of an item',
  #4191);
#4191 = NEXT_ASSEMBLY_USAGE_OCCURRENCE('25','C72','',#5,#667,$);
#4192 = CONTEXT_DEPENDENT_SHAPE_REPRESENTATION(#4193,#4195);
#4193 = ( REPRESENTATION_RELATIONSHIP('','',#1912,#10) 
REPRESENTATION_RELATIONSHIP_WITH_TRANSFORMATION(#4194) 
SHAPE_REPRESENTATION_RELATIONSHIP() );
#4194 = ITEM_DEFINED_TRANSFORMATION('','',#11,#107);
#4195 = PRODUCT_DEFINITION_SHAPE('Placement','Placement of an item',
  #4196);
#4196 = NEXT_ASSEMBLY_USAGE_OCCURRENCE('26','LED64','',#5,#1907,$);
#4197 = CONTEXT_DEPENDENT_SHAPE_REPRESENTATION(#4198,#4200);
#4198 = ( REPRESENTATION_RELATIONSHIP('','',#672,#10) 
REPRESENTATION_RELATIONSHIP_WITH_TRANSFORMATION(#4199) 
SHAPE_REPRESENTATION_RELATIONSHIP() );
#4199 = ITEM_DEFINED_TRANSFORMATION('','',#11,#111);
#4200 = PRODUCT_DEFINITION_SHAPE('Placement','Placement of an item',
  #4201);
#4201 = NEXT_ASSEMBLY_USAGE_OCCURRENCE('27','C74','',#5,#667,$);
#4202 = CONTEXT_DEPENDENT_SHAPE_REPRESENTATION(#4203,#4205);
#4203 = ( REPRESENTATION_RELATIONSHIP('','',#672,#10) 
REPRESENTATION_RELATIONSHIP_WITH_TRANSFORMATION(#4204) 
SHAPE_REPRESENTATION_RELATIONSHIP() );
#4204 = ITEM_DEFINED_TRANSFORMATION('','',#11,#115);
#4205 = PRODUCT_DEFINITION_SHAPE('Placement','Placement of an item',
  #4206);
#4206 = NEXT_ASSEMBLY_USAGE_OCCURRENCE('28','C3','',#5,#667,$);
#4207 = CONTEXT_DEPENDENT_SHAPE_REPRESENTATION(#4208,#4210);
#4208 = ( REPRESENTATION_RELATIONSHIP('','',#1912,#10) 
REPRESENTATION_RELATIONSHIP_WITH_TRANSFORMATION(#4209) 
SHAPE_REPRESENTATION_RELATIONSHIP() );
#4209 = ITEM_DEFINED_TRANSFORMATION('','',#11,#119);
#4210 = PRODUCT_DEFINITION_SHAPE('Placement','Placement of an item',
  #4211);
#4211 = NEXT_ASSEMBLY_USAGE_OCCURRENCE('29','LED58','',#5,#1907,$);
#4212 = CONTEXT_DEPENDENT_SHAPE_REPRESENTATION(#4213,#4215);
#4213 = ( REPRESENTATION_RELATIONSHIP('','',#1912,#10) 
REPRESENTATION_RELATIONSHIP_WITH_TRANSFORMATION(#4214) 
SHAPE_REPRESENTATION_RELATIONSHIP() );
#4214 = ITEM_DEFINED_TRANSFORMATION('','',#11,#123);
#4215 = PRODUCT_DEFINITION_SHAPE('Placement','Placement of an item',
  #4216);
#4216 = NEXT_ASSEMBLY_USAGE_OCCURRENCE('30','LED3','',#5,#1907,$);
#4217 = CONTEXT_DEPENDENT_SHAPE_REPRESENTATION(#4218,#4220);
#4218 = ( REPRESENTATION_RELATIONSHIP('','',#672,#10) 
REPRESENTATION_RELATIONSHIP_WITH_TRANSFORMATION(#4219) 
SHAPE_REPRESENTATION_RELATIONSHIP() );
#4219 = ITEM_DEFINED_TRANSFORMATION('','',#11,#127);
#4220 = PRODUCT_DEFINITION_SHAPE('Placement','Placement of an item',
  #4221);
#4221 = NEXT_ASSEMBLY_USAGE_OCCURRENCE('31','C9','',#5,#667,$);
#4222 = CONTEXT_DEPENDENT_SHAPE_REPRESENTATION(#4223,#4225);
#4223 = ( REPRESENTATION_RELATIONSHIP('','',#1912,#10) 
REPRESENTATION_RELATIONSHIP_WITH_TRANSFORMATION(#4224) 
SHAPE_REPRESENTATION_RELATIONSHIP() );
#4224 = ITEM_DEFINED_TRANSFORMATION('','',#11,#131);
#4225 = PRODUCT_DEFINITION_SHAPE('Placement','Placement of an item',
  #4226);
#4226 = NEXT_ASSEMBLY_USAGE_OCCURRENCE('32','LED67','',#5,#1907,$);
#4227 = CONTEXT_DEPENDENT_SHAPE_REPRESENTATION(#4228,#4230);
#4228 = ( REPRESENTATION_RELATIONSHIP('','',#1912,#10) 
REPRESENTATION_RELATIONSHIP_WITH_TRANSFORMATION(#4229) 
SHAPE_REPRESENTATION_RELATIONSHIP() );
#4229 = ITEM_DEFINED_TRANSFORMATION('','',#11,#135);
#4230 = PRODUCT_DEFINITION_SHAPE('Placement','Placement of an item',
  #4231);
#4231 = NEXT_ASSEMBLY_USAGE_OCCURRENCE('33','LED7','',#5,#1907,$);
#4232 = CONTEXT_DEPENDENT_SHAPE_REPRESENTATION(#4233,#4235);
#4233 = ( REPRESENTATION_RELATIONSHIP('','',#1912,#10) 
REPRESENTATION_RELATIONSHIP_WITH_TRANSFORMATION(#4234) 
SHAPE_REPRESENTATION_RELATIONSHIP() );
#4234 = ITEM_DEFINED_TRANSFORMATION('','',#11,#139);
#4235 = PRODUCT_DEFINITION_SHAPE('Placement','Placement of an item',
  #4236);
#4236 = NEXT_ASSEMBLY_USAGE_OCCURRENCE('34','LED66','',#5,#1907,$);
#4237 = CONTEXT_DEPENDENT_SHAPE_REPRESENTATION(#4238,#4240);
#4238 = ( REPRESENTATION_RELATIONSHIP('','',#672,#10) 
REPRESENTATION_RELATIONSHIP_WITH_TRANSFORMATION(#4239) 
SHAPE_REPRESENTATION_RELATIONSHIP() );
#4239 = ITEM_DEFINED_TRANSFORMATION('','',#11,#143);
#4240 = PRODUCT_DEFINITION_SHAPE('Placement','Placement of an item',
  #4241);
#4241 = NEXT_ASSEMBLY_USAGE_OCCURRENCE('35','C59','',#5,#667,$);
#4242 = CONTEXT_DEPENDENT_SHAPE_REPRESENTATION(#4243,#4245);
#4243 = ( REPRESENTATION_RELATIONSHIP('','',#1912,#10) 
REPRESENTATION_RELATIONSHIP_WITH_TRANSFORMATION(#4244) 
SHAPE_REPRESENTATION_RELATIONSHIP() );
#4244 = ITEM_DEFINED_TRANSFORMATION('','',#11,#147);
#4245 = PRODUCT_DEFINITION_SHAPE('Placement','Placement of an item',
  #4246);
#4246 = NEXT_ASSEMBLY_USAGE_OCCURRENCE('36','LED43','',#5,#1907,$);
#4247 = CONTEXT_DEPENDENT_SHAPE_REPRESENTATION(#4248,#4250);
#4248 = ( REPRESENTATION_RELATIONSHIP('','',#672,#10) 
REPRESENTATION_RELATIONSHIP_WITH_TRANSFORMATION(#4249) 
SHAPE_REPRESENTATION_RELATIONSHIP() );
#4249 = ITEM_DEFINED_TRANSFORMATION('','',#11,#151);
#4250 = PRODUCT_DEFINITION_SHAPE('Placement','Placement of an item',
  #4251);
#4251 = NEXT_ASSEMBLY_USAGE_OCCURRENCE('37','C65','',#5,#667,$);
#4252 = CONTEXT_DEPENDENT_SHAPE_REPRESENTATION(#4253,#4255);
#4253 = ( REPRESENTATION_RELATIONSHIP('','',#672,#10) 
REPRESENTATION_RELATIONSHIP_WITH_TRANSFORMATION(#4254) 
SHAPE_REPRESENTATION_RELATIONSHIP() );
#4254 = ITEM_DEFINED_TRANSFORMATION('','',#11,#155);
#4255 = PRODUCT_DEFINITION_SHAPE('Placement','Placement of an item',
  #4256);
#4256 = NEXT_ASSEMBLY_USAGE_OCCURRENCE('38','C39','',#5,#667,$);
#4257 = CONTEXT_DEPENDENT_SHAPE_REPRESENTATION(#4258,#4260);
#4258 = ( REPRESENTATION_RELATIONSHIP('','',#672,#10) 
REPRESENTATION_RELATIONSHIP_WITH_TRANSFORMATION(#4259) 
SHAPE_REPRESENTATION_RELATIONSHIP() );
#4259 = ITEM_DEFINED_TRANSFORMATION('','',#11,#159);
#4260 = PRODUCT_DEFINITION_SHAPE('Placement','Placement of an item',
  #4261);
#4261 = NEXT_ASSEMBLY_USAGE_OCCURRENCE('39','C27','',#5,#667,$);
#4262 = CONTEXT_DEPENDENT_SHAPE_REPRESENTATION(#4263,#4265);
#4263 = ( REPRESENTATION_RELATIONSHIP('','',#1912,#10) 
REPRESENTATION_RELATIONSHIP_WITH_TRANSFORMATION(#4264) 
SHAPE_REPRESENTATION_RELATIONSHIP() );
#4264 = ITEM_DEFINED_TRANSFORMATION('','',#11,#163);
#4265 = PRODUCT_DEFINITION_SHAPE('Placement','Placement of an item',
  #4266);
#4266 = NEXT_ASSEMBLY_USAGE_OCCURRENCE('40','LED19','',#5,#1907,$);
#4267 = CONTEXT_DEPENDENT_SHAPE_REPRESENTATION(#4268,#4270);
#4268 = ( REPRESENTATION_RELATIONSHIP('','',#1912,#10) 
REPRESENTATION_RELATIONSHIP_WITH_TRANSFORMATION(#4269) 
SHAPE_REPRESENTATION_RELATIONSHIP() );
#4269 = ITEM_DEFINED_TRANSFORMATION('','',#11,#167);
#4270 = PRODUCT_DEFINITION_SHAPE('Placement','Placement of an item',
  #4271);
#4271 = NEXT_ASSEMBLY_USAGE_OCCURRENCE('41','LED17','',#5,#1907,$);
#4272 = CONTEXT_DEPENDENT_SHAPE_REPRESENTATION(#4273,#4275);
#4273 = ( REPRESENTATION_RELATIONSHIP('','',#1912,#10) 
REPRESENTATION_RELATIONSHIP_WITH_TRANSFORMATION(#4274) 
SHAPE_REPRESENTATION_RELATIONSHIP() );
#4274 = ITEM_DEFINED_TRANSFORMATION('','',#11,#171);
#4275 = PRODUCT_DEFINITION_SHAPE('Placement','Placement of an item',
  #4276);
#4276 = NEXT_ASSEMBLY_USAGE_OCCURRENCE('42','LED47','',#5,#1907,$);
#4277 = CONTEXT_DEPENDENT_SHAPE_REPRESENTATION(#4278,#4280);
#4278 = ( REPRESENTATION_RELATIONSHIP('','',#1912,#10) 
REPRESENTATION_RELATIONSHIP_WITH_TRANSFORMATION(#4279) 
SHAPE_REPRESENTATION_RELATIONSHIP() );
#4279 = ITEM_DEFINED_TRANSFORMATION('','',#11,#175);
#4280 = PRODUCT_DEFINITION_SHAPE('Placement','Placement of an item',
  #4281);
#4281 = NEXT_ASSEMBLY_USAGE_OCCURRENCE('43','LED73','',#5,#1907,$);
#4282 = CONTEXT_DEPENDENT_SHAPE_REPRESENTATION(#4283,#4285);
#4283 = ( REPRESENTATION_RELATIONSHIP('','',#1912,#10) 
REPRESENTATION_RELATIONSHIP_WITH_TRANSFORMATION(#4284) 
SHAPE_REPRESENTATION_RELATIONSHIP() );
#4284 = ITEM_DEFINED_TRANSFORMATION('','',#11,#179);
#4285 = PRODUCT_DEFINITION_SHAPE('Placement','Placement of an item',
  #4286);
#4286 = NEXT_ASSEMBLY_USAGE_OCCURRENCE('44','LED63','',#5,#1907,$);
#4287 = CONTEXT_DEPENDENT_SHAPE_REPRESENTATION(#4288,#4290);
#4288 = ( REPRESENTATION_RELATIONSHIP('','',#672,#10) 
REPRESENTATION_RELATIONSHIP_WITH_TRANSFORMATION(#4289) 
SHAPE_REPRESENTATION_RELATIONSHIP() );
#4289 = ITEM_DEFINED_TRANSFORMATION('','',#11,#183);
#4290 = PRODUCT_DEFINITION_SHAPE('Placement','Placement of an item',
  #4291);
#4291 = NEXT_ASSEMBLY_USAGE_OCCURRENCE('45','C69','',#5,#667,$);
#4292 = CONTEXT_DEPENDENT_SHAPE_REPRESENTATION(#4293,#4295);
#4293 = ( REPRESENTATION_RELATIONSHIP('','',#1912,#10) 
REPRESENTATION_RELATIONSHIP_WITH_TRANSFORMATION(#4294) 
SHAPE_REPRESENTATION_RELATIONSHIP() );
#4294 = ITEM_DEFINED_TRANSFORMATION('','',#11,#187);
#4295 = PRODUCT_DEFINITION_SHAPE('Placement','Placement of an item',
  #4296);
#4296 = NEXT_ASSEMBLY_USAGE_OCCURRENCE('46','LED39','',#5,#1907,$);
#4297 = CONTEXT_DEPENDENT_SHAPE_REPRESENTATION(#4298,#4300);
#4298 = ( REPRESENTATION_RELATIONSHIP('','',#1912,#10) 
REPRESENTATION_RELATIONSHIP_WITH_TRANSFORMATION(#4299) 
SHAPE_REPRESENTATION_RELATIONSHIP() );
#4299 = ITEM_DEFINED_TRANSFORMATION('','',#11,#191);
#4300 = PRODUCT_DEFINITION_SHAPE('Placement','Placement of an item',
  #4301);
#4301 = NEXT_ASSEMBLY_USAGE_OCCURRENCE('47','LED65','',#5,#1907,$);
#4302 = CONTEXT_DEPENDENT_SHAPE_REPRESENTATION(#4303,#4305);
#4303 = ( REPRESENTATION_RELATIONSHIP('','',#1912,#10) 
REPRESENTATION_RELATIONSHIP_WITH_TRANSFORMATION(#4304) 
SHAPE_REPRESENTATION_RELATIONSHIP() );
#4304 = ITEM_DEFINED_TRANSFORMATION('','',#11,#195);
#4305 = PRODUCT_DEFINITION_SHAPE('Placement','Placement of an item',
  #4306);
#4306 = NEXT_ASSEMBLY_USAGE_OCCURRENCE('48','LED11','',#5,#1907,$);
#4307 = CONTEXT_DEPENDENT_SHAPE_REPRESENTATION(#4308,#4310);
#4308 = ( REPRESENTATION_RELATIONSHIP('','',#672,#10) 
REPRESENTATION_RELATIONSHIP_WITH_TRANSFORMATION(#4309) 
SHAPE_REPRESENTATION_RELATIONSHIP() );
#4309 = ITEM_DEFINED_TRANSFORMATION('','',#11,#199);
#4310 = PRODUCT_DEFINITION_SHAPE('Placement','Placement of an item',
  #4311);
#4311 = NEXT_ASSEMBLY_USAGE_OCCURRENCE('49','C42','',#5,#667,$);
#4312 = CONTEXT_DEPENDENT_SHAPE_REPRESENTATION(#4313,#4315);
#4313 = ( REPRESENTATION_RELATIONSHIP('','',#1912,#10) 
REPRESENTATION_RELATIONSHIP_WITH_TRANSFORMATION(#4314) 
SHAPE_REPRESENTATION_RELATIONSHIP() );
#4314 = ITEM_DEFINED_TRANSFORMATION('','',#11,#203);
#4315 = PRODUCT_DEFINITION_SHAPE('Placement','Placement of an item',
  #4316);
#4316 = NEXT_ASSEMBLY_USAGE_OCCURRENCE('50','LED31','',#5,#1907,$);
#4317 = CONTEXT_DEPENDENT_SHAPE_REPRESENTATION(#4318,#4320);
#4318 = ( REPRESENTATION_RELATIONSHIP('','',#1912,#10) 
REPRESENTATION_RELATIONSHIP_WITH_TRANSFORMATION(#4319) 
SHAPE_REPRESENTATION_RELATIONSHIP() );
#4319 = ITEM_DEFINED_TRANSFORMATION('','',#11,#207);
#4320 = PRODUCT_DEFINITION_SHAPE('Placement','Placement of an item',
  #4321);
#4321 = NEXT_ASSEMBLY_USAGE_OCCURRENCE('51','LED2','',#5,#1907,$);
#4322 = CONTEXT_DEPENDENT_SHAPE_REPRESENTATION(#4323,#4325);
#4323 = ( REPRESENTATION_RELATIONSHIP('','',#1912,#10) 
REPRESENTATION_RELATIONSHIP_WITH_TRANSFORMATION(#4324) 
SHAPE_REPRESENTATION_RELATIONSHIP() );
#4324 = ITEM_DEFINED_TRANSFORMATION('','',#11,#211);
#4325 = PRODUCT_DEFINITION_SHAPE('Placement','Placement of an item',
  #4326);
#4326 = NEXT_ASSEMBLY_USAGE_OCCURRENCE('52','LED80','',#5,#1907,$);
#4327 = CONTEXT_DEPENDENT_SHAPE_REPRESENTATION(#4328,#4330);
#4328 = ( REPRESENTATION_RELATIONSHIP('','',#1912,#10) 
REPRESENTATION_RELATIONSHIP_WITH_TRANSFORMATION(#4329) 
SHAPE_REPRESENTATION_RELATIONSHIP() );
#4329 = ITEM_DEFINED_TRANSFORMATION('','',#11,#215);
#4330 = PRODUCT_DEFINITION_SHAPE('Placement','Placement of an item',
  #4331);
#4331 = NEXT_ASSEMBLY_USAGE_OCCURRENCE('53','LED32','',#5,#1907,$);
#4332 = CONTEXT_DEPENDENT_SHAPE_REPRESENTATION(#4333,#4335);
#4333 = ( REPRESENTATION_RELATIONSHIP('','',#672,#10) 
REPRESENTATION_RELATIONSHIP_WITH_TRANSFORMATION(#4334) 
SHAPE_REPRESENTATION_RELATIONSHIP() );
#4334 = ITEM_DEFINED_TRANSFORMATION('','',#11,#219);
#4335 = PRODUCT_DEFINITION_SHAPE('Placement','Placement of an item',
  #4336);
#4336 = NEXT_ASSEMBLY_USAGE_OCCURRENCE('54','C52','',#5,#667,$);
#4337 = CONTEXT_DEPENDENT_SHAPE_REPRESENTATION(#4338,#4340);
#4338 = ( REPRESENTATION_RELATIONSHIP('','',#672,#10) 
REPRESENTATION_RELATIONSHIP_WITH_TRANSFORMATION(#4339) 
SHAPE_REPRESENTATION_RELATIONSHIP() );
#4339 = ITEM_DEFINED_TRANSFORMATION('','',#11,#223);
#4340 = PRODUCT_DEFINITION_SHAPE('Placement','Placement of an item',
  #4341);
#4341 = NEXT_ASSEMBLY_USAGE_OCCURRENCE('55','C7','',#5,#667,$);
#4342 = CONTEXT_DEPENDENT_SHAPE_REPRESENTATION(#4343,#4345);
#4343 = ( REPRESENTATION_RELATIONSHIP('','',#672,#10) 
REPRESENTATION_RELATIONSHIP_WITH_TRANSFORMATION(#4344) 
SHAPE_REPRESENTATION_RELATIONSHIP() );
#4344 = ITEM_DEFINED_TRANSFORMATION('','',#11,#227);
#4345 = PRODUCT_DEFINITION_SHAPE('Placement','Placement of an item',
  #4346);
#4346 = NEXT_ASSEMBLY_USAGE_OCCURRENCE('56','C61','',#5,#667,$);
#4347 = CONTEXT_DEPENDENT_SHAPE_REPRESENTATION(#4348,#4350);
#4348 = ( REPRESENTATION_RELATIONSHIP('','',#672,#10) 
REPRESENTATION_RELATIONSHIP_WITH_TRANSFORMATION(#4349) 
SHAPE_REPRESENTATION_RELATIONSHIP() );
#4349 = ITEM_DEFINED_TRANSFORMATION('','',#11,#231);
#4350 = PRODUCT_DEFINITION_SHAPE('Placement','Placement of an item',
  #4351);
#4351 = NEXT_ASSEMBLY_USAGE_OCCURRENCE('57','C26','',#5,#667,$);
#4352 = CONTEXT_DEPENDENT_SHAPE_REPRESENTATION(#4353,#4355);
#4353 = ( REPRESENTATION_RELATIONSHIP('','',#1912,#10) 
REPRESENTATION_RELATIONSHIP_WITH_TRANSFORMATION(#4354) 
SHAPE_REPRESENTATION_RELATIONSHIP() );
#4354 = ITEM_DEFINED_TRANSFORMATION('','',#11,#235);
#4355 = PRODUCT_DEFINITION_SHAPE('Placement','Placement of an item',
  #4356);
#4356 = NEXT_ASSEMBLY_USAGE_OCCURRENCE('58','LED52','',#5,#1907,$);
#4357 = CONTEXT_DEPENDENT_SHAPE_REPRESENTATION(#4358,#4360);
#4358 = ( REPRESENTATION_RELATIONSHIP('','',#672,#10) 
REPRESENTATION_RELATIONSHIP_WITH_TRANSFORMATION(#4359) 
SHAPE_REPRESENTATION_RELATIONSHIP() );
#4359 = ITEM_DEFINED_TRANSFORMATION('','',#11,#239);
#4360 = PRODUCT_DEFINITION_SHAPE('Placement','Placement of an item',
  #4361);
#4361 = NEXT_ASSEMBLY_USAGE_OCCURRENCE('59','C54','',#5,#667,$);
#4362 = CONTEXT_DEPENDENT_SHAPE_REPRESENTATION(#4363,#4365);
#4363 = ( REPRESENTATION_RELATIONSHIP('','',#1912,#10) 
REPRESENTATION_RELATIONSHIP_WITH_TRANSFORMATION(#4364) 
SHAPE_REPRESENTATION_RELATIONSHIP() );
#4364 = ITEM_DEFINED_TRANSFORMATION('','',#11,#243);
#4365 = PRODUCT_DEFINITION_SHAPE('Placement','Placement of an item',
  #4366);
#4366 = NEXT_ASSEMBLY_USAGE_OCCURRENCE('60','LED54','',#5,#1907,$);
#4367 = CONTEXT_DEPENDENT_SHAPE_REPRESENTATION(#4368,#4370);
#4368 = ( REPRESENTATION_RELATIONSHIP('','',#672,#10) 
REPRESENTATION_RELATIONSHIP_WITH_TRANSFORMATION(#4369) 
SHAPE_REPRESENTATION_RELATIONSHIP() );
#4369 = ITEM_DEFINED_TRANSFORMATION('','',#11,#247);
#4370 = PRODUCT_DEFINITION_SHAPE('Placement','Placement of an item',
  #4371);
#4371 = NEXT_ASSEMBLY_USAGE_OCCURRENCE('61','C68','',#5,#667,$);
#4372 = CONTEXT_DEPENDENT_SHAPE_REPRESENTATION(#4373,#4375);
#4373 = ( REPRESENTATION_RELATIONSHIP('','',#672,#10) 
REPRESENTATION_RELATIONSHIP_WITH_TRANSFORMATION(#4374) 
SHAPE_REPRESENTATION_RELATIONSHIP() );
#4374 = ITEM_DEFINED_TRANSFORMATION('','',#11,#251);
#4375 = PRODUCT_DEFINITION_SHAPE('Placement','Placement of an item',
  #4376);
#4376 = NEXT_ASSEMBLY_USAGE_OCCURRENCE('62','C1','',#5,#667,$);
#4377 = CONTEXT_DEPENDENT_SHAPE_REPRESENTATION(#4378,#4380);
#4378 = ( REPRESENTATION_RELATIONSHIP('','',#672,#10) 
REPRESENTATION_RELATIONSHIP_WITH_TRANSFORMATION(#4379) 
SHAPE_REPRESENTATION_RELATIONSHIP() );
#4379 = ITEM_DEFINED_TRANSFORMATION('','',#11,#255);
#4380 = PRODUCT_DEFINITION_SHAPE('Placement','Placement of an item',
  #4381);
#4381 = NEXT_ASSEMBLY_USAGE_OCCURRENCE('63','C48','',#5,#667,$);
#4382 = CONTEXT_DEPENDENT_SHAPE_REPRESENTATION(#4383,#4385);
#4383 = ( REPRESENTATION_RELATIONSHIP('','',#1912,#10) 
REPRESENTATION_RELATIONSHIP_WITH_TRANSFORMATION(#4384) 
SHAPE_REPRESENTATION_RELATIONSHIP() );
#4384 = ITEM_DEFINED_TRANSFORMATION('','',#11,#259);
#4385 = PRODUCT_DEFINITION_SHAPE('Placement','Placement of an item',
  #4386);
#4386 = NEXT_ASSEMBLY_USAGE_OCCURRENCE('64','LED30','',#5,#1907,$);
#4387 = CONTEXT_DEPENDENT_SHAPE_REPRESENTATION(#4388,#4390);
#4388 = ( REPRESENTATION_RELATIONSHIP('','',#672,#10) 
REPRESENTATION_RELATIONSHIP_WITH_TRANSFORMATION(#4389) 
SHAPE_REPRESENTATION_RELATIONSHIP() );
#4389 = ITEM_DEFINED_TRANSFORMATION('','',#11,#263);
#4390 = PRODUCT_DEFINITION_SHAPE('Placement','Placement of an item',
  #4391);
#4391 = NEXT_ASSEMBLY_USAGE_OCCURRENCE('65','C20','',#5,#667,$);
#4392 = CONTEXT_DEPENDENT_SHAPE_REPRESENTATION(#4393,#4395);
#4393 = ( REPRESENTATION_RELATIONSHIP('','',#672,#10) 
REPRESENTATION_RELATIONSHIP_WITH_TRANSFORMATION(#4394) 
SHAPE_REPRESENTATION_RELATIONSHIP() );
#4394 = ITEM_DEFINED_TRANSFORMATION('','',#11,#267);
#4395 = PRODUCT_DEFINITION_SHAPE('Placement','Placement of an item',
  #4396);
#4396 = NEXT_ASSEMBLY_USAGE_OCCURRENCE('66','C31','',#5,#667,$);
#4397 = CONTEXT_DEPENDENT_SHAPE_REPRESENTATION(#4398,#4400);
#4398 = ( REPRESENTATION_RELATIONSHIP('','',#1912,#10) 
REPRESENTATION_RELATIONSHIP_WITH_TRANSFORMATION(#4399) 
SHAPE_REPRESENTATION_RELATIONSHIP() );
#4399 = ITEM_DEFINED_TRANSFORMATION('','',#11,#271);
#4400 = PRODUCT_DEFINITION_SHAPE('Placement','Placement of an item',
  #4401);
#4401 = NEXT_ASSEMBLY_USAGE_OCCURRENCE('67','LED24','',#5,#1907,$);
#4402 = CONTEXT_DEPENDENT_SHAPE_REPRESENTATION(#4403,#4405);
#4403 = ( REPRESENTATION_RELATIONSHIP('','',#672,#10) 
REPRESENTATION_RELATIONSHIP_WITH_TRANSFORMATION(#4404) 
SHAPE_REPRESENTATION_RELATIONSHIP() );
#4404 = ITEM_DEFINED_TRANSFORMATION('','',#11,#275);
#4405 = PRODUCT_DEFINITION_SHAPE('Placement','Placement of an item',
  #4406);
#4406 = NEXT_ASSEMBLY_USAGE_OCCURRENCE('68','C43','',#5,#667,$);
#4407 = CONTEXT_DEPENDENT_SHAPE_REPRESENTATION(#4408,#4410);
#4408 = ( REPRESENTATION_RELATIONSHIP('','',#672,#10) 
REPRESENTATION_RELATIONSHIP_WITH_TRANSFORMATION(#4409) 
SHAPE_REPRESENTATION_RELATIONSHIP() );
#4409 = ITEM_DEFINED_TRANSFORMATION('','',#11,#279);
#4410 = PRODUCT_DEFINITION_SHAPE('Placement','Placement of an item',
  #4411);
#4411 = NEXT_ASSEMBLY_USAGE_OCCURRENCE('69','C29','',#5,#667,$);
#4412 = CONTEXT_DEPENDENT_SHAPE_REPRESENTATION(#4413,#4415);
#4413 = ( REPRESENTATION_RELATIONSHIP('','',#672,#10) 
REPRESENTATION_RELATIONSHIP_WITH_TRANSFORMATION(#4414) 
SHAPE_REPRESENTATION_RELATIONSHIP() );
#4414 = ITEM_DEFINED_TRANSFORMATION('','',#11,#283);
#4415 = PRODUCT_DEFINITION_SHAPE('Placement','Placement of an item',
  #4416);
#4416 = NEXT_ASSEMBLY_USAGE_OCCURRENCE('70','C11','',#5,#667,$);
#4417 = CONTEXT_DEPENDENT_SHAPE_REPRESENTATION(#4418,#4420);
#4418 = ( REPRESENTATION_RELATIONSHIP('','',#672,#10) 
REPRESENTATION_RELATIONSHIP_WITH_TRANSFORMATION(#4419) 
SHAPE_REPRESENTATION_RELATIONSHIP() );
#4419 = ITEM_DEFINED_TRANSFORMATION('','',#11,#287);
#4420 = PRODUCT_DEFINITION_SHAPE('Placement','Placement of an item',
  #4421);
#4421 = NEXT_ASSEMBLY_USAGE_OCCURRENCE('71','C25','',#5,#667,$);
#4422 = CONTEXT_DEPENDENT_SHAPE_REPRESENTATION(#4423,#4425);
#4423 = ( REPRESENTATION_RELATIONSHIP('','',#1912,#10) 
REPRESENTATION_RELATIONSHIP_WITH_TRANSFORMATION(#4424) 
SHAPE_REPRESENTATION_RELATIONSHIP() );
#4424 = ITEM_DEFINED_TRANSFORMATION('','',#11,#291);
#4425 = PRODUCT_DEFINITION_SHAPE('Placement','Placement of an item',
  #4426);
#4426 = NEXT_ASSEMBLY_USAGE_OCCURRENCE('72','LED41','',#5,#1907,$);
#4427 = CONTEXT_DEPENDENT_SHAPE_REPRESENTATION(#4428,#4430);
#4428 = ( REPRESENTATION_RELATIONSHIP('','',#1912,#10) 
REPRESENTATION_RELATIONSHIP_WITH_TRANSFORMATION(#4429) 
SHAPE_REPRESENTATION_RELATIONSHIP() );
#4429 = ITEM_DEFINED_TRANSFORMATION('','',#11,#295);
#4430 = PRODUCT_DEFINITION_SHAPE('Placement','Placement of an item',
  #4431);
#4431 = NEXT_ASSEMBLY_USAGE_OCCURRENCE('73','LED70','',#5,#1907,$);
#4432 = CONTEXT_DEPENDENT_SHAPE_REPRESENTATION(#4433,#4435);
#4433 = ( REPRESENTATION_RELATIONSHIP('','',#672,#10) 
REPRESENTATION_RELATIONSHIP_WITH_TRANSFORMATION(#4434) 
SHAPE_REPRESENTATION_RELATIONSHIP() );
#4434 = ITEM_DEFINED_TRANSFORMATION('','',#11,#299);
#4435 = PRODUCT_DEFINITION_SHAPE('Placement','Placement of an item',
  #4436);
#4436 = NEXT_ASSEMBLY_USAGE_OCCURRENCE('74','C67','',#5,#667,$);
#4437 = CONTEXT_DEPENDENT_SHAPE_REPRESENTATION(#4438,#4440);
#4438 = ( REPRESENTATION_RELATIONSHIP('','',#672,#10) 
REPRESENTATION_RELATIONSHIP_WITH_TRANSFORMATION(#4439) 
SHAPE_REPRESENTATION_RELATIONSHIP() );
#4439 = ITEM_DEFINED_TRANSFORMATION('','',#11,#303);
#4440 = PRODUCT_DEFINITION_SHAPE('Placement','Placement of an item',
  #4441);
#4441 = NEXT_ASSEMBLY_USAGE_OCCURRENCE('75','C55','',#5,#667,$);
#4442 = CONTEXT_DEPENDENT_SHAPE_REPRESENTATION(#4443,#4445);
#4443 = ( REPRESENTATION_RELATIONSHIP('','',#672,#10) 
REPRESENTATION_RELATIONSHIP_WITH_TRANSFORMATION(#4444) 
SHAPE_REPRESENTATION_RELATIONSHIP() );
#4444 = ITEM_DEFINED_TRANSFORMATION('','',#11,#307);
#4445 = PRODUCT_DEFINITION_SHAPE('Placement','Placement of an item',
  #4446);
#4446 = NEXT_ASSEMBLY_USAGE_OCCURRENCE('76','C53','',#5,#667,$);
#4447 = CONTEXT_DEPENDENT_SHAPE_REPRESENTATION(#4448,#4450);
#4448 = ( REPRESENTATION_RELATIONSHIP('','',#672,#10) 
REPRESENTATION_RELATIONSHIP_WITH_TRANSFORMATION(#4449) 
SHAPE_REPRESENTATION_RELATIONSHIP() );
#4449 = ITEM_DEFINED_TRANSFORMATION('','',#11,#311);
#4450 = PRODUCT_DEFINITION_SHAPE('Placement','Placement of an item',
  #4451);
#4451 = NEXT_ASSEMBLY_USAGE_OCCURRENCE('77','C75','',#5,#667,$);
#4452 = CONTEXT_DEPENDENT_SHAPE_REPRESENTATION(#4453,#4455);
#4453 = ( REPRESENTATION_RELATIONSHIP('','',#672,#10) 
REPRESENTATION_RELATIONSHIP_WITH_TRANSFORMATION(#4454) 
SHAPE_REPRESENTATION_RELATIONSHIP() );
#4454 = ITEM_DEFINED_TRANSFORMATION('','',#11,#315);
#4455 = PRODUCT_DEFINITION_SHAPE('Placement','Placement of an item',
  #4456);
#4456 = NEXT_ASSEMBLY_USAGE_OCCURRENCE('78','C12','',#5,#667,$);
#4457 = CONTEXT_DEPENDENT_SHAPE_REPRESENTATION(#4458,#4460);
#4458 = ( REPRESENTATION_RELATIONSHIP('','',#1912,#10) 
REPRESENTATION_RELATIONSHIP_WITH_TRANSFORMATION(#4459) 
SHAPE_REPRESENTATION_RELATIONSHIP() );
#4459 = ITEM_DEFINED_TRANSFORMATION('','',#11,#319);
#4460 = PRODUCT_DEFINITION_SHAPE('Placement','Placement of an item',
  #4461);
#4461 = NEXT_ASSEMBLY_USAGE_OCCURRENCE('79','LED78','',#5,#1907,$);
#4462 = CONTEXT_DEPENDENT_SHAPE_REPRESENTATION(#4463,#4465);
#4463 = ( REPRESENTATION_RELATIONSHIP('','',#672,#10) 
REPRESENTATION_RELATIONSHIP_WITH_TRANSFORMATION(#4464) 
SHAPE_REPRESENTATION_RELATIONSHIP() );
#4464 = ITEM_DEFINED_TRANSFORMATION('','',#11,#323);
#4465 = PRODUCT_DEFINITION_SHAPE('Placement','Placement of an item',
  #4466);
#4466 = NEXT_ASSEMBLY_USAGE_OCCURRENCE('80','C47','',#5,#667,$);
#4467 = CONTEXT_DEPENDENT_SHAPE_REPRESENTATION(#4468,#4470);
#4468 = ( REPRESENTATION_RELATIONSHIP('','',#672,#10) 
REPRESENTATION_RELATIONSHIP_WITH_TRANSFORMATION(#4469) 
SHAPE_REPRESENTATION_RELATIONSHIP() );
#4469 = ITEM_DEFINED_TRANSFORMATION('','',#11,#327);
#4470 = PRODUCT_DEFINITION_SHAPE('Placement','Placement of an item',
  #4471);
#4471 = NEXT_ASSEMBLY_USAGE_OCCURRENCE('81','C24','',#5,#667,$);
#4472 = CONTEXT_DEPENDENT_SHAPE_REPRESENTATION(#4473,#4475);
#4473 = ( REPRESENTATION_RELATIONSHIP('','',#1912,#10) 
REPRESENTATION_RELATIONSHIP_WITH_TRANSFORMATION(#4474) 
SHAPE_REPRESENTATION_RELATIONSHIP() );
#4474 = ITEM_DEFINED_TRANSFORMATION('','',#11,#331);
#4475 = PRODUCT_DEFINITION_SHAPE('Placement','Placement of an item',
  #4476);
#4476 = NEXT_ASSEMBLY_USAGE_OCCURRENCE('82','LED29','',#5,#1907,$);
#4477 = CONTEXT_DEPENDENT_SHAPE_REPRESENTATION(#4478,#4480);
#4478 = ( REPRESENTATION_RELATIONSHIP('','',#672,#10) 
REPRESENTATION_RELATIONSHIP_WITH_TRANSFORMATION(#4479) 
SHAPE_REPRESENTATION_RELATIONSHIP() );
#4479 = ITEM_DEFINED_TRANSFORMATION('','',#11,#335);
#4480 = PRODUCT_DEFINITION_SHAPE('Placement','Placement of an item',
  #4481);
#4481 = NEXT_ASSEMBLY_USAGE_OCCURRENCE('83','C36','',#5,#667,$);
#4482 = CONTEXT_DEPENDENT_SHAPE_REPRESENTATION(#4483,#4485);
#4483 = ( REPRESENTATION_RELATIONSHIP('','',#1912,#10) 
REPRESENTATION_RELATIONSHIP_WITH_TRANSFORMATION(#4484) 
SHAPE_REPRESENTATION_RELATIONSHIP() );
#4484 = ITEM_DEFINED_TRANSFORMATION('','',#11,#339);
#4485 = PRODUCT_DEFINITION_SHAPE('Placement','Placement of an item',
  #4486);
#4486 = NEXT_ASSEMBLY_USAGE_OCCURRENCE('84','LED8','',#5,#1907,$);
#4487 = CONTEXT_DEPENDENT_SHAPE_REPRESENTATION(#4488,#4490);
#4488 = ( REPRESENTATION_RELATIONSHIP('','',#672,#10) 
REPRESENTATION_RELATIONSHIP_WITH_TRANSFORMATION(#4489) 
SHAPE_REPRESENTATION_RELATIONSHIP() );
#4489 = ITEM_DEFINED_TRANSFORMATION('','',#11,#343);
#4490 = PRODUCT_DEFINITION_SHAPE('Placement','Placement of an item',
  #4491);
#4491 = NEXT_ASSEMBLY_USAGE_OCCURRENCE('85','C23','',#5,#667,$);
#4492 = CONTEXT_DEPENDENT_SHAPE_REPRESENTATION(#4493,#4495);
#4493 = ( REPRESENTATION_RELATIONSHIP('','',#1912,#10) 
REPRESENTATION_RELATIONSHIP_WITH_TRANSFORMATION(#4494) 
SHAPE_REPRESENTATION_RELATIONSHIP() );
#4494 = ITEM_DEFINED_TRANSFORMATION('','',#11,#347);
#4495 = PRODUCT_DEFINITION_SHAPE('Placement','Placement of an item',
  #4496);
#4496 = NEXT_ASSEMBLY_USAGE_OCCURRENCE('86','LED53','',#5,#1907,$);
#4497 = CONTEXT_DEPENDENT_SHAPE_REPRESENTATION(#4498,#4500);
#4498 = ( REPRESENTATION_RELATIONSHIP('','',#1912,#10) 
REPRESENTATION_RELATIONSHIP_WITH_TRANSFORMATION(#4499) 
SHAPE_REPRESENTATION_RELATIONSHIP() );
#4499 = ITEM_DEFINED_TRANSFORMATION('','',#11,#351);
#4500 = PRODUCT_DEFINITION_SHAPE('Placement','Placement of an item',
  #4501);
#4501 = NEXT_ASSEMBLY_USAGE_OCCURRENCE('87','LED25','',#5,#1907,$);
#4502 = CONTEXT_DEPENDENT_SHAPE_REPRESENTATION(#4503,#4505);
#4503 = ( REPRESENTATION_RELATIONSHIP('','',#1912,#10) 
REPRESENTATION_RELATIONSHIP_WITH_TRANSFORMATION(#4504) 
SHAPE_REPRESENTATION_RELATIONSHIP() );
#4504 = ITEM_DEFINED_TRANSFORMATION('','',#11,#355);
#4505 = PRODUCT_DEFINITION_SHAPE('Placement','Placement of an item',
  #4506);
#4506 = NEXT_ASSEMBLY_USAGE_OCCURRENCE('88','LED23','',#5,#1907,$);
#4507 = CONTEXT_DEPENDENT_SHAPE_REPRESENTATION(#4508,#4510);
#4508 = ( REPRESENTATION_RELATIONSHIP('','',#1912,#10) 
REPRESENTATION_RELATIONSHIP_WITH_TRANSFORMATION(#4509) 
SHAPE_REPRESENTATION_RELATIONSHIP() );
#4509 = ITEM_DEFINED_TRANSFORMATION('','',#11,#359);
#4510 = PRODUCT_DEFINITION_SHAPE('Placement','Placement of an item',
  #4511);
#4511 = NEXT_ASSEMBLY_USAGE_OCCURRENCE('89','LED38','',#5,#1907,$);
#4512 = CONTEXT_DEPENDENT_SHAPE_REPRESENTATION(#4513,#4515);
#4513 = ( REPRESENTATION_RELATIONSHIP('','',#672,#10) 
REPRESENTATION_RELATIONSHIP_WITH_TRANSFORMATION(#4514) 
SHAPE_REPRESENTATION_RELATIONSHIP() );
#4514 = ITEM_DEFINED_TRANSFORMATION('','',#11,#363);
#4515 = PRODUCT_DEFINITION_SHAPE('Placement','Placement of an item',
  #4516);
#4516 = NEXT_ASSEMBLY_USAGE_OCCURRENCE('90','C79','',#5,#667,$);
#4517 = CONTEXT_DEPENDENT_SHAPE_REPRESENTATION(#4518,#4520);
#4518 = ( REPRESENTATION_RELATIONSHIP('','',#672,#10) 
REPRESENTATION_RELATIONSHIP_WITH_TRANSFORMATION(#4519) 
SHAPE_REPRESENTATION_RELATIONSHIP() );
#4519 = ITEM_DEFINED_TRANSFORMATION('','',#11,#367);
#4520 = PRODUCT_DEFINITION_SHAPE('Placement','Placement of an item',
  #4521);
#4521 = NEXT_ASSEMBLY_USAGE_OCCURRENCE('91','C32','',#5,#667,$);
#4522 = CONTEXT_DEPENDENT_SHAPE_REPRESENTATION(#4523,#4525);
#4523 = ( REPRESENTATION_RELATIONSHIP('','',#672,#10) 
REPRESENTATION_RELATIONSHIP_WITH_TRANSFORMATION(#4524) 
SHAPE_REPRESENTATION_RELATIONSHIP() );
#4524 = ITEM_DEFINED_TRANSFORMATION('','',#11,#371);
#4525 = PRODUCT_DEFINITION_SHAPE('Placement','Placement of an item',
  #4526);
#4526 = NEXT_ASSEMBLY_USAGE_OCCURRENCE('92','C71','',#5,#667,$);
#4527 = CONTEXT_DEPENDENT_SHAPE_REPRESENTATION(#4528,#4530);
#4528 = ( REPRESENTATION_RELATIONSHIP('','',#672,#10) 
REPRESENTATION_RELATIONSHIP_WITH_TRANSFORMATION(#4529) 
SHAPE_REPRESENTATION_RELATIONSHIP() );
#4529 = ITEM_DEFINED_TRANSFORMATION('','',#11,#375);
#4530 = PRODUCT_DEFINITION_SHAPE('Placement','Placement of an item',
  #4531);
#4531 = NEXT_ASSEMBLY_USAGE_OCCURRENCE('93','C40','',#5,#667,$);
#4532 = CONTEXT_DEPENDENT_SHAPE_REPRESENTATION(#4533,#4535);
#4533 = ( REPRESENTATION_RELATIONSHIP('','',#1912,#10) 
REPRESENTATION_RELATIONSHIP_WITH_TRANSFORMATION(#4534) 
SHAPE_REPRESENTATION_RELATIONSHIP() );
#4534 = ITEM_DEFINED_TRANSFORMATION('','',#11,#379);
#4535 = PRODUCT_DEFINITION_SHAPE('Placement','Placement of an item',
  #4536);
#4536 = NEXT_ASSEMBLY_USAGE_OCCURRENCE('94','LED56','',#5,#1907,$);
#4537 = CONTEXT_DEPENDENT_SHAPE_REPRESENTATION(#4538,#4540);
#4538 = ( REPRESENTATION_RELATIONSHIP('','',#672,#10) 
REPRESENTATION_RELATIONSHIP_WITH_TRANSFORMATION(#4539) 
SHAPE_REPRESENTATION_RELATIONSHIP() );
#4539 = ITEM_DEFINED_TRANSFORMATION('','',#11,#383);
#4540 = PRODUCT_DEFINITION_SHAPE('Placement','Placement of an item',
  #4541);
#4541 = NEXT_ASSEMBLY_USAGE_OCCURRENCE('95','C51','',#5,#667,$);
#4542 = CONTEXT_DEPENDENT_SHAPE_REPRESENTATION(#4543,#4545);
#4543 = ( REPRESENTATION_RELATIONSHIP('','',#672,#10) 
REPRESENTATION_RELATIONSHIP_WITH_TRANSFORMATION(#4544) 
SHAPE_REPRESENTATION_RELATIONSHIP() );
#4544 = ITEM_DEFINED_TRANSFORMATION('','',#11,#387);
#4545 = PRODUCT_DEFINITION_SHAPE('Placement','Placement of an item',
  #4546);
#4546 = NEXT_ASSEMBLY_USAGE_OCCURRENCE('96','C33','',#5,#667,$);
#4547 = CONTEXT_DEPENDENT_SHAPE_REPRESENTATION(#4548,#4550);
#4548 = ( REPRESENTATION_RELATIONSHIP('','',#672,#10) 
REPRESENTATION_RELATIONSHIP_WITH_TRANSFORMATION(#4549) 
SHAPE_REPRESENTATION_RELATIONSHIP() );
#4549 = ITEM_DEFINED_TRANSFORMATION('','',#11,#391);
#4550 = PRODUCT_DEFINITION_SHAPE('Placement','Placement of an item',
  #4551);
#4551 = NEXT_ASSEMBLY_USAGE_OCCURRENCE('97','C50','',#5,#667,$);
#4552 = CONTEXT_DEPENDENT_SHAPE_REPRESENTATION(#4553,#4555);
#4553 = ( REPRESENTATION_RELATIONSHIP('','',#1912,#10) 
REPRESENTATION_RELATIONSHIP_WITH_TRANSFORMATION(#4554) 
SHAPE_REPRESENTATION_RELATIONSHIP() );
#4554 = ITEM_DEFINED_TRANSFORMATION('','',#11,#395);
#4555 = PRODUCT_DEFINITION_SHAPE('Placement','Placement of an item',
  #4556);
#4556 = NEXT_ASSEMBLY_USAGE_OCCURRENCE('98','LED33','',#5,#1907,$);
#4557 = CONTEXT_DEPENDENT_SHAPE_REPRESENTATION(#4558,#4560);
#4558 = ( REPRESENTATION_RELATIONSHIP('','',#672,#10) 
REPRESENTATION_RELATIONSHIP_WITH_TRANSFORMATION(#4559) 
SHAPE_REPRESENTATION_RELATIONSHIP() );
#4559 = ITEM_DEFINED_TRANSFORMATION('','',#11,#399);
#4560 = PRODUCT_DEFINITION_SHAPE('Placement','Placement of an item',
  #4561);
#4561 = NEXT_ASSEMBLY_USAGE_OCCURRENCE('99','C34','',#5,#667,$);
#4562 = CONTEXT_DEPENDENT_SHAPE_REPRESENTATION(#4563,#4565);
#4563 = ( REPRESENTATION_RELATIONSHIP('','',#672,#10) 
REPRESENTATION_RELATIONSHIP_WITH_TRANSFORMATION(#4564) 
SHAPE_REPRESENTATION_RELATIONSHIP() );
#4564 = ITEM_DEFINED_TRANSFORMATION('','',#11,#403);
#4565 = PRODUCT_DEFINITION_SHAPE('Placement','Placement of an item',
  #4566);
#4566 = NEXT_ASSEMBLY_USAGE_OCCURRENCE('100','C76','',#5,#667,$);
#4567 = CONTEXT_DEPENDENT_SHAPE_REPRESENTATION(#4568,#4570);
#4568 = ( REPRESENTATION_RELATIONSHIP('','',#1912,#10) 
REPRESENTATION_RELATIONSHIP_WITH_TRANSFORMATION(#4569) 
SHAPE_REPRESENTATION_RELATIONSHIP() );
#4569 = ITEM_DEFINED_TRANSFORMATION('','',#11,#407);
#4570 = PRODUCT_DEFINITION_SHAPE('Placement','Placement of an item',
  #4571);
#4571 = NEXT_ASSEMBLY_USAGE_OCCURRENCE('101','LED49','',#5,#1907,$);
#4572 = CONTEXT_DEPENDENT_SHAPE_REPRESENTATION(#4573,#4575);
#4573 = ( REPRESENTATION_RELATIONSHIP('','',#1912,#10) 
REPRESENTATION_RELATIONSHIP_WITH_TRANSFORMATION(#4574) 
SHAPE_REPRESENTATION_RELATIONSHIP() );
#4574 = ITEM_DEFINED_TRANSFORMATION('','',#11,#411);
#4575 = PRODUCT_DEFINITION_SHAPE('Placement','Placement of an item',
  #4576);
#4576 = NEXT_ASSEMBLY_USAGE_OCCURRENCE('102','LED1','',#5,#1907,$);
#4577 = CONTEXT_DEPENDENT_SHAPE_REPRESENTATION(#4578,#4580);
#4578 = ( REPRESENTATION_RELATIONSHIP('','',#1912,#10) 
REPRESENTATION_RELATIONSHIP_WITH_TRANSFORMATION(#4579) 
SHAPE_REPRESENTATION_RELATIONSHIP() );
#4579 = ITEM_DEFINED_TRANSFORMATION('','',#11,#415);
#4580 = PRODUCT_DEFINITION_SHAPE('Placement','Placement of an item',
  #4581);
#4581 = NEXT_ASSEMBLY_USAGE_OCCURRENCE('103','LED34','',#5,#1907,$);
#4582 = CONTEXT_DEPENDENT_SHAPE_REPRESENTATION(#4583,#4585);
#4583 = ( REPRESENTATION_RELATIONSHIP('','',#1912,#10) 
REPRESENTATION_RELATIONSHIP_WITH_TRANSFORMATION(#4584) 
SHAPE_REPRESENTATION_RELATIONSHIP() );
#4584 = ITEM_DEFINED_TRANSFORMATION('','',#11,#419);
#4585 = PRODUCT_DEFINITION_SHAPE('Placement','Placement of an item',
  #4586);
#4586 = NEXT_ASSEMBLY_USAGE_OCCURRENCE('104','LED74','',#5,#1907,$);
#4587 = CONTEXT_DEPENDENT_SHAPE_REPRESENTATION(#4588,#4590);
#4588 = ( REPRESENTATION_RELATIONSHIP('','',#1912,#10) 
REPRESENTATION_RELATIONSHIP_WITH_TRANSFORMATION(#4589) 
SHAPE_REPRESENTATION_RELATIONSHIP() );
#4589 = ITEM_DEFINED_TRANSFORMATION('','',#11,#423);
#4590 = PRODUCT_DEFINITION_SHAPE('Placement','Placement of an item',
  #4591);
#4591 = NEXT_ASSEMBLY_USAGE_OCCURRENCE('105','LED61','',#5,#1907,$);
#4592 = CONTEXT_DEPENDENT_SHAPE_REPRESENTATION(#4593,#4595);
#4593 = ( REPRESENTATION_RELATIONSHIP('','',#672,#10) 
REPRESENTATION_RELATIONSHIP_WITH_TRANSFORMATION(#4594) 
SHAPE_REPRESENTATION_RELATIONSHIP() );
#4594 = ITEM_DEFINED_TRANSFORMATION('','',#11,#427);
#4595 = PRODUCT_DEFINITION_SHAPE('Placement','Placement of an item',
  #4596);
#4596 = NEXT_ASSEMBLY_USAGE_OCCURRENCE('106','C46','',#5,#667,$);
#4597 = CONTEXT_DEPENDENT_SHAPE_REPRESENTATION(#4598,#4600);
#4598 = ( REPRESENTATION_RELATIONSHIP('','',#672,#10) 
REPRESENTATION_RELATIONSHIP_WITH_TRANSFORMATION(#4599) 
SHAPE_REPRESENTATION_RELATIONSHIP() );
#4599 = ITEM_DEFINED_TRANSFORMATION('','',#11,#431);
#4600 = PRODUCT_DEFINITION_SHAPE('Placement','Placement of an item',
  #4601);
#4601 = NEXT_ASSEMBLY_USAGE_OCCURRENCE('107','C5','',#5,#667,$);
#4602 = CONTEXT_DEPENDENT_SHAPE_REPRESENTATION(#4603,#4605);
#4603 = ( REPRESENTATION_RELATIONSHIP('','',#672,#10) 
REPRESENTATION_RELATIONSHIP_WITH_TRANSFORMATION(#4604) 
SHAPE_REPRESENTATION_RELATIONSHIP() );
#4604 = ITEM_DEFINED_TRANSFORMATION('','',#11,#435);
#4605 = PRODUCT_DEFINITION_SHAPE('Placement','Placement of an item',
  #4606);
#4606 = NEXT_ASSEMBLY_USAGE_OCCURRENCE('108','C73','',#5,#667,$);
#4607 = CONTEXT_DEPENDENT_SHAPE_REPRESENTATION(#4608,#4610);
#4608 = ( REPRESENTATION_RELATIONSHIP('','',#672,#10) 
REPRESENTATION_RELATIONSHIP_WITH_TRANSFORMATION(#4609) 
SHAPE_REPRESENTATION_RELATIONSHIP() );
#4609 = ITEM_DEFINED_TRANSFORMATION('','',#11,#439);
#4610 = PRODUCT_DEFINITION_SHAPE('Placement','Placement of an item',
  #4611);
#4611 = NEXT_ASSEMBLY_USAGE_OCCURRENCE('109','C4','',#5,#667,$);
#4612 = CONTEXT_DEPENDENT_SHAPE_REPRESENTATION(#4613,#4615);
#4613 = ( REPRESENTATION_RELATIONSHIP('','',#672,#10) 
REPRESENTATION_RELATIONSHIP_WITH_TRANSFORMATION(#4614) 
SHAPE_REPRESENTATION_RELATIONSHIP() );
#4614 = ITEM_DEFINED_TRANSFORMATION('','',#11,#443);
#4615 = PRODUCT_DEFINITION_SHAPE('Placement','Placement of an item',
  #4616);
#4616 = NEXT_ASSEMBLY_USAGE_OCCURRENCE('110','C80','',#5,#667,$);
#4617 = CONTEXT_DEPENDENT_SHAPE_REPRESENTATION(#4618,#4620);
#4618 = ( REPRESENTATION_RELATIONSHIP('','',#1912,#10) 
REPRESENTATION_RELATIONSHIP_WITH_TRANSFORMATION(#4619) 
SHAPE_REPRESENTATION_RELATIONSHIP() );
#4619 = ITEM_DEFINED_TRANSFORMATION('','',#11,#447);
#4620 = PRODUCT_DEFINITION_SHAPE('Placement','Placement of an item',
  #4621);
#4621 = NEXT_ASSEMBLY_USAGE_OCCURRENCE('111','LED59','',#5,#1907,$);
#4622 = CONTEXT_DEPENDENT_SHAPE_REPRESENTATION(#4623,#4625);
#4623 = ( REPRESENTATION_RELATIONSHIP('','',#672,#10) 
REPRESENTATION_RELATIONSHIP_WITH_TRANSFORMATION(#4624) 
SHAPE_REPRESENTATION_RELATIONSHIP() );
#4624 = ITEM_DEFINED_TRANSFORMATION('','',#11,#451);
#4625 = PRODUCT_DEFINITION_SHAPE('Placement','Placement of an item',
  #4626);
#4626 = NEXT_ASSEMBLY_USAGE_OCCURRENCE('112','C49','',#5,#667,$);
#4627 = CONTEXT_DEPENDENT_SHAPE_REPRESENTATION(#4628,#4630);
#4628 = ( REPRESENTATION_RELATIONSHIP('','',#672,#10) 
REPRESENTATION_RELATIONSHIP_WITH_TRANSFORMATION(#4629) 
SHAPE_REPRESENTATION_RELATIONSHIP() );
#4629 = ITEM_DEFINED_TRANSFORMATION('','',#11,#455);
#4630 = PRODUCT_DEFINITION_SHAPE('Placement','Placement of an item',
  #4631);
#4631 = NEXT_ASSEMBLY_USAGE_OCCURRENCE('113','C37','',#5,#667,$);
#4632 = CONTEXT_DEPENDENT_SHAPE_REPRESENTATION(#4633,#4635);
#4633 = ( REPRESENTATION_RELATIONSHIP('','',#1912,#10) 
REPRESENTATION_RELATIONSHIP_WITH_TRANSFORMATION(#4634) 
SHAPE_REPRESENTATION_RELATIONSHIP() );
#4634 = ITEM_DEFINED_TRANSFORMATION('','',#11,#459);
#4635 = PRODUCT_DEFINITION_SHAPE('Placement','Placement of an item',
  #4636);
#4636 = NEXT_ASSEMBLY_USAGE_OCCURRENCE('114','LED50','',#5,#1907,$);
#4637 = CONTEXT_DEPENDENT_SHAPE_REPRESENTATION(#4638,#4640);
#4638 = ( REPRESENTATION_RELATIONSHIP('','',#672,#10) 
REPRESENTATION_RELATIONSHIP_WITH_TRANSFORMATION(#4639) 
SHAPE_REPRESENTATION_RELATIONSHIP() );
#4639 = ITEM_DEFINED_TRANSFORMATION('','',#11,#463);
#4640 = PRODUCT_DEFINITION_SHAPE('Placement','Placement of an item',
  #4641);
#4641 = NEXT_ASSEMBLY_USAGE_OCCURRENCE('115','C22','',#5,#667,$);
#4642 = CONTEXT_DEPENDENT_SHAPE_REPRESENTATION(#4643,#4645);
#4643 = ( REPRESENTATION_RELATIONSHIP('','',#672,#10) 
REPRESENTATION_RELATIONSHIP_WITH_TRANSFORMATION(#4644) 
SHAPE_REPRESENTATION_RELATIONSHIP() );
#4644 = ITEM_DEFINED_TRANSFORMATION('','',#11,#467);
#4645 = PRODUCT_DEFINITION_SHAPE('Placement','Placement of an item',
  #4646);
#4646 = NEXT_ASSEMBLY_USAGE_OCCURRENCE('116','C19','',#5,#667,$);
#4647 = CONTEXT_DEPENDENT_SHAPE_REPRESENTATION(#4648,#4650);
#4648 = ( REPRESENTATION_RELATIONSHIP('','',#1912,#10) 
REPRESENTATION_RELATIONSHIP_WITH_TRANSFORMATION(#4649) 
SHAPE_REPRESENTATION_RELATIONSHIP() );
#4649 = ITEM_DEFINED_TRANSFORMATION('','',#11,#471);
#4650 = PRODUCT_DEFINITION_SHAPE('Placement','Placement of an item',
  #4651);
#4651 = NEXT_ASSEMBLY_USAGE_OCCURRENCE('117','LED20','',#5,#1907,$);
#4652 = CONTEXT_DEPENDENT_SHAPE_REPRESENTATION(#4653,#4655);
#4653 = ( REPRESENTATION_RELATIONSHIP('','',#672,#10) 
REPRESENTATION_RELATIONSHIP_WITH_TRANSFORMATION(#4654) 
SHAPE_REPRESENTATION_RELATIONSHIP() );
#4654 = ITEM_DEFINED_TRANSFORMATION('','',#11,#475);
#4655 = PRODUCT_DEFINITION_SHAPE('Placement','Placement of an item',
  #4656);
#4656 = NEXT_ASSEMBLY_USAGE_OCCURRENCE('118','C21','',#5,#667,$);
#4657 = CONTEXT_DEPENDENT_SHAPE_REPRESENTATION(#4658,#4660);
#4658 = ( REPRESENTATION_RELATIONSHIP('','',#672,#10) 
REPRESENTATION_RELATIONSHIP_WITH_TRANSFORMATION(#4659) 
SHAPE_REPRESENTATION_RELATIONSHIP() );
#4659 = ITEM_DEFINED_TRANSFORMATION('','',#11,#479);
#4660 = PRODUCT_DEFINITION_SHAPE('Placement','Placement of an item',
  #4661);
#4661 = NEXT_ASSEMBLY_USAGE_OCCURRENCE('119','C17','',#5,#667,$);
#4662 = CONTEXT_DEPENDENT_SHAPE_REPRESENTATION(#4663,#4665);
#4663 = ( REPRESENTATION_RELATIONSHIP('','',#672,#10) 
REPRESENTATION_RELATIONSHIP_WITH_TRANSFORMATION(#4664) 
SHAPE_REPRESENTATION_RELATIONSHIP() );
#4664 = ITEM_DEFINED_TRANSFORMATION('','',#11,#483);
#4665 = PRODUCT_DEFINITION_SHAPE('Placement','Placement of an item',
  #4666);
#4666 = NEXT_ASSEMBLY_USAGE_OCCURRENCE('120','C44','',#5,#667,$);
#4667 = CONTEXT_DEPENDENT_SHAPE_REPRESENTATION(#4668,#4670);
#4668 = ( REPRESENTATION_RELATIONSHIP('','',#1912,#10) 
REPRESENTATION_RELATIONSHIP_WITH_TRANSFORMATION(#4669) 
SHAPE_REPRESENTATION_RELATIONSHIP() );
#4669 = ITEM_DEFINED_TRANSFORMATION('','',#11,#487);
#4670 = PRODUCT_DEFINITION_SHAPE('Placement','Placement of an item',
  #4671);
#4671 = NEXT_ASSEMBLY_USAGE_OCCURRENCE('121','LED62','',#5,#1907,$);
#4672 = CONTEXT_DEPENDENT_SHAPE_REPRESENTATION(#4673,#4675);
#4673 = ( REPRESENTATION_RELATIONSHIP('','',#1912,#10) 
REPRESENTATION_RELATIONSHIP_WITH_TRANSFORMATION(#4674) 
SHAPE_REPRESENTATION_RELATIONSHIP() );
#4674 = ITEM_DEFINED_TRANSFORMATION('','',#11,#491);
#4675 = PRODUCT_DEFINITION_SHAPE('Placement','Placement of an item',
  #4676);
#4676 = NEXT_ASSEMBLY_USAGE_OCCURRENCE('122','LED13','',#5,#1907,$);
#4677 = CONTEXT_DEPENDENT_SHAPE_REPRESENTATION(#4678,#4680);
#4678 = ( REPRESENTATION_RELATIONSHIP('','',#672,#10) 
REPRESENTATION_RELATIONSHIP_WITH_TRANSFORMATION(#4679) 
SHAPE_REPRESENTATION_RELATIONSHIP() );
#4679 = ITEM_DEFINED_TRANSFORMATION('','',#11,#495);
#4680 = PRODUCT_DEFINITION_SHAPE('Placement','Placement of an item',
  #4681);
#4681 = NEXT_ASSEMBLY_USAGE_OCCURRENCE('123','C56','',#5,#667,$);
#4682 = CONTEXT_DEPENDENT_SHAPE_REPRESENTATION(#4683,#4685);
#4683 = ( REPRESENTATION_RELATIONSHIP('','',#1912,#10) 
REPRESENTATION_RELATIONSHIP_WITH_TRANSFORMATION(#4684) 
SHAPE_REPRESENTATION_RELATIONSHIP() );
#4684 = ITEM_DEFINED_TRANSFORMATION('','',#11,#499);
#4685 = PRODUCT_DEFINITION_SHAPE('Placement','Placement of an item',
  #4686);
#4686 = NEXT_ASSEMBLY_USAGE_OCCURRENCE('124','LED21','',#5,#1907,$);
#4687 = CONTEXT_DEPENDENT_SHAPE_REPRESENTATION(#4688,#4690);
#4688 = ( REPRESENTATION_RELATIONSHIP('','',#672,#10) 
REPRESENTATION_RELATIONSHIP_WITH_TRANSFORMATION(#4689) 
SHAPE_REPRESENTATION_RELATIONSHIP() );
#4689 = ITEM_DEFINED_TRANSFORMATION('','',#11,#503);
#4690 = PRODUCT_DEFINITION_SHAPE('Placement','Placement of an item',
  #4691);
#4691 = NEXT_ASSEMBLY_USAGE_OCCURRENCE('125','C13','',#5,#667,$);
#4692 = CONTEXT_DEPENDENT_SHAPE_REPRESENTATION(#4693,#4695);
#4693 = ( REPRESENTATION_RELATIONSHIP('','',#672,#10) 
REPRESENTATION_RELATIONSHIP_WITH_TRANSFORMATION(#4694) 
SHAPE_REPRESENTATION_RELATIONSHIP() );
#4694 = ITEM_DEFINED_TRANSFORMATION('','',#11,#507);
#4695 = PRODUCT_DEFINITION_SHAPE('Placement','Placement of an item',
  #4696);
#4696 = NEXT_ASSEMBLY_USAGE_OCCURRENCE('126','C57','',#5,#667,$);
#4697 = CONTEXT_DEPENDENT_SHAPE_REPRESENTATION(#4698,#4700);
#4698 = ( REPRESENTATION_RELATIONSHIP('','',#1912,#10) 
REPRESENTATION_RELATIONSHIP_WITH_TRANSFORMATION(#4699) 
SHAPE_REPRESENTATION_RELATIONSHIP() );
#4699 = ITEM_DEFINED_TRANSFORMATION('','',#11,#511);
#4700 = PRODUCT_DEFINITION_SHAPE('Placement','Placement of an item',
  #4701);
#4701 = NEXT_ASSEMBLY_USAGE_OCCURRENCE('127','LED14','',#5,#1907,$);
#4702 = CONTEXT_DEPENDENT_SHAPE_REPRESENTATION(#4703,#4705);
#4703 = ( REPRESENTATION_RELATIONSHIP('','',#1912,#10) 
REPRESENTATION_RELATIONSHIP_WITH_TRANSFORMATION(#4704) 
SHAPE_REPRESENTATION_RELATIONSHIP() );
#4704 = ITEM_DEFINED_TRANSFORMATION('','',#11,#515);
#4705 = PRODUCT_DEFINITION_SHAPE('Placement','Placement of an item',
  #4706);
#4706 = NEXT_ASSEMBLY_USAGE_OCCURRENCE('128','LED36','',#5,#1907,$);
#4707 = CONTEXT_DEPENDENT_SHAPE_REPRESENTATION(#4708,#4710);
#4708 = ( REPRESENTATION_RELATIONSHIP('','',#1912,#10) 
REPRESENTATION_RELATIONSHIP_WITH_TRANSFORMATION(#4709) 
SHAPE_REPRESENTATION_RELATIONSHIP() );
#4709 = ITEM_DEFINED_TRANSFORMATION('','',#11,#519);
#4710 = PRODUCT_DEFINITION_SHAPE('Placement','Placement of an item',
  #4711);
#4711 = NEXT_ASSEMBLY_USAGE_OCCURRENCE('129','LED12','',#5,#1907,$);
#4712 = CONTEXT_DEPENDENT_SHAPE_REPRESENTATION(#4713,#4715);
#4713 = ( REPRESENTATION_RELATIONSHIP('','',#672,#10) 
REPRESENTATION_RELATIONSHIP_WITH_TRANSFORMATION(#4714) 
SHAPE_REPRESENTATION_RELATIONSHIP() );
#4714 = ITEM_DEFINED_TRANSFORMATION('','',#11,#523);
#4715 = PRODUCT_DEFINITION_SHAPE('Placement','Placement of an item',
  #4716);
#4716 = NEXT_ASSEMBLY_USAGE_OCCURRENCE('130','C58','',#5,#667,$);
#4717 = CONTEXT_DEPENDENT_SHAPE_REPRESENTATION(#4718,#4720);
#4718 = ( REPRESENTATION_RELATIONSHIP('','',#672,#10) 
REPRESENTATION_RELATIONSHIP_WITH_TRANSFORMATION(#4719) 
SHAPE_REPRESENTATION_RELATIONSHIP() );
#4719 = ITEM_DEFINED_TRANSFORMATION('','',#11,#527);
#4720 = PRODUCT_DEFINITION_SHAPE('Placement','Placement of an item',
  #4721);
#4721 = NEXT_ASSEMBLY_USAGE_OCCURRENCE('131','C63','',#5,#667,$);
#4722 = CONTEXT_DEPENDENT_SHAPE_REPRESENTATION(#4723,#4725);
#4723 = ( REPRESENTATION_RELATIONSHIP('','',#672,#10) 
REPRESENTATION_RELATIONSHIP_WITH_TRANSFORMATION(#4724) 
SHAPE_REPRESENTATION_RELATIONSHIP() );
#4724 = ITEM_DEFINED_TRANSFORMATION('','',#11,#531);
#4725 = PRODUCT_DEFINITION_SHAPE('Placement','Placement of an item',
  #4726);
#4726 = NEXT_ASSEMBLY_USAGE_OCCURRENCE('132','C66','',#5,#667,$);
#4727 = CONTEXT_DEPENDENT_SHAPE_REPRESENTATION(#4728,#4730);
#4728 = ( REPRESENTATION_RELATIONSHIP('','',#1912,#10) 
REPRESENTATION_RELATIONSHIP_WITH_TRANSFORMATION(#4729) 
SHAPE_REPRESENTATION_RELATIONSHIP() );
#4729 = ITEM_DEFINED_TRANSFORMATION('','',#11,#535);
#4730 = PRODUCT_DEFINITION_SHAPE('Placement','Placement of an item',
  #4731);
#4731 = NEXT_ASSEMBLY_USAGE_OCCURRENCE('133','LED51','',#5,#1907,$);
#4732 = CONTEXT_DEPENDENT_SHAPE_REPRESENTATION(#4733,#4735);
#4733 = ( REPRESENTATION_RELATIONSHIP('','',#1912,#10) 
REPRESENTATION_RELATIONSHIP_WITH_TRANSFORMATION(#4734) 
SHAPE_REPRESENTATION_RELATIONSHIP() );
#4734 = ITEM_DEFINED_TRANSFORMATION('','',#11,#539);
#4735 = PRODUCT_DEFINITION_SHAPE('Placement','Placement of an item',
  #4736);
#4736 = NEXT_ASSEMBLY_USAGE_OCCURRENCE('134','LED37','',#5,#1907,$);
#4737 = CONTEXT_DEPENDENT_SHAPE_REPRESENTATION(#4738,#4740);
#4738 = ( REPRESENTATION_RELATIONSHIP('','',#1912,#10) 
REPRESENTATION_RELATIONSHIP_WITH_TRANSFORMATION(#4739) 
SHAPE_REPRESENTATION_RELATIONSHIP() );
#4739 = ITEM_DEFINED_TRANSFORMATION('','',#11,#543);
#4740 = PRODUCT_DEFINITION_SHAPE('Placement','Placement of an item',
  #4741);
#4741 = NEXT_ASSEMBLY_USAGE_OCCURRENCE('135','LED77','',#5,#1907,$);
#4742 = CONTEXT_DEPENDENT_SHAPE_REPRESENTATION(#4743,#4745);
#4743 = ( REPRESENTATION_RELATIONSHIP('','',#1912,#10) 
REPRESENTATION_RELATIONSHIP_WITH_TRANSFORMATION(#4744) 
SHAPE_REPRESENTATION_RELATIONSHIP() );
#4744 = ITEM_DEFINED_TRANSFORMATION('','',#11,#547);
#4745 = PRODUCT_DEFINITION_SHAPE('Placement','Placement of an item',
  #4746);
#4746 = NEXT_ASSEMBLY_USAGE_OCCURRENCE('136','LED60','',#5,#1907,$);
#4747 = CONTEXT_DEPENDENT_SHAPE_REPRESENTATION(#4748,#4750);
#4748 = ( REPRESENTATION_RELATIONSHIP('','',#1912,#10) 
REPRESENTATION_RELATIONSHIP_WITH_TRANSFORMATION(#4749) 
SHAPE_REPRESENTATION_RELATIONSHIP() );
#4749 = ITEM_DEFINED_TRANSFORMATION('','',#11,#551);
#4750 = PRODUCT_DEFINITION_SHAPE('Placement','Placement of an item',
  #4751);
#4751 = NEXT_ASSEMBLY_USAGE_OCCURRENCE('137','LED6','',#5,#1907,$);
#4752 = CONTEXT_DEPENDENT_SHAPE_REPRESENTATION(#4753,#4755);
#4753 = ( REPRESENTATION_RELATIONSHIP('','',#1912,#10) 
REPRESENTATION_RELATIONSHIP_WITH_TRANSFORMATION(#4754) 
SHAPE_REPRESENTATION_RELATIONSHIP() );
#4754 = ITEM_DEFINED_TRANSFORMATION('','',#11,#555);
#4755 = PRODUCT_DEFINITION_SHAPE('Placement','Placement of an item',
  #4756);
#4756 = NEXT_ASSEMBLY_USAGE_OCCURRENCE('138','LED5','',#5,#1907,$);
#4757 = CONTEXT_DEPENDENT_SHAPE_REPRESENTATION(#4758,#4760);
#4758 = ( REPRESENTATION_RELATIONSHIP('','',#1912,#10) 
REPRESENTATION_RELATIONSHIP_WITH_TRANSFORMATION(#4759) 
SHAPE_REPRESENTATION_RELATIONSHIP() );
#4759 = ITEM_DEFINED_TRANSFORMATION('','',#11,#559);
#4760 = PRODUCT_DEFINITION_SHAPE('Placement','Placement of an item',
  #4761);
#4761 = NEXT_ASSEMBLY_USAGE_OCCURRENCE('139','LED28','',#5,#1907,$);
#4762 = CONTEXT_DEPENDENT_SHAPE_REPRESENTATION(#4763,#4765);
#4763 = ( REPRESENTATION_RELATIONSHIP('','',#1912,#10) 
REPRESENTATION_RELATIONSHIP_WITH_TRANSFORMATION(#4764) 
SHAPE_REPRESENTATION_RELATIONSHIP() );
#4764 = ITEM_DEFINED_TRANSFORMATION('','',#11,#563);
#4765 = PRODUCT_DEFINITION_SHAPE('Placement','Placement of an item',
  #4766);
#4766 = NEXT_ASSEMBLY_USAGE_OCCURRENCE('140','LED22','',#5,#1907,$);
#4767 = CONTEXT_DEPENDENT_SHAPE_REPRESENTATION(#4768,#4770);
#4768 = ( REPRESENTATION_RELATIONSHIP('','',#1912,#10) 
REPRESENTATION_RELATIONSHIP_WITH_TRANSFORMATION(#4769) 
SHAPE_REPRESENTATION_RELATIONSHIP() );
#4769 = ITEM_DEFINED_TRANSFORMATION('','',#11,#567);
#4770 = PRODUCT_DEFINITION_SHAPE('Placement','Placement of an item',
  #4771);
#4771 = NEXT_ASSEMBLY_USAGE_OCCURRENCE('141','LED76','',#5,#1907,$);
#4772 = CONTEXT_DEPENDENT_SHAPE_REPRESENTATION(#4773,#4775);
#4773 = ( REPRESENTATION_RELATIONSHIP('','',#1912,#10) 
REPRESENTATION_RELATIONSHIP_WITH_TRANSFORMATION(#4774) 
SHAPE_REPRESENTATION_RELATIONSHIP() );
#4774 = ITEM_DEFINED_TRANSFORMATION('','',#11,#571);
#4775 = PRODUCT_DEFINITION_SHAPE('Placement','Placement of an item',
  #4776);
#4776 = NEXT_ASSEMBLY_USAGE_OCCURRENCE('142','LED72','',#5,#1907,$);
#4777 = CONTEXT_DEPENDENT_SHAPE_REPRESENTATION(#4778,#4780);
#4778 = ( REPRESENTATION_RELATIONSHIP('','',#672,#10) 
REPRESENTATION_RELATIONSHIP_WITH_TRANSFORMATION(#4779) 
SHAPE_REPRESENTATION_RELATIONSHIP() );
#4779 = ITEM_DEFINED_TRANSFORMATION('','',#11,#575);
#4780 = PRODUCT_DEFINITION_SHAPE('Placement','Placement of an item',
  #4781);
#4781 = NEXT_ASSEMBLY_USAGE_OCCURRENCE('143','C38','',#5,#667,$);
#4782 = CONTEXT_DEPENDENT_SHAPE_REPRESENTATION(#4783,#4785);
#4783 = ( REPRESENTATION_RELATIONSHIP('','',#672,#10) 
REPRESENTATION_RELATIONSHIP_WITH_TRANSFORMATION(#4784) 
SHAPE_REPRESENTATION_RELATIONSHIP() );
#4784 = ITEM_DEFINED_TRANSFORMATION('','',#11,#579);
#4785 = PRODUCT_DEFINITION_SHAPE('Placement','Placement of an item',
  #4786);
#4786 = NEXT_ASSEMBLY_USAGE_OCCURRENCE('144','C6','',#5,#667,$);
#4787 = CONTEXT_DEPENDENT_SHAPE_REPRESENTATION(#4788,#4790);
#4788 = ( REPRESENTATION_RELATIONSHIP('','',#672,#10) 
REPRESENTATION_RELATIONSHIP_WITH_TRANSFORMATION(#4789) 
SHAPE_REPRESENTATION_RELATIONSHIP() );
#4789 = ITEM_DEFINED_TRANSFORMATION('','',#11,#583);
#4790 = PRODUCT_DEFINITION_SHAPE('Placement','Placement of an item',
  #4791);
#4791 = NEXT_ASSEMBLY_USAGE_OCCURRENCE('145','C60','',#5,#667,$);
#4792 = CONTEXT_DEPENDENT_SHAPE_REPRESENTATION(#4793,#4795);
#4793 = ( REPRESENTATION_RELATIONSHIP('','',#1912,#10) 
REPRESENTATION_RELATIONSHIP_WITH_TRANSFORMATION(#4794) 
SHAPE_REPRESENTATION_RELATIONSHIP() );
#4794 = ITEM_DEFINED_TRANSFORMATION('','',#11,#587);
#4795 = PRODUCT_DEFINITION_SHAPE('Placement','Placement of an item',
  #4796);
#4796 = NEXT_ASSEMBLY_USAGE_OCCURRENCE('146','LED45','',#5,#1907,$);
#4797 = CONTEXT_DEPENDENT_SHAPE_REPRESENTATION(#4798,#4800);
#4798 = ( REPRESENTATION_RELATIONSHIP('','',#1912,#10) 
REPRESENTATION_RELATIONSHIP_WITH_TRANSFORMATION(#4799) 
SHAPE_REPRESENTATION_RELATIONSHIP() );
#4799 = ITEM_DEFINED_TRANSFORMATION('','',#11,#591);
#4800 = PRODUCT_DEFINITION_SHAPE('Placement','Placement of an item',
  #4801);
#4801 = NEXT_ASSEMBLY_USAGE_OCCURRENCE('147','LED48','',#5,#1907,$);
#4802 = CONTEXT_DEPENDENT_SHAPE_REPRESENTATION(#4803,#4805);
#4803 = ( REPRESENTATION_RELATIONSHIP('','',#1912,#10) 
REPRESENTATION_RELATIONSHIP_WITH_TRANSFORMATION(#4804) 
SHAPE_REPRESENTATION_RELATIONSHIP() );
#4804 = ITEM_DEFINED_TRANSFORMATION('','',#11,#595);
#4805 = PRODUCT_DEFINITION_SHAPE('Placement','Placement of an item',
  #4806);
#4806 = NEXT_ASSEMBLY_USAGE_OCCURRENCE('148','LED40','',#5,#1907,$);
#4807 = CONTEXT_DEPENDENT_SHAPE_REPRESENTATION(#4808,#4810);
#4808 = ( REPRESENTATION_RELATIONSHIP('','',#1912,#10) 
REPRESENTATION_RELATIONSHIP_WITH_TRANSFORMATION(#4809) 
SHAPE_REPRESENTATION_RELATIONSHIP() );
#4809 = ITEM_DEFINED_TRANSFORMATION('','',#11,#599);
#4810 = PRODUCT_DEFINITION_SHAPE('Placement','Placement of an item',
  #4811);
#4811 = NEXT_ASSEMBLY_USAGE_OCCURRENCE('149','LED57','',#5,#1907,$);
#4812 = CONTEXT_DEPENDENT_SHAPE_REPRESENTATION(#4813,#4815);
#4813 = ( REPRESENTATION_RELATIONSHIP('','',#1912,#10) 
REPRESENTATION_RELATIONSHIP_WITH_TRANSFORMATION(#4814) 
SHAPE_REPRESENTATION_RELATIONSHIP() );
#4814 = ITEM_DEFINED_TRANSFORMATION('','',#11,#603);
#4815 = PRODUCT_DEFINITION_SHAPE('Placement','Placement of an item',
  #4816);
#4816 = NEXT_ASSEMBLY_USAGE_OCCURRENCE('150','LED55','',#5,#1907,$);
#4817 = CONTEXT_DEPENDENT_SHAPE_REPRESENTATION(#4818,#4820);
#4818 = ( REPRESENTATION_RELATIONSHIP('','',#672,#10) 
REPRESENTATION_RELATIONSHIP_WITH_TRANSFORMATION(#4819) 
SHAPE_REPRESENTATION_RELATIONSHIP() );
#4819 = ITEM_DEFINED_TRANSFORMATION('','',#11,#607);
#4820 = PRODUCT_DEFINITION_SHAPE('Placement','Placement of an item',
  #4821);
#4821 = NEXT_ASSEMBLY_USAGE_OCCURRENCE('151','C18','',#5,#667,$);
#4822 = CONTEXT_DEPENDENT_SHAPE_REPRESENTATION(#4823,#4825);
#4823 = ( REPRESENTATION_RELATIONSHIP('','',#1912,#10) 
REPRESENTATION_RELATIONSHIP_WITH_TRANSFORMATION(#4824) 
SHAPE_REPRESENTATION_RELATIONSHIP() );
#4824 = ITEM_DEFINED_TRANSFORMATION('','',#11,#611);
#4825 = PRODUCT_DEFINITION_SHAPE('Placement','Placement of an item',
  #4826);
#4826 = NEXT_ASSEMBLY_USAGE_OCCURRENCE('152','LED44','',#5,#1907,$);
#4827 = CONTEXT_DEPENDENT_SHAPE_REPRESENTATION(#4828,#4830);
#4828 = ( REPRESENTATION_RELATIONSHIP('','',#672,#10) 
REPRESENTATION_RELATIONSHIP_WITH_TRANSFORMATION(#4829) 
SHAPE_REPRESENTATION_RELATIONSHIP() );
#4829 = ITEM_DEFINED_TRANSFORMATION('','',#11,#615);
#4830 = PRODUCT_DEFINITION_SHAPE('Placement','Placement of an item',
  #4831);
#4831 = NEXT_ASSEMBLY_USAGE_OCCURRENCE('153','C45','',#5,#667,$);
#4832 = CONTEXT_DEPENDENT_SHAPE_REPRESENTATION(#4833,#4835);
#4833 = ( REPRESENTATION_RELATIONSHIP('','',#672,#10) 
REPRESENTATION_RELATIONSHIP_WITH_TRANSFORMATION(#4834) 
SHAPE_REPRESENTATION_RELATIONSHIP() );
#4834 = ITEM_DEFINED_TRANSFORMATION('','',#11,#619);
#4835 = PRODUCT_DEFINITION_SHAPE('Placement','Placement of an item',
  #4836);
#4836 = NEXT_ASSEMBLY_USAGE_OCCURRENCE('154','C30','',#5,#667,$);
#4837 = CONTEXT_DEPENDENT_SHAPE_REPRESENTATION(#4838,#4840);
#4838 = ( REPRESENTATION_RELATIONSHIP('','',#1912,#10) 
REPRESENTATION_RELATIONSHIP_WITH_TRANSFORMATION(#4839) 
SHAPE_REPRESENTATION_RELATIONSHIP() );
#4839 = ITEM_DEFINED_TRANSFORMATION('','',#11,#623);
#4840 = PRODUCT_DEFINITION_SHAPE('Placement','Placement of an item',
  #4841);
#4841 = NEXT_ASSEMBLY_USAGE_OCCURRENCE('155','LED26','',#5,#1907,$);
#4842 = CONTEXT_DEPENDENT_SHAPE_REPRESENTATION(#4843,#4845);
#4843 = ( REPRESENTATION_RELATIONSHIP('','',#672,#10) 
REPRESENTATION_RELATIONSHIP_WITH_TRANSFORMATION(#4844) 
SHAPE_REPRESENTATION_RELATIONSHIP() );
#4844 = ITEM_DEFINED_TRANSFORMATION('','',#11,#627);
#4845 = PRODUCT_DEFINITION_SHAPE('Placement','Placement of an item',
  #4846);
#4846 = NEXT_ASSEMBLY_USAGE_OCCURRENCE('156','C28','',#5,#667,$);
#4847 = CONTEXT_DEPENDENT_SHAPE_REPRESENTATION(#4848,#4850);
#4848 = ( REPRESENTATION_RELATIONSHIP('','',#1912,#10) 
REPRESENTATION_RELATIONSHIP_WITH_TRANSFORMATION(#4849) 
SHAPE_REPRESENTATION_RELATIONSHIP() );
#4849 = ITEM_DEFINED_TRANSFORMATION('','',#11,#631);
#4850 = PRODUCT_DEFINITION_SHAPE('Placement','Placement of an item',
  #4851);
#4851 = NEXT_ASSEMBLY_USAGE_OCCURRENCE('157','LED15','',#5,#1907,$);
#4852 = CONTEXT_DEPENDENT_SHAPE_REPRESENTATION(#4853,#4855);
#4853 = ( REPRESENTATION_RELATIONSHIP('','',#672,#10) 
REPRESENTATION_RELATIONSHIP_WITH_TRANSFORMATION(#4854) 
SHAPE_REPRESENTATION_RELATIONSHIP() );
#4854 = ITEM_DEFINED_TRANSFORMATION('','',#11,#635);
#4855 = PRODUCT_DEFINITION_SHAPE('Placement','Placement of an item',
  #4856);
#4856 = NEXT_ASSEMBLY_USAGE_OCCURRENCE('158','C2','',#5,#667,$);
#4857 = CONTEXT_DEPENDENT_SHAPE_REPRESENTATION(#4858,#4860);
#4858 = ( REPRESENTATION_RELATIONSHIP('','',#672,#10) 
REPRESENTATION_RELATIONSHIP_WITH_TRANSFORMATION(#4859) 
SHAPE_REPRESENTATION_RELATIONSHIP() );
#4859 = ITEM_DEFINED_TRANSFORMATION('','',#11,#639);
#4860 = PRODUCT_DEFINITION_SHAPE('Placement','Placement of an item',
  #4861);
#4861 = NEXT_ASSEMBLY_USAGE_OCCURRENCE('159','C15','',#5,#667,$);
#4862 = CONTEXT_DEPENDENT_SHAPE_REPRESENTATION(#4863,#4865);
#4863 = ( REPRESENTATION_RELATIONSHIP('','',#1912,#10) 
REPRESENTATION_RELATIONSHIP_WITH_TRANSFORMATION(#4864) 
SHAPE_REPRESENTATION_RELATIONSHIP() );
#4864 = ITEM_DEFINED_TRANSFORMATION('','',#11,#643);
#4865 = PRODUCT_DEFINITION_SHAPE('Placement','Placement of an item',
  #4866);
#4866 = NEXT_ASSEMBLY_USAGE_OCCURRENCE('160','LED69','',#5,#1907,$);
#4867 = CONTEXT_DEPENDENT_SHAPE_REPRESENTATION(#4868,#4870);
#4868 = ( REPRESENTATION_RELATIONSHIP('','',#1912,#10) 
REPRESENTATION_RELATIONSHIP_WITH_TRANSFORMATION(#4869) 
SHAPE_REPRESENTATION_RELATIONSHIP() );
#4869 = ITEM_DEFINED_TRANSFORMATION('','',#11,#647);
#4870 = PRODUCT_DEFINITION_SHAPE('Placement','Placement of an item',
  #4871);
#4871 = NEXT_ASSEMBLY_USAGE_OCCURRENCE('161','LED10','',#5,#1907,$);
#4872 = CONTEXT_DEPENDENT_SHAPE_REPRESENTATION(#4873,#4875);
#4873 = ( REPRESENTATION_RELATIONSHIP('','',#1912,#10) 
REPRESENTATION_RELATIONSHIP_WITH_TRANSFORMATION(#4874) 
SHAPE_REPRESENTATION_RELATIONSHIP() );
#4874 = ITEM_DEFINED_TRANSFORMATION('','',#11,#651);
#4875 = PRODUCT_DEFINITION_SHAPE('Placement','Placement of an item',
  #4876);
#4876 = NEXT_ASSEMBLY_USAGE_OCCURRENCE('162','LED79','',#5,#1907,$);
#4877 = SHAPE_DEFINITION_REPRESENTATION(#4878,#4884);
#4878 = PRODUCT_DEFINITION_SHAPE('','',#4879);
#4879 = PRODUCT_DEFINITION('design','',#4880,#4883);
#4880 = PRODUCT_DEFINITION_FORMATION('','',#4881);
#4881 = PRODUCT('Keyboard_PCB','Keyboard_PCB','',(#4882));
#4882 = PRODUCT_CONTEXT('',#2,'mechanical');
#4883 = PRODUCT_DEFINITION_CONTEXT('part definition',#2,'design');
#4884 = ADVANCED_BREP_SHAPE_REPRESENTATION('',(#11,#4885),#20635);
#4885 = MANIFOLD_SOLID_BREP('',#4886);
#4886 = CLOSED_SHELL('',(#4887,#4927,#4958,#4989,#9406,#13823,#13835,
    #13852,#13869,#13886,#13903,#13920,#13937,#13954,#13971,#13988,
    #14005,#14022,#14039,#14056,#14073,#14090,#14107,#14124,#14141,
    #14158,#14175,#14192,#14209,#14226,#14243,#14260,#14277,#14294,
    #14311,#14328,#14345,#14362,#14379,#14396,#14413,#14430,#14447,
    #14464,#14481,#14498,#14515,#14532,#14549,#14566,#14583,#14600,
    #14617,#14634,#14651,#14668,#14685,#14702,#14719,#14736,#14753,
    #14770,#14787,#14804,#14821,#14838,#14855,#14872,#14889,#14906,
    #14923,#14940,#14957,#14974,#14991,#15008,#15025,#15042,#15059,
    #15076,#15093,#15110,#15127,#15144,#15161,#15178,#15195,#15212,
    #15229,#15246,#15263,#15280,#15297,#15314,#15331,#15348,#15365,
    #15382,#15399,#15416,#15433,#15450,#15467,#15484,#15501,#15518,
    #15535,#15552,#15569,#15586,#15603,#15620,#15637,#15654,#15671,
    #15688,#15705,#15722,#15739,#15756,#15773,#15790,#15807,#15824,
    #15841,#15858,#15875,#15892,#15909,#15926,#15943,#15960,#15977,
    #15994,#16011,#16028,#16045,#16062,#16079,#16096,#16113,#16130,
    #16147,#16164,#16181,#16198,#16215,#16232,#16249,#16266,#16283,
    #16300,#16317,#16334,#16351,#16368,#16385,#16402,#16419,#16436,
    #16453,#16470,#16487,#16504,#16521,#16538,#16555,#16572,#16589,
    #16606,#16623,#16640,#16657,#16674,#16691,#16708,#16725,#16742,
    #16759,#16776,#16793,#16810,#16827,#16844,#16861,#16878,#16895,
    #16912,#16929,#16946,#16963,#16980,#16997,#17014,#17031,#17048,
    #17065,#17082,#17099,#17116,#17133,#17150,#17167,#17184,#17201,
    #17218,#17235,#17252,#17269,#17286,#17303,#17320,#17337,#17354,
    #17371,#17388,#17405,#17422,#17439,#17456,#17473,#17490,#17507,
    #17524,#17541,#17558,#17575,#17592,#17609,#17626,#17643,#17660,
    #17677,#17694,#17711,#17728,#17745,#17762,#17779,#17796,#17813,
    #17830,#17847,#17864,#17881,#17898,#17915,#17932,#17949,#17966,
    #17983,#18000,#18017,#18034,#18051,#18068,#18085,#18102,#18119,
    #18136,#18153,#18170,#18187,#18204,#18221,#18238,#18255,#18272,
    #18289,#18306,#18323,#18340,#18357,#18374,#18391,#18408,#18425,
    #18442,#18459,#18476,#18493,#18510,#18527,#18544,#18561,#18578,
    #18595,#18612,#18629,#18646,#18663,#18680,#18697,#18714,#18731,
    #18748,#18765,#18782,#18799,#18816,#18833,#18850,#18867,#18884,
    #18901,#18918,#18935,#18952,#18969,#18986,#19003,#19020,#19037,
    #19054,#19071,#19088,#19105,#19122,#19139,#19156,#19173,#19190,
    #19207,#19224,#19241,#19258,#19275,#19292,#19309,#19326,#19343,
    #19360,#19377,#19394,#19411,#19428,#19445,#19462,#19479,#19496,
    #19513,#19530,#19547,#19564,#19581,#19598,#19615,#19632,#19649,
    #19666,#19683,#19700,#19717,#19734,#19751,#19768,#19785,#19802,
    #19819,#19836,#19853,#19870,#19887,#19904,#19921,#19938,#19955,
    #19972,#19989,#20006,#20023,#20040,#20057,#20074,#20091,#20108,
    #20125,#20142,#20159,#20176,#20193,#20210,#20227,#20244,#20261,
    #20278,#20295,#20312,#20329,#20346,#20363,#20380,#20397,#20414,
    #20431,#20448,#20465,#20482,#20499,#20516,#20533,#20550,#20567,
    #20584,#20601,#20618));
#4887 = ADVANCED_FACE('',(#4888),#4922,.T.);
#4888 = FACE_BOUND('',#4889,.T.);
#4889 = EDGE_LOOP('',(#4890,#4900,#4908,#4916));
#4890 = ORIENTED_EDGE('',*,*,#4891,.T.);
#4891 = EDGE_CURVE('',#4892,#4894,#4896,.T.);
#4892 = VERTEX_POINT('',#4893);
#4893 = CARTESIAN_POINT('',(299.974,-114.808,0.));
#4894 = VERTEX_POINT('',#4895);
#4895 = CARTESIAN_POINT('',(299.974,-114.808,1.6));
#4896 = LINE('',#4897,#4898);
#4897 = CARTESIAN_POINT('',(299.974,-114.808,0.));
#4898 = VECTOR('',#4899,1.);
#4899 = DIRECTION('',(0.,0.,1.));
#4900 = ORIENTED_EDGE('',*,*,#4901,.T.);
#4901 = EDGE_CURVE('',#4894,#4902,#4904,.T.);
#4902 = VERTEX_POINT('',#4903);
#4903 = CARTESIAN_POINT('',(-12.446,-114.808,1.6));
#4904 = LINE('',#4905,#4906);
#4905 = CARTESIAN_POINT('',(299.974,-114.808,1.6));
#4906 = VECTOR('',#4907,1.);
#4907 = DIRECTION('',(-1.,0.,0.));
#4908 = ORIENTED_EDGE('',*,*,#4909,.F.);
#4909 = EDGE_CURVE('',#4910,#4902,#4912,.T.);
#4910 = VERTEX_POINT('',#4911);
#4911 = CARTESIAN_POINT('',(-12.446,-114.808,0.));
#4912 = LINE('',#4913,#4914);
#4913 = CARTESIAN_POINT('',(-12.446,-114.808,0.));
#4914 = VECTOR('',#4915,1.);
#4915 = DIRECTION('',(0.,0.,1.));
#4916 = ORIENTED_EDGE('',*,*,#4917,.F.);
#4917 = EDGE_CURVE('',#4892,#4910,#4918,.T.);
#4918 = LINE('',#4919,#4920);
#4919 = CARTESIAN_POINT('',(299.974,-114.808,0.));
#4920 = VECTOR('',#4921,1.);
#4921 = DIRECTION('',(-1.,0.,0.));
#4922 = PLANE('',#4923);
#4923 = AXIS2_PLACEMENT_3D('',#4924,#4925,#4926);
#4924 = CARTESIAN_POINT('',(299.974,-114.808,0.));
#4925 = DIRECTION('',(0.,-1.,0.));
#4926 = DIRECTION('',(-1.,0.,0.));
#4927 = ADVANCED_FACE('',(#4928),#4953,.T.);
#4928 = FACE_BOUND('',#4929,.T.);
#4929 = EDGE_LOOP('',(#4930,#4940,#4946,#4947));
#4930 = ORIENTED_EDGE('',*,*,#4931,.T.);
#4931 = EDGE_CURVE('',#4932,#4934,#4936,.T.);
#4932 = VERTEX_POINT('',#4933);
#4933 = CARTESIAN_POINT('',(299.974,25.4,0.));
#4934 = VERTEX_POINT('',#4935);
#4935 = CARTESIAN_POINT('',(299.974,25.4,1.6));
#4936 = LINE('',#4937,#4938);
#4937 = CARTESIAN_POINT('',(299.974,25.4,0.));
#4938 = VECTOR('',#4939,1.);
#4939 = DIRECTION('',(0.,0.,1.));
#4940 = ORIENTED_EDGE('',*,*,#4941,.T.);
#4941 = EDGE_CURVE('',#4934,#4894,#4942,.T.);
#4942 = LINE('',#4943,#4944);
#4943 = CARTESIAN_POINT('',(299.974,25.4,1.6));
#4944 = VECTOR('',#4945,1.);
#4945 = DIRECTION('',(0.,-1.,0.));
#4946 = ORIENTED_EDGE('',*,*,#4891,.F.);
#4947 = ORIENTED_EDGE('',*,*,#4948,.F.);
#4948 = EDGE_CURVE('',#4932,#4892,#4949,.T.);
#4949 = LINE('',#4950,#4951);
#4950 = CARTESIAN_POINT('',(299.974,25.4,0.));
#4951 = VECTOR('',#4952,1.);
#4952 = DIRECTION('',(0.,-1.,0.));
#4953 = PLANE('',#4954);
#4954 = AXIS2_PLACEMENT_3D('',#4955,#4956,#4957);
#4955 = CARTESIAN_POINT('',(299.974,25.4,0.));
#4956 = DIRECTION('',(1.,0.,-0.));
#4957 = DIRECTION('',(0.,-1.,0.));
#4958 = ADVANCED_FACE('',(#4959),#4984,.T.);
#4959 = FACE_BOUND('',#4960,.T.);
#4960 = EDGE_LOOP('',(#4961,#4962,#4970,#4978));
#4961 = ORIENTED_EDGE('',*,*,#4909,.T.);
#4962 = ORIENTED_EDGE('',*,*,#4963,.T.);
#4963 = EDGE_CURVE('',#4902,#4964,#4966,.T.);
#4964 = VERTEX_POINT('',#4965);
#4965 = CARTESIAN_POINT('',(-12.446,25.4,1.6));
#4966 = LINE('',#4967,#4968);
#4967 = CARTESIAN_POINT('',(-12.446,-114.808,1.6));
#4968 = VECTOR('',#4969,1.);
#4969 = DIRECTION('',(0.,1.,0.));
#4970 = ORIENTED_EDGE('',*,*,#4971,.F.);
#4971 = EDGE_CURVE('',#4972,#4964,#4974,.T.);
#4972 = VERTEX_POINT('',#4973);
#4973 = CARTESIAN_POINT('',(-12.446,25.4,0.));
#4974 = LINE('',#4975,#4976);
#4975 = CARTESIAN_POINT('',(-12.446,25.4,0.));
#4976 = VECTOR('',#4977,1.);
#4977 = DIRECTION('',(0.,0.,1.));
#4978 = ORIENTED_EDGE('',*,*,#4979,.F.);
#4979 = EDGE_CURVE('',#4910,#4972,#4980,.T.);
#4980 = LINE('',#4981,#4982);
#4981 = CARTESIAN_POINT('',(-12.446,-114.808,0.));
#4982 = VECTOR('',#4983,1.);
#4983 = DIRECTION('',(0.,1.,0.));
#4984 = PLANE('',#4985);
#4985 = AXIS2_PLACEMENT_3D('',#4986,#4987,#4988);
#4986 = CARTESIAN_POINT('',(-12.446,-114.808,0.));
#4987 = DIRECTION('',(-1.,0.,0.));
#4988 = DIRECTION('',(0.,1.,0.));
#4989 = ADVANCED_FACE('',(#4990,#5001,#5012,#5023,#5034,#5045,#5056,
    #5067,#5078,#5089,#5100,#5111,#5122,#5133,#5144,#5155,#5166,#5177,
    #5188,#5199,#5210,#5221,#5232,#5243,#5254,#5265,#5276,#5287,#5298,
    #5309,#5320,#5331,#5342,#5353,#5364,#5375,#5386,#5397,#5408,#5419,
    #5430,#5441,#5452,#5463,#5474,#5485,#5496,#5507,#5518,#5529,#5540,
    #5551,#5562,#5573,#5584,#5595,#5606,#5617,#5628,#5639,#5650,#5661,
    #5672,#5683,#5694,#5705,#5716,#5727,#5738,#5749,#5760,#5771,#5782,
    #5793,#5804,#5815,#5826,#5837,#5848,#5859,#5870,#5881,#5892,#5903,
    #5914,#5925,#5936,#5947,#5958,#5969,#5980,#5991,#6002,#6013,#6024,
    #6035,#6046,#6057,#6068,#6079,#6090,#6101,#6112,#6123,#6134,#6145,
    #6156,#6167,#6178,#6189,#6200,#6211,#6222,#6233,#6244,#6255,#6266,
    #6277,#6288,#6299,#6310,#6321,#6332,#6343,#6354,#6365,#6376,#6387,
    #6398,#6409,#6420,#6431,#6442,#6453,#6464,#6475,#6486,#6497,#6508,
    #6519,#6530,#6541,#6552,#6563,#6574,#6585,#6596,#6607,#6618,#6629,
    #6640,#6651,#6662,#6673,#6684,#6695,#6706,#6717,#6728,#6739,#6750,
    #6761,#6772,#6783,#6794,#6805,#6816,#6827,#6838,#6849,#6860,#6871,
    #6882,#6893,#6904,#6915,#6926,#6937,#6948,#6959,#6970,#6981,#6992,
    #7003,#7014,#7025,#7036,#7047,#7058,#7069,#7080,#7091,#7102,#7113,
    #7124,#7135,#7146,#7157,#7168,#7179,#7190,#7201,#7212,#7223,#7234,
    #7245,#7256,#7267,#7278,#7289,#7300,#7311,#7322,#7333,#7344,#7355,
    #7366,#7377,#7388,#7399,#7410,#7421,#7432,#7443,#7454,#7465,#7476,
    #7487,#7498,#7509,#7520,#7531,#7542,#7553,#7564,#7575,#7586,#7597,
    #7608,#7619,#7630,#7641,#7652,#7663,#7674,#7685,#7696,#7707,#7718,
    #7729,#7740,#7751,#7762,#7773,#7784,#7795,#7806,#7817,#7828,#7839,
    #7850,#7861,#7872,#7883,#7894,#7905,#7916,#7927,#7938,#7949,#7960,
    #7971,#7982,#7993,#8004,#8015,#8026,#8037,#8048,#8059,#8070,#8081,
    #8092,#8103,#8114,#8125,#8136,#8147,#8158,#8169,#8180,#8191,#8202,
    #8213,#8224,#8235,#8246,#8257,#8268,#8279,#8290,#8301,#8312,#8323,
    #8334,#8345,#8356,#8367,#8378,#8389,#8400,#8411,#8422,#8433,#8444,
    #8455,#8466,#8477,#8488,#8499,#8510,#8521,#8532,#8543,#8554,#8565,
    #8576,#8587,#8598,#8609,#8620,#8631,#8642,#8653,#8664,#8675,#8686,
    #8697,#8708,#8719,#8730,#8741,#8752,#8763,#8774,#8785,#8796,#8807,
    #8818,#8829,#8840,#8851,#8862,#8873,#8884,#8895,#8906,#8917,#8928,
    #8939,#8950,#8961,#8972,#8983,#8994,#9005,#9016,#9027,#9038,#9049,
    #9060,#9071,#9082,#9093,#9104,#9115,#9126,#9137,#9148,#9159,#9170,
    #9181,#9192,#9203,#9214,#9225,#9236,#9247,#9258,#9269,#9280,#9291,
    #9302,#9313,#9324,#9335,#9346,#9357,#9368,#9379,#9390),#9401,.F.);
#4990 = FACE_BOUND('',#4991,.F.);
#4991 = EDGE_LOOP('',(#4992,#4993,#4994,#5000));
#4992 = ORIENTED_EDGE('',*,*,#4917,.F.);
#4993 = ORIENTED_EDGE('',*,*,#4948,.F.);
#4994 = ORIENTED_EDGE('',*,*,#4995,.F.);
#4995 = EDGE_CURVE('',#4972,#4932,#4996,.T.);
#4996 = LINE('',#4997,#4998);
#4997 = CARTESIAN_POINT('',(-12.446,25.4,0.));
#4998 = VECTOR('',#4999,1.);
#4999 = DIRECTION('',(1.,0.,0.));
#5000 = ORIENTED_EDGE('',*,*,#4979,.F.);
#5001 = FACE_BOUND('',#5002,.F.);
#5002 = EDGE_LOOP('',(#5003));
#5003 = ORIENTED_EDGE('',*,*,#5004,.T.);
#5004 = EDGE_CURVE('',#5005,#5005,#5007,.T.);
#5005 = VERTEX_POINT('',#5006);
#5006 = CARTESIAN_POINT('',(-0.15875,-107.014375,0.));
#5007 = CIRCLE('',#5008,1.525);
#5008 = AXIS2_PLACEMENT_3D('',#5009,#5010,#5011);
#5009 = CARTESIAN_POINT('',(-0.15875,-105.489375,0.));
#5010 = DIRECTION('',(-0.,0.,-1.));
#5011 = DIRECTION('',(1.092022647172E-16,-1.,-0.));
#5012 = FACE_BOUND('',#5013,.F.);
#5013 = EDGE_LOOP('',(#5014));
#5014 = ORIENTED_EDGE('',*,*,#5015,.T.);
#5015 = EDGE_CURVE('',#5016,#5016,#5018,.T.);
#5016 = VERTEX_POINT('',#5017);
#5017 = CARTESIAN_POINT('',(-2.69875,-101.284375,0.));
#5018 = CIRCLE('',#5019,0.875);
#5019 = AXIS2_PLACEMENT_3D('',#5020,#5021,#5022);
#5020 = CARTESIAN_POINT('',(-2.69875,-100.409375,0.));
#5021 = DIRECTION('',(-0.,0.,-1.));
#5022 = DIRECTION('',(-0.,-1.,0.));
#5023 = FACE_BOUND('',#5024,.F.);
#5024 = EDGE_LOOP('',(#5025));
#5025 = ORIENTED_EDGE('',*,*,#5026,.T.);
#5026 = EDGE_CURVE('',#5027,#5027,#5029,.T.);
#5027 = VERTEX_POINT('',#5028);
#5028 = CARTESIAN_POINT('',(2.38125,-102.409375,0.));
#5029 = CIRCLE('',#5030,2.);
#5030 = AXIS2_PLACEMENT_3D('',#5031,#5032,#5033);
#5031 = CARTESIAN_POINT('',(2.38125,-100.409375,0.));
#5032 = DIRECTION('',(-0.,0.,-1.));
#5033 = DIRECTION('',(2.22044604925E-16,-1.,-0.));
#5034 = FACE_BOUND('',#5035,.F.);
#5035 = EDGE_LOOP('',(#5036));
#5036 = ORIENTED_EDGE('',*,*,#5037,.T.);
#5037 = EDGE_CURVE('',#5038,#5038,#5040,.T.);
#5038 = VERTEX_POINT('',#5039);
#5039 = CARTESIAN_POINT('',(6.19125,-104.474375,0.));
#5040 = CIRCLE('',#5041,1.525);
#5041 = AXIS2_PLACEMENT_3D('',#5042,#5043,#5044);
#5042 = CARTESIAN_POINT('',(6.19125,-102.949375,0.));
#5043 = DIRECTION('',(-0.,0.,-1.));
#5044 = DIRECTION('',(-0.,-1.,0.));
#5045 = FACE_BOUND('',#5046,.F.);
#5046 = EDGE_LOOP('',(#5047));
#5047 = ORIENTED_EDGE('',*,*,#5048,.T.);
#5048 = EDGE_CURVE('',#5049,#5049,#5051,.T.);
#5049 = VERTEX_POINT('',#5050);
#5050 = CARTESIAN_POINT('',(7.46125,-101.284375,0.));
#5051 = CIRCLE('',#5052,0.875);
#5052 = AXIS2_PLACEMENT_3D('',#5053,#5054,#5055);
#5053 = CARTESIAN_POINT('',(7.46125,-100.409375,0.));
#5054 = DIRECTION('',(-0.,0.,-1.));
#5055 = DIRECTION('',(-0.,-1.,0.));
#5056 = FACE_BOUND('',#5057,.F.);
#5057 = EDGE_LOOP('',(#5058));
#5058 = ORIENTED_EDGE('',*,*,#5059,.T.);
#5059 = EDGE_CURVE('',#5060,#5060,#5062,.T.);
#5060 = VERTEX_POINT('',#5061);
#5061 = CARTESIAN_POINT('',(23.65375,-107.014375,0.));
#5062 = CIRCLE('',#5063,1.525);
#5063 = AXIS2_PLACEMENT_3D('',#5064,#5065,#5066);
#5064 = CARTESIAN_POINT('',(23.65375,-105.489375,0.));
#5065 = DIRECTION('',(-0.,0.,-1.));
#5066 = DIRECTION('',(-2.329648313968E-15,-1.,0.));
#5067 = FACE_BOUND('',#5068,.F.);
#5068 = EDGE_LOOP('',(#5069));
#5069 = ORIENTED_EDGE('',*,*,#5070,.T.);
#5070 = EDGE_CURVE('',#5071,#5071,#5073,.T.);
#5071 = VERTEX_POINT('',#5072);
#5072 = CARTESIAN_POINT('',(21.11375,-101.284375,0.));
#5073 = CIRCLE('',#5074,0.875);
#5074 = AXIS2_PLACEMENT_3D('',#5075,#5076,#5077);
#5075 = CARTESIAN_POINT('',(21.11375,-100.409375,0.));
#5076 = DIRECTION('',(-0.,0.,-1.));
#5077 = DIRECTION('',(-0.,-1.,0.));
#5078 = FACE_BOUND('',#5079,.F.);
#5079 = EDGE_LOOP('',(#5080));
#5080 = ORIENTED_EDGE('',*,*,#5081,.T.);
#5081 = EDGE_CURVE('',#5082,#5082,#5084,.T.);
#5082 = VERTEX_POINT('',#5083);
#5083 = CARTESIAN_POINT('',(30.00375,-104.474375,0.));
#5084 = CIRCLE('',#5085,1.525);
#5085 = AXIS2_PLACEMENT_3D('',#5086,#5087,#5088);
#5086 = CARTESIAN_POINT('',(30.00375,-102.949375,0.));
#5087 = DIRECTION('',(-0.,0.,-1.));
#5088 = DIRECTION('',(-0.,-1.,0.));
#5089 = FACE_BOUND('',#5090,.F.);
#5090 = EDGE_LOOP('',(#5091));
#5091 = ORIENTED_EDGE('',*,*,#5092,.T.);
#5092 = EDGE_CURVE('',#5093,#5093,#5095,.T.);
#5093 = VERTEX_POINT('',#5094);
#5094 = CARTESIAN_POINT('',(26.19375,-102.409375,0.));
#5095 = CIRCLE('',#5096,2.);
#5096 = AXIS2_PLACEMENT_3D('',#5097,#5098,#5099);
#5097 = CARTESIAN_POINT('',(26.19375,-100.409375,0.));
#5098 = DIRECTION('',(-0.,0.,-1.));
#5099 = DIRECTION('',(-0.,-1.,0.));
#5100 = FACE_BOUND('',#5101,.F.);
#5101 = EDGE_LOOP('',(#5102));
#5102 = ORIENTED_EDGE('',*,*,#5103,.T.);
#5103 = EDGE_CURVE('',#5104,#5104,#5106,.T.);
#5104 = VERTEX_POINT('',#5105);
#5105 = CARTESIAN_POINT('',(47.46625,-107.014375,0.));
#5106 = CIRCLE('',#5107,1.525);
#5107 = AXIS2_PLACEMENT_3D('',#5108,#5109,#5110);
#5108 = CARTESIAN_POINT('',(47.46625,-105.489375,0.));
#5109 = DIRECTION('',(-0.,0.,-1.));
#5110 = DIRECTION('',(-0.,-1.,0.));
#5111 = FACE_BOUND('',#5112,.F.);
#5112 = EDGE_LOOP('',(#5113));
#5113 = ORIENTED_EDGE('',*,*,#5114,.T.);
#5114 = EDGE_CURVE('',#5115,#5115,#5117,.T.);
#5115 = VERTEX_POINT('',#5116);
#5116 = CARTESIAN_POINT('',(31.27375,-101.284375,0.));
#5117 = CIRCLE('',#5118,0.875);
#5118 = AXIS2_PLACEMENT_3D('',#5119,#5120,#5121);
#5119 = CARTESIAN_POINT('',(31.27375,-100.409375,0.));
#5120 = DIRECTION('',(-0.,0.,-1.));
#5121 = DIRECTION('',(-0.,-1.,0.));
#5122 = FACE_BOUND('',#5123,.F.);
#5123 = EDGE_LOOP('',(#5124));
#5124 = ORIENTED_EDGE('',*,*,#5125,.T.);
#5125 = EDGE_CURVE('',#5126,#5126,#5128,.T.);
#5126 = VERTEX_POINT('',#5127);
#5127 = CARTESIAN_POINT('',(44.92625,-101.284375,0.));
#5128 = CIRCLE('',#5129,0.875);
#5129 = AXIS2_PLACEMENT_3D('',#5130,#5131,#5132);
#5130 = CARTESIAN_POINT('',(44.92625,-100.409375,0.));
#5131 = DIRECTION('',(-0.,0.,-1.));
#5132 = DIRECTION('',(-0.,-1.,0.));
#5133 = FACE_BOUND('',#5134,.F.);
#5134 = EDGE_LOOP('',(#5135));
#5135 = ORIENTED_EDGE('',*,*,#5136,.T.);
#5136 = EDGE_CURVE('',#5137,#5137,#5139,.T.);
#5137 = VERTEX_POINT('',#5138);
#5138 = CARTESIAN_POINT('',(53.81625,-104.474375,0.));
#5139 = CIRCLE('',#5140,1.525);
#5140 = AXIS2_PLACEMENT_3D('',#5141,#5142,#5143);
#5141 = CARTESIAN_POINT('',(53.81625,-102.949375,0.));
#5142 = DIRECTION('',(-0.,0.,-1.));
#5143 = DIRECTION('',(-0.,-1.,0.));
#5144 = FACE_BOUND('',#5145,.F.);
#5145 = EDGE_LOOP('',(#5146));
#5146 = ORIENTED_EDGE('',*,*,#5147,.T.);
#5147 = EDGE_CURVE('',#5148,#5148,#5150,.T.);
#5148 = VERTEX_POINT('',#5149);
#5149 = CARTESIAN_POINT('',(50.00625,-102.409375,0.));
#5150 = CIRCLE('',#5151,2.);
#5151 = AXIS2_PLACEMENT_3D('',#5152,#5153,#5154);
#5152 = CARTESIAN_POINT('',(50.00625,-100.409375,0.));
#5153 = DIRECTION('',(-0.,0.,-1.));
#5154 = DIRECTION('',(-0.,-1.,0.));
#5155 = FACE_BOUND('',#5156,.F.);
#5156 = EDGE_LOOP('',(#5157));
#5157 = ORIENTED_EDGE('',*,*,#5158,.T.);
#5158 = EDGE_CURVE('',#5159,#5159,#5161,.T.);
#5159 = VERTEX_POINT('',#5160);
#5160 = CARTESIAN_POINT('',(55.08625,-101.284375,0.));
#5161 = CIRCLE('',#5162,0.875);
#5162 = AXIS2_PLACEMENT_3D('',#5163,#5164,#5165);
#5163 = CARTESIAN_POINT('',(55.08625,-100.409375,0.));
#5164 = DIRECTION('',(-0.,0.,-1.));
#5165 = DIRECTION('',(-0.,-1.,0.));
#5166 = FACE_BOUND('',#5167,.F.);
#5167 = EDGE_LOOP('',(#5168));
#5168 = ORIENTED_EDGE('',*,*,#5169,.T.);
#5169 = EDGE_CURVE('',#5170,#5170,#5172,.T.);
#5170 = VERTEX_POINT('',#5171);
#5171 = CARTESIAN_POINT('',(9.36625,-87.964375,0.));
#5172 = CIRCLE('',#5173,1.525);
#5173 = AXIS2_PLACEMENT_3D('',#5174,#5175,#5176);
#5174 = CARTESIAN_POINT('',(9.36625,-86.439375,0.));
#5175 = DIRECTION('',(-0.,0.,-1.));
#5176 = DIRECTION('',(1.164824156984E-15,-1.,-0.));
#5177 = FACE_BOUND('',#5178,.F.);
#5178 = EDGE_LOOP('',(#5179));
#5179 = ORIENTED_EDGE('',*,*,#5180,.T.);
#5180 = EDGE_CURVE('',#5181,#5181,#5183,.T.);
#5181 = VERTEX_POINT('',#5182);
#5182 = CARTESIAN_POINT('',(6.82625,-82.234375,0.));
#5183 = CIRCLE('',#5184,0.875);
#5184 = AXIS2_PLACEMENT_3D('',#5185,#5186,#5187);
#5185 = CARTESIAN_POINT('',(6.82625,-81.359375,0.));
#5186 = DIRECTION('',(-0.,0.,-1.));
#5187 = DIRECTION('',(-0.,-1.,0.));
#5188 = FACE_BOUND('',#5189,.F.);
#5189 = EDGE_LOOP('',(#5190));
#5190 = ORIENTED_EDGE('',*,*,#5191,.T.);
#5191 = EDGE_CURVE('',#5192,#5192,#5194,.T.);
#5192 = VERTEX_POINT('',#5193);
#5193 = CARTESIAN_POINT('',(11.90625,-83.359375,0.));
#5194 = CIRCLE('',#5195,2.);
#5195 = AXIS2_PLACEMENT_3D('',#5196,#5197,#5198);
#5196 = CARTESIAN_POINT('',(11.90625,-81.359375,0.));
#5197 = DIRECTION('',(-0.,0.,-1.));
#5198 = DIRECTION('',(-0.,-1.,0.));
#5199 = FACE_BOUND('',#5200,.F.);
#5200 = EDGE_LOOP('',(#5201));
#5201 = ORIENTED_EDGE('',*,*,#5202,.T.);
#5202 = EDGE_CURVE('',#5203,#5203,#5205,.T.);
#5203 = VERTEX_POINT('',#5204);
#5204 = CARTESIAN_POINT('',(15.71625,-85.424375,0.));
#5205 = CIRCLE('',#5206,1.525);
#5206 = AXIS2_PLACEMENT_3D('',#5207,#5208,#5209);
#5207 = CARTESIAN_POINT('',(15.71625,-83.899375,0.));
#5208 = DIRECTION('',(-0.,0.,-1.));
#5209 = DIRECTION('',(-0.,-1.,0.));
#5210 = FACE_BOUND('',#5211,.F.);
#5211 = EDGE_LOOP('',(#5212));
#5212 = ORIENTED_EDGE('',*,*,#5213,.T.);
#5213 = EDGE_CURVE('',#5214,#5214,#5216,.T.);
#5214 = VERTEX_POINT('',#5215);
#5215 = CARTESIAN_POINT('',(16.98625,-82.234375,0.));
#5216 = CIRCLE('',#5217,0.875);
#5217 = AXIS2_PLACEMENT_3D('',#5218,#5219,#5220);
#5218 = CARTESIAN_POINT('',(16.98625,-81.359375,0.));
#5219 = DIRECTION('',(-0.,0.,-1.));
#5220 = DIRECTION('',(-0.,-1.,0.));
#5221 = FACE_BOUND('',#5222,.F.);
#5222 = EDGE_LOOP('',(#5223));
#5223 = ORIENTED_EDGE('',*,*,#5224,.T.);
#5224 = EDGE_CURVE('',#5225,#5225,#5227,.T.);
#5225 = VERTEX_POINT('',#5226);
#5226 = CARTESIAN_POINT('',(40.3225,-87.964375,0.));
#5227 = CIRCLE('',#5228,1.525);
#5228 = AXIS2_PLACEMENT_3D('',#5229,#5230,#5231);
#5229 = CARTESIAN_POINT('',(40.3225,-86.439375,0.));
#5230 = DIRECTION('',(-0.,0.,-1.));
#5231 = DIRECTION('',(-0.,-1.,0.));
#5232 = FACE_BOUND('',#5233,.F.);
#5233 = EDGE_LOOP('',(#5234));
#5234 = ORIENTED_EDGE('',*,*,#5235,.T.);
#5235 = EDGE_CURVE('',#5236,#5236,#5238,.T.);
#5236 = VERTEX_POINT('',#5237);
#5237 = CARTESIAN_POINT('',(46.6725,-85.424375,0.));
#5238 = CIRCLE('',#5239,1.525);
#5239 = AXIS2_PLACEMENT_3D('',#5240,#5241,#5242);
#5240 = CARTESIAN_POINT('',(46.6725,-83.899375,0.));
#5241 = DIRECTION('',(-0.,0.,-1.));
#5242 = DIRECTION('',(-0.,-1.,0.));
#5243 = FACE_BOUND('',#5244,.F.);
#5244 = EDGE_LOOP('',(#5245));
#5245 = ORIENTED_EDGE('',*,*,#5246,.T.);
#5246 = EDGE_CURVE('',#5247,#5247,#5249,.T.);
#5247 = VERTEX_POINT('',#5248);
#5248 = CARTESIAN_POINT('',(37.7825,-82.234375,0.));
#5249 = CIRCLE('',#5250,0.875);
#5250 = AXIS2_PLACEMENT_3D('',#5251,#5252,#5253);
#5251 = CARTESIAN_POINT('',(37.7825,-81.359375,0.));
#5252 = DIRECTION('',(-0.,0.,-1.));
#5253 = DIRECTION('',(-0.,-1.,0.));
#5254 = FACE_BOUND('',#5255,.F.);
#5255 = EDGE_LOOP('',(#5256));
#5256 = ORIENTED_EDGE('',*,*,#5257,.T.);
#5257 = EDGE_CURVE('',#5258,#5258,#5260,.T.);
#5258 = VERTEX_POINT('',#5259);
#5259 = CARTESIAN_POINT('',(42.8625,-83.359375,0.));
#5260 = CIRCLE('',#5261,2.);
#5261 = AXIS2_PLACEMENT_3D('',#5262,#5263,#5264);
#5262 = CARTESIAN_POINT('',(42.8625,-81.359375,0.));
#5263 = DIRECTION('',(-0.,0.,-1.));
#5264 = DIRECTION('',(-0.,-1.,0.));
#5265 = FACE_BOUND('',#5266,.F.);
#5266 = EDGE_LOOP('',(#5267));
#5267 = ORIENTED_EDGE('',*,*,#5268,.T.);
#5268 = EDGE_CURVE('',#5269,#5269,#5271,.T.);
#5269 = VERTEX_POINT('',#5270);
#5270 = CARTESIAN_POINT('',(47.9425,-82.234375,0.));
#5271 = CIRCLE('',#5272,0.875);
#5272 = AXIS2_PLACEMENT_3D('',#5273,#5274,#5275);
#5273 = CARTESIAN_POINT('',(47.9425,-81.359375,0.));
#5274 = DIRECTION('',(-0.,0.,-1.));
#5275 = DIRECTION('',(-0.,-1.,0.));
#5276 = FACE_BOUND('',#5277,.F.);
#5277 = EDGE_LOOP('',(#5278));
#5278 = ORIENTED_EDGE('',*,*,#5279,.T.);
#5279 = EDGE_CURVE('',#5280,#5280,#5282,.T.);
#5280 = VERTEX_POINT('',#5281);
#5281 = CARTESIAN_POINT('',(59.3725,-87.964375,0.));
#5282 = CIRCLE('',#5283,1.525);
#5283 = AXIS2_PLACEMENT_3D('',#5284,#5285,#5286);
#5284 = CARTESIAN_POINT('',(59.3725,-86.439375,0.));
#5285 = DIRECTION('',(-0.,0.,-1.));
#5286 = DIRECTION('',(-0.,-1.,0.));
#5287 = FACE_BOUND('',#5288,.F.);
#5288 = EDGE_LOOP('',(#5289));
#5289 = ORIENTED_EDGE('',*,*,#5290,.T.);
#5290 = EDGE_CURVE('',#5291,#5291,#5293,.T.);
#5291 = VERTEX_POINT('',#5292);
#5292 = CARTESIAN_POINT('',(65.7225,-85.424375,0.));
#5293 = CIRCLE('',#5294,1.525);
#5294 = AXIS2_PLACEMENT_3D('',#5295,#5296,#5297);
#5295 = CARTESIAN_POINT('',(65.7225,-83.899375,0.));
#5296 = DIRECTION('',(-0.,0.,-1.));
#5297 = DIRECTION('',(-0.,-1.,0.));
#5298 = FACE_BOUND('',#5299,.F.);
#5299 = EDGE_LOOP('',(#5300));
#5300 = ORIENTED_EDGE('',*,*,#5301,.T.);
#5301 = EDGE_CURVE('',#5302,#5302,#5304,.T.);
#5302 = VERTEX_POINT('',#5303);
#5303 = CARTESIAN_POINT('',(56.8325,-82.234375,0.));
#5304 = CIRCLE('',#5305,0.875);
#5305 = AXIS2_PLACEMENT_3D('',#5306,#5307,#5308);
#5306 = CARTESIAN_POINT('',(56.8325,-81.359375,0.));
#5307 = DIRECTION('',(-0.,0.,-1.));
#5308 = DIRECTION('',(-0.,-1.,0.));
#5309 = FACE_BOUND('',#5310,.F.);
#5310 = EDGE_LOOP('',(#5311));
#5311 = ORIENTED_EDGE('',*,*,#5312,.T.);
#5312 = EDGE_CURVE('',#5313,#5313,#5315,.T.);
#5313 = VERTEX_POINT('',#5314);
#5314 = CARTESIAN_POINT('',(61.9125,-83.359375,0.));
#5315 = CIRCLE('',#5316,2.);
#5316 = AXIS2_PLACEMENT_3D('',#5317,#5318,#5319);
#5317 = CARTESIAN_POINT('',(61.9125,-81.359375,0.));
#5318 = DIRECTION('',(-0.,0.,-1.));
#5319 = DIRECTION('',(-0.,-1.,0.));
#5320 = FACE_BOUND('',#5321,.F.);
#5321 = EDGE_LOOP('',(#5322));
#5322 = ORIENTED_EDGE('',*,*,#5323,.T.);
#5323 = EDGE_CURVE('',#5324,#5324,#5326,.T.);
#5324 = VERTEX_POINT('',#5325);
#5325 = CARTESIAN_POINT('',(66.9925,-82.234375,0.));
#5326 = CIRCLE('',#5327,0.875);
#5327 = AXIS2_PLACEMENT_3D('',#5328,#5329,#5330);
#5328 = CARTESIAN_POINT('',(66.9925,-81.359375,0.));
#5329 = DIRECTION('',(-0.,0.,-1.));
#5330 = DIRECTION('',(-0.,-1.,0.));
#5331 = FACE_BOUND('',#5332,.F.);
#5332 = EDGE_LOOP('',(#5333));
#5333 = ORIENTED_EDGE('',*,*,#5334,.T.);
#5334 = EDGE_CURVE('',#5335,#5335,#5337,.T.);
#5335 = VERTEX_POINT('',#5336);
#5336 = CARTESIAN_POINT('',(118.90375,-107.014375,0.));
#5337 = CIRCLE('',#5338,1.525);
#5338 = AXIS2_PLACEMENT_3D('',#5339,#5340,#5341);
#5339 = CARTESIAN_POINT('',(118.90375,-105.489375,0.));
#5340 = DIRECTION('',(-0.,0.,-1.));
#5341 = DIRECTION('',(-0.,-1.,0.));
#5342 = FACE_BOUND('',#5343,.F.);
#5343 = EDGE_LOOP('',(#5344));
#5344 = ORIENTED_EDGE('',*,*,#5345,.T.);
#5345 = EDGE_CURVE('',#5346,#5346,#5348,.T.);
#5346 = VERTEX_POINT('',#5347);
#5347 = CARTESIAN_POINT('',(116.36375,-101.284375,0.));
#5348 = CIRCLE('',#5349,0.875);
#5349 = AXIS2_PLACEMENT_3D('',#5350,#5351,#5352);
#5350 = CARTESIAN_POINT('',(116.36375,-100.409375,0.));
#5351 = DIRECTION('',(-0.,0.,-1.));
#5352 = DIRECTION('',(-0.,-1.,0.));
#5353 = FACE_BOUND('',#5354,.F.);
#5354 = EDGE_LOOP('',(#5355));
#5355 = ORIENTED_EDGE('',*,*,#5356,.T.);
#5356 = EDGE_CURVE('',#5357,#5357,#5359,.T.);
#5357 = VERTEX_POINT('',#5358);
#5358 = CARTESIAN_POINT('',(121.44375,-102.409375,0.));
#5359 = CIRCLE('',#5360,2.);
#5360 = AXIS2_PLACEMENT_3D('',#5361,#5362,#5363);
#5361 = CARTESIAN_POINT('',(121.44375,-100.409375,0.));
#5362 = DIRECTION('',(-0.,0.,-1.));
#5363 = DIRECTION('',(-0.,-1.,0.));
#5364 = FACE_BOUND('',#5365,.F.);
#5365 = EDGE_LOOP('',(#5366));
#5366 = ORIENTED_EDGE('',*,*,#5367,.T.);
#5367 = EDGE_CURVE('',#5368,#5368,#5370,.T.);
#5368 = VERTEX_POINT('',#5369);
#5369 = CARTESIAN_POINT('',(125.25375,-104.474375,0.));
#5370 = CIRCLE('',#5371,1.525);
#5371 = AXIS2_PLACEMENT_3D('',#5372,#5373,#5374);
#5372 = CARTESIAN_POINT('',(125.25375,-102.949375,0.));
#5373 = DIRECTION('',(-0.,0.,-1.));
#5374 = DIRECTION('',(-0.,-1.,0.));
#5375 = FACE_BOUND('',#5376,.F.);
#5376 = EDGE_LOOP('',(#5377));
#5377 = ORIENTED_EDGE('',*,*,#5378,.T.);
#5378 = EDGE_CURVE('',#5379,#5379,#5381,.T.);
#5379 = VERTEX_POINT('',#5380);
#5380 = CARTESIAN_POINT('',(126.52375,-101.284375,0.));
#5381 = CIRCLE('',#5382,0.875);
#5382 = AXIS2_PLACEMENT_3D('',#5383,#5384,#5385);
#5383 = CARTESIAN_POINT('',(126.52375,-100.409375,0.));
#5384 = DIRECTION('',(-0.,0.,-1.));
#5385 = DIRECTION('',(-0.,-1.,0.));
#5386 = FACE_BOUND('',#5387,.F.);
#5387 = EDGE_LOOP('',(#5388));
#5388 = ORIENTED_EDGE('',*,*,#5389,.T.);
#5389 = EDGE_CURVE('',#5390,#5390,#5392,.T.);
#5390 = VERTEX_POINT('',#5391);
#5391 = CARTESIAN_POINT('',(78.4225,-87.964375,0.));
#5392 = CIRCLE('',#5393,1.525);
#5393 = AXIS2_PLACEMENT_3D('',#5394,#5395,#5396);
#5394 = CARTESIAN_POINT('',(78.4225,-86.439375,0.));
#5395 = DIRECTION('',(-0.,0.,-1.));
#5396 = DIRECTION('',(-0.,-1.,0.));
#5397 = FACE_BOUND('',#5398,.F.);
#5398 = EDGE_LOOP('',(#5399));
#5399 = ORIENTED_EDGE('',*,*,#5400,.T.);
#5400 = EDGE_CURVE('',#5401,#5401,#5403,.T.);
#5401 = VERTEX_POINT('',#5402);
#5402 = CARTESIAN_POINT('',(84.7725,-85.424375,0.));
#5403 = CIRCLE('',#5404,1.525);
#5404 = AXIS2_PLACEMENT_3D('',#5405,#5406,#5407);
#5405 = CARTESIAN_POINT('',(84.7725,-83.899375,0.));
#5406 = DIRECTION('',(-0.,0.,-1.));
#5407 = DIRECTION('',(-9.31859325587E-15,-1.,0.));
#5408 = FACE_BOUND('',#5409,.F.);
#5409 = EDGE_LOOP('',(#5410));
#5410 = ORIENTED_EDGE('',*,*,#5411,.T.);
#5411 = EDGE_CURVE('',#5412,#5412,#5414,.T.);
#5412 = VERTEX_POINT('',#5413);
#5413 = CARTESIAN_POINT('',(75.8825,-82.234375,0.));
#5414 = CIRCLE('',#5415,0.875);
#5415 = AXIS2_PLACEMENT_3D('',#5416,#5417,#5418);
#5416 = CARTESIAN_POINT('',(75.8825,-81.359375,0.));
#5417 = DIRECTION('',(-0.,0.,-1.));
#5418 = DIRECTION('',(-0.,-1.,0.));
#5419 = FACE_BOUND('',#5420,.F.);
#5420 = EDGE_LOOP('',(#5421));
#5421 = ORIENTED_EDGE('',*,*,#5422,.T.);
#5422 = EDGE_CURVE('',#5423,#5423,#5425,.T.);
#5423 = VERTEX_POINT('',#5424);
#5424 = CARTESIAN_POINT('',(80.9625,-83.359375,0.));
#5425 = CIRCLE('',#5426,2.);
#5426 = AXIS2_PLACEMENT_3D('',#5427,#5428,#5429);
#5427 = CARTESIAN_POINT('',(80.9625,-81.359375,0.));
#5428 = DIRECTION('',(-0.,0.,-1.));
#5429 = DIRECTION('',(-0.,-1.,0.));
#5430 = FACE_BOUND('',#5431,.F.);
#5431 = EDGE_LOOP('',(#5432));
#5432 = ORIENTED_EDGE('',*,*,#5433,.T.);
#5433 = EDGE_CURVE('',#5434,#5434,#5436,.T.);
#5434 = VERTEX_POINT('',#5435);
#5435 = CARTESIAN_POINT('',(86.0425,-82.234375,0.));
#5436 = CIRCLE('',#5437,0.875);
#5437 = AXIS2_PLACEMENT_3D('',#5438,#5439,#5440);
#5438 = CARTESIAN_POINT('',(86.0425,-81.359375,0.));
#5439 = DIRECTION('',(-0.,0.,-1.));
#5440 = DIRECTION('',(-0.,-1.,0.));
#5441 = FACE_BOUND('',#5442,.F.);
#5442 = EDGE_LOOP('',(#5443));
#5443 = ORIENTED_EDGE('',*,*,#5444,.T.);
#5444 = EDGE_CURVE('',#5445,#5445,#5447,.T.);
#5445 = VERTEX_POINT('',#5446);
#5446 = CARTESIAN_POINT('',(97.4725,-87.964375,0.));
#5447 = CIRCLE('',#5448,1.525);
#5448 = AXIS2_PLACEMENT_3D('',#5449,#5450,#5451);
#5449 = CARTESIAN_POINT('',(97.4725,-86.439375,0.));
#5450 = DIRECTION('',(-0.,0.,-1.));
#5451 = DIRECTION('',(-0.,-1.,0.));
#5452 = FACE_BOUND('',#5453,.F.);
#5453 = EDGE_LOOP('',(#5454));
#5454 = ORIENTED_EDGE('',*,*,#5455,.T.);
#5455 = EDGE_CURVE('',#5456,#5456,#5458,.T.);
#5456 = VERTEX_POINT('',#5457);
#5457 = CARTESIAN_POINT('',(103.8225,-85.424375,0.));
#5458 = CIRCLE('',#5459,1.525);
#5459 = AXIS2_PLACEMENT_3D('',#5460,#5461,#5462);
#5460 = CARTESIAN_POINT('',(103.8225,-83.899375,0.));
#5461 = DIRECTION('',(-0.,0.,-1.));
#5462 = DIRECTION('',(9.31859325587E-15,-1.,-0.));
#5463 = FACE_BOUND('',#5464,.F.);
#5464 = EDGE_LOOP('',(#5465));
#5465 = ORIENTED_EDGE('',*,*,#5466,.T.);
#5466 = EDGE_CURVE('',#5467,#5467,#5469,.T.);
#5467 = VERTEX_POINT('',#5468);
#5468 = CARTESIAN_POINT('',(94.9325,-82.234375,0.));
#5469 = CIRCLE('',#5470,0.875);
#5470 = AXIS2_PLACEMENT_3D('',#5471,#5472,#5473);
#5471 = CARTESIAN_POINT('',(94.9325,-81.359375,0.));
#5472 = DIRECTION('',(-0.,0.,-1.));
#5473 = DIRECTION('',(-0.,-1.,0.));
#5474 = FACE_BOUND('',#5475,.F.);
#5475 = EDGE_LOOP('',(#5476));
#5476 = ORIENTED_EDGE('',*,*,#5477,.T.);
#5477 = EDGE_CURVE('',#5478,#5478,#5480,.T.);
#5478 = VERTEX_POINT('',#5479);
#5479 = CARTESIAN_POINT('',(100.0125,-83.359375,0.));
#5480 = CIRCLE('',#5481,2.);
#5481 = AXIS2_PLACEMENT_3D('',#5482,#5483,#5484);
#5482 = CARTESIAN_POINT('',(100.0125,-81.359375,0.));
#5483 = DIRECTION('',(-0.,0.,-1.));
#5484 = DIRECTION('',(-0.,-1.,0.));
#5485 = FACE_BOUND('',#5486,.F.);
#5486 = EDGE_LOOP('',(#5487));
#5487 = ORIENTED_EDGE('',*,*,#5488,.T.);
#5488 = EDGE_CURVE('',#5489,#5489,#5491,.T.);
#5489 = VERTEX_POINT('',#5490);
#5490 = CARTESIAN_POINT('',(105.0925,-82.234375,0.));
#5491 = CIRCLE('',#5492,0.875);
#5492 = AXIS2_PLACEMENT_3D('',#5493,#5494,#5495);
#5493 = CARTESIAN_POINT('',(105.0925,-81.359375,0.));
#5494 = DIRECTION('',(-0.,0.,-1.));
#5495 = DIRECTION('',(-0.,-1.,0.));
#5496 = FACE_BOUND('',#5497,.F.);
#5497 = EDGE_LOOP('',(#5498));
#5498 = ORIENTED_EDGE('',*,*,#5499,.T.);
#5499 = EDGE_CURVE('',#5500,#5500,#5502,.T.);
#5500 = VERTEX_POINT('',#5501);
#5501 = CARTESIAN_POINT('',(116.5225,-87.964375,0.));
#5502 = CIRCLE('',#5503,1.525);
#5503 = AXIS2_PLACEMENT_3D('',#5504,#5505,#5506);
#5504 = CARTESIAN_POINT('',(116.5225,-86.439375,0.));
#5505 = DIRECTION('',(-0.,0.,-1.));
#5506 = DIRECTION('',(-9.31859325587E-15,-1.,0.));
#5507 = FACE_BOUND('',#5508,.F.);
#5508 = EDGE_LOOP('',(#5509));
#5509 = ORIENTED_EDGE('',*,*,#5510,.T.);
#5510 = EDGE_CURVE('',#5511,#5511,#5513,.T.);
#5511 = VERTEX_POINT('',#5512);
#5512 = CARTESIAN_POINT('',(122.8725,-85.424375,0.));
#5513 = CIRCLE('',#5514,1.525);
#5514 = AXIS2_PLACEMENT_3D('',#5515,#5516,#5517);
#5515 = CARTESIAN_POINT('',(122.8725,-83.899375,0.));
#5516 = DIRECTION('',(-0.,0.,-1.));
#5517 = DIRECTION('',(-0.,-1.,0.));
#5518 = FACE_BOUND('',#5519,.F.);
#5519 = EDGE_LOOP('',(#5520));
#5520 = ORIENTED_EDGE('',*,*,#5521,.T.);
#5521 = EDGE_CURVE('',#5522,#5522,#5524,.T.);
#5522 = VERTEX_POINT('',#5523);
#5523 = CARTESIAN_POINT('',(113.9825,-82.234375,0.));
#5524 = CIRCLE('',#5525,0.875);
#5525 = AXIS2_PLACEMENT_3D('',#5526,#5527,#5528);
#5526 = CARTESIAN_POINT('',(113.9825,-81.359375,0.));
#5527 = DIRECTION('',(-0.,0.,-1.));
#5528 = DIRECTION('',(-0.,-1.,0.));
#5529 = FACE_BOUND('',#5530,.F.);
#5530 = EDGE_LOOP('',(#5531));
#5531 = ORIENTED_EDGE('',*,*,#5532,.T.);
#5532 = EDGE_CURVE('',#5533,#5533,#5535,.T.);
#5533 = VERTEX_POINT('',#5534);
#5534 = CARTESIAN_POINT('',(119.0625,-83.359375,0.));
#5535 = CIRCLE('',#5536,2.);
#5536 = AXIS2_PLACEMENT_3D('',#5537,#5538,#5539);
#5537 = CARTESIAN_POINT('',(119.0625,-81.359375,0.));
#5538 = DIRECTION('',(-0.,0.,-1.));
#5539 = DIRECTION('',(-0.,-1.,0.));
#5540 = FACE_BOUND('',#5541,.F.);
#5541 = EDGE_LOOP('',(#5542));
#5542 = ORIENTED_EDGE('',*,*,#5543,.T.);
#5543 = EDGE_CURVE('',#5544,#5544,#5546,.T.);
#5544 = VERTEX_POINT('',#5545);
#5545 = CARTESIAN_POINT('',(124.1425,-82.234375,0.));
#5546 = CIRCLE('',#5547,0.875);
#5547 = AXIS2_PLACEMENT_3D('',#5548,#5549,#5550);
#5548 = CARTESIAN_POINT('',(124.1425,-81.359375,0.));
#5549 = DIRECTION('',(-0.,0.,-1.));
#5550 = DIRECTION('',(-0.,-1.,0.));
#5551 = FACE_BOUND('',#5552,.F.);
#5552 = EDGE_LOOP('',(#5553));
#5553 = ORIENTED_EDGE('',*,*,#5554,.T.);
#5554 = EDGE_CURVE('',#5555,#5555,#5557,.T.);
#5555 = VERTEX_POINT('',#5556);
#5556 = CARTESIAN_POINT('',(135.5725,-87.964375,0.));
#5557 = CIRCLE('',#5558,1.525);
#5558 = AXIS2_PLACEMENT_3D('',#5559,#5560,#5561);
#5559 = CARTESIAN_POINT('',(135.5725,-86.439375,0.));
#5560 = DIRECTION('',(-0.,0.,-1.));
#5561 = DIRECTION('',(-0.,-1.,0.));
#5562 = FACE_BOUND('',#5563,.F.);
#5563 = EDGE_LOOP('',(#5564));
#5564 = ORIENTED_EDGE('',*,*,#5565,.T.);
#5565 = EDGE_CURVE('',#5566,#5566,#5568,.T.);
#5566 = VERTEX_POINT('',#5567);
#5567 = CARTESIAN_POINT('',(141.9225,-85.424375,0.));
#5568 = CIRCLE('',#5569,1.525);
#5569 = AXIS2_PLACEMENT_3D('',#5570,#5571,#5572);
#5570 = CARTESIAN_POINT('',(141.9225,-83.899375,0.));
#5571 = DIRECTION('',(-0.,0.,-1.));
#5572 = DIRECTION('',(-0.,-1.,0.));
#5573 = FACE_BOUND('',#5574,.F.);
#5574 = EDGE_LOOP('',(#5575));
#5575 = ORIENTED_EDGE('',*,*,#5576,.T.);
#5576 = EDGE_CURVE('',#5577,#5577,#5579,.T.);
#5577 = VERTEX_POINT('',#5578);
#5578 = CARTESIAN_POINT('',(133.0325,-82.234375,0.));
#5579 = CIRCLE('',#5580,0.875);
#5580 = AXIS2_PLACEMENT_3D('',#5581,#5582,#5583);
#5581 = CARTESIAN_POINT('',(133.0325,-81.359375,0.));
#5582 = DIRECTION('',(-0.,0.,-1.));
#5583 = DIRECTION('',(-0.,-1.,0.));
#5584 = FACE_BOUND('',#5585,.F.);
#5585 = EDGE_LOOP('',(#5586));
#5586 = ORIENTED_EDGE('',*,*,#5587,.T.);
#5587 = EDGE_CURVE('',#5588,#5588,#5590,.T.);
#5588 = VERTEX_POINT('',#5589);
#5589 = CARTESIAN_POINT('',(138.1125,-83.359375,0.));
#5590 = CIRCLE('',#5591,2.);
#5591 = AXIS2_PLACEMENT_3D('',#5592,#5593,#5594);
#5592 = CARTESIAN_POINT('',(138.1125,-81.359375,0.));
#5593 = DIRECTION('',(-0.,0.,-1.));
#5594 = DIRECTION('',(-0.,-1.,0.));
#5595 = FACE_BOUND('',#5596,.F.);
#5596 = EDGE_LOOP('',(#5597));
#5597 = ORIENTED_EDGE('',*,*,#5598,.T.);
#5598 = EDGE_CURVE('',#5599,#5599,#5601,.T.);
#5599 = VERTEX_POINT('',#5600);
#5600 = CARTESIAN_POINT('',(4.60375,-68.914375,0.));
#5601 = CIRCLE('',#5602,1.525);
#5602 = AXIS2_PLACEMENT_3D('',#5603,#5604,#5605);
#5603 = CARTESIAN_POINT('',(4.60375,-67.389375,0.));
#5604 = DIRECTION('',(-0.,0.,-1.));
#5605 = DIRECTION('',(-0.,-1.,0.));
#5606 = FACE_BOUND('',#5607,.F.);
#5607 = EDGE_LOOP('',(#5608));
#5608 = ORIENTED_EDGE('',*,*,#5609,.T.);
#5609 = EDGE_CURVE('',#5610,#5610,#5612,.T.);
#5610 = VERTEX_POINT('',#5611);
#5611 = CARTESIAN_POINT('',(30.7975,-68.914375,0.));
#5612 = CIRCLE('',#5613,1.525);
#5613 = AXIS2_PLACEMENT_3D('',#5614,#5615,#5616);
#5614 = CARTESIAN_POINT('',(30.7975,-67.389375,0.));
#5615 = DIRECTION('',(-0.,0.,-1.));
#5616 = DIRECTION('',(-0.,-1.,0.));
#5617 = FACE_BOUND('',#5618,.F.);
#5618 = EDGE_LOOP('',(#5619));
#5619 = ORIENTED_EDGE('',*,*,#5620,.T.);
#5620 = EDGE_CURVE('',#5621,#5621,#5623,.T.);
#5621 = VERTEX_POINT('',#5622);
#5622 = CARTESIAN_POINT('',(49.8475,-68.914375,0.));
#5623 = CIRCLE('',#5624,1.525);
#5624 = AXIS2_PLACEMENT_3D('',#5625,#5626,#5627);
#5625 = CARTESIAN_POINT('',(49.8475,-67.389375,0.));
#5626 = DIRECTION('',(-0.,0.,-1.));
#5627 = DIRECTION('',(-0.,-1.,0.));
#5628 = FACE_BOUND('',#5629,.F.);
#5629 = EDGE_LOOP('',(#5630));
#5630 = ORIENTED_EDGE('',*,*,#5631,.T.);
#5631 = EDGE_CURVE('',#5632,#5632,#5634,.T.);
#5632 = VERTEX_POINT('',#5633);
#5633 = CARTESIAN_POINT('',(10.95375,-66.374375,0.));
#5634 = CIRCLE('',#5635,1.525);
#5635 = AXIS2_PLACEMENT_3D('',#5636,#5637,#5638);
#5636 = CARTESIAN_POINT('',(10.95375,-64.849375,0.));
#5637 = DIRECTION('',(-0.,0.,-1.));
#5638 = DIRECTION('',(-0.,-1.,0.));
#5639 = FACE_BOUND('',#5640,.F.);
#5640 = EDGE_LOOP('',(#5641));
#5641 = ORIENTED_EDGE('',*,*,#5642,.T.);
#5642 = EDGE_CURVE('',#5643,#5643,#5645,.T.);
#5643 = VERTEX_POINT('',#5644);
#5644 = CARTESIAN_POINT('',(2.06375,-63.184375,0.));
#5645 = CIRCLE('',#5646,0.875);
#5646 = AXIS2_PLACEMENT_3D('',#5647,#5648,#5649);
#5647 = CARTESIAN_POINT('',(2.06375,-62.309375,0.));
#5648 = DIRECTION('',(-0.,0.,-1.));
#5649 = DIRECTION('',(-0.,-1.,0.));
#5650 = FACE_BOUND('',#5651,.F.);
#5651 = EDGE_LOOP('',(#5652));
#5652 = ORIENTED_EDGE('',*,*,#5653,.T.);
#5653 = EDGE_CURVE('',#5654,#5654,#5656,.T.);
#5654 = VERTEX_POINT('',#5655);
#5655 = CARTESIAN_POINT('',(7.14375,-64.309375,0.));
#5656 = CIRCLE('',#5657,2.);
#5657 = AXIS2_PLACEMENT_3D('',#5658,#5659,#5660);
#5658 = CARTESIAN_POINT('',(7.14375,-62.309375,0.));
#5659 = DIRECTION('',(-0.,0.,-1.));
#5660 = DIRECTION('',(-4.440892098501E-16,-1.,0.));
#5661 = FACE_BOUND('',#5662,.F.);
#5662 = EDGE_LOOP('',(#5663));
#5663 = ORIENTED_EDGE('',*,*,#5664,.T.);
#5664 = EDGE_CURVE('',#5665,#5665,#5667,.T.);
#5665 = VERTEX_POINT('',#5666);
#5666 = CARTESIAN_POINT('',(12.22375,-63.184375,0.));
#5667 = CIRCLE('',#5668,0.875);
#5668 = AXIS2_PLACEMENT_3D('',#5669,#5670,#5671);
#5669 = CARTESIAN_POINT('',(12.22375,-62.309375,0.));
#5670 = DIRECTION('',(-0.,0.,-1.));
#5671 = DIRECTION('',(-0.,-1.,0.));
#5672 = FACE_BOUND('',#5673,.F.);
#5673 = EDGE_LOOP('',(#5674));
#5674 = ORIENTED_EDGE('',*,*,#5675,.T.);
#5675 = EDGE_CURVE('',#5676,#5676,#5678,.T.);
#5676 = VERTEX_POINT('',#5677);
#5677 = CARTESIAN_POINT('',(28.2575,-63.184375,0.));
#5678 = CIRCLE('',#5679,0.875);
#5679 = AXIS2_PLACEMENT_3D('',#5680,#5681,#5682);
#5680 = CARTESIAN_POINT('',(28.2575,-62.309375,0.));
#5681 = DIRECTION('',(-0.,0.,-1.));
#5682 = DIRECTION('',(-0.,-1.,0.));
#5683 = FACE_BOUND('',#5684,.F.);
#5684 = EDGE_LOOP('',(#5685));
#5685 = ORIENTED_EDGE('',*,*,#5686,.T.);
#5686 = EDGE_CURVE('',#5687,#5687,#5689,.T.);
#5687 = VERTEX_POINT('',#5688);
#5688 = CARTESIAN_POINT('',(37.1475,-66.374375,0.));
#5689 = CIRCLE('',#5690,1.525);
#5690 = AXIS2_PLACEMENT_3D('',#5691,#5692,#5693);
#5691 = CARTESIAN_POINT('',(37.1475,-64.849375,0.));
#5692 = DIRECTION('',(-0.,0.,-1.));
#5693 = DIRECTION('',(-0.,-1.,0.));
#5694 = FACE_BOUND('',#5695,.F.);
#5695 = EDGE_LOOP('',(#5696));
#5696 = ORIENTED_EDGE('',*,*,#5697,.T.);
#5697 = EDGE_CURVE('',#5698,#5698,#5700,.T.);
#5698 = VERTEX_POINT('',#5699);
#5699 = CARTESIAN_POINT('',(33.3375,-64.309375,0.));
#5700 = CIRCLE('',#5701,2.);
#5701 = AXIS2_PLACEMENT_3D('',#5702,#5703,#5704);
#5702 = CARTESIAN_POINT('',(33.3375,-62.309375,0.));
#5703 = DIRECTION('',(-0.,0.,-1.));
#5704 = DIRECTION('',(-0.,-1.,0.));
#5705 = FACE_BOUND('',#5706,.F.);
#5706 = EDGE_LOOP('',(#5707));
#5707 = ORIENTED_EDGE('',*,*,#5708,.T.);
#5708 = EDGE_CURVE('',#5709,#5709,#5711,.T.);
#5709 = VERTEX_POINT('',#5710);
#5710 = CARTESIAN_POINT('',(38.4175,-63.184375,0.));
#5711 = CIRCLE('',#5712,0.875);
#5712 = AXIS2_PLACEMENT_3D('',#5713,#5714,#5715);
#5713 = CARTESIAN_POINT('',(38.4175,-62.309375,0.));
#5714 = DIRECTION('',(-0.,0.,-1.));
#5715 = DIRECTION('',(-0.,-1.,0.));
#5716 = FACE_BOUND('',#5717,.F.);
#5717 = EDGE_LOOP('',(#5718));
#5718 = ORIENTED_EDGE('',*,*,#5719,.T.);
#5719 = EDGE_CURVE('',#5720,#5720,#5722,.T.);
#5720 = VERTEX_POINT('',#5721);
#5721 = CARTESIAN_POINT('',(47.3075,-63.184375,0.));
#5722 = CIRCLE('',#5723,0.875);
#5723 = AXIS2_PLACEMENT_3D('',#5724,#5725,#5726);
#5724 = CARTESIAN_POINT('',(47.3075,-62.309375,0.));
#5725 = DIRECTION('',(-0.,0.,-1.));
#5726 = DIRECTION('',(-0.,-1.,0.));
#5727 = FACE_BOUND('',#5728,.F.);
#5728 = EDGE_LOOP('',(#5729));
#5729 = ORIENTED_EDGE('',*,*,#5730,.T.);
#5730 = EDGE_CURVE('',#5731,#5731,#5733,.T.);
#5731 = VERTEX_POINT('',#5732);
#5732 = CARTESIAN_POINT('',(56.1975,-66.374375,0.));
#5733 = CIRCLE('',#5734,1.525);
#5734 = AXIS2_PLACEMENT_3D('',#5735,#5736,#5737);
#5735 = CARTESIAN_POINT('',(56.1975,-64.849375,0.));
#5736 = DIRECTION('',(-0.,0.,-1.));
#5737 = DIRECTION('',(-0.,-1.,0.));
#5738 = FACE_BOUND('',#5739,.F.);
#5739 = EDGE_LOOP('',(#5740));
#5740 = ORIENTED_EDGE('',*,*,#5741,.T.);
#5741 = EDGE_CURVE('',#5742,#5742,#5744,.T.);
#5742 = VERTEX_POINT('',#5743);
#5743 = CARTESIAN_POINT('',(52.3875,-64.309375,0.));
#5744 = CIRCLE('',#5745,2.);
#5745 = AXIS2_PLACEMENT_3D('',#5746,#5747,#5748);
#5746 = CARTESIAN_POINT('',(52.3875,-62.309375,0.));
#5747 = DIRECTION('',(-0.,0.,-1.));
#5748 = DIRECTION('',(-0.,-1.,0.));
#5749 = FACE_BOUND('',#5750,.F.);
#5750 = EDGE_LOOP('',(#5751));
#5751 = ORIENTED_EDGE('',*,*,#5752,.T.);
#5752 = EDGE_CURVE('',#5753,#5753,#5755,.T.);
#5753 = VERTEX_POINT('',#5754);
#5754 = CARTESIAN_POINT('',(57.4675,-63.184375,0.));
#5755 = CIRCLE('',#5756,0.875);
#5756 = AXIS2_PLACEMENT_3D('',#5757,#5758,#5759);
#5757 = CARTESIAN_POINT('',(57.4675,-62.309375,0.));
#5758 = DIRECTION('',(-0.,0.,-1.));
#5759 = DIRECTION('',(-0.,-1.,0.));
#5760 = FACE_BOUND('',#5761,.F.);
#5761 = EDGE_LOOP('',(#5762));
#5762 = ORIENTED_EDGE('',*,*,#5763,.T.);
#5763 = EDGE_CURVE('',#5764,#5764,#5766,.T.);
#5764 = VERTEX_POINT('',#5765);
#5765 = CARTESIAN_POINT('',(66.3575,-63.184375,0.));
#5766 = CIRCLE('',#5767,0.875);
#5767 = AXIS2_PLACEMENT_3D('',#5768,#5769,#5770);
#5768 = CARTESIAN_POINT('',(66.3575,-62.309375,0.));
#5769 = DIRECTION('',(-0.,0.,-1.));
#5770 = DIRECTION('',(-0.,-1.,0.));
#5771 = FACE_BOUND('',#5772,.F.);
#5772 = EDGE_LOOP('',(#5773));
#5773 = ORIENTED_EDGE('',*,*,#5774,.T.);
#5774 = EDGE_CURVE('',#5775,#5775,#5777,.T.);
#5775 = VERTEX_POINT('',#5776);
#5776 = CARTESIAN_POINT('',(68.8975,-68.914375,0.));
#5777 = CIRCLE('',#5778,1.525);
#5778 = AXIS2_PLACEMENT_3D('',#5779,#5780,#5781);
#5779 = CARTESIAN_POINT('',(68.8975,-67.389375,0.));
#5780 = DIRECTION('',(-0.,0.,-1.));
#5781 = DIRECTION('',(-9.31859325587E-15,-1.,0.));
#5782 = FACE_BOUND('',#5783,.F.);
#5783 = EDGE_LOOP('',(#5784));
#5784 = ORIENTED_EDGE('',*,*,#5785,.T.);
#5785 = EDGE_CURVE('',#5786,#5786,#5788,.T.);
#5786 = VERTEX_POINT('',#5787);
#5787 = CARTESIAN_POINT('',(87.9475,-68.914375,0.));
#5788 = CIRCLE('',#5789,1.525);
#5789 = AXIS2_PLACEMENT_3D('',#5790,#5791,#5792);
#5790 = CARTESIAN_POINT('',(87.9475,-67.389375,0.));
#5791 = DIRECTION('',(-0.,0.,-1.));
#5792 = DIRECTION('',(9.31859325587E-15,-1.,-0.));
#5793 = FACE_BOUND('',#5794,.F.);
#5794 = EDGE_LOOP('',(#5795));
#5795 = ORIENTED_EDGE('',*,*,#5796,.T.);
#5796 = EDGE_CURVE('',#5797,#5797,#5799,.T.);
#5797 = VERTEX_POINT('',#5798);
#5798 = CARTESIAN_POINT('',(106.9975,-68.914375,0.));
#5799 = CIRCLE('',#5800,1.525);
#5800 = AXIS2_PLACEMENT_3D('',#5801,#5802,#5803);
#5801 = CARTESIAN_POINT('',(106.9975,-67.389375,0.));
#5802 = DIRECTION('',(-0.,0.,-1.));
#5803 = DIRECTION('',(-0.,-1.,0.));
#5804 = FACE_BOUND('',#5805,.F.);
#5805 = EDGE_LOOP('',(#5806));
#5806 = ORIENTED_EDGE('',*,*,#5807,.T.);
#5807 = EDGE_CURVE('',#5808,#5808,#5810,.T.);
#5808 = VERTEX_POINT('',#5809);
#5809 = CARTESIAN_POINT('',(126.0475,-68.914375,0.));
#5810 = CIRCLE('',#5811,1.525);
#5811 = AXIS2_PLACEMENT_3D('',#5812,#5813,#5814);
#5812 = CARTESIAN_POINT('',(126.0475,-67.389375,0.));
#5813 = DIRECTION('',(-0.,0.,-1.));
#5814 = DIRECTION('',(-0.,-1.,0.));
#5815 = FACE_BOUND('',#5816,.F.);
#5816 = EDGE_LOOP('',(#5817));
#5817 = ORIENTED_EDGE('',*,*,#5818,.T.);
#5818 = EDGE_CURVE('',#5819,#5819,#5821,.T.);
#5819 = VERTEX_POINT('',#5820);
#5820 = CARTESIAN_POINT('',(75.2475,-66.374375,0.));
#5821 = CIRCLE('',#5822,1.525);
#5822 = AXIS2_PLACEMENT_3D('',#5823,#5824,#5825);
#5823 = CARTESIAN_POINT('',(75.2475,-64.849375,0.));
#5824 = DIRECTION('',(-0.,0.,-1.));
#5825 = DIRECTION('',(-0.,-1.,0.));
#5826 = FACE_BOUND('',#5827,.F.);
#5827 = EDGE_LOOP('',(#5828));
#5828 = ORIENTED_EDGE('',*,*,#5829,.T.);
#5829 = EDGE_CURVE('',#5830,#5830,#5832,.T.);
#5830 = VERTEX_POINT('',#5831);
#5831 = CARTESIAN_POINT('',(71.4375,-64.309375,0.));
#5832 = CIRCLE('',#5833,2.);
#5833 = AXIS2_PLACEMENT_3D('',#5834,#5835,#5836);
#5834 = CARTESIAN_POINT('',(71.4375,-62.309375,0.));
#5835 = DIRECTION('',(-0.,0.,-1.));
#5836 = DIRECTION('',(-0.,-1.,0.));
#5837 = FACE_BOUND('',#5838,.F.);
#5838 = EDGE_LOOP('',(#5839));
#5839 = ORIENTED_EDGE('',*,*,#5840,.T.);
#5840 = EDGE_CURVE('',#5841,#5841,#5843,.T.);
#5841 = VERTEX_POINT('',#5842);
#5842 = CARTESIAN_POINT('',(76.5175,-63.184375,0.));
#5843 = CIRCLE('',#5844,0.875);
#5844 = AXIS2_PLACEMENT_3D('',#5845,#5846,#5847);
#5845 = CARTESIAN_POINT('',(76.5175,-62.309375,0.));
#5846 = DIRECTION('',(-0.,0.,-1.));
#5847 = DIRECTION('',(-0.,-1.,0.));
#5848 = FACE_BOUND('',#5849,.F.);
#5849 = EDGE_LOOP('',(#5850));
#5850 = ORIENTED_EDGE('',*,*,#5851,.T.);
#5851 = EDGE_CURVE('',#5852,#5852,#5854,.T.);
#5852 = VERTEX_POINT('',#5853);
#5853 = CARTESIAN_POINT('',(85.4075,-63.184375,0.));
#5854 = CIRCLE('',#5855,0.875);
#5855 = AXIS2_PLACEMENT_3D('',#5856,#5857,#5858);
#5856 = CARTESIAN_POINT('',(85.4075,-62.309375,0.));
#5857 = DIRECTION('',(-0.,0.,-1.));
#5858 = DIRECTION('',(-0.,-1.,0.));
#5859 = FACE_BOUND('',#5860,.F.);
#5860 = EDGE_LOOP('',(#5861));
#5861 = ORIENTED_EDGE('',*,*,#5862,.T.);
#5862 = EDGE_CURVE('',#5863,#5863,#5865,.T.);
#5863 = VERTEX_POINT('',#5864);
#5864 = CARTESIAN_POINT('',(94.2975,-66.374375,0.));
#5865 = CIRCLE('',#5866,1.525);
#5866 = AXIS2_PLACEMENT_3D('',#5867,#5868,#5869);
#5867 = CARTESIAN_POINT('',(94.2975,-64.849375,0.));
#5868 = DIRECTION('',(-0.,0.,-1.));
#5869 = DIRECTION('',(-0.,-1.,0.));
#5870 = FACE_BOUND('',#5871,.F.);
#5871 = EDGE_LOOP('',(#5872));
#5872 = ORIENTED_EDGE('',*,*,#5873,.T.);
#5873 = EDGE_CURVE('',#5874,#5874,#5876,.T.);
#5874 = VERTEX_POINT('',#5875);
#5875 = CARTESIAN_POINT('',(90.4875,-64.309375,0.));
#5876 = CIRCLE('',#5877,2.);
#5877 = AXIS2_PLACEMENT_3D('',#5878,#5879,#5880);
#5878 = CARTESIAN_POINT('',(90.4875,-62.309375,0.));
#5879 = DIRECTION('',(-0.,0.,-1.));
#5880 = DIRECTION('',(-0.,-1.,0.));
#5881 = FACE_BOUND('',#5882,.F.);
#5882 = EDGE_LOOP('',(#5883));
#5883 = ORIENTED_EDGE('',*,*,#5884,.T.);
#5884 = EDGE_CURVE('',#5885,#5885,#5887,.T.);
#5885 = VERTEX_POINT('',#5886);
#5886 = CARTESIAN_POINT('',(95.5675,-63.184375,0.));
#5887 = CIRCLE('',#5888,0.875);
#5888 = AXIS2_PLACEMENT_3D('',#5889,#5890,#5891);
#5889 = CARTESIAN_POINT('',(95.5675,-62.309375,0.));
#5890 = DIRECTION('',(-0.,0.,-1.));
#5891 = DIRECTION('',(-0.,-1.,0.));
#5892 = FACE_BOUND('',#5893,.F.);
#5893 = EDGE_LOOP('',(#5894));
#5894 = ORIENTED_EDGE('',*,*,#5895,.T.);
#5895 = EDGE_CURVE('',#5896,#5896,#5898,.T.);
#5896 = VERTEX_POINT('',#5897);
#5897 = CARTESIAN_POINT('',(104.4575,-63.184375,0.));
#5898 = CIRCLE('',#5899,0.875);
#5899 = AXIS2_PLACEMENT_3D('',#5900,#5901,#5902);
#5900 = CARTESIAN_POINT('',(104.4575,-62.309375,0.));
#5901 = DIRECTION('',(-0.,0.,-1.));
#5902 = DIRECTION('',(-0.,-1.,0.));
#5903 = FACE_BOUND('',#5904,.F.);
#5904 = EDGE_LOOP('',(#5905));
#5905 = ORIENTED_EDGE('',*,*,#5906,.T.);
#5906 = EDGE_CURVE('',#5907,#5907,#5909,.T.);
#5907 = VERTEX_POINT('',#5908);
#5908 = CARTESIAN_POINT('',(113.3475,-66.374375,0.));
#5909 = CIRCLE('',#5910,1.525);
#5910 = AXIS2_PLACEMENT_3D('',#5911,#5912,#5913);
#5911 = CARTESIAN_POINT('',(113.3475,-64.849375,0.));
#5912 = DIRECTION('',(-0.,0.,-1.));
#5913 = DIRECTION('',(-0.,-1.,0.));
#5914 = FACE_BOUND('',#5915,.F.);
#5915 = EDGE_LOOP('',(#5916));
#5916 = ORIENTED_EDGE('',*,*,#5917,.T.);
#5917 = EDGE_CURVE('',#5918,#5918,#5920,.T.);
#5918 = VERTEX_POINT('',#5919);
#5919 = CARTESIAN_POINT('',(109.5375,-64.309375,0.));
#5920 = CIRCLE('',#5921,2.);
#5921 = AXIS2_PLACEMENT_3D('',#5922,#5923,#5924);
#5922 = CARTESIAN_POINT('',(109.5375,-62.309375,0.));
#5923 = DIRECTION('',(-0.,0.,-1.));
#5924 = DIRECTION('',(-0.,-1.,0.));
#5925 = FACE_BOUND('',#5926,.F.);
#5926 = EDGE_LOOP('',(#5927));
#5927 = ORIENTED_EDGE('',*,*,#5928,.T.);
#5928 = EDGE_CURVE('',#5929,#5929,#5931,.T.);
#5929 = VERTEX_POINT('',#5930);
#5930 = CARTESIAN_POINT('',(114.6175,-63.184375,0.));
#5931 = CIRCLE('',#5932,0.875);
#5932 = AXIS2_PLACEMENT_3D('',#5933,#5934,#5935);
#5933 = CARTESIAN_POINT('',(114.6175,-62.309375,0.));
#5934 = DIRECTION('',(-0.,0.,-1.));
#5935 = DIRECTION('',(-0.,-1.,0.));
#5936 = FACE_BOUND('',#5937,.F.);
#5937 = EDGE_LOOP('',(#5938));
#5938 = ORIENTED_EDGE('',*,*,#5939,.T.);
#5939 = EDGE_CURVE('',#5940,#5940,#5942,.T.);
#5940 = VERTEX_POINT('',#5941);
#5941 = CARTESIAN_POINT('',(123.5075,-63.184375,0.));
#5942 = CIRCLE('',#5943,0.875);
#5943 = AXIS2_PLACEMENT_3D('',#5944,#5945,#5946);
#5944 = CARTESIAN_POINT('',(123.5075,-62.309375,0.));
#5945 = DIRECTION('',(-0.,0.,-1.));
#5946 = DIRECTION('',(-0.,-1.,0.));
#5947 = FACE_BOUND('',#5948,.F.);
#5948 = EDGE_LOOP('',(#5949));
#5949 = ORIENTED_EDGE('',*,*,#5950,.T.);
#5950 = EDGE_CURVE('',#5951,#5951,#5953,.T.);
#5951 = VERTEX_POINT('',#5952);
#5952 = CARTESIAN_POINT('',(132.3975,-66.374375,0.));
#5953 = CIRCLE('',#5954,1.525);
#5954 = AXIS2_PLACEMENT_3D('',#5955,#5956,#5957);
#5955 = CARTESIAN_POINT('',(132.3975,-64.849375,0.));
#5956 = DIRECTION('',(-0.,0.,-1.));
#5957 = DIRECTION('',(-0.,-1.,0.));
#5958 = FACE_BOUND('',#5959,.F.);
#5959 = EDGE_LOOP('',(#5960));
#5960 = ORIENTED_EDGE('',*,*,#5961,.T.);
#5961 = EDGE_CURVE('',#5962,#5962,#5964,.T.);
#5962 = VERTEX_POINT('',#5963);
#5963 = CARTESIAN_POINT('',(128.5875,-64.309375,0.));
#5964 = CIRCLE('',#5965,2.);
#5965 = AXIS2_PLACEMENT_3D('',#5966,#5967,#5968);
#5966 = CARTESIAN_POINT('',(128.5875,-62.309375,0.));
#5967 = DIRECTION('',(-0.,0.,-1.));
#5968 = DIRECTION('',(-0.,-1.,0.));
#5969 = FACE_BOUND('',#5970,.F.);
#5970 = EDGE_LOOP('',(#5971));
#5971 = ORIENTED_EDGE('',*,*,#5972,.T.);
#5972 = EDGE_CURVE('',#5973,#5973,#5975,.T.);
#5973 = VERTEX_POINT('',#5974);
#5974 = CARTESIAN_POINT('',(133.6675,-63.184375,0.));
#5975 = CIRCLE('',#5976,0.875);
#5976 = AXIS2_PLACEMENT_3D('',#5977,#5978,#5979);
#5977 = CARTESIAN_POINT('',(133.6675,-62.309375,0.));
#5978 = DIRECTION('',(-0.,0.,-1.));
#5979 = DIRECTION('',(-0.,-1.,0.));
#5980 = FACE_BOUND('',#5981,.F.);
#5981 = EDGE_LOOP('',(#5982));
#5982 = ORIENTED_EDGE('',*,*,#5983,.T.);
#5983 = EDGE_CURVE('',#5984,#5984,#5986,.T.);
#5984 = VERTEX_POINT('',#5985);
#5985 = CARTESIAN_POINT('',(142.5575,-63.184375,0.));
#5986 = CIRCLE('',#5987,0.875);
#5987 = AXIS2_PLACEMENT_3D('',#5988,#5989,#5990);
#5988 = CARTESIAN_POINT('',(142.5575,-62.309375,0.));
#5989 = DIRECTION('',(-0.,0.,-1.));
#5990 = DIRECTION('',(-0.,-1.,0.));
#5991 = FACE_BOUND('',#5992,.F.);
#5992 = EDGE_LOOP('',(#5993));
#5993 = ORIENTED_EDGE('',*,*,#5994,.T.);
#5994 = EDGE_CURVE('',#5995,#5995,#5997,.T.);
#5995 = VERTEX_POINT('',#5996);
#5996 = CARTESIAN_POINT('',(190.34125,-107.014375,0.));
#5997 = CIRCLE('',#5998,1.525);
#5998 = AXIS2_PLACEMENT_3D('',#5999,#6000,#6001);
#5999 = CARTESIAN_POINT('',(190.34125,-105.489375,0.));
#6000 = DIRECTION('',(-0.,0.,-1.));
#6001 = DIRECTION('',(-0.,-1.,0.));
#6002 = FACE_BOUND('',#6003,.F.);
#6003 = EDGE_LOOP('',(#6004));
#6004 = ORIENTED_EDGE('',*,*,#6005,.T.);
#6005 = EDGE_CURVE('',#6006,#6006,#6008,.T.);
#6006 = VERTEX_POINT('',#6007);
#6007 = CARTESIAN_POINT('',(187.80125,-101.284375,0.));
#6008 = CIRCLE('',#6009,0.875);
#6009 = AXIS2_PLACEMENT_3D('',#6010,#6011,#6012);
#6010 = CARTESIAN_POINT('',(187.80125,-100.409375,0.));
#6011 = DIRECTION('',(-0.,0.,-1.));
#6012 = DIRECTION('',(-0.,-1.,0.));
#6013 = FACE_BOUND('',#6014,.F.);
#6014 = EDGE_LOOP('',(#6015));
#6015 = ORIENTED_EDGE('',*,*,#6016,.T.);
#6016 = EDGE_CURVE('',#6017,#6017,#6019,.T.);
#6017 = VERTEX_POINT('',#6018);
#6018 = CARTESIAN_POINT('',(196.69125,-104.474375,0.));
#6019 = CIRCLE('',#6020,1.525);
#6020 = AXIS2_PLACEMENT_3D('',#6021,#6022,#6023);
#6021 = CARTESIAN_POINT('',(196.69125,-102.949375,0.));
#6022 = DIRECTION('',(-0.,0.,-1.));
#6023 = DIRECTION('',(-0.,-1.,0.));
#6024 = FACE_BOUND('',#6025,.F.);
#6025 = EDGE_LOOP('',(#6026));
#6026 = ORIENTED_EDGE('',*,*,#6027,.T.);
#6027 = EDGE_CURVE('',#6028,#6028,#6030,.T.);
#6028 = VERTEX_POINT('',#6029);
#6029 = CARTESIAN_POINT('',(192.88125,-102.409375,0.));
#6030 = CIRCLE('',#6031,2.);
#6031 = AXIS2_PLACEMENT_3D('',#6032,#6033,#6034);
#6032 = CARTESIAN_POINT('',(192.88125,-100.409375,0.));
#6033 = DIRECTION('',(-0.,0.,-1.));
#6034 = DIRECTION('',(-0.,-1.,0.));
#6035 = FACE_BOUND('',#6036,.F.);
#6036 = EDGE_LOOP('',(#6037));
#6037 = ORIENTED_EDGE('',*,*,#6038,.T.);
#6038 = EDGE_CURVE('',#6039,#6039,#6041,.T.);
#6039 = VERTEX_POINT('',#6040);
#6040 = CARTESIAN_POINT('',(197.96125,-101.284375,0.));
#6041 = CIRCLE('',#6042,0.875);
#6042 = AXIS2_PLACEMENT_3D('',#6043,#6044,#6045);
#6043 = CARTESIAN_POINT('',(197.96125,-100.409375,0.));
#6044 = DIRECTION('',(-0.,0.,-1.));
#6045 = DIRECTION('',(-0.,-1.,0.));
#6046 = FACE_BOUND('',#6047,.F.);
#6047 = EDGE_LOOP('',(#6048));
#6048 = ORIENTED_EDGE('',*,*,#6049,.T.);
#6049 = EDGE_CURVE('',#6050,#6050,#6052,.T.);
#6050 = VERTEX_POINT('',#6051);
#6051 = CARTESIAN_POINT('',(214.15375,-107.014375,0.));
#6052 = CIRCLE('',#6053,1.525);
#6053 = AXIS2_PLACEMENT_3D('',#6054,#6055,#6056);
#6054 = CARTESIAN_POINT('',(214.15375,-105.489375,0.));
#6055 = DIRECTION('',(-0.,0.,-1.));
#6056 = DIRECTION('',(-0.,-1.,0.));
#6057 = FACE_BOUND('',#6058,.F.);
#6058 = EDGE_LOOP('',(#6059));
#6059 = ORIENTED_EDGE('',*,*,#6060,.T.);
#6060 = EDGE_CURVE('',#6061,#6061,#6063,.T.);
#6061 = VERTEX_POINT('',#6062);
#6062 = CARTESIAN_POINT('',(211.61375,-101.284375,0.));
#6063 = CIRCLE('',#6064,0.875);
#6064 = AXIS2_PLACEMENT_3D('',#6065,#6066,#6067);
#6065 = CARTESIAN_POINT('',(211.61375,-100.409375,0.));
#6066 = DIRECTION('',(-0.,0.,-1.));
#6067 = DIRECTION('',(-0.,-1.,0.));
#6068 = FACE_BOUND('',#6069,.F.);
#6069 = EDGE_LOOP('',(#6070));
#6070 = ORIENTED_EDGE('',*,*,#6071,.T.);
#6071 = EDGE_CURVE('',#6072,#6072,#6074,.T.);
#6072 = VERTEX_POINT('',#6073);
#6073 = CARTESIAN_POINT('',(216.69375,-102.409375,0.));
#6074 = CIRCLE('',#6075,2.);
#6075 = AXIS2_PLACEMENT_3D('',#6076,#6077,#6078);
#6076 = CARTESIAN_POINT('',(216.69375,-100.409375,0.));
#6077 = DIRECTION('',(-0.,0.,-1.));
#6078 = DIRECTION('',(-0.,-1.,0.));
#6079 = FACE_BOUND('',#6080,.F.);
#6080 = EDGE_LOOP('',(#6081));
#6081 = ORIENTED_EDGE('',*,*,#6082,.T.);
#6082 = EDGE_CURVE('',#6083,#6083,#6085,.T.);
#6083 = VERTEX_POINT('',#6084);
#6084 = CARTESIAN_POINT('',(154.6225,-87.964375,0.));
#6085 = CIRCLE('',#6086,1.525);
#6086 = AXIS2_PLACEMENT_3D('',#6087,#6088,#6089);
#6087 = CARTESIAN_POINT('',(154.6225,-86.439375,0.));
#6088 = DIRECTION('',(-0.,0.,-1.));
#6089 = DIRECTION('',(-0.,-1.,0.));
#6090 = FACE_BOUND('',#6091,.F.);
#6091 = EDGE_LOOP('',(#6092));
#6092 = ORIENTED_EDGE('',*,*,#6093,.T.);
#6093 = EDGE_CURVE('',#6094,#6094,#6096,.T.);
#6094 = VERTEX_POINT('',#6095);
#6095 = CARTESIAN_POINT('',(160.9725,-85.424375,0.));
#6096 = CIRCLE('',#6097,1.525);
#6097 = AXIS2_PLACEMENT_3D('',#6098,#6099,#6100);
#6098 = CARTESIAN_POINT('',(160.9725,-83.899375,0.));
#6099 = DIRECTION('',(-0.,0.,-1.));
#6100 = DIRECTION('',(-0.,-1.,0.));
#6101 = FACE_BOUND('',#6102,.F.);
#6102 = EDGE_LOOP('',(#6103));
#6103 = ORIENTED_EDGE('',*,*,#6104,.T.);
#6104 = EDGE_CURVE('',#6105,#6105,#6107,.T.);
#6105 = VERTEX_POINT('',#6106);
#6106 = CARTESIAN_POINT('',(143.1925,-82.234375,0.));
#6107 = CIRCLE('',#6108,0.875);
#6108 = AXIS2_PLACEMENT_3D('',#6109,#6110,#6111);
#6109 = CARTESIAN_POINT('',(143.1925,-81.359375,0.));
#6110 = DIRECTION('',(-0.,0.,-1.));
#6111 = DIRECTION('',(-0.,-1.,0.));
#6112 = FACE_BOUND('',#6113,.F.);
#6113 = EDGE_LOOP('',(#6114));
#6114 = ORIENTED_EDGE('',*,*,#6115,.T.);
#6115 = EDGE_CURVE('',#6116,#6116,#6118,.T.);
#6116 = VERTEX_POINT('',#6117);
#6117 = CARTESIAN_POINT('',(152.0825,-82.234375,0.));
#6118 = CIRCLE('',#6119,0.875);
#6119 = AXIS2_PLACEMENT_3D('',#6120,#6121,#6122);
#6120 = CARTESIAN_POINT('',(152.0825,-81.359375,0.));
#6121 = DIRECTION('',(-0.,0.,-1.));
#6122 = DIRECTION('',(-0.,-1.,0.));
#6123 = FACE_BOUND('',#6124,.F.);
#6124 = EDGE_LOOP('',(#6125));
#6125 = ORIENTED_EDGE('',*,*,#6126,.T.);
#6126 = EDGE_CURVE('',#6127,#6127,#6129,.T.);
#6127 = VERTEX_POINT('',#6128);
#6128 = CARTESIAN_POINT('',(157.1625,-83.359375,0.));
#6129 = CIRCLE('',#6130,2.);
#6130 = AXIS2_PLACEMENT_3D('',#6131,#6132,#6133);
#6131 = CARTESIAN_POINT('',(157.1625,-81.359375,0.));
#6132 = DIRECTION('',(-0.,0.,-1.));
#6133 = DIRECTION('',(-0.,-1.,0.));
#6134 = FACE_BOUND('',#6135,.F.);
#6135 = EDGE_LOOP('',(#6136));
#6136 = ORIENTED_EDGE('',*,*,#6137,.T.);
#6137 = EDGE_CURVE('',#6138,#6138,#6140,.T.);
#6138 = VERTEX_POINT('',#6139);
#6139 = CARTESIAN_POINT('',(173.6725,-87.964375,0.));
#6140 = CIRCLE('',#6141,1.525);
#6141 = AXIS2_PLACEMENT_3D('',#6142,#6143,#6144);
#6142 = CARTESIAN_POINT('',(173.6725,-86.439375,0.));
#6143 = DIRECTION('',(-0.,0.,-1.));
#6144 = DIRECTION('',(-0.,-1.,0.));
#6145 = FACE_BOUND('',#6146,.F.);
#6146 = EDGE_LOOP('',(#6147));
#6147 = ORIENTED_EDGE('',*,*,#6148,.T.);
#6148 = EDGE_CURVE('',#6149,#6149,#6151,.T.);
#6149 = VERTEX_POINT('',#6150);
#6150 = CARTESIAN_POINT('',(180.0225,-85.424375,0.));
#6151 = CIRCLE('',#6152,1.525);
#6152 = AXIS2_PLACEMENT_3D('',#6153,#6154,#6155);
#6153 = CARTESIAN_POINT('',(180.0225,-83.899375,0.));
#6154 = DIRECTION('',(-0.,0.,-1.));
#6155 = DIRECTION('',(-0.,-1.,0.));
#6156 = FACE_BOUND('',#6157,.F.);
#6157 = EDGE_LOOP('',(#6158));
#6158 = ORIENTED_EDGE('',*,*,#6159,.T.);
#6159 = EDGE_CURVE('',#6160,#6160,#6162,.T.);
#6160 = VERTEX_POINT('',#6161);
#6161 = CARTESIAN_POINT('',(162.2425,-82.234375,0.));
#6162 = CIRCLE('',#6163,0.875);
#6163 = AXIS2_PLACEMENT_3D('',#6164,#6165,#6166);
#6164 = CARTESIAN_POINT('',(162.2425,-81.359375,0.));
#6165 = DIRECTION('',(-0.,0.,-1.));
#6166 = DIRECTION('',(-0.,-1.,0.));
#6167 = FACE_BOUND('',#6168,.F.);
#6168 = EDGE_LOOP('',(#6169));
#6169 = ORIENTED_EDGE('',*,*,#6170,.T.);
#6170 = EDGE_CURVE('',#6171,#6171,#6173,.T.);
#6171 = VERTEX_POINT('',#6172);
#6172 = CARTESIAN_POINT('',(171.1325,-82.234375,0.));
#6173 = CIRCLE('',#6174,0.875);
#6174 = AXIS2_PLACEMENT_3D('',#6175,#6176,#6177);
#6175 = CARTESIAN_POINT('',(171.1325,-81.359375,0.));
#6176 = DIRECTION('',(-0.,0.,-1.));
#6177 = DIRECTION('',(-0.,-1.,0.));
#6178 = FACE_BOUND('',#6179,.F.);
#6179 = EDGE_LOOP('',(#6180));
#6180 = ORIENTED_EDGE('',*,*,#6181,.T.);
#6181 = EDGE_CURVE('',#6182,#6182,#6184,.T.);
#6182 = VERTEX_POINT('',#6183);
#6183 = CARTESIAN_POINT('',(176.2125,-83.359375,0.));
#6184 = CIRCLE('',#6185,2.);
#6185 = AXIS2_PLACEMENT_3D('',#6186,#6187,#6188);
#6186 = CARTESIAN_POINT('',(176.2125,-81.359375,0.));
#6187 = DIRECTION('',(-0.,0.,-1.));
#6188 = DIRECTION('',(-0.,-1.,0.));
#6189 = FACE_BOUND('',#6190,.F.);
#6190 = EDGE_LOOP('',(#6191));
#6191 = ORIENTED_EDGE('',*,*,#6192,.T.);
#6192 = EDGE_CURVE('',#6193,#6193,#6195,.T.);
#6193 = VERTEX_POINT('',#6194);
#6194 = CARTESIAN_POINT('',(192.7225,-87.964375,0.));
#6195 = CIRCLE('',#6196,1.525);
#6196 = AXIS2_PLACEMENT_3D('',#6197,#6198,#6199);
#6197 = CARTESIAN_POINT('',(192.7225,-86.439375,0.));
#6198 = DIRECTION('',(-0.,0.,-1.));
#6199 = DIRECTION('',(-0.,-1.,0.));
#6200 = FACE_BOUND('',#6201,.F.);
#6201 = EDGE_LOOP('',(#6202));
#6202 = ORIENTED_EDGE('',*,*,#6203,.T.);
#6203 = EDGE_CURVE('',#6204,#6204,#6206,.T.);
#6204 = VERTEX_POINT('',#6205);
#6205 = CARTESIAN_POINT('',(181.2925,-82.234375,0.));
#6206 = CIRCLE('',#6207,0.875);
#6207 = AXIS2_PLACEMENT_3D('',#6208,#6209,#6210);
#6208 = CARTESIAN_POINT('',(181.2925,-81.359375,0.));
#6209 = DIRECTION('',(-0.,0.,-1.));
#6210 = DIRECTION('',(-0.,-1.,0.));
#6211 = FACE_BOUND('',#6212,.F.);
#6212 = EDGE_LOOP('',(#6213));
#6213 = ORIENTED_EDGE('',*,*,#6214,.T.);
#6214 = EDGE_CURVE('',#6215,#6215,#6217,.T.);
#6215 = VERTEX_POINT('',#6216);
#6216 = CARTESIAN_POINT('',(190.1825,-82.234375,0.));
#6217 = CIRCLE('',#6218,0.875);
#6218 = AXIS2_PLACEMENT_3D('',#6219,#6220,#6221);
#6219 = CARTESIAN_POINT('',(190.1825,-81.359375,0.));
#6220 = DIRECTION('',(-0.,0.,-1.));
#6221 = DIRECTION('',(-0.,-1.,0.));
#6222 = FACE_BOUND('',#6223,.F.);
#6223 = EDGE_LOOP('',(#6224));
#6224 = ORIENTED_EDGE('',*,*,#6225,.T.);
#6225 = EDGE_CURVE('',#6226,#6226,#6228,.T.);
#6226 = VERTEX_POINT('',#6227);
#6227 = CARTESIAN_POINT('',(195.2625,-83.359375,0.));
#6228 = CIRCLE('',#6229,2.);
#6229 = AXIS2_PLACEMENT_3D('',#6230,#6231,#6232);
#6230 = CARTESIAN_POINT('',(195.2625,-81.359375,0.));
#6231 = DIRECTION('',(-0.,0.,-1.));
#6232 = DIRECTION('',(-0.,-1.,0.));
#6233 = FACE_BOUND('',#6234,.F.);
#6234 = EDGE_LOOP('',(#6235));
#6235 = ORIENTED_EDGE('',*,*,#6236,.T.);
#6236 = EDGE_CURVE('',#6237,#6237,#6239,.T.);
#6237 = VERTEX_POINT('',#6238);
#6238 = CARTESIAN_POINT('',(199.0725,-85.424375,0.));
#6239 = CIRCLE('',#6240,1.525);
#6240 = AXIS2_PLACEMENT_3D('',#6241,#6242,#6243);
#6241 = CARTESIAN_POINT('',(199.0725,-83.899375,0.));
#6242 = DIRECTION('',(-0.,0.,-1.));
#6243 = DIRECTION('',(-0.,-1.,0.));
#6244 = FACE_BOUND('',#6245,.F.);
#6245 = EDGE_LOOP('',(#6246));
#6246 = ORIENTED_EDGE('',*,*,#6247,.T.);
#6247 = EDGE_CURVE('',#6248,#6248,#6250,.T.);
#6248 = VERTEX_POINT('',#6249);
#6249 = CARTESIAN_POINT('',(211.7725,-87.964375,0.));
#6250 = CIRCLE('',#6251,1.525);
#6251 = AXIS2_PLACEMENT_3D('',#6252,#6253,#6254);
#6252 = CARTESIAN_POINT('',(211.7725,-86.439375,0.));
#6253 = DIRECTION('',(-0.,0.,-1.));
#6254 = DIRECTION('',(-0.,-1.,0.));
#6255 = FACE_BOUND('',#6256,.F.);
#6256 = EDGE_LOOP('',(#6257));
#6257 = ORIENTED_EDGE('',*,*,#6258,.T.);
#6258 = EDGE_CURVE('',#6259,#6259,#6261,.T.);
#6259 = VERTEX_POINT('',#6260);
#6260 = CARTESIAN_POINT('',(200.3425,-82.234375,0.));
#6261 = CIRCLE('',#6262,0.875);
#6262 = AXIS2_PLACEMENT_3D('',#6263,#6264,#6265);
#6263 = CARTESIAN_POINT('',(200.3425,-81.359375,0.));
#6264 = DIRECTION('',(-0.,0.,-1.));
#6265 = DIRECTION('',(-0.,-1.,0.));
#6266 = FACE_BOUND('',#6267,.F.);
#6267 = EDGE_LOOP('',(#6268));
#6268 = ORIENTED_EDGE('',*,*,#6269,.T.);
#6269 = EDGE_CURVE('',#6270,#6270,#6272,.T.);
#6270 = VERTEX_POINT('',#6271);
#6271 = CARTESIAN_POINT('',(209.2325,-82.234375,0.));
#6272 = CIRCLE('',#6273,0.875);
#6273 = AXIS2_PLACEMENT_3D('',#6274,#6275,#6276);
#6274 = CARTESIAN_POINT('',(209.2325,-81.359375,0.));
#6275 = DIRECTION('',(-0.,0.,-1.));
#6276 = DIRECTION('',(-0.,-1.,0.));
#6277 = FACE_BOUND('',#6278,.F.);
#6278 = EDGE_LOOP('',(#6279));
#6279 = ORIENTED_EDGE('',*,*,#6280,.T.);
#6280 = EDGE_CURVE('',#6281,#6281,#6283,.T.);
#6281 = VERTEX_POINT('',#6282);
#6282 = CARTESIAN_POINT('',(214.3125,-83.359375,0.));
#6283 = CIRCLE('',#6284,2.);
#6284 = AXIS2_PLACEMENT_3D('',#6285,#6286,#6287);
#6285 = CARTESIAN_POINT('',(214.3125,-81.359375,0.));
#6286 = DIRECTION('',(-0.,0.,-1.));
#6287 = DIRECTION('',(-0.,-1.,0.));
#6288 = FACE_BOUND('',#6289,.F.);
#6289 = EDGE_LOOP('',(#6290));
#6290 = ORIENTED_EDGE('',*,*,#6291,.T.);
#6291 = EDGE_CURVE('',#6292,#6292,#6294,.T.);
#6292 = VERTEX_POINT('',#6293);
#6293 = CARTESIAN_POINT('',(220.50375,-104.474375,0.));
#6294 = CIRCLE('',#6295,1.525);
#6295 = AXIS2_PLACEMENT_3D('',#6296,#6297,#6298);
#6296 = CARTESIAN_POINT('',(220.50375,-102.949375,0.));
#6297 = DIRECTION('',(-0.,0.,-1.));
#6298 = DIRECTION('',(-0.,-1.,0.));
#6299 = FACE_BOUND('',#6300,.F.);
#6300 = EDGE_LOOP('',(#6301));
#6301 = ORIENTED_EDGE('',*,*,#6302,.T.);
#6302 = EDGE_CURVE('',#6303,#6303,#6305,.T.);
#6303 = VERTEX_POINT('',#6304);
#6304 = CARTESIAN_POINT('',(221.77375,-101.284375,0.));
#6305 = CIRCLE('',#6306,0.875);
#6306 = AXIS2_PLACEMENT_3D('',#6307,#6308,#6309);
#6307 = CARTESIAN_POINT('',(221.77375,-100.409375,0.));
#6308 = DIRECTION('',(-0.,0.,-1.));
#6309 = DIRECTION('',(-0.,-1.,0.));
#6310 = FACE_BOUND('',#6311,.F.);
#6311 = EDGE_LOOP('',(#6312));
#6312 = ORIENTED_EDGE('',*,*,#6313,.T.);
#6313 = EDGE_CURVE('',#6314,#6314,#6316,.T.);
#6314 = VERTEX_POINT('',#6315);
#6315 = CARTESIAN_POINT('',(245.11,-107.014375,0.));
#6316 = CIRCLE('',#6317,1.525);
#6317 = AXIS2_PLACEMENT_3D('',#6318,#6319,#6320);
#6318 = CARTESIAN_POINT('',(245.11,-105.489375,0.));
#6319 = DIRECTION('',(-0.,0.,-1.));
#6320 = DIRECTION('',(-0.,-1.,0.));
#6321 = FACE_BOUND('',#6322,.F.);
#6322 = EDGE_LOOP('',(#6323));
#6323 = ORIENTED_EDGE('',*,*,#6324,.T.);
#6324 = EDGE_CURVE('',#6325,#6325,#6327,.T.);
#6325 = VERTEX_POINT('',#6326);
#6326 = CARTESIAN_POINT('',(242.57,-101.284375,0.));
#6327 = CIRCLE('',#6328,0.875);
#6328 = AXIS2_PLACEMENT_3D('',#6329,#6330,#6331);
#6329 = CARTESIAN_POINT('',(242.57,-100.409375,0.));
#6330 = DIRECTION('',(-0.,0.,-1.));
#6331 = DIRECTION('',(-0.,-1.,0.));
#6332 = FACE_BOUND('',#6333,.F.);
#6333 = EDGE_LOOP('',(#6334));
#6334 = ORIENTED_EDGE('',*,*,#6335,.T.);
#6335 = EDGE_CURVE('',#6336,#6336,#6338,.T.);
#6336 = VERTEX_POINT('',#6337);
#6337 = CARTESIAN_POINT('',(251.46,-104.474375,0.));
#6338 = CIRCLE('',#6339,1.525);
#6339 = AXIS2_PLACEMENT_3D('',#6340,#6341,#6342);
#6340 = CARTESIAN_POINT('',(251.46,-102.949375,0.));
#6341 = DIRECTION('',(-0.,0.,-1.));
#6342 = DIRECTION('',(-0.,-1.,0.));
#6343 = FACE_BOUND('',#6344,.F.);
#6344 = EDGE_LOOP('',(#6345));
#6345 = ORIENTED_EDGE('',*,*,#6346,.T.);
#6346 = EDGE_CURVE('',#6347,#6347,#6349,.T.);
#6347 = VERTEX_POINT('',#6348);
#6348 = CARTESIAN_POINT('',(247.65,-102.409375,0.));
#6349 = CIRCLE('',#6350,2.);
#6350 = AXIS2_PLACEMENT_3D('',#6351,#6352,#6353);
#6351 = CARTESIAN_POINT('',(247.65,-100.409375,0.));
#6352 = DIRECTION('',(-0.,0.,-1.));
#6353 = DIRECTION('',(-0.,-1.,0.));
#6354 = FACE_BOUND('',#6355,.F.);
#6355 = EDGE_LOOP('',(#6356));
#6356 = ORIENTED_EDGE('',*,*,#6357,.T.);
#6357 = EDGE_CURVE('',#6358,#6358,#6360,.T.);
#6358 = VERTEX_POINT('',#6359);
#6359 = CARTESIAN_POINT('',(252.73,-101.284375,0.));
#6360 = CIRCLE('',#6361,0.875);
#6361 = AXIS2_PLACEMENT_3D('',#6362,#6363,#6364);
#6362 = CARTESIAN_POINT('',(252.73,-100.409375,0.));
#6363 = DIRECTION('',(-0.,0.,-1.));
#6364 = DIRECTION('',(-0.,-1.,0.));
#6365 = FACE_BOUND('',#6366,.F.);
#6366 = EDGE_LOOP('',(#6367));
#6367 = ORIENTED_EDGE('',*,*,#6368,.T.);
#6368 = EDGE_CURVE('',#6369,#6369,#6371,.T.);
#6369 = VERTEX_POINT('',#6370);
#6370 = CARTESIAN_POINT('',(264.16,-107.014375,0.));
#6371 = CIRCLE('',#6372,1.525);
#6372 = AXIS2_PLACEMENT_3D('',#6373,#6374,#6375);
#6373 = CARTESIAN_POINT('',(264.16,-105.489375,0.));
#6374 = DIRECTION('',(-0.,0.,-1.));
#6375 = DIRECTION('',(3.727437302348E-14,-1.,-0.));
#6376 = FACE_BOUND('',#6377,.F.);
#6377 = EDGE_LOOP('',(#6378));
#6378 = ORIENTED_EDGE('',*,*,#6379,.T.);
#6379 = EDGE_CURVE('',#6380,#6380,#6382,.T.);
#6380 = VERTEX_POINT('',#6381);
#6381 = CARTESIAN_POINT('',(261.62,-101.284375,0.));
#6382 = CIRCLE('',#6383,0.875);
#6383 = AXIS2_PLACEMENT_3D('',#6384,#6385,#6386);
#6384 = CARTESIAN_POINT('',(261.62,-100.409375,0.));
#6385 = DIRECTION('',(-0.,0.,-1.));
#6386 = DIRECTION('',(-0.,-1.,0.));
#6387 = FACE_BOUND('',#6388,.F.);
#6388 = EDGE_LOOP('',(#6389));
#6389 = ORIENTED_EDGE('',*,*,#6390,.T.);
#6390 = EDGE_CURVE('',#6391,#6391,#6393,.T.);
#6391 = VERTEX_POINT('',#6392);
#6392 = CARTESIAN_POINT('',(270.51,-104.474375,0.));
#6393 = CIRCLE('',#6394,1.525);
#6394 = AXIS2_PLACEMENT_3D('',#6395,#6396,#6397);
#6395 = CARTESIAN_POINT('',(270.51,-102.949375,0.));
#6396 = DIRECTION('',(-0.,0.,-1.));
#6397 = DIRECTION('',(-0.,-1.,0.));
#6398 = FACE_BOUND('',#6399,.F.);
#6399 = EDGE_LOOP('',(#6400));
#6400 = ORIENTED_EDGE('',*,*,#6401,.T.);
#6401 = EDGE_CURVE('',#6402,#6402,#6404,.T.);
#6402 = VERTEX_POINT('',#6403);
#6403 = CARTESIAN_POINT('',(266.7,-102.409375,0.));
#6404 = CIRCLE('',#6405,2.);
#6405 = AXIS2_PLACEMENT_3D('',#6406,#6407,#6408);
#6406 = CARTESIAN_POINT('',(266.7,-100.409375,0.));
#6407 = DIRECTION('',(-0.,0.,-1.));
#6408 = DIRECTION('',(-0.,-1.,0.));
#6409 = FACE_BOUND('',#6410,.F.);
#6410 = EDGE_LOOP('',(#6411));
#6411 = ORIENTED_EDGE('',*,*,#6412,.T.);
#6412 = EDGE_CURVE('',#6413,#6413,#6415,.T.);
#6413 = VERTEX_POINT('',#6414);
#6414 = CARTESIAN_POINT('',(271.78,-101.284375,0.));
#6415 = CIRCLE('',#6416,0.875);
#6416 = AXIS2_PLACEMENT_3D('',#6417,#6418,#6419);
#6417 = CARTESIAN_POINT('',(271.78,-100.409375,0.));
#6418 = DIRECTION('',(-0.,0.,-1.));
#6419 = DIRECTION('',(-0.,-1.,0.));
#6420 = FACE_BOUND('',#6421,.F.);
#6421 = EDGE_LOOP('',(#6422));
#6422 = ORIENTED_EDGE('',*,*,#6423,.T.);
#6423 = EDGE_CURVE('',#6424,#6424,#6426,.T.);
#6424 = VERTEX_POINT('',#6425);
#6425 = CARTESIAN_POINT('',(283.21,-107.014375,0.));
#6426 = CIRCLE('',#6427,1.525);
#6427 = AXIS2_PLACEMENT_3D('',#6428,#6429,#6430);
#6428 = CARTESIAN_POINT('',(283.21,-105.489375,0.));
#6429 = DIRECTION('',(-0.,0.,-1.));
#6430 = DIRECTION('',(-3.727437302348E-14,-1.,0.));
#6431 = FACE_BOUND('',#6432,.F.);
#6432 = EDGE_LOOP('',(#6433));
#6433 = ORIENTED_EDGE('',*,*,#6434,.T.);
#6434 = EDGE_CURVE('',#6435,#6435,#6437,.T.);
#6435 = VERTEX_POINT('',#6436);
#6436 = CARTESIAN_POINT('',(280.67,-101.284375,0.));
#6437 = CIRCLE('',#6438,0.875);
#6438 = AXIS2_PLACEMENT_3D('',#6439,#6440,#6441);
#6439 = CARTESIAN_POINT('',(280.67,-100.409375,0.));
#6440 = DIRECTION('',(-0.,0.,-1.));
#6441 = DIRECTION('',(-0.,-1.,0.));
#6442 = FACE_BOUND('',#6443,.F.);
#6443 = EDGE_LOOP('',(#6444));
#6444 = ORIENTED_EDGE('',*,*,#6445,.T.);
#6445 = EDGE_CURVE('',#6446,#6446,#6448,.T.);
#6446 = VERTEX_POINT('',#6447);
#6447 = CARTESIAN_POINT('',(289.56,-104.474375,0.));
#6448 = CIRCLE('',#6449,1.525);
#6449 = AXIS2_PLACEMENT_3D('',#6450,#6451,#6452);
#6450 = CARTESIAN_POINT('',(289.56,-102.949375,0.));
#6451 = DIRECTION('',(-0.,0.,-1.));
#6452 = DIRECTION('',(-0.,-1.,0.));
#6453 = FACE_BOUND('',#6454,.F.);
#6454 = EDGE_LOOP('',(#6455));
#6455 = ORIENTED_EDGE('',*,*,#6456,.T.);
#6456 = EDGE_CURVE('',#6457,#6457,#6459,.T.);
#6457 = VERTEX_POINT('',#6458);
#6458 = CARTESIAN_POINT('',(285.75,-102.409375,0.));
#6459 = CIRCLE('',#6460,2.);
#6460 = AXIS2_PLACEMENT_3D('',#6461,#6462,#6463);
#6461 = CARTESIAN_POINT('',(285.75,-100.409375,0.));
#6462 = DIRECTION('',(-0.,0.,-1.));
#6463 = DIRECTION('',(-0.,-1.,0.));
#6464 = FACE_BOUND('',#6465,.F.);
#6465 = EDGE_LOOP('',(#6466));
#6466 = ORIENTED_EDGE('',*,*,#6467,.T.);
#6467 = EDGE_CURVE('',#6468,#6468,#6470,.T.);
#6468 = VERTEX_POINT('',#6469);
#6469 = CARTESIAN_POINT('',(290.83,-101.284375,0.));
#6470 = CIRCLE('',#6471,0.875);
#6471 = AXIS2_PLACEMENT_3D('',#6472,#6473,#6474);
#6472 = CARTESIAN_POINT('',(290.83,-100.409375,0.));
#6473 = DIRECTION('',(-0.,0.,-1.));
#6474 = DIRECTION('',(-0.,-1.,0.));
#6475 = FACE_BOUND('',#6476,.F.);
#6476 = EDGE_LOOP('',(#6477));
#6477 = ORIENTED_EDGE('',*,*,#6478,.T.);
#6478 = EDGE_CURVE('',#6479,#6479,#6481,.T.);
#6479 = VERTEX_POINT('',#6480);
#6480 = CARTESIAN_POINT('',(218.1225,-85.424375,0.));
#6481 = CIRCLE('',#6482,1.525);
#6482 = AXIS2_PLACEMENT_3D('',#6483,#6484,#6485);
#6483 = CARTESIAN_POINT('',(218.1225,-83.899375,0.));
#6484 = DIRECTION('',(-0.,0.,-1.));
#6485 = DIRECTION('',(-0.,-1.,0.));
#6486 = FACE_BOUND('',#6487,.F.);
#6487 = EDGE_LOOP('',(#6488));
#6488 = ORIENTED_EDGE('',*,*,#6489,.T.);
#6489 = EDGE_CURVE('',#6490,#6490,#6492,.T.);
#6490 = VERTEX_POINT('',#6491);
#6491 = CARTESIAN_POINT('',(219.3925,-82.234375,0.));
#6492 = CIRCLE('',#6493,0.875);
#6493 = AXIS2_PLACEMENT_3D('',#6494,#6495,#6496);
#6494 = CARTESIAN_POINT('',(219.3925,-81.359375,0.));
#6495 = DIRECTION('',(-0.,0.,-1.));
#6496 = DIRECTION('',(-0.,-1.,0.));
#6497 = FACE_BOUND('',#6498,.F.);
#6498 = EDGE_LOOP('',(#6499));
#6499 = ORIENTED_EDGE('',*,*,#6500,.T.);
#6500 = EDGE_CURVE('',#6501,#6501,#6503,.T.);
#6501 = VERTEX_POINT('',#6502);
#6502 = CARTESIAN_POINT('',(235.42625,-82.234375,0.));
#6503 = CIRCLE('',#6504,0.875);
#6504 = AXIS2_PLACEMENT_3D('',#6505,#6506,#6507);
#6505 = CARTESIAN_POINT('',(235.42625,-81.359375,0.));
#6506 = DIRECTION('',(-0.,0.,-1.));
#6507 = DIRECTION('',(-0.,-1.,0.));
#6508 = FACE_BOUND('',#6509,.F.);
#6509 = EDGE_LOOP('',(#6510));
#6510 = ORIENTED_EDGE('',*,*,#6511,.T.);
#6511 = EDGE_CURVE('',#6512,#6512,#6514,.T.);
#6512 = VERTEX_POINT('',#6513);
#6513 = CARTESIAN_POINT('',(237.96625,-87.964375,0.));
#6514 = CIRCLE('',#6515,1.525);
#6515 = AXIS2_PLACEMENT_3D('',#6516,#6517,#6518);
#6516 = CARTESIAN_POINT('',(237.96625,-86.439375,0.));
#6517 = DIRECTION('',(-0.,0.,-1.));
#6518 = DIRECTION('',(-0.,-1.,0.));
#6519 = FACE_BOUND('',#6520,.F.);
#6520 = EDGE_LOOP('',(#6521));
#6521 = ORIENTED_EDGE('',*,*,#6522,.T.);
#6522 = EDGE_CURVE('',#6523,#6523,#6525,.T.);
#6523 = VERTEX_POINT('',#6524);
#6524 = CARTESIAN_POINT('',(244.31625,-85.424375,0.));
#6525 = CIRCLE('',#6526,1.525);
#6526 = AXIS2_PLACEMENT_3D('',#6527,#6528,#6529);
#6527 = CARTESIAN_POINT('',(244.31625,-83.899375,0.));
#6528 = DIRECTION('',(-0.,0.,-1.));
#6529 = DIRECTION('',(-0.,-1.,0.));
#6530 = FACE_BOUND('',#6531,.F.);
#6531 = EDGE_LOOP('',(#6532));
#6532 = ORIENTED_EDGE('',*,*,#6533,.T.);
#6533 = EDGE_CURVE('',#6534,#6534,#6536,.T.);
#6534 = VERTEX_POINT('',#6535);
#6535 = CARTESIAN_POINT('',(240.50625,-83.359375,0.));
#6536 = CIRCLE('',#6537,2.);
#6537 = AXIS2_PLACEMENT_3D('',#6538,#6539,#6540);
#6538 = CARTESIAN_POINT('',(240.50625,-81.359375,0.));
#6539 = DIRECTION('',(-0.,0.,-1.));
#6540 = DIRECTION('',(-0.,-1.,0.));
#6541 = FACE_BOUND('',#6542,.F.);
#6542 = EDGE_LOOP('',(#6543));
#6543 = ORIENTED_EDGE('',*,*,#6544,.T.);
#6544 = EDGE_CURVE('',#6545,#6545,#6547,.T.);
#6545 = VERTEX_POINT('',#6546);
#6546 = CARTESIAN_POINT('',(245.58625,-82.234375,0.));
#6547 = CIRCLE('',#6548,0.875);
#6548 = AXIS2_PLACEMENT_3D('',#6549,#6550,#6551);
#6549 = CARTESIAN_POINT('',(245.58625,-81.359375,0.));
#6550 = DIRECTION('',(-0.,0.,-1.));
#6551 = DIRECTION('',(-0.,-1.,0.));
#6552 = FACE_BOUND('',#6553,.F.);
#6553 = EDGE_LOOP('',(#6554));
#6554 = ORIENTED_EDGE('',*,*,#6555,.T.);
#6555 = EDGE_CURVE('',#6556,#6556,#6558,.T.);
#6556 = VERTEX_POINT('',#6557);
#6557 = CARTESIAN_POINT('',(264.16,-87.964375,0.));
#6558 = CIRCLE('',#6559,1.525);
#6559 = AXIS2_PLACEMENT_3D('',#6560,#6561,#6562);
#6560 = CARTESIAN_POINT('',(264.16,-86.439375,0.));
#6561 = DIRECTION('',(-0.,0.,-1.));
#6562 = DIRECTION('',(3.727437302348E-14,-1.,-0.));
#6563 = FACE_BOUND('',#6564,.F.);
#6564 = EDGE_LOOP('',(#6565));
#6565 = ORIENTED_EDGE('',*,*,#6566,.T.);
#6566 = EDGE_CURVE('',#6567,#6567,#6569,.T.);
#6567 = VERTEX_POINT('',#6568);
#6568 = CARTESIAN_POINT('',(270.51,-85.424375,0.));
#6569 = CIRCLE('',#6570,1.525);
#6570 = AXIS2_PLACEMENT_3D('',#6571,#6572,#6573);
#6571 = CARTESIAN_POINT('',(270.51,-83.899375,0.));
#6572 = DIRECTION('',(-0.,0.,-1.));
#6573 = DIRECTION('',(-0.,-1.,0.));
#6574 = FACE_BOUND('',#6575,.F.);
#6575 = EDGE_LOOP('',(#6576));
#6576 = ORIENTED_EDGE('',*,*,#6577,.T.);
#6577 = EDGE_CURVE('',#6578,#6578,#6580,.T.);
#6578 = VERTEX_POINT('',#6579);
#6579 = CARTESIAN_POINT('',(261.62,-82.234375,0.));
#6580 = CIRCLE('',#6581,0.875);
#6581 = AXIS2_PLACEMENT_3D('',#6582,#6583,#6584);
#6582 = CARTESIAN_POINT('',(261.62,-81.359375,0.));
#6583 = DIRECTION('',(-0.,0.,-1.));
#6584 = DIRECTION('',(-0.,-1.,0.));
#6585 = FACE_BOUND('',#6586,.F.);
#6586 = EDGE_LOOP('',(#6587));
#6587 = ORIENTED_EDGE('',*,*,#6588,.T.);
#6588 = EDGE_CURVE('',#6589,#6589,#6591,.T.);
#6589 = VERTEX_POINT('',#6590);
#6590 = CARTESIAN_POINT('',(266.7,-83.359375,0.));
#6591 = CIRCLE('',#6592,2.);
#6592 = AXIS2_PLACEMENT_3D('',#6593,#6594,#6595);
#6593 = CARTESIAN_POINT('',(266.7,-81.359375,0.));
#6594 = DIRECTION('',(-0.,0.,-1.));
#6595 = DIRECTION('',(-0.,-1.,0.));
#6596 = FACE_BOUND('',#6597,.F.);
#6597 = EDGE_LOOP('',(#6598));
#6598 = ORIENTED_EDGE('',*,*,#6599,.T.);
#6599 = EDGE_CURVE('',#6600,#6600,#6602,.T.);
#6600 = VERTEX_POINT('',#6601);
#6601 = CARTESIAN_POINT('',(271.78,-82.234375,0.));
#6602 = CIRCLE('',#6603,0.875);
#6603 = AXIS2_PLACEMENT_3D('',#6604,#6605,#6606);
#6604 = CARTESIAN_POINT('',(271.78,-81.359375,0.));
#6605 = DIRECTION('',(-0.,0.,-1.));
#6606 = DIRECTION('',(-0.,-1.,0.));
#6607 = FACE_BOUND('',#6608,.F.);
#6608 = EDGE_LOOP('',(#6609));
#6609 = ORIENTED_EDGE('',*,*,#6610,.T.);
#6610 = EDGE_CURVE('',#6611,#6611,#6613,.T.);
#6611 = VERTEX_POINT('',#6612);
#6612 = CARTESIAN_POINT('',(283.21,-87.964375,0.));
#6613 = CIRCLE('',#6614,1.525);
#6614 = AXIS2_PLACEMENT_3D('',#6615,#6616,#6617);
#6615 = CARTESIAN_POINT('',(283.21,-86.439375,0.));
#6616 = DIRECTION('',(-0.,0.,-1.));
#6617 = DIRECTION('',(-3.727437302348E-14,-1.,0.));
#6618 = FACE_BOUND('',#6619,.F.);
#6619 = EDGE_LOOP('',(#6620));
#6620 = ORIENTED_EDGE('',*,*,#6621,.T.);
#6621 = EDGE_CURVE('',#6622,#6622,#6624,.T.);
#6622 = VERTEX_POINT('',#6623);
#6623 = CARTESIAN_POINT('',(289.56,-85.424375,0.));
#6624 = CIRCLE('',#6625,1.525);
#6625 = AXIS2_PLACEMENT_3D('',#6626,#6627,#6628);
#6626 = CARTESIAN_POINT('',(289.56,-83.899375,0.));
#6627 = DIRECTION('',(-0.,0.,-1.));
#6628 = DIRECTION('',(-0.,-1.,0.));
#6629 = FACE_BOUND('',#6630,.F.);
#6630 = EDGE_LOOP('',(#6631));
#6631 = ORIENTED_EDGE('',*,*,#6632,.T.);
#6632 = EDGE_CURVE('',#6633,#6633,#6635,.T.);
#6633 = VERTEX_POINT('',#6634);
#6634 = CARTESIAN_POINT('',(280.67,-82.234375,0.));
#6635 = CIRCLE('',#6636,0.875);
#6636 = AXIS2_PLACEMENT_3D('',#6637,#6638,#6639);
#6637 = CARTESIAN_POINT('',(280.67,-81.359375,0.));
#6638 = DIRECTION('',(-0.,0.,-1.));
#6639 = DIRECTION('',(-0.,-1.,0.));
#6640 = FACE_BOUND('',#6641,.F.);
#6641 = EDGE_LOOP('',(#6642));
#6642 = ORIENTED_EDGE('',*,*,#6643,.T.);
#6643 = EDGE_CURVE('',#6644,#6644,#6646,.T.);
#6644 = VERTEX_POINT('',#6645);
#6645 = CARTESIAN_POINT('',(285.75,-83.359375,0.));
#6646 = CIRCLE('',#6647,2.);
#6647 = AXIS2_PLACEMENT_3D('',#6648,#6649,#6650);
#6648 = CARTESIAN_POINT('',(285.75,-81.359375,0.));
#6649 = DIRECTION('',(-0.,0.,-1.));
#6650 = DIRECTION('',(-0.,-1.,0.));
#6651 = FACE_BOUND('',#6652,.F.);
#6652 = EDGE_LOOP('',(#6653));
#6653 = ORIENTED_EDGE('',*,*,#6654,.T.);
#6654 = EDGE_CURVE('',#6655,#6655,#6657,.T.);
#6655 = VERTEX_POINT('',#6656);
#6656 = CARTESIAN_POINT('',(290.83,-82.234375,0.));
#6657 = CIRCLE('',#6658,0.875);
#6658 = AXIS2_PLACEMENT_3D('',#6659,#6660,#6661);
#6659 = CARTESIAN_POINT('',(290.83,-81.359375,0.));
#6660 = DIRECTION('',(-0.,0.,-1.));
#6661 = DIRECTION('',(-0.,-1.,0.));
#6662 = FACE_BOUND('',#6663,.F.);
#6663 = EDGE_LOOP('',(#6664));
#6664 = ORIENTED_EDGE('',*,*,#6665,.T.);
#6665 = EDGE_CURVE('',#6666,#6666,#6668,.T.);
#6666 = VERTEX_POINT('',#6667);
#6667 = CARTESIAN_POINT('',(145.0975,-68.914375,0.));
#6668 = CIRCLE('',#6669,1.525);
#6669 = AXIS2_PLACEMENT_3D('',#6670,#6671,#6672);
#6670 = CARTESIAN_POINT('',(145.0975,-67.389375,0.));
#6671 = DIRECTION('',(-0.,0.,-1.));
#6672 = DIRECTION('',(-0.,-1.,0.));
#6673 = FACE_BOUND('',#6674,.F.);
#6674 = EDGE_LOOP('',(#6675));
#6675 = ORIENTED_EDGE('',*,*,#6676,.T.);
#6676 = EDGE_CURVE('',#6677,#6677,#6679,.T.);
#6677 = VERTEX_POINT('',#6678);
#6678 = CARTESIAN_POINT('',(164.1475,-68.914375,0.));
#6679 = CIRCLE('',#6680,1.525);
#6680 = AXIS2_PLACEMENT_3D('',#6681,#6682,#6683);
#6681 = CARTESIAN_POINT('',(164.1475,-67.389375,0.));
#6682 = DIRECTION('',(-0.,0.,-1.));
#6683 = DIRECTION('',(-0.,-1.,0.));
#6684 = FACE_BOUND('',#6685,.F.);
#6685 = EDGE_LOOP('',(#6686));
#6686 = ORIENTED_EDGE('',*,*,#6687,.T.);
#6687 = EDGE_CURVE('',#6688,#6688,#6690,.T.);
#6688 = VERTEX_POINT('',#6689);
#6689 = CARTESIAN_POINT('',(183.1975,-68.914375,0.));
#6690 = CIRCLE('',#6691,1.525);
#6691 = AXIS2_PLACEMENT_3D('',#6692,#6693,#6694);
#6692 = CARTESIAN_POINT('',(183.1975,-67.389375,0.));
#6693 = DIRECTION('',(-0.,0.,-1.));
#6694 = DIRECTION('',(-0.,-1.,0.));
#6695 = FACE_BOUND('',#6696,.F.);
#6696 = EDGE_LOOP('',(#6697));
#6697 = ORIENTED_EDGE('',*,*,#6698,.T.);
#6698 = EDGE_CURVE('',#6699,#6699,#6701,.T.);
#6699 = VERTEX_POINT('',#6700);
#6700 = CARTESIAN_POINT('',(202.2475,-68.914375,0.));
#6701 = CIRCLE('',#6702,1.525);
#6702 = AXIS2_PLACEMENT_3D('',#6703,#6704,#6705);
#6703 = CARTESIAN_POINT('',(202.2475,-67.389375,0.));
#6704 = DIRECTION('',(-0.,0.,-1.));
#6705 = DIRECTION('',(-0.,-1.,0.));
#6706 = FACE_BOUND('',#6707,.F.);
#6707 = EDGE_LOOP('',(#6708));
#6708 = ORIENTED_EDGE('',*,*,#6709,.T.);
#6709 = EDGE_CURVE('',#6710,#6710,#6712,.T.);
#6710 = VERTEX_POINT('',#6711);
#6711 = CARTESIAN_POINT('',(151.4475,-66.374375,0.));
#6712 = CIRCLE('',#6713,1.525);
#6713 = AXIS2_PLACEMENT_3D('',#6714,#6715,#6716);
#6714 = CARTESIAN_POINT('',(151.4475,-64.849375,0.));
#6715 = DIRECTION('',(-0.,0.,-1.));
#6716 = DIRECTION('',(-0.,-1.,0.));
#6717 = FACE_BOUND('',#6718,.F.);
#6718 = EDGE_LOOP('',(#6719));
#6719 = ORIENTED_EDGE('',*,*,#6720,.T.);
#6720 = EDGE_CURVE('',#6721,#6721,#6723,.T.);
#6721 = VERTEX_POINT('',#6722);
#6722 = CARTESIAN_POINT('',(147.6375,-64.309375,0.));
#6723 = CIRCLE('',#6724,2.);
#6724 = AXIS2_PLACEMENT_3D('',#6725,#6726,#6727);
#6725 = CARTESIAN_POINT('',(147.6375,-62.309375,0.));
#6726 = DIRECTION('',(-0.,0.,-1.));
#6727 = DIRECTION('',(-0.,-1.,0.));
#6728 = FACE_BOUND('',#6729,.F.);
#6729 = EDGE_LOOP('',(#6730));
#6730 = ORIENTED_EDGE('',*,*,#6731,.T.);
#6731 = EDGE_CURVE('',#6732,#6732,#6734,.T.);
#6732 = VERTEX_POINT('',#6733);
#6733 = CARTESIAN_POINT('',(152.7175,-63.184375,0.));
#6734 = CIRCLE('',#6735,0.875);
#6735 = AXIS2_PLACEMENT_3D('',#6736,#6737,#6738);
#6736 = CARTESIAN_POINT('',(152.7175,-62.309375,0.));
#6737 = DIRECTION('',(-0.,0.,-1.));
#6738 = DIRECTION('',(-0.,-1.,0.));
#6739 = FACE_BOUND('',#6740,.F.);
#6740 = EDGE_LOOP('',(#6741));
#6741 = ORIENTED_EDGE('',*,*,#6742,.T.);
#6742 = EDGE_CURVE('',#6743,#6743,#6745,.T.);
#6743 = VERTEX_POINT('',#6744);
#6744 = CARTESIAN_POINT('',(170.4975,-66.374375,0.));
#6745 = CIRCLE('',#6746,1.525);
#6746 = AXIS2_PLACEMENT_3D('',#6747,#6748,#6749);
#6747 = CARTESIAN_POINT('',(170.4975,-64.849375,0.));
#6748 = DIRECTION('',(-0.,0.,-1.));
#6749 = DIRECTION('',(-0.,-1.,0.));
#6750 = FACE_BOUND('',#6751,.F.);
#6751 = EDGE_LOOP('',(#6752));
#6752 = ORIENTED_EDGE('',*,*,#6753,.T.);
#6753 = EDGE_CURVE('',#6754,#6754,#6756,.T.);
#6754 = VERTEX_POINT('',#6755);
#6755 = CARTESIAN_POINT('',(161.6075,-63.184375,0.));
#6756 = CIRCLE('',#6757,0.875);
#6757 = AXIS2_PLACEMENT_3D('',#6758,#6759,#6760);
#6758 = CARTESIAN_POINT('',(161.6075,-62.309375,0.));
#6759 = DIRECTION('',(-0.,0.,-1.));
#6760 = DIRECTION('',(-0.,-1.,0.));
#6761 = FACE_BOUND('',#6762,.F.);
#6762 = EDGE_LOOP('',(#6763));
#6763 = ORIENTED_EDGE('',*,*,#6764,.T.);
#6764 = EDGE_CURVE('',#6765,#6765,#6767,.T.);
#6765 = VERTEX_POINT('',#6766);
#6766 = CARTESIAN_POINT('',(166.6875,-64.309375,0.));
#6767 = CIRCLE('',#6768,2.);
#6768 = AXIS2_PLACEMENT_3D('',#6769,#6770,#6771);
#6769 = CARTESIAN_POINT('',(166.6875,-62.309375,0.));
#6770 = DIRECTION('',(-0.,0.,-1.));
#6771 = DIRECTION('',(-0.,-1.,0.));
#6772 = FACE_BOUND('',#6773,.F.);
#6773 = EDGE_LOOP('',(#6774));
#6774 = ORIENTED_EDGE('',*,*,#6775,.T.);
#6775 = EDGE_CURVE('',#6776,#6776,#6778,.T.);
#6776 = VERTEX_POINT('',#6777);
#6777 = CARTESIAN_POINT('',(171.7675,-63.184375,0.));
#6778 = CIRCLE('',#6779,0.875);
#6779 = AXIS2_PLACEMENT_3D('',#6780,#6781,#6782);
#6780 = CARTESIAN_POINT('',(171.7675,-62.309375,0.));
#6781 = DIRECTION('',(-0.,0.,-1.));
#6782 = DIRECTION('',(-0.,-1.,0.));
#6783 = FACE_BOUND('',#6784,.F.);
#6784 = EDGE_LOOP('',(#6785));
#6785 = ORIENTED_EDGE('',*,*,#6786,.T.);
#6786 = EDGE_CURVE('',#6787,#6787,#6789,.T.);
#6787 = VERTEX_POINT('',#6788);
#6788 = CARTESIAN_POINT('',(189.5475,-66.374375,0.));
#6789 = CIRCLE('',#6790,1.525);
#6790 = AXIS2_PLACEMENT_3D('',#6791,#6792,#6793);
#6791 = CARTESIAN_POINT('',(189.5475,-64.849375,0.));
#6792 = DIRECTION('',(-0.,0.,-1.));
#6793 = DIRECTION('',(-0.,-1.,0.));
#6794 = FACE_BOUND('',#6795,.F.);
#6795 = EDGE_LOOP('',(#6796));
#6796 = ORIENTED_EDGE('',*,*,#6797,.T.);
#6797 = EDGE_CURVE('',#6798,#6798,#6800,.T.);
#6798 = VERTEX_POINT('',#6799);
#6799 = CARTESIAN_POINT('',(180.6575,-63.184375,0.));
#6800 = CIRCLE('',#6801,0.875);
#6801 = AXIS2_PLACEMENT_3D('',#6802,#6803,#6804);
#6802 = CARTESIAN_POINT('',(180.6575,-62.309375,0.));
#6803 = DIRECTION('',(-0.,0.,-1.));
#6804 = DIRECTION('',(-0.,-1.,0.));
#6805 = FACE_BOUND('',#6806,.F.);
#6806 = EDGE_LOOP('',(#6807));
#6807 = ORIENTED_EDGE('',*,*,#6808,.T.);
#6808 = EDGE_CURVE('',#6809,#6809,#6811,.T.);
#6809 = VERTEX_POINT('',#6810);
#6810 = CARTESIAN_POINT('',(185.7375,-64.309375,0.));
#6811 = CIRCLE('',#6812,2.);
#6812 = AXIS2_PLACEMENT_3D('',#6813,#6814,#6815);
#6813 = CARTESIAN_POINT('',(185.7375,-62.309375,0.));
#6814 = DIRECTION('',(-0.,0.,-1.));
#6815 = DIRECTION('',(-0.,-1.,0.));
#6816 = FACE_BOUND('',#6817,.F.);
#6817 = EDGE_LOOP('',(#6818));
#6818 = ORIENTED_EDGE('',*,*,#6819,.T.);
#6819 = EDGE_CURVE('',#6820,#6820,#6822,.T.);
#6820 = VERTEX_POINT('',#6821);
#6821 = CARTESIAN_POINT('',(190.8175,-63.184375,0.));
#6822 = CIRCLE('',#6823,0.875);
#6823 = AXIS2_PLACEMENT_3D('',#6824,#6825,#6826);
#6824 = CARTESIAN_POINT('',(190.8175,-62.309375,0.));
#6825 = DIRECTION('',(-0.,0.,-1.));
#6826 = DIRECTION('',(-0.,-1.,0.));
#6827 = FACE_BOUND('',#6828,.F.);
#6828 = EDGE_LOOP('',(#6829));
#6829 = ORIENTED_EDGE('',*,*,#6830,.T.);
#6830 = EDGE_CURVE('',#6831,#6831,#6833,.T.);
#6831 = VERTEX_POINT('',#6832);
#6832 = CARTESIAN_POINT('',(208.5975,-66.374375,0.));
#6833 = CIRCLE('',#6834,1.525);
#6834 = AXIS2_PLACEMENT_3D('',#6835,#6836,#6837);
#6835 = CARTESIAN_POINT('',(208.5975,-64.849375,0.));
#6836 = DIRECTION('',(-0.,0.,-1.));
#6837 = DIRECTION('',(-0.,-1.,0.));
#6838 = FACE_BOUND('',#6839,.F.);
#6839 = EDGE_LOOP('',(#6840));
#6840 = ORIENTED_EDGE('',*,*,#6841,.T.);
#6841 = EDGE_CURVE('',#6842,#6842,#6844,.T.);
#6842 = VERTEX_POINT('',#6843);
#6843 = CARTESIAN_POINT('',(199.7075,-63.184375,0.));
#6844 = CIRCLE('',#6845,0.875);
#6845 = AXIS2_PLACEMENT_3D('',#6846,#6847,#6848);
#6846 = CARTESIAN_POINT('',(199.7075,-62.309375,0.));
#6847 = DIRECTION('',(-0.,0.,-1.));
#6848 = DIRECTION('',(-0.,-1.,0.));
#6849 = FACE_BOUND('',#6850,.F.);
#6850 = EDGE_LOOP('',(#6851));
#6851 = ORIENTED_EDGE('',*,*,#6852,.T.);
#6852 = EDGE_CURVE('',#6853,#6853,#6855,.T.);
#6853 = VERTEX_POINT('',#6854);
#6854 = CARTESIAN_POINT('',(204.7875,-64.309375,0.));
#6855 = CIRCLE('',#6856,2.);
#6856 = AXIS2_PLACEMENT_3D('',#6857,#6858,#6859);
#6857 = CARTESIAN_POINT('',(204.7875,-62.309375,0.));
#6858 = DIRECTION('',(-0.,0.,-1.));
#6859 = DIRECTION('',(-0.,-1.,0.));
#6860 = FACE_BOUND('',#6861,.F.);
#6861 = EDGE_LOOP('',(#6862));
#6862 = ORIENTED_EDGE('',*,*,#6863,.T.);
#6863 = EDGE_CURVE('',#6864,#6864,#6866,.T.);
#6864 = VERTEX_POINT('',#6865);
#6865 = CARTESIAN_POINT('',(209.8675,-63.184375,0.));
#6866 = CIRCLE('',#6867,0.875);
#6867 = AXIS2_PLACEMENT_3D('',#6868,#6869,#6870);
#6868 = CARTESIAN_POINT('',(209.8675,-62.309375,0.));
#6869 = DIRECTION('',(-0.,0.,-1.));
#6870 = DIRECTION('',(-0.,-1.,0.));
#6871 = FACE_BOUND('',#6872,.F.);
#6872 = EDGE_LOOP('',(#6873));
#6873 = ORIENTED_EDGE('',*,*,#6874,.T.);
#6874 = EDGE_CURVE('',#6875,#6875,#6877,.T.);
#6875 = VERTEX_POINT('',#6876);
#6876 = CARTESIAN_POINT('',(221.2975,-68.914375,0.));
#6877 = CIRCLE('',#6878,1.525);
#6878 = AXIS2_PLACEMENT_3D('',#6879,#6880,#6881);
#6879 = CARTESIAN_POINT('',(221.2975,-67.389375,0.));
#6880 = DIRECTION('',(-0.,0.,-1.));
#6881 = DIRECTION('',(-0.,-1.,0.));
#6882 = FACE_BOUND('',#6883,.F.);
#6883 = EDGE_LOOP('',(#6884));
#6884 = ORIENTED_EDGE('',*,*,#6885,.T.);
#6885 = EDGE_CURVE('',#6886,#6886,#6888,.T.);
#6886 = VERTEX_POINT('',#6887);
#6887 = CARTESIAN_POINT('',(252.25375,-68.914375,0.));
#6888 = CIRCLE('',#6889,1.525);
#6889 = AXIS2_PLACEMENT_3D('',#6890,#6891,#6892);
#6890 = CARTESIAN_POINT('',(252.25375,-67.389375,0.));
#6891 = DIRECTION('',(-0.,0.,-1.));
#6892 = DIRECTION('',(-0.,-1.,0.));
#6893 = FACE_BOUND('',#6894,.F.);
#6894 = EDGE_LOOP('',(#6895));
#6895 = ORIENTED_EDGE('',*,*,#6896,.T.);
#6896 = EDGE_CURVE('',#6897,#6897,#6899,.T.);
#6897 = VERTEX_POINT('',#6898);
#6898 = CARTESIAN_POINT('',(283.21,-68.914375,0.));
#6899 = CIRCLE('',#6900,1.525);
#6900 = AXIS2_PLACEMENT_3D('',#6901,#6902,#6903);
#6901 = CARTESIAN_POINT('',(283.21,-67.389375,0.));
#6902 = DIRECTION('',(-0.,0.,-1.));
#6903 = DIRECTION('',(-3.727437302348E-14,-1.,0.));
#6904 = FACE_BOUND('',#6905,.F.);
#6905 = EDGE_LOOP('',(#6906));
#6906 = ORIENTED_EDGE('',*,*,#6907,.T.);
#6907 = EDGE_CURVE('',#6908,#6908,#6910,.T.);
#6908 = VERTEX_POINT('',#6909);
#6909 = CARTESIAN_POINT('',(227.6475,-66.374375,0.));
#6910 = CIRCLE('',#6911,1.525);
#6911 = AXIS2_PLACEMENT_3D('',#6912,#6913,#6914);
#6912 = CARTESIAN_POINT('',(227.6475,-64.849375,0.));
#6913 = DIRECTION('',(-0.,0.,-1.));
#6914 = DIRECTION('',(-0.,-1.,0.));
#6915 = FACE_BOUND('',#6916,.F.);
#6916 = EDGE_LOOP('',(#6917));
#6917 = ORIENTED_EDGE('',*,*,#6918,.T.);
#6918 = EDGE_CURVE('',#6919,#6919,#6921,.T.);
#6919 = VERTEX_POINT('',#6920);
#6920 = CARTESIAN_POINT('',(218.7575,-63.184375,0.));
#6921 = CIRCLE('',#6922,0.875);
#6922 = AXIS2_PLACEMENT_3D('',#6923,#6924,#6925);
#6923 = CARTESIAN_POINT('',(218.7575,-62.309375,0.));
#6924 = DIRECTION('',(-0.,0.,-1.));
#6925 = DIRECTION('',(-0.,-1.,0.));
#6926 = FACE_BOUND('',#6927,.F.);
#6927 = EDGE_LOOP('',(#6928));
#6928 = ORIENTED_EDGE('',*,*,#6929,.T.);
#6929 = EDGE_CURVE('',#6930,#6930,#6932,.T.);
#6930 = VERTEX_POINT('',#6931);
#6931 = CARTESIAN_POINT('',(223.8375,-64.309375,0.));
#6932 = CIRCLE('',#6933,2.);
#6933 = AXIS2_PLACEMENT_3D('',#6934,#6935,#6936);
#6934 = CARTESIAN_POINT('',(223.8375,-62.309375,0.));
#6935 = DIRECTION('',(-0.,0.,-1.));
#6936 = DIRECTION('',(-0.,-1.,0.));
#6937 = FACE_BOUND('',#6938,.F.);
#6938 = EDGE_LOOP('',(#6939));
#6939 = ORIENTED_EDGE('',*,*,#6940,.T.);
#6940 = EDGE_CURVE('',#6941,#6941,#6943,.T.);
#6941 = VERTEX_POINT('',#6942);
#6942 = CARTESIAN_POINT('',(228.9175,-63.184375,0.));
#6943 = CIRCLE('',#6944,0.875);
#6944 = AXIS2_PLACEMENT_3D('',#6945,#6946,#6947);
#6945 = CARTESIAN_POINT('',(228.9175,-62.309375,0.));
#6946 = DIRECTION('',(-0.,0.,-1.));
#6947 = DIRECTION('',(-0.,-1.,0.));
#6948 = FACE_BOUND('',#6949,.F.);
#6949 = EDGE_LOOP('',(#6950));
#6950 = ORIENTED_EDGE('',*,*,#6951,.T.);
#6951 = EDGE_CURVE('',#6952,#6952,#6954,.T.);
#6952 = VERTEX_POINT('',#6953);
#6953 = CARTESIAN_POINT('',(249.71375,-63.184375,0.));
#6954 = CIRCLE('',#6955,0.875);
#6955 = AXIS2_PLACEMENT_3D('',#6956,#6957,#6958);
#6956 = CARTESIAN_POINT('',(249.71375,-62.309375,0.));
#6957 = DIRECTION('',(-0.,0.,-1.));
#6958 = DIRECTION('',(-0.,-1.,0.));
#6959 = FACE_BOUND('',#6960,.F.);
#6960 = EDGE_LOOP('',(#6961));
#6961 = ORIENTED_EDGE('',*,*,#6962,.T.);
#6962 = EDGE_CURVE('',#6963,#6963,#6965,.T.);
#6963 = VERTEX_POINT('',#6964);
#6964 = CARTESIAN_POINT('',(258.60375,-66.374375,0.));
#6965 = CIRCLE('',#6966,1.525);
#6966 = AXIS2_PLACEMENT_3D('',#6967,#6968,#6969);
#6967 = CARTESIAN_POINT('',(258.60375,-64.849375,0.));
#6968 = DIRECTION('',(-0.,0.,-1.));
#6969 = DIRECTION('',(-0.,-1.,0.));
#6970 = FACE_BOUND('',#6971,.F.);
#6971 = EDGE_LOOP('',(#6972));
#6972 = ORIENTED_EDGE('',*,*,#6973,.T.);
#6973 = EDGE_CURVE('',#6974,#6974,#6976,.T.);
#6974 = VERTEX_POINT('',#6975);
#6975 = CARTESIAN_POINT('',(254.79375,-64.309375,0.));
#6976 = CIRCLE('',#6977,2.);
#6977 = AXIS2_PLACEMENT_3D('',#6978,#6979,#6980);
#6978 = CARTESIAN_POINT('',(254.79375,-62.309375,0.));
#6979 = DIRECTION('',(-0.,0.,-1.));
#6980 = DIRECTION('',(-0.,-1.,0.));
#6981 = FACE_BOUND('',#6982,.F.);
#6982 = EDGE_LOOP('',(#6983));
#6983 = ORIENTED_EDGE('',*,*,#6984,.T.);
#6984 = EDGE_CURVE('',#6985,#6985,#6987,.T.);
#6985 = VERTEX_POINT('',#6986);
#6986 = CARTESIAN_POINT('',(259.87375,-63.184375,0.));
#6987 = CIRCLE('',#6988,0.875);
#6988 = AXIS2_PLACEMENT_3D('',#6989,#6990,#6991);
#6989 = CARTESIAN_POINT('',(259.87375,-62.309375,0.));
#6990 = DIRECTION('',(-0.,0.,-1.));
#6991 = DIRECTION('',(-0.,-1.,0.));
#6992 = FACE_BOUND('',#6993,.F.);
#6993 = EDGE_LOOP('',(#6994));
#6994 = ORIENTED_EDGE('',*,*,#6995,.T.);
#6995 = EDGE_CURVE('',#6996,#6996,#6998,.T.);
#6996 = VERTEX_POINT('',#6997);
#6997 = CARTESIAN_POINT('',(289.56,-66.374375,0.));
#6998 = CIRCLE('',#6999,1.525);
#6999 = AXIS2_PLACEMENT_3D('',#7000,#7001,#7002);
#7000 = CARTESIAN_POINT('',(289.56,-64.849375,0.));
#7001 = DIRECTION('',(-0.,0.,-1.));
#7002 = DIRECTION('',(-0.,-1.,0.));
#7003 = FACE_BOUND('',#7004,.F.);
#7004 = EDGE_LOOP('',(#7005));
#7005 = ORIENTED_EDGE('',*,*,#7006,.T.);
#7006 = EDGE_CURVE('',#7007,#7007,#7009,.T.);
#7007 = VERTEX_POINT('',#7008);
#7008 = CARTESIAN_POINT('',(280.67,-63.184375,0.));
#7009 = CIRCLE('',#7010,0.875);
#7010 = AXIS2_PLACEMENT_3D('',#7011,#7012,#7013);
#7011 = CARTESIAN_POINT('',(280.67,-62.309375,0.));
#7012 = DIRECTION('',(-0.,0.,-1.));
#7013 = DIRECTION('',(-0.,-1.,0.));
#7014 = FACE_BOUND('',#7015,.F.);
#7015 = EDGE_LOOP('',(#7016));
#7016 = ORIENTED_EDGE('',*,*,#7017,.T.);
#7017 = EDGE_CURVE('',#7018,#7018,#7020,.T.);
#7018 = VERTEX_POINT('',#7019);
#7019 = CARTESIAN_POINT('',(285.75,-64.309375,0.));
#7020 = CIRCLE('',#7021,2.);
#7021 = AXIS2_PLACEMENT_3D('',#7022,#7023,#7024);
#7022 = CARTESIAN_POINT('',(285.75,-62.309375,0.));
#7023 = DIRECTION('',(-0.,0.,-1.));
#7024 = DIRECTION('',(-0.,-1.,0.));
#7025 = FACE_BOUND('',#7026,.F.);
#7026 = EDGE_LOOP('',(#7027));
#7027 = ORIENTED_EDGE('',*,*,#7028,.T.);
#7028 = EDGE_CURVE('',#7029,#7029,#7031,.T.);
#7029 = VERTEX_POINT('',#7030);
#7030 = CARTESIAN_POINT('',(290.83,-63.184375,0.));
#7031 = CIRCLE('',#7032,0.875);
#7032 = AXIS2_PLACEMENT_3D('',#7033,#7034,#7035);
#7033 = CARTESIAN_POINT('',(290.83,-62.309375,0.));
#7034 = DIRECTION('',(-0.,0.,-1.));
#7035 = DIRECTION('',(-0.,-1.,0.));
#7036 = FACE_BOUND('',#7037,.F.);
#7037 = EDGE_LOOP('',(#7038));
#7038 = ORIENTED_EDGE('',*,*,#7039,.T.);
#7039 = EDGE_CURVE('',#7040,#7040,#7042,.T.);
#7040 = VERTEX_POINT('',#7041);
#7041 = CARTESIAN_POINT('',(2.2225,-49.864375,0.));
#7042 = CIRCLE('',#7043,1.525);
#7043 = AXIS2_PLACEMENT_3D('',#7044,#7045,#7046);
#7044 = CARTESIAN_POINT('',(2.2225,-48.339375,0.));
#7045 = DIRECTION('',(-0.,0.,-1.));
#7046 = DIRECTION('',(-0.,-1.,0.));
#7047 = FACE_BOUND('',#7048,.F.);
#7048 = EDGE_LOOP('',(#7049));
#7049 = ORIENTED_EDGE('',*,*,#7050,.T.);
#7050 = EDGE_CURVE('',#7051,#7051,#7053,.T.);
#7051 = VERTEX_POINT('',#7052);
#7052 = CARTESIAN_POINT('',(26.035,-49.864375,0.));
#7053 = CIRCLE('',#7054,1.525);
#7054 = AXIS2_PLACEMENT_3D('',#7055,#7056,#7057);
#7055 = CARTESIAN_POINT('',(26.035,-48.339375,0.));
#7056 = DIRECTION('',(-0.,0.,-1.));
#7057 = DIRECTION('',(-0.,-1.,0.));
#7058 = FACE_BOUND('',#7059,.F.);
#7059 = EDGE_LOOP('',(#7060));
#7060 = ORIENTED_EDGE('',*,*,#7061,.T.);
#7061 = EDGE_CURVE('',#7062,#7062,#7064,.T.);
#7062 = VERTEX_POINT('',#7063);
#7063 = CARTESIAN_POINT('',(-0.3175,-44.134375,0.));
#7064 = CIRCLE('',#7065,0.875);
#7065 = AXIS2_PLACEMENT_3D('',#7066,#7067,#7068);
#7066 = CARTESIAN_POINT('',(-0.3175,-43.259375,0.));
#7067 = DIRECTION('',(-0.,0.,-1.));
#7068 = DIRECTION('',(-0.,-1.,0.));
#7069 = FACE_BOUND('',#7070,.F.);
#7070 = EDGE_LOOP('',(#7071));
#7071 = ORIENTED_EDGE('',*,*,#7072,.T.);
#7072 = EDGE_CURVE('',#7073,#7073,#7075,.T.);
#7073 = VERTEX_POINT('',#7074);
#7074 = CARTESIAN_POINT('',(8.5725,-47.324375,0.));
#7075 = CIRCLE('',#7076,1.525);
#7076 = AXIS2_PLACEMENT_3D('',#7077,#7078,#7079);
#7077 = CARTESIAN_POINT('',(8.5725,-45.799375,0.));
#7078 = DIRECTION('',(-0.,0.,-1.));
#7079 = DIRECTION('',(-0.,-1.,0.));
#7080 = FACE_BOUND('',#7081,.F.);
#7081 = EDGE_LOOP('',(#7082));
#7082 = ORIENTED_EDGE('',*,*,#7083,.T.);
#7083 = EDGE_CURVE('',#7084,#7084,#7086,.T.);
#7084 = VERTEX_POINT('',#7085);
#7085 = CARTESIAN_POINT('',(4.7625,-45.259375,0.));
#7086 = CIRCLE('',#7087,2.);
#7087 = AXIS2_PLACEMENT_3D('',#7088,#7089,#7090);
#7088 = CARTESIAN_POINT('',(4.7625,-43.259375,0.));
#7089 = DIRECTION('',(-0.,0.,-1.));
#7090 = DIRECTION('',(-0.,-1.,0.));
#7091 = FACE_BOUND('',#7092,.F.);
#7092 = EDGE_LOOP('',(#7093));
#7093 = ORIENTED_EDGE('',*,*,#7094,.T.);
#7094 = EDGE_CURVE('',#7095,#7095,#7097,.T.);
#7095 = VERTEX_POINT('',#7096);
#7096 = CARTESIAN_POINT('',(9.8425,-44.134375,0.));
#7097 = CIRCLE('',#7098,0.875);
#7098 = AXIS2_PLACEMENT_3D('',#7099,#7100,#7101);
#7099 = CARTESIAN_POINT('',(9.8425,-43.259375,0.));
#7100 = DIRECTION('',(-0.,0.,-1.));
#7101 = DIRECTION('',(-0.,-1.,0.));
#7102 = FACE_BOUND('',#7103,.F.);
#7103 = EDGE_LOOP('',(#7104));
#7104 = ORIENTED_EDGE('',*,*,#7105,.T.);
#7105 = EDGE_CURVE('',#7106,#7106,#7108,.T.);
#7106 = VERTEX_POINT('',#7107);
#7107 = CARTESIAN_POINT('',(23.495,-44.134375,0.));
#7108 = CIRCLE('',#7109,0.875);
#7109 = AXIS2_PLACEMENT_3D('',#7110,#7111,#7112);
#7110 = CARTESIAN_POINT('',(23.495,-43.259375,0.));
#7111 = DIRECTION('',(-0.,0.,-1.));
#7112 = DIRECTION('',(-0.,-1.,0.));
#7113 = FACE_BOUND('',#7114,.F.);
#7114 = EDGE_LOOP('',(#7115));
#7115 = ORIENTED_EDGE('',*,*,#7116,.T.);
#7116 = EDGE_CURVE('',#7117,#7117,#7119,.T.);
#7117 = VERTEX_POINT('',#7118);
#7118 = CARTESIAN_POINT('',(28.575,-45.259375,0.));
#7119 = CIRCLE('',#7120,2.);
#7120 = AXIS2_PLACEMENT_3D('',#7121,#7122,#7123);
#7121 = CARTESIAN_POINT('',(28.575,-43.259375,0.));
#7122 = DIRECTION('',(-0.,0.,-1.));
#7123 = DIRECTION('',(-0.,-1.,0.));
#7124 = FACE_BOUND('',#7125,.F.);
#7125 = EDGE_LOOP('',(#7126));
#7126 = ORIENTED_EDGE('',*,*,#7127,.T.);
#7127 = EDGE_CURVE('',#7128,#7128,#7130,.T.);
#7128 = VERTEX_POINT('',#7129);
#7129 = CARTESIAN_POINT('',(45.085,-49.864375,0.));
#7130 = CIRCLE('',#7131,1.525);
#7131 = AXIS2_PLACEMENT_3D('',#7132,#7133,#7134);
#7132 = CARTESIAN_POINT('',(45.085,-48.339375,0.));
#7133 = DIRECTION('',(-0.,0.,-1.));
#7134 = DIRECTION('',(-0.,-1.,0.));
#7135 = FACE_BOUND('',#7136,.F.);
#7136 = EDGE_LOOP('',(#7137));
#7137 = ORIENTED_EDGE('',*,*,#7138,.T.);
#7138 = EDGE_CURVE('',#7139,#7139,#7141,.T.);
#7139 = VERTEX_POINT('',#7140);
#7140 = CARTESIAN_POINT('',(64.135,-49.864375,0.));
#7141 = CIRCLE('',#7142,1.525);
#7142 = AXIS2_PLACEMENT_3D('',#7143,#7144,#7145);
#7143 = CARTESIAN_POINT('',(64.135,-48.339375,0.));
#7144 = DIRECTION('',(-0.,0.,-1.));
#7145 = DIRECTION('',(9.31859325587E-15,-1.,-0.));
#7146 = FACE_BOUND('',#7147,.F.);
#7147 = EDGE_LOOP('',(#7148));
#7148 = ORIENTED_EDGE('',*,*,#7149,.T.);
#7149 = EDGE_CURVE('',#7150,#7150,#7152,.T.);
#7150 = VERTEX_POINT('',#7151);
#7151 = CARTESIAN_POINT('',(32.385,-47.324375,0.));
#7152 = CIRCLE('',#7153,1.525);
#7153 = AXIS2_PLACEMENT_3D('',#7154,#7155,#7156);
#7154 = CARTESIAN_POINT('',(32.385,-45.799375,0.));
#7155 = DIRECTION('',(-0.,0.,-1.));
#7156 = DIRECTION('',(-0.,-1.,0.));
#7157 = FACE_BOUND('',#7158,.F.);
#7158 = EDGE_LOOP('',(#7159));
#7159 = ORIENTED_EDGE('',*,*,#7160,.T.);
#7160 = EDGE_CURVE('',#7161,#7161,#7163,.T.);
#7161 = VERTEX_POINT('',#7162);
#7162 = CARTESIAN_POINT('',(33.655,-44.134375,0.));
#7163 = CIRCLE('',#7164,0.875);
#7164 = AXIS2_PLACEMENT_3D('',#7165,#7166,#7167);
#7165 = CARTESIAN_POINT('',(33.655,-43.259375,0.));
#7166 = DIRECTION('',(-0.,0.,-1.));
#7167 = DIRECTION('',(-0.,-1.,0.));
#7168 = FACE_BOUND('',#7169,.F.);
#7169 = EDGE_LOOP('',(#7170));
#7170 = ORIENTED_EDGE('',*,*,#7171,.T.);
#7171 = EDGE_CURVE('',#7172,#7172,#7174,.T.);
#7172 = VERTEX_POINT('',#7173);
#7173 = CARTESIAN_POINT('',(42.545,-44.134375,0.));
#7174 = CIRCLE('',#7175,0.875);
#7175 = AXIS2_PLACEMENT_3D('',#7176,#7177,#7178);
#7176 = CARTESIAN_POINT('',(42.545,-43.259375,0.));
#7177 = DIRECTION('',(-0.,0.,-1.));
#7178 = DIRECTION('',(-0.,-1.,0.));
#7179 = FACE_BOUND('',#7180,.F.);
#7180 = EDGE_LOOP('',(#7181));
#7181 = ORIENTED_EDGE('',*,*,#7182,.T.);
#7182 = EDGE_CURVE('',#7183,#7183,#7185,.T.);
#7183 = VERTEX_POINT('',#7184);
#7184 = CARTESIAN_POINT('',(47.625,-45.259375,0.));
#7185 = CIRCLE('',#7186,2.);
#7186 = AXIS2_PLACEMENT_3D('',#7187,#7188,#7189);
#7187 = CARTESIAN_POINT('',(47.625,-43.259375,0.));
#7188 = DIRECTION('',(-0.,0.,-1.));
#7189 = DIRECTION('',(-0.,-1.,0.));
#7190 = FACE_BOUND('',#7191,.F.);
#7191 = EDGE_LOOP('',(#7192));
#7192 = ORIENTED_EDGE('',*,*,#7193,.T.);
#7193 = EDGE_CURVE('',#7194,#7194,#7196,.T.);
#7194 = VERTEX_POINT('',#7195);
#7195 = CARTESIAN_POINT('',(51.435,-47.324375,0.));
#7196 = CIRCLE('',#7197,1.525);
#7197 = AXIS2_PLACEMENT_3D('',#7198,#7199,#7200);
#7198 = CARTESIAN_POINT('',(51.435,-45.799375,0.));
#7199 = DIRECTION('',(-0.,0.,-1.));
#7200 = DIRECTION('',(-0.,-1.,0.));
#7201 = FACE_BOUND('',#7202,.F.);
#7202 = EDGE_LOOP('',(#7203));
#7203 = ORIENTED_EDGE('',*,*,#7204,.T.);
#7204 = EDGE_CURVE('',#7205,#7205,#7207,.T.);
#7205 = VERTEX_POINT('',#7206);
#7206 = CARTESIAN_POINT('',(52.705,-44.134375,0.));
#7207 = CIRCLE('',#7208,0.875);
#7208 = AXIS2_PLACEMENT_3D('',#7209,#7210,#7211);
#7209 = CARTESIAN_POINT('',(52.705,-43.259375,0.));
#7210 = DIRECTION('',(-0.,0.,-1.));
#7211 = DIRECTION('',(-0.,-1.,0.));
#7212 = FACE_BOUND('',#7213,.F.);
#7213 = EDGE_LOOP('',(#7214));
#7214 = ORIENTED_EDGE('',*,*,#7215,.T.);
#7215 = EDGE_CURVE('',#7216,#7216,#7218,.T.);
#7216 = VERTEX_POINT('',#7217);
#7217 = CARTESIAN_POINT('',(61.595,-44.134375,0.));
#7218 = CIRCLE('',#7219,0.875);
#7219 = AXIS2_PLACEMENT_3D('',#7220,#7221,#7222);
#7220 = CARTESIAN_POINT('',(61.595,-43.259375,0.));
#7221 = DIRECTION('',(-0.,0.,-1.));
#7222 = DIRECTION('',(-0.,-1.,0.));
#7223 = FACE_BOUND('',#7224,.F.);
#7224 = EDGE_LOOP('',(#7225));
#7225 = ORIENTED_EDGE('',*,*,#7226,.T.);
#7226 = EDGE_CURVE('',#7227,#7227,#7229,.T.);
#7227 = VERTEX_POINT('',#7228);
#7228 = CARTESIAN_POINT('',(66.675,-45.259375,0.));
#7229 = CIRCLE('',#7230,2.);
#7230 = AXIS2_PLACEMENT_3D('',#7231,#7232,#7233);
#7231 = CARTESIAN_POINT('',(66.675,-43.259375,0.));
#7232 = DIRECTION('',(-0.,0.,-1.));
#7233 = DIRECTION('',(-0.,-1.,0.));
#7234 = FACE_BOUND('',#7235,.F.);
#7235 = EDGE_LOOP('',(#7236));
#7236 = ORIENTED_EDGE('',*,*,#7237,.T.);
#7237 = EDGE_CURVE('',#7238,#7238,#7240,.T.);
#7238 = VERTEX_POINT('',#7239);
#7239 = CARTESIAN_POINT('',(-2.54,-30.814375,0.));
#7240 = CIRCLE('',#7241,1.525);
#7241 = AXIS2_PLACEMENT_3D('',#7242,#7243,#7244);
#7242 = CARTESIAN_POINT('',(-2.54,-29.289375,0.));
#7243 = DIRECTION('',(-0.,0.,-1.));
#7244 = DIRECTION('',(-0.,-1.,0.));
#7245 = FACE_BOUND('',#7246,.F.);
#7246 = EDGE_LOOP('',(#7247));
#7247 = ORIENTED_EDGE('',*,*,#7248,.T.);
#7248 = EDGE_CURVE('',#7249,#7249,#7251,.T.);
#7249 = VERTEX_POINT('',#7250);
#7250 = CARTESIAN_POINT('',(3.81,-28.274375,0.));
#7251 = CIRCLE('',#7252,1.525);
#7252 = AXIS2_PLACEMENT_3D('',#7253,#7254,#7255);
#7253 = CARTESIAN_POINT('',(3.81,-26.749375,0.));
#7254 = DIRECTION('',(-0.,0.,-1.));
#7255 = DIRECTION('',(2.912060392459E-16,-1.,-0.));
#7256 = FACE_BOUND('',#7257,.F.);
#7257 = EDGE_LOOP('',(#7258));
#7258 = ORIENTED_EDGE('',*,*,#7259,.T.);
#7259 = EDGE_CURVE('',#7260,#7260,#7262,.T.);
#7260 = VERTEX_POINT('',#7261);
#7261 = CARTESIAN_POINT('',(16.51,-30.814375,0.));
#7262 = CIRCLE('',#7263,1.525);
#7263 = AXIS2_PLACEMENT_3D('',#7264,#7265,#7266);
#7264 = CARTESIAN_POINT('',(16.51,-29.289375,0.));
#7265 = DIRECTION('',(-0.,0.,-1.));
#7266 = DIRECTION('',(2.329648313968E-15,-1.,-0.));
#7267 = FACE_BOUND('',#7268,.F.);
#7268 = EDGE_LOOP('',(#7269));
#7269 = ORIENTED_EDGE('',*,*,#7270,.T.);
#7270 = EDGE_CURVE('',#7271,#7271,#7273,.T.);
#7271 = VERTEX_POINT('',#7272);
#7272 = CARTESIAN_POINT('',(22.86,-28.274375,0.));
#7273 = CIRCLE('',#7274,1.525);
#7274 = AXIS2_PLACEMENT_3D('',#7275,#7276,#7277);
#7275 = CARTESIAN_POINT('',(22.86,-26.749375,0.));
#7276 = DIRECTION('',(-0.,0.,-1.));
#7277 = DIRECTION('',(-0.,-1.,0.));
#7278 = FACE_BOUND('',#7279,.F.);
#7279 = EDGE_LOOP('',(#7280));
#7280 = ORIENTED_EDGE('',*,*,#7281,.T.);
#7281 = EDGE_CURVE('',#7282,#7282,#7284,.T.);
#7282 = VERTEX_POINT('',#7283);
#7283 = CARTESIAN_POINT('',(35.56,-30.814375,0.));
#7284 = CIRCLE('',#7285,1.525);
#7285 = AXIS2_PLACEMENT_3D('',#7286,#7287,#7288);
#7286 = CARTESIAN_POINT('',(35.56,-29.289375,0.));
#7287 = DIRECTION('',(-0.,0.,-1.));
#7288 = DIRECTION('',(-0.,-1.,0.));
#7289 = FACE_BOUND('',#7290,.F.);
#7290 = EDGE_LOOP('',(#7291));
#7291 = ORIENTED_EDGE('',*,*,#7292,.T.);
#7292 = EDGE_CURVE('',#7293,#7293,#7295,.T.);
#7293 = VERTEX_POINT('',#7294);
#7294 = CARTESIAN_POINT('',(41.91,-28.274375,0.));
#7295 = CIRCLE('',#7296,1.525);
#7296 = AXIS2_PLACEMENT_3D('',#7297,#7298,#7299);
#7297 = CARTESIAN_POINT('',(41.91,-26.749375,0.));
#7298 = DIRECTION('',(-0.,0.,-1.));
#7299 = DIRECTION('',(-0.,-1.,0.));
#7300 = FACE_BOUND('',#7301,.F.);
#7301 = EDGE_LOOP('',(#7302));
#7302 = ORIENTED_EDGE('',*,*,#7303,.T.);
#7303 = EDGE_CURVE('',#7304,#7304,#7306,.T.);
#7304 = VERTEX_POINT('',#7305);
#7305 = CARTESIAN_POINT('',(54.61,-30.814375,0.));
#7306 = CIRCLE('',#7307,1.525);
#7307 = AXIS2_PLACEMENT_3D('',#7308,#7309,#7310);
#7308 = CARTESIAN_POINT('',(54.61,-29.289375,0.));
#7309 = DIRECTION('',(-0.,0.,-1.));
#7310 = DIRECTION('',(-0.,-1.,0.));
#7311 = FACE_BOUND('',#7312,.F.);
#7312 = EDGE_LOOP('',(#7313));
#7313 = ORIENTED_EDGE('',*,*,#7314,.T.);
#7314 = EDGE_CURVE('',#7315,#7315,#7317,.T.);
#7315 = VERTEX_POINT('',#7316);
#7316 = CARTESIAN_POINT('',(60.96,-28.274375,0.));
#7317 = CIRCLE('',#7318,1.525);
#7318 = AXIS2_PLACEMENT_3D('',#7319,#7320,#7321);
#7319 = CARTESIAN_POINT('',(60.96,-26.749375,0.));
#7320 = DIRECTION('',(-0.,0.,-1.));
#7321 = DIRECTION('',(-0.,-1.,0.));
#7322 = FACE_BOUND('',#7323,.F.);
#7323 = EDGE_LOOP('',(#7324));
#7324 = ORIENTED_EDGE('',*,*,#7325,.T.);
#7325 = EDGE_CURVE('',#7326,#7326,#7328,.T.);
#7326 = VERTEX_POINT('',#7327);
#7327 = CARTESIAN_POINT('',(83.185,-49.864375,0.));
#7328 = CIRCLE('',#7329,1.525);
#7329 = AXIS2_PLACEMENT_3D('',#7330,#7331,#7332);
#7330 = CARTESIAN_POINT('',(83.185,-48.339375,0.));
#7331 = DIRECTION('',(-0.,0.,-1.));
#7332 = DIRECTION('',(-0.,-1.,0.));
#7333 = FACE_BOUND('',#7334,.F.);
#7334 = EDGE_LOOP('',(#7335));
#7335 = ORIENTED_EDGE('',*,*,#7336,.T.);
#7336 = EDGE_CURVE('',#7337,#7337,#7339,.T.);
#7337 = VERTEX_POINT('',#7338);
#7338 = CARTESIAN_POINT('',(102.235,-49.864375,0.));
#7339 = CIRCLE('',#7340,1.525);
#7340 = AXIS2_PLACEMENT_3D('',#7341,#7342,#7343);
#7341 = CARTESIAN_POINT('',(102.235,-48.339375,0.));
#7342 = DIRECTION('',(-0.,0.,-1.));
#7343 = DIRECTION('',(-0.,-1.,0.));
#7344 = FACE_BOUND('',#7345,.F.);
#7345 = EDGE_LOOP('',(#7346));
#7346 = ORIENTED_EDGE('',*,*,#7347,.T.);
#7347 = EDGE_CURVE('',#7348,#7348,#7350,.T.);
#7348 = VERTEX_POINT('',#7349);
#7349 = CARTESIAN_POINT('',(70.485,-47.324375,0.));
#7350 = CIRCLE('',#7351,1.525);
#7351 = AXIS2_PLACEMENT_3D('',#7352,#7353,#7354);
#7352 = CARTESIAN_POINT('',(70.485,-45.799375,0.));
#7353 = DIRECTION('',(-0.,0.,-1.));
#7354 = DIRECTION('',(-0.,-1.,0.));
#7355 = FACE_BOUND('',#7356,.F.);
#7356 = EDGE_LOOP('',(#7357));
#7357 = ORIENTED_EDGE('',*,*,#7358,.T.);
#7358 = EDGE_CURVE('',#7359,#7359,#7361,.T.);
#7359 = VERTEX_POINT('',#7360);
#7360 = CARTESIAN_POINT('',(71.755,-44.134375,0.));
#7361 = CIRCLE('',#7362,0.875);
#7362 = AXIS2_PLACEMENT_3D('',#7363,#7364,#7365);
#7363 = CARTESIAN_POINT('',(71.755,-43.259375,0.));
#7364 = DIRECTION('',(-0.,0.,-1.));
#7365 = DIRECTION('',(-0.,-1.,0.));
#7366 = FACE_BOUND('',#7367,.F.);
#7367 = EDGE_LOOP('',(#7368));
#7368 = ORIENTED_EDGE('',*,*,#7369,.T.);
#7369 = EDGE_CURVE('',#7370,#7370,#7372,.T.);
#7370 = VERTEX_POINT('',#7371);
#7371 = CARTESIAN_POINT('',(80.645,-44.134375,0.));
#7372 = CIRCLE('',#7373,0.875);
#7373 = AXIS2_PLACEMENT_3D('',#7374,#7375,#7376);
#7374 = CARTESIAN_POINT('',(80.645,-43.259375,0.));
#7375 = DIRECTION('',(-0.,0.,-1.));
#7376 = DIRECTION('',(-0.,-1.,0.));
#7377 = FACE_BOUND('',#7378,.F.);
#7378 = EDGE_LOOP('',(#7379));
#7379 = ORIENTED_EDGE('',*,*,#7380,.T.);
#7380 = EDGE_CURVE('',#7381,#7381,#7383,.T.);
#7381 = VERTEX_POINT('',#7382);
#7382 = CARTESIAN_POINT('',(85.725,-45.259375,0.));
#7383 = CIRCLE('',#7384,2.);
#7384 = AXIS2_PLACEMENT_3D('',#7385,#7386,#7387);
#7385 = CARTESIAN_POINT('',(85.725,-43.259375,0.));
#7386 = DIRECTION('',(-0.,0.,-1.));
#7387 = DIRECTION('',(-0.,-1.,0.));
#7388 = FACE_BOUND('',#7389,.F.);
#7389 = EDGE_LOOP('',(#7390));
#7390 = ORIENTED_EDGE('',*,*,#7391,.T.);
#7391 = EDGE_CURVE('',#7392,#7392,#7394,.T.);
#7392 = VERTEX_POINT('',#7393);
#7393 = CARTESIAN_POINT('',(89.535,-47.324375,0.));
#7394 = CIRCLE('',#7395,1.525);
#7395 = AXIS2_PLACEMENT_3D('',#7396,#7397,#7398);
#7396 = CARTESIAN_POINT('',(89.535,-45.799375,0.));
#7397 = DIRECTION('',(-0.,0.,-1.));
#7398 = DIRECTION('',(-0.,-1.,0.));
#7399 = FACE_BOUND('',#7400,.F.);
#7400 = EDGE_LOOP('',(#7401));
#7401 = ORIENTED_EDGE('',*,*,#7402,.T.);
#7402 = EDGE_CURVE('',#7403,#7403,#7405,.T.);
#7403 = VERTEX_POINT('',#7404);
#7404 = CARTESIAN_POINT('',(90.805,-44.134375,0.));
#7405 = CIRCLE('',#7406,0.875);
#7406 = AXIS2_PLACEMENT_3D('',#7407,#7408,#7409);
#7407 = CARTESIAN_POINT('',(90.805,-43.259375,0.));
#7408 = DIRECTION('',(-0.,0.,-1.));
#7409 = DIRECTION('',(-0.,-1.,0.));
#7410 = FACE_BOUND('',#7411,.F.);
#7411 = EDGE_LOOP('',(#7412));
#7412 = ORIENTED_EDGE('',*,*,#7413,.T.);
#7413 = EDGE_CURVE('',#7414,#7414,#7416,.T.);
#7414 = VERTEX_POINT('',#7415);
#7415 = CARTESIAN_POINT('',(99.695,-44.134375,0.));
#7416 = CIRCLE('',#7417,0.875);
#7417 = AXIS2_PLACEMENT_3D('',#7418,#7419,#7420);
#7418 = CARTESIAN_POINT('',(99.695,-43.259375,0.));
#7419 = DIRECTION('',(-0.,0.,-1.));
#7420 = DIRECTION('',(-0.,-1.,0.));
#7421 = FACE_BOUND('',#7422,.F.);
#7422 = EDGE_LOOP('',(#7423));
#7423 = ORIENTED_EDGE('',*,*,#7424,.T.);
#7424 = EDGE_CURVE('',#7425,#7425,#7427,.T.);
#7425 = VERTEX_POINT('',#7426);
#7426 = CARTESIAN_POINT('',(104.775,-45.259375,0.));
#7427 = CIRCLE('',#7428,2.);
#7428 = AXIS2_PLACEMENT_3D('',#7429,#7430,#7431);
#7429 = CARTESIAN_POINT('',(104.775,-43.259375,0.));
#7430 = DIRECTION('',(-0.,0.,-1.));
#7431 = DIRECTION('',(-0.,-1.,0.));
#7432 = FACE_BOUND('',#7433,.F.);
#7433 = EDGE_LOOP('',(#7434));
#7434 = ORIENTED_EDGE('',*,*,#7435,.T.);
#7435 = EDGE_CURVE('',#7436,#7436,#7438,.T.);
#7436 = VERTEX_POINT('',#7437);
#7437 = CARTESIAN_POINT('',(121.285,-49.864375,0.));
#7438 = CIRCLE('',#7439,1.525);
#7439 = AXIS2_PLACEMENT_3D('',#7440,#7441,#7442);
#7440 = CARTESIAN_POINT('',(121.285,-48.339375,0.));
#7441 = DIRECTION('',(-0.,0.,-1.));
#7442 = DIRECTION('',(-0.,-1.,0.));
#7443 = FACE_BOUND('',#7444,.F.);
#7444 = EDGE_LOOP('',(#7445));
#7445 = ORIENTED_EDGE('',*,*,#7446,.T.);
#7446 = EDGE_CURVE('',#7447,#7447,#7449,.T.);
#7447 = VERTEX_POINT('',#7448);
#7448 = CARTESIAN_POINT('',(140.335,-49.864375,0.));
#7449 = CIRCLE('',#7450,1.525);
#7450 = AXIS2_PLACEMENT_3D('',#7451,#7452,#7453);
#7451 = CARTESIAN_POINT('',(140.335,-48.339375,0.));
#7452 = DIRECTION('',(-0.,0.,-1.));
#7453 = DIRECTION('',(-0.,-1.,0.));
#7454 = FACE_BOUND('',#7455,.F.);
#7455 = EDGE_LOOP('',(#7456));
#7456 = ORIENTED_EDGE('',*,*,#7457,.T.);
#7457 = EDGE_CURVE('',#7458,#7458,#7460,.T.);
#7458 = VERTEX_POINT('',#7459);
#7459 = CARTESIAN_POINT('',(108.585,-47.324375,0.));
#7460 = CIRCLE('',#7461,1.525);
#7461 = AXIS2_PLACEMENT_3D('',#7462,#7463,#7464);
#7462 = CARTESIAN_POINT('',(108.585,-45.799375,0.));
#7463 = DIRECTION('',(-0.,0.,-1.));
#7464 = DIRECTION('',(-9.31859325587E-15,-1.,0.));
#7465 = FACE_BOUND('',#7466,.F.);
#7466 = EDGE_LOOP('',(#7467));
#7467 = ORIENTED_EDGE('',*,*,#7468,.T.);
#7468 = EDGE_CURVE('',#7469,#7469,#7471,.T.);
#7469 = VERTEX_POINT('',#7470);
#7470 = CARTESIAN_POINT('',(109.855,-44.134375,0.));
#7471 = CIRCLE('',#7472,0.875);
#7472 = AXIS2_PLACEMENT_3D('',#7473,#7474,#7475);
#7473 = CARTESIAN_POINT('',(109.855,-43.259375,0.));
#7474 = DIRECTION('',(-0.,0.,-1.));
#7475 = DIRECTION('',(-0.,-1.,0.));
#7476 = FACE_BOUND('',#7477,.F.);
#7477 = EDGE_LOOP('',(#7478));
#7478 = ORIENTED_EDGE('',*,*,#7479,.T.);
#7479 = EDGE_CURVE('',#7480,#7480,#7482,.T.);
#7480 = VERTEX_POINT('',#7481);
#7481 = CARTESIAN_POINT('',(118.745,-44.134375,0.));
#7482 = CIRCLE('',#7483,0.875);
#7483 = AXIS2_PLACEMENT_3D('',#7484,#7485,#7486);
#7484 = CARTESIAN_POINT('',(118.745,-43.259375,0.));
#7485 = DIRECTION('',(-0.,0.,-1.));
#7486 = DIRECTION('',(-0.,-1.,0.));
#7487 = FACE_BOUND('',#7488,.F.);
#7488 = EDGE_LOOP('',(#7489));
#7489 = ORIENTED_EDGE('',*,*,#7490,.T.);
#7490 = EDGE_CURVE('',#7491,#7491,#7493,.T.);
#7491 = VERTEX_POINT('',#7492);
#7492 = CARTESIAN_POINT('',(123.825,-45.259375,0.));
#7493 = CIRCLE('',#7494,2.);
#7494 = AXIS2_PLACEMENT_3D('',#7495,#7496,#7497);
#7495 = CARTESIAN_POINT('',(123.825,-43.259375,0.));
#7496 = DIRECTION('',(-0.,0.,-1.));
#7497 = DIRECTION('',(-0.,-1.,0.));
#7498 = FACE_BOUND('',#7499,.F.);
#7499 = EDGE_LOOP('',(#7500));
#7500 = ORIENTED_EDGE('',*,*,#7501,.T.);
#7501 = EDGE_CURVE('',#7502,#7502,#7504,.T.);
#7502 = VERTEX_POINT('',#7503);
#7503 = CARTESIAN_POINT('',(127.635,-47.324375,0.));
#7504 = CIRCLE('',#7505,1.525);
#7505 = AXIS2_PLACEMENT_3D('',#7506,#7507,#7508);
#7506 = CARTESIAN_POINT('',(127.635,-45.799375,0.));
#7507 = DIRECTION('',(-0.,0.,-1.));
#7508 = DIRECTION('',(9.31859325587E-15,-1.,-0.));
#7509 = FACE_BOUND('',#7510,.F.);
#7510 = EDGE_LOOP('',(#7511));
#7511 = ORIENTED_EDGE('',*,*,#7512,.T.);
#7512 = EDGE_CURVE('',#7513,#7513,#7515,.T.);
#7513 = VERTEX_POINT('',#7514);
#7514 = CARTESIAN_POINT('',(128.905,-44.134375,0.));
#7515 = CIRCLE('',#7516,0.875);
#7516 = AXIS2_PLACEMENT_3D('',#7517,#7518,#7519);
#7517 = CARTESIAN_POINT('',(128.905,-43.259375,0.));
#7518 = DIRECTION('',(-0.,0.,-1.));
#7519 = DIRECTION('',(-0.,-1.,0.));
#7520 = FACE_BOUND('',#7521,.F.);
#7521 = EDGE_LOOP('',(#7522));
#7522 = ORIENTED_EDGE('',*,*,#7523,.T.);
#7523 = EDGE_CURVE('',#7524,#7524,#7526,.T.);
#7524 = VERTEX_POINT('',#7525);
#7525 = CARTESIAN_POINT('',(137.795,-44.134375,0.));
#7526 = CIRCLE('',#7527,0.875);
#7527 = AXIS2_PLACEMENT_3D('',#7528,#7529,#7530);
#7528 = CARTESIAN_POINT('',(137.795,-43.259375,0.));
#7529 = DIRECTION('',(-0.,0.,-1.));
#7530 = DIRECTION('',(-0.,-1.,0.));
#7531 = FACE_BOUND('',#7532,.F.);
#7532 = EDGE_LOOP('',(#7533));
#7533 = ORIENTED_EDGE('',*,*,#7534,.T.);
#7534 = EDGE_CURVE('',#7535,#7535,#7537,.T.);
#7535 = VERTEX_POINT('',#7536);
#7536 = CARTESIAN_POINT('',(73.66,-30.814375,0.));
#7537 = CIRCLE('',#7538,1.525);
#7538 = AXIS2_PLACEMENT_3D('',#7539,#7540,#7541);
#7539 = CARTESIAN_POINT('',(73.66,-29.289375,0.));
#7540 = DIRECTION('',(-0.,0.,-1.));
#7541 = DIRECTION('',(-0.,-1.,0.));
#7542 = FACE_BOUND('',#7543,.F.);
#7543 = EDGE_LOOP('',(#7544));
#7544 = ORIENTED_EDGE('',*,*,#7545,.T.);
#7545 = EDGE_CURVE('',#7546,#7546,#7548,.T.);
#7546 = VERTEX_POINT('',#7547);
#7547 = CARTESIAN_POINT('',(80.01,-28.274375,0.));
#7548 = CIRCLE('',#7549,1.525);
#7549 = AXIS2_PLACEMENT_3D('',#7550,#7551,#7552);
#7550 = CARTESIAN_POINT('',(80.01,-26.749375,0.));
#7551 = DIRECTION('',(-0.,0.,-1.));
#7552 = DIRECTION('',(9.31859325587E-15,-1.,-0.));
#7553 = FACE_BOUND('',#7554,.F.);
#7554 = EDGE_LOOP('',(#7555));
#7555 = ORIENTED_EDGE('',*,*,#7556,.T.);
#7556 = EDGE_CURVE('',#7557,#7557,#7559,.T.);
#7557 = VERTEX_POINT('',#7558);
#7558 = CARTESIAN_POINT('',(92.71,-30.814375,0.));
#7559 = CIRCLE('',#7560,1.525);
#7560 = AXIS2_PLACEMENT_3D('',#7561,#7562,#7563);
#7561 = CARTESIAN_POINT('',(92.71,-29.289375,0.));
#7562 = DIRECTION('',(-0.,0.,-1.));
#7563 = DIRECTION('',(-9.31859325587E-15,-1.,0.));
#7564 = FACE_BOUND('',#7565,.F.);
#7565 = EDGE_LOOP('',(#7566));
#7566 = ORIENTED_EDGE('',*,*,#7567,.T.);
#7567 = EDGE_CURVE('',#7568,#7568,#7570,.T.);
#7568 = VERTEX_POINT('',#7569);
#7569 = CARTESIAN_POINT('',(99.06,-28.274375,0.));
#7570 = CIRCLE('',#7571,1.525);
#7571 = AXIS2_PLACEMENT_3D('',#7572,#7573,#7574);
#7572 = CARTESIAN_POINT('',(99.06,-26.749375,0.));
#7573 = DIRECTION('',(-0.,0.,-1.));
#7574 = DIRECTION('',(-0.,-1.,0.));
#7575 = FACE_BOUND('',#7576,.F.);
#7576 = EDGE_LOOP('',(#7577));
#7577 = ORIENTED_EDGE('',*,*,#7578,.T.);
#7578 = EDGE_CURVE('',#7579,#7579,#7581,.T.);
#7579 = VERTEX_POINT('',#7580);
#7580 = CARTESIAN_POINT('',(111.76,-30.814375,0.));
#7581 = CIRCLE('',#7582,1.525);
#7582 = AXIS2_PLACEMENT_3D('',#7583,#7584,#7585);
#7583 = CARTESIAN_POINT('',(111.76,-29.289375,0.));
#7584 = DIRECTION('',(-0.,0.,-1.));
#7585 = DIRECTION('',(9.31859325587E-15,-1.,-0.));
#7586 = FACE_BOUND('',#7587,.F.);
#7587 = EDGE_LOOP('',(#7588));
#7588 = ORIENTED_EDGE('',*,*,#7589,.T.);
#7589 = EDGE_CURVE('',#7590,#7590,#7592,.T.);
#7590 = VERTEX_POINT('',#7591);
#7591 = CARTESIAN_POINT('',(118.11,-28.274375,0.));
#7592 = CIRCLE('',#7593,1.525);
#7593 = AXIS2_PLACEMENT_3D('',#7594,#7595,#7596);
#7594 = CARTESIAN_POINT('',(118.11,-26.749375,0.));
#7595 = DIRECTION('',(-0.,0.,-1.));
#7596 = DIRECTION('',(-0.,-1.,0.));
#7597 = FACE_BOUND('',#7598,.F.);
#7598 = EDGE_LOOP('',(#7599));
#7599 = ORIENTED_EDGE('',*,*,#7600,.T.);
#7600 = EDGE_CURVE('',#7601,#7601,#7603,.T.);
#7601 = VERTEX_POINT('',#7602);
#7602 = CARTESIAN_POINT('',(130.81,-30.814375,0.));
#7603 = CIRCLE('',#7604,1.525);
#7604 = AXIS2_PLACEMENT_3D('',#7605,#7606,#7607);
#7605 = CARTESIAN_POINT('',(130.81,-29.289375,0.));
#7606 = DIRECTION('',(-0.,0.,-1.));
#7607 = DIRECTION('',(-0.,-1.,0.));
#7608 = FACE_BOUND('',#7609,.F.);
#7609 = EDGE_LOOP('',(#7610));
#7610 = ORIENTED_EDGE('',*,*,#7611,.T.);
#7611 = EDGE_CURVE('',#7612,#7612,#7614,.T.);
#7612 = VERTEX_POINT('',#7613);
#7613 = CARTESIAN_POINT('',(137.16,-28.274375,0.));
#7614 = CIRCLE('',#7615,1.525);
#7615 = AXIS2_PLACEMENT_3D('',#7616,#7617,#7618);
#7616 = CARTESIAN_POINT('',(137.16,-26.749375,0.));
#7617 = DIRECTION('',(-0.,0.,-1.));
#7618 = DIRECTION('',(-0.,-1.,0.));
#7619 = FACE_BOUND('',#7620,.F.);
#7620 = EDGE_LOOP('',(#7621));
#7621 = ORIENTED_EDGE('',*,*,#7622,.T.);
#7622 = EDGE_CURVE('',#7623,#7623,#7625,.T.);
#7623 = VERTEX_POINT('',#7624);
#7624 = CARTESIAN_POINT('',(-5.08,-25.084375,0.));
#7625 = CIRCLE('',#7626,0.875);
#7626 = AXIS2_PLACEMENT_3D('',#7627,#7628,#7629);
#7627 = CARTESIAN_POINT('',(-5.08,-24.209375,0.));
#7628 = DIRECTION('',(-0.,0.,-1.));
#7629 = DIRECTION('',(-0.,-1.,0.));
#7630 = FACE_BOUND('',#7631,.F.);
#7631 = EDGE_LOOP('',(#7632));
#7632 = ORIENTED_EDGE('',*,*,#7633,.T.);
#7633 = EDGE_CURVE('',#7634,#7634,#7636,.T.);
#7634 = VERTEX_POINT('',#7635);
#7635 = CARTESIAN_POINT('',(0.,-26.209375,0.));
#7636 = CIRCLE('',#7637,2.);
#7637 = AXIS2_PLACEMENT_3D('',#7638,#7639,#7640);
#7638 = CARTESIAN_POINT('',(-1.110223024625E-16,-24.209375,0.));
#7639 = DIRECTION('',(-0.,0.,-1.));
#7640 = DIRECTION('',(5.551115123126E-17,-1.,-0.));
#7641 = FACE_BOUND('',#7642,.F.);
#7642 = EDGE_LOOP('',(#7643));
#7643 = ORIENTED_EDGE('',*,*,#7644,.T.);
#7644 = EDGE_CURVE('',#7645,#7645,#7647,.T.);
#7645 = VERTEX_POINT('',#7646);
#7646 = CARTESIAN_POINT('',(5.08,-25.084375,0.));
#7647 = CIRCLE('',#7648,0.875);
#7648 = AXIS2_PLACEMENT_3D('',#7649,#7650,#7651);
#7649 = CARTESIAN_POINT('',(5.08,-24.209375,0.));
#7650 = DIRECTION('',(-0.,0.,-1.));
#7651 = DIRECTION('',(-0.,-1.,0.));
#7652 = FACE_BOUND('',#7653,.F.);
#7653 = EDGE_LOOP('',(#7654));
#7654 = ORIENTED_EDGE('',*,*,#7655,.T.);
#7655 = EDGE_CURVE('',#7656,#7656,#7658,.T.);
#7656 = VERTEX_POINT('',#7657);
#7657 = CARTESIAN_POINT('',(13.97,-25.084375,0.));
#7658 = CIRCLE('',#7659,0.875);
#7659 = AXIS2_PLACEMENT_3D('',#7660,#7661,#7662);
#7660 = CARTESIAN_POINT('',(13.97,-24.209375,0.));
#7661 = DIRECTION('',(-0.,0.,-1.));
#7662 = DIRECTION('',(-0.,-1.,0.));
#7663 = FACE_BOUND('',#7664,.F.);
#7664 = EDGE_LOOP('',(#7665));
#7665 = ORIENTED_EDGE('',*,*,#7666,.T.);
#7666 = EDGE_CURVE('',#7667,#7667,#7669,.T.);
#7667 = VERTEX_POINT('',#7668);
#7668 = CARTESIAN_POINT('',(19.05,-26.209375,0.));
#7669 = CIRCLE('',#7670,2.);
#7670 = AXIS2_PLACEMENT_3D('',#7671,#7672,#7673);
#7671 = CARTESIAN_POINT('',(19.05,-24.209375,0.));
#7672 = DIRECTION('',(-0.,0.,-1.));
#7673 = DIRECTION('',(-0.,-1.,0.));
#7674 = FACE_BOUND('',#7675,.F.);
#7675 = EDGE_LOOP('',(#7676));
#7676 = ORIENTED_EDGE('',*,*,#7677,.T.);
#7677 = EDGE_CURVE('',#7678,#7678,#7680,.T.);
#7678 = VERTEX_POINT('',#7679);
#7679 = CARTESIAN_POINT('',(24.13,-25.084375,0.));
#7680 = CIRCLE('',#7681,0.875);
#7681 = AXIS2_PLACEMENT_3D('',#7682,#7683,#7684);
#7682 = CARTESIAN_POINT('',(24.13,-24.209375,0.));
#7683 = DIRECTION('',(-0.,0.,-1.));
#7684 = DIRECTION('',(-0.,-1.,0.));
#7685 = FACE_BOUND('',#7686,.F.);
#7686 = EDGE_LOOP('',(#7687));
#7687 = ORIENTED_EDGE('',*,*,#7688,.T.);
#7688 = EDGE_CURVE('',#7689,#7689,#7691,.T.);
#7689 = VERTEX_POINT('',#7690);
#7690 = CARTESIAN_POINT('',(33.02,-25.084375,0.));
#7691 = CIRCLE('',#7692,0.875);
#7692 = AXIS2_PLACEMENT_3D('',#7693,#7694,#7695);
#7693 = CARTESIAN_POINT('',(33.02,-24.209375,0.));
#7694 = DIRECTION('',(-0.,0.,-1.));
#7695 = DIRECTION('',(-0.,-1.,0.));
#7696 = FACE_BOUND('',#7697,.F.);
#7697 = EDGE_LOOP('',(#7698));
#7698 = ORIENTED_EDGE('',*,*,#7699,.T.);
#7699 = EDGE_CURVE('',#7700,#7700,#7702,.T.);
#7700 = VERTEX_POINT('',#7701);
#7701 = CARTESIAN_POINT('',(38.1,-26.209375,0.));
#7702 = CIRCLE('',#7703,2.);
#7703 = AXIS2_PLACEMENT_3D('',#7704,#7705,#7706);
#7704 = CARTESIAN_POINT('',(38.1,-24.209375,0.));
#7705 = DIRECTION('',(-0.,0.,-1.));
#7706 = DIRECTION('',(-0.,-1.,0.));
#7707 = FACE_BOUND('',#7708,.F.);
#7708 = EDGE_LOOP('',(#7709));
#7709 = ORIENTED_EDGE('',*,*,#7710,.T.);
#7710 = EDGE_CURVE('',#7711,#7711,#7713,.T.);
#7711 = VERTEX_POINT('',#7712);
#7712 = CARTESIAN_POINT('',(43.18,-25.084375,0.));
#7713 = CIRCLE('',#7714,0.875);
#7714 = AXIS2_PLACEMENT_3D('',#7715,#7716,#7717);
#7715 = CARTESIAN_POINT('',(43.18,-24.209375,0.));
#7716 = DIRECTION('',(-0.,0.,-1.));
#7717 = DIRECTION('',(-0.,-1.,0.));
#7718 = FACE_BOUND('',#7719,.F.);
#7719 = EDGE_LOOP('',(#7720));
#7720 = ORIENTED_EDGE('',*,*,#7721,.T.);
#7721 = EDGE_CURVE('',#7722,#7722,#7724,.T.);
#7722 = VERTEX_POINT('',#7723);
#7723 = CARTESIAN_POINT('',(52.07,-25.084375,0.));
#7724 = CIRCLE('',#7725,0.875);
#7725 = AXIS2_PLACEMENT_3D('',#7726,#7727,#7728);
#7726 = CARTESIAN_POINT('',(52.07,-24.209375,0.));
#7727 = DIRECTION('',(-0.,0.,-1.));
#7728 = DIRECTION('',(-0.,-1.,0.));
#7729 = FACE_BOUND('',#7730,.F.);
#7730 = EDGE_LOOP('',(#7731));
#7731 = ORIENTED_EDGE('',*,*,#7732,.T.);
#7732 = EDGE_CURVE('',#7733,#7733,#7735,.T.);
#7733 = VERTEX_POINT('',#7734);
#7734 = CARTESIAN_POINT('',(57.15,-26.209375,0.));
#7735 = CIRCLE('',#7736,2.);
#7736 = AXIS2_PLACEMENT_3D('',#7737,#7738,#7739);
#7737 = CARTESIAN_POINT('',(57.15,-24.209375,0.));
#7738 = DIRECTION('',(-0.,0.,-1.));
#7739 = DIRECTION('',(-0.,-1.,0.));
#7740 = FACE_BOUND('',#7741,.F.);
#7741 = EDGE_LOOP('',(#7742));
#7742 = ORIENTED_EDGE('',*,*,#7743,.T.);
#7743 = EDGE_CURVE('',#7744,#7744,#7746,.T.);
#7744 = VERTEX_POINT('',#7745);
#7745 = CARTESIAN_POINT('',(62.23,-25.084375,0.));
#7746 = CIRCLE('',#7747,0.875);
#7747 = AXIS2_PLACEMENT_3D('',#7748,#7749,#7750);
#7748 = CARTESIAN_POINT('',(62.23,-24.209375,0.));
#7749 = DIRECTION('',(-0.,0.,-1.));
#7750 = DIRECTION('',(-0.,-1.,0.));
#7751 = FACE_BOUND('',#7752,.F.);
#7752 = EDGE_LOOP('',(#7753));
#7753 = ORIENTED_EDGE('',*,*,#7754,.T.);
#7754 = EDGE_CURVE('',#7755,#7755,#7757,.T.);
#7755 = VERTEX_POINT('',#7756);
#7756 = CARTESIAN_POINT('',(-2.54,-7.001875,0.));
#7757 = CIRCLE('',#7758,1.525);
#7758 = AXIS2_PLACEMENT_3D('',#7759,#7760,#7761);
#7759 = CARTESIAN_POINT('',(-2.54,-5.476875,0.));
#7760 = DIRECTION('',(-0.,0.,-1.));
#7761 = DIRECTION('',(-0.,-1.,0.));
#7762 = FACE_BOUND('',#7763,.F.);
#7763 = EDGE_LOOP('',(#7764));
#7764 = ORIENTED_EDGE('',*,*,#7765,.T.);
#7765 = EDGE_CURVE('',#7766,#7766,#7768,.T.);
#7766 = VERTEX_POINT('',#7767);
#7767 = CARTESIAN_POINT('',(21.2725,-7.001875,0.));
#7768 = CIRCLE('',#7769,1.525);
#7769 = AXIS2_PLACEMENT_3D('',#7770,#7771,#7772);
#7770 = CARTESIAN_POINT('',(21.2725,-5.476875,0.));
#7771 = DIRECTION('',(-0.,0.,-1.));
#7772 = DIRECTION('',(-0.,-1.,0.));
#7773 = FACE_BOUND('',#7774,.F.);
#7774 = EDGE_LOOP('',(#7775));
#7775 = ORIENTED_EDGE('',*,*,#7776,.T.);
#7776 = EDGE_CURVE('',#7777,#7777,#7779,.T.);
#7777 = VERTEX_POINT('',#7778);
#7778 = CARTESIAN_POINT('',(3.81,-4.461875,0.));
#7779 = CIRCLE('',#7780,1.525);
#7780 = AXIS2_PLACEMENT_3D('',#7781,#7782,#7783);
#7781 = CARTESIAN_POINT('',(3.81,-2.936875,0.));
#7782 = DIRECTION('',(-0.,0.,-1.));
#7783 = DIRECTION('',(2.912060392459E-16,-1.,-0.));
#7784 = FACE_BOUND('',#7785,.F.);
#7785 = EDGE_LOOP('',(#7786));
#7786 = ORIENTED_EDGE('',*,*,#7787,.T.);
#7787 = EDGE_CURVE('',#7788,#7788,#7790,.T.);
#7788 = VERTEX_POINT('',#7789);
#7789 = CARTESIAN_POINT('',(-5.08,-1.271875,0.));
#7790 = CIRCLE('',#7791,0.875);
#7791 = AXIS2_PLACEMENT_3D('',#7792,#7793,#7794);
#7792 = CARTESIAN_POINT('',(-5.08,-0.396875,0.));
#7793 = DIRECTION('',(-0.,0.,-1.));
#7794 = DIRECTION('',(-0.,-1.,0.));
#7795 = FACE_BOUND('',#7796,.F.);
#7796 = EDGE_LOOP('',(#7797));
#7797 = ORIENTED_EDGE('',*,*,#7798,.T.);
#7798 = EDGE_CURVE('',#7799,#7799,#7801,.T.);
#7799 = VERTEX_POINT('',#7800);
#7800 = CARTESIAN_POINT('',(-2.465190328816E-32,-2.396875,0.));
#7801 = CIRCLE('',#7802,2.);
#7802 = AXIS2_PLACEMENT_3D('',#7803,#7804,#7805);
#7803 = CARTESIAN_POINT('',(-1.110223024625E-16,-0.396875,0.));
#7804 = DIRECTION('',(-0.,0.,-1.));
#7805 = DIRECTION('',(5.551115123126E-17,-1.,-0.));
#7806 = FACE_BOUND('',#7807,.F.);
#7807 = EDGE_LOOP('',(#7808));
#7808 = ORIENTED_EDGE('',*,*,#7809,.T.);
#7809 = EDGE_CURVE('',#7810,#7810,#7812,.T.);
#7810 = VERTEX_POINT('',#7811);
#7811 = CARTESIAN_POINT('',(5.08,-1.271875,0.));
#7812 = CIRCLE('',#7813,0.875);
#7813 = AXIS2_PLACEMENT_3D('',#7814,#7815,#7816);
#7814 = CARTESIAN_POINT('',(5.08,-0.396875,0.));
#7815 = DIRECTION('',(-0.,0.,-1.));
#7816 = DIRECTION('',(-0.,-1.,0.));
#7817 = FACE_BOUND('',#7818,.F.);
#7818 = EDGE_LOOP('',(#7819));
#7819 = ORIENTED_EDGE('',*,*,#7820,.T.);
#7820 = EDGE_CURVE('',#7821,#7821,#7823,.T.);
#7821 = VERTEX_POINT('',#7822);
#7822 = CARTESIAN_POINT('',(27.6225,-4.461875,0.));
#7823 = CIRCLE('',#7824,1.525);
#7824 = AXIS2_PLACEMENT_3D('',#7825,#7826,#7827);
#7825 = CARTESIAN_POINT('',(27.6225,-2.936875,0.));
#7826 = DIRECTION('',(-0.,0.,-1.));
#7827 = DIRECTION('',(-2.329648313968E-15,-1.,0.));
#7828 = FACE_BOUND('',#7829,.F.);
#7829 = EDGE_LOOP('',(#7830));
#7830 = ORIENTED_EDGE('',*,*,#7831,.T.);
#7831 = EDGE_CURVE('',#7832,#7832,#7834,.T.);
#7832 = VERTEX_POINT('',#7833);
#7833 = CARTESIAN_POINT('',(18.7325,-1.271875,0.));
#7834 = CIRCLE('',#7835,0.875);
#7835 = AXIS2_PLACEMENT_3D('',#7836,#7837,#7838);
#7836 = CARTESIAN_POINT('',(18.7325,-0.396875,0.));
#7837 = DIRECTION('',(-0.,0.,-1.));
#7838 = DIRECTION('',(-0.,-1.,0.));
#7839 = FACE_BOUND('',#7840,.F.);
#7840 = EDGE_LOOP('',(#7841));
#7841 = ORIENTED_EDGE('',*,*,#7842,.T.);
#7842 = EDGE_CURVE('',#7843,#7843,#7845,.T.);
#7843 = VERTEX_POINT('',#7844);
#7844 = CARTESIAN_POINT('',(23.8125,-2.396875,0.));
#7845 = CIRCLE('',#7846,2.);
#7846 = AXIS2_PLACEMENT_3D('',#7847,#7848,#7849);
#7847 = CARTESIAN_POINT('',(23.8125,-0.396875,0.));
#7848 = DIRECTION('',(-0.,0.,-1.));
#7849 = DIRECTION('',(-0.,-1.,0.));
#7850 = FACE_BOUND('',#7851,.F.);
#7851 = EDGE_LOOP('',(#7852));
#7852 = ORIENTED_EDGE('',*,*,#7853,.T.);
#7853 = EDGE_CURVE('',#7854,#7854,#7856,.T.);
#7854 = VERTEX_POINT('',#7855);
#7855 = CARTESIAN_POINT('',(28.8925,-1.271875,0.));
#7856 = CIRCLE('',#7857,0.875);
#7857 = AXIS2_PLACEMENT_3D('',#7858,#7859,#7860);
#7858 = CARTESIAN_POINT('',(28.8925,-0.396875,0.));
#7859 = DIRECTION('',(-0.,0.,-1.));
#7860 = DIRECTION('',(-0.,-1.,0.));
#7861 = FACE_BOUND('',#7862,.F.);
#7862 = EDGE_LOOP('',(#7863));
#7863 = ORIENTED_EDGE('',*,*,#7864,.T.);
#7864 = EDGE_CURVE('',#7865,#7865,#7867,.T.);
#7865 = VERTEX_POINT('',#7866);
#7866 = CARTESIAN_POINT('',(40.3225,-7.001875,0.));
#7867 = CIRCLE('',#7868,1.525);
#7868 = AXIS2_PLACEMENT_3D('',#7869,#7870,#7871);
#7869 = CARTESIAN_POINT('',(40.3225,-5.476875,0.));
#7870 = DIRECTION('',(-0.,0.,-1.));
#7871 = DIRECTION('',(-0.,-1.,0.));
#7872 = FACE_BOUND('',#7873,.F.);
#7873 = EDGE_LOOP('',(#7874));
#7874 = ORIENTED_EDGE('',*,*,#7875,.T.);
#7875 = EDGE_CURVE('',#7876,#7876,#7878,.T.);
#7876 = VERTEX_POINT('',#7877);
#7877 = CARTESIAN_POINT('',(59.3725,-7.001875,0.));
#7878 = CIRCLE('',#7879,1.525);
#7879 = AXIS2_PLACEMENT_3D('',#7880,#7881,#7882);
#7880 = CARTESIAN_POINT('',(59.3725,-5.476875,0.));
#7881 = DIRECTION('',(-0.,0.,-1.));
#7882 = DIRECTION('',(-0.,-1.,0.));
#7883 = FACE_BOUND('',#7884,.F.);
#7884 = EDGE_LOOP('',(#7885));
#7885 = ORIENTED_EDGE('',*,*,#7886,.T.);
#7886 = EDGE_CURVE('',#7887,#7887,#7889,.T.);
#7887 = VERTEX_POINT('',#7888);
#7888 = CARTESIAN_POINT('',(46.6725,-4.461875,0.));
#7889 = CIRCLE('',#7890,1.525);
#7890 = AXIS2_PLACEMENT_3D('',#7891,#7892,#7893);
#7891 = CARTESIAN_POINT('',(46.6725,-2.936875,0.));
#7892 = DIRECTION('',(-0.,0.,-1.));
#7893 = DIRECTION('',(-0.,-1.,0.));
#7894 = FACE_BOUND('',#7895,.F.);
#7895 = EDGE_LOOP('',(#7896));
#7896 = ORIENTED_EDGE('',*,*,#7897,.T.);
#7897 = EDGE_CURVE('',#7898,#7898,#7900,.T.);
#7898 = VERTEX_POINT('',#7899);
#7899 = CARTESIAN_POINT('',(37.7825,-1.271875,0.));
#7900 = CIRCLE('',#7901,0.875);
#7901 = AXIS2_PLACEMENT_3D('',#7902,#7903,#7904);
#7902 = CARTESIAN_POINT('',(37.7825,-0.396875,0.));
#7903 = DIRECTION('',(-0.,0.,-1.));
#7904 = DIRECTION('',(-0.,-1.,0.));
#7905 = FACE_BOUND('',#7906,.F.);
#7906 = EDGE_LOOP('',(#7907));
#7907 = ORIENTED_EDGE('',*,*,#7908,.T.);
#7908 = EDGE_CURVE('',#7909,#7909,#7911,.T.);
#7909 = VERTEX_POINT('',#7910);
#7910 = CARTESIAN_POINT('',(42.8625,-2.396875,0.));
#7911 = CIRCLE('',#7912,2.);
#7912 = AXIS2_PLACEMENT_3D('',#7913,#7914,#7915);
#7913 = CARTESIAN_POINT('',(42.8625,-0.396875,0.));
#7914 = DIRECTION('',(-0.,0.,-1.));
#7915 = DIRECTION('',(-0.,-1.,0.));
#7916 = FACE_BOUND('',#7917,.F.);
#7917 = EDGE_LOOP('',(#7918));
#7918 = ORIENTED_EDGE('',*,*,#7919,.T.);
#7919 = EDGE_CURVE('',#7920,#7920,#7922,.T.);
#7920 = VERTEX_POINT('',#7921);
#7921 = CARTESIAN_POINT('',(47.9425,-1.271875,0.));
#7922 = CIRCLE('',#7923,0.875);
#7923 = AXIS2_PLACEMENT_3D('',#7924,#7925,#7926);
#7924 = CARTESIAN_POINT('',(47.9425,-0.396875,0.));
#7925 = DIRECTION('',(-0.,0.,-1.));
#7926 = DIRECTION('',(-0.,-1.,0.));
#7927 = FACE_BOUND('',#7928,.F.);
#7928 = EDGE_LOOP('',(#7929));
#7929 = ORIENTED_EDGE('',*,*,#7930,.T.);
#7930 = EDGE_CURVE('',#7931,#7931,#7933,.T.);
#7931 = VERTEX_POINT('',#7932);
#7932 = CARTESIAN_POINT('',(65.7225,-4.461875,0.));
#7933 = CIRCLE('',#7934,1.525);
#7934 = AXIS2_PLACEMENT_3D('',#7935,#7936,#7937);
#7935 = CARTESIAN_POINT('',(65.7225,-2.936875,0.));
#7936 = DIRECTION('',(-0.,0.,-1.));
#7937 = DIRECTION('',(-0.,-1.,0.));
#7938 = FACE_BOUND('',#7939,.F.);
#7939 = EDGE_LOOP('',(#7940));
#7940 = ORIENTED_EDGE('',*,*,#7941,.T.);
#7941 = EDGE_CURVE('',#7942,#7942,#7944,.T.);
#7942 = VERTEX_POINT('',#7943);
#7943 = CARTESIAN_POINT('',(56.8325,-1.271875,0.));
#7944 = CIRCLE('',#7945,0.875);
#7945 = AXIS2_PLACEMENT_3D('',#7946,#7947,#7948);
#7946 = CARTESIAN_POINT('',(56.8325,-0.396875,0.));
#7947 = DIRECTION('',(-0.,0.,-1.));
#7948 = DIRECTION('',(-0.,-1.,0.));
#7949 = FACE_BOUND('',#7950,.F.);
#7950 = EDGE_LOOP('',(#7951));
#7951 = ORIENTED_EDGE('',*,*,#7952,.T.);
#7952 = EDGE_CURVE('',#7953,#7953,#7955,.T.);
#7953 = VERTEX_POINT('',#7954);
#7954 = CARTESIAN_POINT('',(61.9125,-2.396875,0.));
#7955 = CIRCLE('',#7956,2.);
#7956 = AXIS2_PLACEMENT_3D('',#7957,#7958,#7959);
#7957 = CARTESIAN_POINT('',(61.9125,-0.396875,0.));
#7958 = DIRECTION('',(-0.,0.,-1.));
#7959 = DIRECTION('',(-0.,-1.,0.));
#7960 = FACE_BOUND('',#7961,.F.);
#7961 = EDGE_LOOP('',(#7962));
#7962 = ORIENTED_EDGE('',*,*,#7963,.T.);
#7963 = EDGE_CURVE('',#7964,#7964,#7966,.T.);
#7964 = VERTEX_POINT('',#7965);
#7965 = CARTESIAN_POINT('',(66.9925,-1.271875,0.));
#7966 = CIRCLE('',#7967,0.875);
#7967 = AXIS2_PLACEMENT_3D('',#7968,#7969,#7970);
#7968 = CARTESIAN_POINT('',(66.9925,-0.396875,0.));
#7969 = DIRECTION('',(-0.,0.,-1.));
#7970 = DIRECTION('',(-0.,-1.,0.));
#7971 = FACE_BOUND('',#7972,.F.);
#7972 = EDGE_LOOP('',(#7973));
#7973 = ORIENTED_EDGE('',*,*,#7974,.T.);
#7974 = EDGE_CURVE('',#7975,#7975,#7977,.T.);
#7975 = VERTEX_POINT('',#7976);
#7976 = CARTESIAN_POINT('',(71.12,-25.084375,0.));
#7977 = CIRCLE('',#7978,0.875);
#7978 = AXIS2_PLACEMENT_3D('',#7979,#7980,#7981);
#7979 = CARTESIAN_POINT('',(71.12,-24.209375,0.));
#7980 = DIRECTION('',(-0.,0.,-1.));
#7981 = DIRECTION('',(-0.,-1.,0.));
#7982 = FACE_BOUND('',#7983,.F.);
#7983 = EDGE_LOOP('',(#7984));
#7984 = ORIENTED_EDGE('',*,*,#7985,.T.);
#7985 = EDGE_CURVE('',#7986,#7986,#7988,.T.);
#7986 = VERTEX_POINT('',#7987);
#7987 = CARTESIAN_POINT('',(76.2,-26.209375,0.));
#7988 = CIRCLE('',#7989,2.);
#7989 = AXIS2_PLACEMENT_3D('',#7990,#7991,#7992);
#7990 = CARTESIAN_POINT('',(76.2,-24.209375,0.));
#7991 = DIRECTION('',(-0.,0.,-1.));
#7992 = DIRECTION('',(-0.,-1.,0.));
#7993 = FACE_BOUND('',#7994,.F.);
#7994 = EDGE_LOOP('',(#7995));
#7995 = ORIENTED_EDGE('',*,*,#7996,.T.);
#7996 = EDGE_CURVE('',#7997,#7997,#7999,.T.);
#7997 = VERTEX_POINT('',#7998);
#7998 = CARTESIAN_POINT('',(81.28,-25.084375,0.));
#7999 = CIRCLE('',#8000,0.875);
#8000 = AXIS2_PLACEMENT_3D('',#8001,#8002,#8003);
#8001 = CARTESIAN_POINT('',(81.28,-24.209375,0.));
#8002 = DIRECTION('',(-0.,0.,-1.));
#8003 = DIRECTION('',(-0.,-1.,0.));
#8004 = FACE_BOUND('',#8005,.F.);
#8005 = EDGE_LOOP('',(#8006));
#8006 = ORIENTED_EDGE('',*,*,#8007,.T.);
#8007 = EDGE_CURVE('',#8008,#8008,#8010,.T.);
#8008 = VERTEX_POINT('',#8009);
#8009 = CARTESIAN_POINT('',(90.17,-25.084375,0.));
#8010 = CIRCLE('',#8011,0.875);
#8011 = AXIS2_PLACEMENT_3D('',#8012,#8013,#8014);
#8012 = CARTESIAN_POINT('',(90.17,-24.209375,0.));
#8013 = DIRECTION('',(-0.,0.,-1.));
#8014 = DIRECTION('',(-0.,-1.,0.));
#8015 = FACE_BOUND('',#8016,.F.);
#8016 = EDGE_LOOP('',(#8017));
#8017 = ORIENTED_EDGE('',*,*,#8018,.T.);
#8018 = EDGE_CURVE('',#8019,#8019,#8021,.T.);
#8019 = VERTEX_POINT('',#8020);
#8020 = CARTESIAN_POINT('',(95.25,-26.209375,0.));
#8021 = CIRCLE('',#8022,2.);
#8022 = AXIS2_PLACEMENT_3D('',#8023,#8024,#8025);
#8023 = CARTESIAN_POINT('',(95.25,-24.209375,0.));
#8024 = DIRECTION('',(-0.,0.,-1.));
#8025 = DIRECTION('',(-0.,-1.,0.));
#8026 = FACE_BOUND('',#8027,.F.);
#8027 = EDGE_LOOP('',(#8028));
#8028 = ORIENTED_EDGE('',*,*,#8029,.T.);
#8029 = EDGE_CURVE('',#8030,#8030,#8032,.T.);
#8030 = VERTEX_POINT('',#8031);
#8031 = CARTESIAN_POINT('',(100.33,-25.084375,0.));
#8032 = CIRCLE('',#8033,0.875);
#8033 = AXIS2_PLACEMENT_3D('',#8034,#8035,#8036);
#8034 = CARTESIAN_POINT('',(100.33,-24.209375,0.));
#8035 = DIRECTION('',(-0.,0.,-1.));
#8036 = DIRECTION('',(-0.,-1.,0.));
#8037 = FACE_BOUND('',#8038,.F.);
#8038 = EDGE_LOOP('',(#8039));
#8039 = ORIENTED_EDGE('',*,*,#8040,.T.);
#8040 = EDGE_CURVE('',#8041,#8041,#8043,.T.);
#8041 = VERTEX_POINT('',#8042);
#8042 = CARTESIAN_POINT('',(109.22,-25.084375,0.));
#8043 = CIRCLE('',#8044,0.875);
#8044 = AXIS2_PLACEMENT_3D('',#8045,#8046,#8047);
#8045 = CARTESIAN_POINT('',(109.22,-24.209375,0.));
#8046 = DIRECTION('',(-0.,0.,-1.));
#8047 = DIRECTION('',(-0.,-1.,0.));
#8048 = FACE_BOUND('',#8049,.F.);
#8049 = EDGE_LOOP('',(#8050));
#8050 = ORIENTED_EDGE('',*,*,#8051,.T.);
#8051 = EDGE_CURVE('',#8052,#8052,#8054,.T.);
#8052 = VERTEX_POINT('',#8053);
#8053 = CARTESIAN_POINT('',(114.3,-26.209375,0.));
#8054 = CIRCLE('',#8055,2.);
#8055 = AXIS2_PLACEMENT_3D('',#8056,#8057,#8058);
#8056 = CARTESIAN_POINT('',(114.3,-24.209375,0.));
#8057 = DIRECTION('',(-0.,0.,-1.));
#8058 = DIRECTION('',(-0.,-1.,0.));
#8059 = FACE_BOUND('',#8060,.F.);
#8060 = EDGE_LOOP('',(#8061));
#8061 = ORIENTED_EDGE('',*,*,#8062,.T.);
#8062 = EDGE_CURVE('',#8063,#8063,#8065,.T.);
#8063 = VERTEX_POINT('',#8064);
#8064 = CARTESIAN_POINT('',(119.38,-25.084375,0.));
#8065 = CIRCLE('',#8066,0.875);
#8066 = AXIS2_PLACEMENT_3D('',#8067,#8068,#8069);
#8067 = CARTESIAN_POINT('',(119.38,-24.209375,0.));
#8068 = DIRECTION('',(-0.,0.,-1.));
#8069 = DIRECTION('',(-0.,-1.,0.));
#8070 = FACE_BOUND('',#8071,.F.);
#8071 = EDGE_LOOP('',(#8072));
#8072 = ORIENTED_EDGE('',*,*,#8073,.T.);
#8073 = EDGE_CURVE('',#8074,#8074,#8076,.T.);
#8074 = VERTEX_POINT('',#8075);
#8075 = CARTESIAN_POINT('',(128.27,-25.084375,0.));
#8076 = CIRCLE('',#8077,0.875);
#8077 = AXIS2_PLACEMENT_3D('',#8078,#8079,#8080);
#8078 = CARTESIAN_POINT('',(128.27,-24.209375,0.));
#8079 = DIRECTION('',(-0.,0.,-1.));
#8080 = DIRECTION('',(-0.,-1.,0.));
#8081 = FACE_BOUND('',#8082,.F.);
#8082 = EDGE_LOOP('',(#8083));
#8083 = ORIENTED_EDGE('',*,*,#8084,.T.);
#8084 = EDGE_CURVE('',#8085,#8085,#8087,.T.);
#8085 = VERTEX_POINT('',#8086);
#8086 = CARTESIAN_POINT('',(133.35,-26.209375,0.));
#8087 = CIRCLE('',#8088,2.);
#8088 = AXIS2_PLACEMENT_3D('',#8089,#8090,#8091);
#8089 = CARTESIAN_POINT('',(133.35,-24.209375,0.));
#8090 = DIRECTION('',(-0.,0.,-1.));
#8091 = DIRECTION('',(-0.,-1.,0.));
#8092 = FACE_BOUND('',#8093,.F.);
#8093 = EDGE_LOOP('',(#8094));
#8094 = ORIENTED_EDGE('',*,*,#8095,.T.);
#8095 = EDGE_CURVE('',#8096,#8096,#8098,.T.);
#8096 = VERTEX_POINT('',#8097);
#8097 = CARTESIAN_POINT('',(138.43,-25.084375,0.));
#8098 = CIRCLE('',#8099,0.875);
#8099 = AXIS2_PLACEMENT_3D('',#8100,#8101,#8102);
#8100 = CARTESIAN_POINT('',(138.43,-24.209375,0.));
#8101 = DIRECTION('',(-0.,0.,-1.));
#8102 = DIRECTION('',(-0.,-1.,0.));
#8103 = FACE_BOUND('',#8104,.F.);
#8104 = EDGE_LOOP('',(#8105));
#8105 = ORIENTED_EDGE('',*,*,#8106,.T.);
#8106 = EDGE_CURVE('',#8107,#8107,#8109,.T.);
#8107 = VERTEX_POINT('',#8108);
#8108 = CARTESIAN_POINT('',(78.4225,-7.001875,0.));
#8109 = CIRCLE('',#8110,1.525);
#8110 = AXIS2_PLACEMENT_3D('',#8111,#8112,#8113);
#8111 = CARTESIAN_POINT('',(78.4225,-5.476875,0.));
#8112 = DIRECTION('',(-0.,0.,-1.));
#8113 = DIRECTION('',(-0.,-1.,0.));
#8114 = FACE_BOUND('',#8115,.F.);
#8115 = EDGE_LOOP('',(#8116));
#8116 = ORIENTED_EDGE('',*,*,#8117,.T.);
#8117 = EDGE_CURVE('',#8118,#8118,#8120,.T.);
#8118 = VERTEX_POINT('',#8119);
#8119 = CARTESIAN_POINT('',(102.235,-7.001875,0.));
#8120 = CIRCLE('',#8121,1.525);
#8121 = AXIS2_PLACEMENT_3D('',#8122,#8123,#8124);
#8122 = CARTESIAN_POINT('',(102.235,-5.476875,0.));
#8123 = DIRECTION('',(-0.,0.,-1.));
#8124 = DIRECTION('',(-0.,-1.,0.));
#8125 = FACE_BOUND('',#8126,.F.);
#8126 = EDGE_LOOP('',(#8127));
#8127 = ORIENTED_EDGE('',*,*,#8128,.T.);
#8128 = EDGE_CURVE('',#8129,#8129,#8131,.T.);
#8129 = VERTEX_POINT('',#8130);
#8130 = CARTESIAN_POINT('',(84.7725,-4.461875,0.));
#8131 = CIRCLE('',#8132,1.525);
#8132 = AXIS2_PLACEMENT_3D('',#8133,#8134,#8135);
#8133 = CARTESIAN_POINT('',(84.7725,-2.936875,0.));
#8134 = DIRECTION('',(-0.,0.,-1.));
#8135 = DIRECTION('',(-9.31859325587E-15,-1.,0.));
#8136 = FACE_BOUND('',#8137,.F.);
#8137 = EDGE_LOOP('',(#8138));
#8138 = ORIENTED_EDGE('',*,*,#8139,.T.);
#8139 = EDGE_CURVE('',#8140,#8140,#8142,.T.);
#8140 = VERTEX_POINT('',#8141);
#8141 = CARTESIAN_POINT('',(75.8825,-1.271875,0.));
#8142 = CIRCLE('',#8143,0.875);
#8143 = AXIS2_PLACEMENT_3D('',#8144,#8145,#8146);
#8144 = CARTESIAN_POINT('',(75.8825,-0.396875,0.));
#8145 = DIRECTION('',(-0.,0.,-1.));
#8146 = DIRECTION('',(-0.,-1.,0.));
#8147 = FACE_BOUND('',#8148,.F.);
#8148 = EDGE_LOOP('',(#8149));
#8149 = ORIENTED_EDGE('',*,*,#8150,.T.);
#8150 = EDGE_CURVE('',#8151,#8151,#8153,.T.);
#8151 = VERTEX_POINT('',#8152);
#8152 = CARTESIAN_POINT('',(80.9625,-2.396875,0.));
#8153 = CIRCLE('',#8154,2.);
#8154 = AXIS2_PLACEMENT_3D('',#8155,#8156,#8157);
#8155 = CARTESIAN_POINT('',(80.9625,-0.396875,0.));
#8156 = DIRECTION('',(-0.,0.,-1.));
#8157 = DIRECTION('',(-0.,-1.,0.));
#8158 = FACE_BOUND('',#8159,.F.);
#8159 = EDGE_LOOP('',(#8160));
#8160 = ORIENTED_EDGE('',*,*,#8161,.T.);
#8161 = EDGE_CURVE('',#8162,#8162,#8164,.T.);
#8162 = VERTEX_POINT('',#8163);
#8163 = CARTESIAN_POINT('',(86.0425,-1.271875,0.));
#8164 = CIRCLE('',#8165,0.875);
#8165 = AXIS2_PLACEMENT_3D('',#8166,#8167,#8168);
#8166 = CARTESIAN_POINT('',(86.0425,-0.396875,0.));
#8167 = DIRECTION('',(-0.,0.,-1.));
#8168 = DIRECTION('',(-0.,-1.,0.));
#8169 = FACE_BOUND('',#8170,.F.);
#8170 = EDGE_LOOP('',(#8171));
#8171 = ORIENTED_EDGE('',*,*,#8172,.T.);
#8172 = EDGE_CURVE('',#8173,#8173,#8175,.T.);
#8173 = VERTEX_POINT('',#8174);
#8174 = CARTESIAN_POINT('',(99.695,-1.271875,0.));
#8175 = CIRCLE('',#8176,0.875);
#8176 = AXIS2_PLACEMENT_3D('',#8177,#8178,#8179);
#8177 = CARTESIAN_POINT('',(99.695,-0.396875,0.));
#8178 = DIRECTION('',(-0.,0.,-1.));
#8179 = DIRECTION('',(-0.,-1.,0.));
#8180 = FACE_BOUND('',#8181,.F.);
#8181 = EDGE_LOOP('',(#8182));
#8182 = ORIENTED_EDGE('',*,*,#8183,.T.);
#8183 = EDGE_CURVE('',#8184,#8184,#8186,.T.);
#8184 = VERTEX_POINT('',#8185);
#8185 = CARTESIAN_POINT('',(104.775,-2.396875,0.));
#8186 = CIRCLE('',#8187,2.);
#8187 = AXIS2_PLACEMENT_3D('',#8188,#8189,#8190);
#8188 = CARTESIAN_POINT('',(104.775,-0.396875,0.));
#8189 = DIRECTION('',(-0.,0.,-1.));
#8190 = DIRECTION('',(-0.,-1.,0.));
#8191 = FACE_BOUND('',#8192,.F.);
#8192 = EDGE_LOOP('',(#8193));
#8193 = ORIENTED_EDGE('',*,*,#8194,.T.);
#8194 = EDGE_CURVE('',#8195,#8195,#8197,.T.);
#8195 = VERTEX_POINT('',#8196);
#8196 = CARTESIAN_POINT('',(121.285,-7.001875,0.));
#8197 = CIRCLE('',#8198,1.525);
#8198 = AXIS2_PLACEMENT_3D('',#8199,#8200,#8201);
#8199 = CARTESIAN_POINT('',(121.285,-5.476875,0.));
#8200 = DIRECTION('',(-0.,0.,-1.));
#8201 = DIRECTION('',(-0.,-1.,0.));
#8202 = FACE_BOUND('',#8203,.F.);
#8203 = EDGE_LOOP('',(#8204));
#8204 = ORIENTED_EDGE('',*,*,#8205,.T.);
#8205 = EDGE_CURVE('',#8206,#8206,#8208,.T.);
#8206 = VERTEX_POINT('',#8207);
#8207 = CARTESIAN_POINT('',(140.335,-7.001875,0.));
#8208 = CIRCLE('',#8209,1.525);
#8209 = AXIS2_PLACEMENT_3D('',#8210,#8211,#8212);
#8210 = CARTESIAN_POINT('',(140.335,-5.476875,0.));
#8211 = DIRECTION('',(-0.,0.,-1.));
#8212 = DIRECTION('',(-0.,-1.,0.));
#8213 = FACE_BOUND('',#8214,.F.);
#8214 = EDGE_LOOP('',(#8215));
#8215 = ORIENTED_EDGE('',*,*,#8216,.T.);
#8216 = EDGE_CURVE('',#8217,#8217,#8219,.T.);
#8217 = VERTEX_POINT('',#8218);
#8218 = CARTESIAN_POINT('',(108.585,-4.461875,0.));
#8219 = CIRCLE('',#8220,1.525);
#8220 = AXIS2_PLACEMENT_3D('',#8221,#8222,#8223);
#8221 = CARTESIAN_POINT('',(108.585,-2.936875,0.));
#8222 = DIRECTION('',(-0.,0.,-1.));
#8223 = DIRECTION('',(-9.31859325587E-15,-1.,0.));
#8224 = FACE_BOUND('',#8225,.F.);
#8225 = EDGE_LOOP('',(#8226));
#8226 = ORIENTED_EDGE('',*,*,#8227,.T.);
#8227 = EDGE_CURVE('',#8228,#8228,#8230,.T.);
#8228 = VERTEX_POINT('',#8229);
#8229 = CARTESIAN_POINT('',(109.855,-1.271875,0.));
#8230 = CIRCLE('',#8231,0.875);
#8231 = AXIS2_PLACEMENT_3D('',#8232,#8233,#8234);
#8232 = CARTESIAN_POINT('',(109.855,-0.396875,0.));
#8233 = DIRECTION('',(-0.,0.,-1.));
#8234 = DIRECTION('',(-0.,-1.,0.));
#8235 = FACE_BOUND('',#8236,.F.);
#8236 = EDGE_LOOP('',(#8237));
#8237 = ORIENTED_EDGE('',*,*,#8238,.T.);
#8238 = EDGE_CURVE('',#8239,#8239,#8241,.T.);
#8239 = VERTEX_POINT('',#8240);
#8240 = CARTESIAN_POINT('',(118.745,-1.271875,0.));
#8241 = CIRCLE('',#8242,0.875);
#8242 = AXIS2_PLACEMENT_3D('',#8243,#8244,#8245);
#8243 = CARTESIAN_POINT('',(118.745,-0.396875,0.));
#8244 = DIRECTION('',(-0.,0.,-1.));
#8245 = DIRECTION('',(-0.,-1.,0.));
#8246 = FACE_BOUND('',#8247,.F.);
#8247 = EDGE_LOOP('',(#8248));
#8248 = ORIENTED_EDGE('',*,*,#8249,.T.);
#8249 = EDGE_CURVE('',#8250,#8250,#8252,.T.);
#8250 = VERTEX_POINT('',#8251);
#8251 = CARTESIAN_POINT('',(123.825,-2.396875,0.));
#8252 = CIRCLE('',#8253,2.);
#8253 = AXIS2_PLACEMENT_3D('',#8254,#8255,#8256);
#8254 = CARTESIAN_POINT('',(123.825,-0.396875,0.));
#8255 = DIRECTION('',(-0.,0.,-1.));
#8256 = DIRECTION('',(-0.,-1.,0.));
#8257 = FACE_BOUND('',#8258,.F.);
#8258 = EDGE_LOOP('',(#8259));
#8259 = ORIENTED_EDGE('',*,*,#8260,.T.);
#8260 = EDGE_CURVE('',#8261,#8261,#8263,.T.);
#8261 = VERTEX_POINT('',#8262);
#8262 = CARTESIAN_POINT('',(127.635,-4.461875,0.));
#8263 = CIRCLE('',#8264,1.525);
#8264 = AXIS2_PLACEMENT_3D('',#8265,#8266,#8267);
#8265 = CARTESIAN_POINT('',(127.635,-2.936875,0.));
#8266 = DIRECTION('',(-0.,0.,-1.));
#8267 = DIRECTION('',(9.31859325587E-15,-1.,-0.));
#8268 = FACE_BOUND('',#8269,.F.);
#8269 = EDGE_LOOP('',(#8270));
#8270 = ORIENTED_EDGE('',*,*,#8271,.T.);
#8271 = EDGE_CURVE('',#8272,#8272,#8274,.T.);
#8272 = VERTEX_POINT('',#8273);
#8273 = CARTESIAN_POINT('',(128.905,-1.271875,0.));
#8274 = CIRCLE('',#8275,0.875);
#8275 = AXIS2_PLACEMENT_3D('',#8276,#8277,#8278);
#8276 = CARTESIAN_POINT('',(128.905,-0.396875,0.));
#8277 = DIRECTION('',(-0.,0.,-1.));
#8278 = DIRECTION('',(-0.,-1.,0.));
#8279 = FACE_BOUND('',#8280,.F.);
#8280 = EDGE_LOOP('',(#8281));
#8281 = ORIENTED_EDGE('',*,*,#8282,.T.);
#8282 = EDGE_CURVE('',#8283,#8283,#8285,.T.);
#8283 = VERTEX_POINT('',#8284);
#8284 = CARTESIAN_POINT('',(137.795,-1.271875,0.));
#8285 = CIRCLE('',#8286,0.875);
#8286 = AXIS2_PLACEMENT_3D('',#8287,#8288,#8289);
#8287 = CARTESIAN_POINT('',(137.795,-0.396875,0.));
#8288 = DIRECTION('',(-0.,0.,-1.));
#8289 = DIRECTION('',(-0.,-1.,0.));
#8290 = FACE_BOUND('',#8291,.F.);
#8291 = EDGE_LOOP('',(#8292));
#8292 = ORIENTED_EDGE('',*,*,#8293,.T.);
#8293 = EDGE_CURVE('',#8294,#8294,#8296,.T.);
#8294 = VERTEX_POINT('',#8295);
#8295 = CARTESIAN_POINT('',(159.385,-49.864375,0.));
#8296 = CIRCLE('',#8297,1.525);
#8297 = AXIS2_PLACEMENT_3D('',#8298,#8299,#8300);
#8298 = CARTESIAN_POINT('',(159.385,-48.339375,0.));
#8299 = DIRECTION('',(-0.,0.,-1.));
#8300 = DIRECTION('',(-0.,-1.,0.));
#8301 = FACE_BOUND('',#8302,.F.);
#8302 = EDGE_LOOP('',(#8303));
#8303 = ORIENTED_EDGE('',*,*,#8304,.T.);
#8304 = EDGE_CURVE('',#8305,#8305,#8307,.T.);
#8305 = VERTEX_POINT('',#8306);
#8306 = CARTESIAN_POINT('',(178.435,-49.864375,0.));
#8307 = CIRCLE('',#8308,1.525);
#8308 = AXIS2_PLACEMENT_3D('',#8309,#8310,#8311);
#8309 = CARTESIAN_POINT('',(178.435,-48.339375,0.));
#8310 = DIRECTION('',(-0.,0.,-1.));
#8311 = DIRECTION('',(-0.,-1.,0.));
#8312 = FACE_BOUND('',#8313,.F.);
#8313 = EDGE_LOOP('',(#8314));
#8314 = ORIENTED_EDGE('',*,*,#8315,.T.);
#8315 = EDGE_CURVE('',#8316,#8316,#8318,.T.);
#8316 = VERTEX_POINT('',#8317);
#8317 = CARTESIAN_POINT('',(146.685,-47.324375,0.));
#8318 = CIRCLE('',#8319,1.525);
#8319 = AXIS2_PLACEMENT_3D('',#8320,#8321,#8322);
#8320 = CARTESIAN_POINT('',(146.685,-45.799375,0.));
#8321 = DIRECTION('',(-0.,0.,-1.));
#8322 = DIRECTION('',(-0.,-1.,0.));
#8323 = FACE_BOUND('',#8324,.F.);
#8324 = EDGE_LOOP('',(#8325));
#8325 = ORIENTED_EDGE('',*,*,#8326,.T.);
#8326 = EDGE_CURVE('',#8327,#8327,#8329,.T.);
#8327 = VERTEX_POINT('',#8328);
#8328 = CARTESIAN_POINT('',(142.875,-45.259375,0.));
#8329 = CIRCLE('',#8330,2.);
#8330 = AXIS2_PLACEMENT_3D('',#8331,#8332,#8333);
#8331 = CARTESIAN_POINT('',(142.875,-43.259375,0.));
#8332 = DIRECTION('',(-0.,0.,-1.));
#8333 = DIRECTION('',(-0.,-1.,0.));
#8334 = FACE_BOUND('',#8335,.F.);
#8335 = EDGE_LOOP('',(#8336));
#8336 = ORIENTED_EDGE('',*,*,#8337,.T.);
#8337 = EDGE_CURVE('',#8338,#8338,#8340,.T.);
#8338 = VERTEX_POINT('',#8339);
#8339 = CARTESIAN_POINT('',(147.955,-44.134375,0.));
#8340 = CIRCLE('',#8341,0.875);
#8341 = AXIS2_PLACEMENT_3D('',#8342,#8343,#8344);
#8342 = CARTESIAN_POINT('',(147.955,-43.259375,0.));
#8343 = DIRECTION('',(-0.,0.,-1.));
#8344 = DIRECTION('',(-0.,-1.,0.));
#8345 = FACE_BOUND('',#8346,.F.);
#8346 = EDGE_LOOP('',(#8347));
#8347 = ORIENTED_EDGE('',*,*,#8348,.T.);
#8348 = EDGE_CURVE('',#8349,#8349,#8351,.T.);
#8349 = VERTEX_POINT('',#8350);
#8350 = CARTESIAN_POINT('',(156.845,-44.134375,0.));
#8351 = CIRCLE('',#8352,0.875);
#8352 = AXIS2_PLACEMENT_3D('',#8353,#8354,#8355);
#8353 = CARTESIAN_POINT('',(156.845,-43.259375,0.));
#8354 = DIRECTION('',(-0.,0.,-1.));
#8355 = DIRECTION('',(-0.,-1.,0.));
#8356 = FACE_BOUND('',#8357,.F.);
#8357 = EDGE_LOOP('',(#8358));
#8358 = ORIENTED_EDGE('',*,*,#8359,.T.);
#8359 = EDGE_CURVE('',#8360,#8360,#8362,.T.);
#8360 = VERTEX_POINT('',#8361);
#8361 = CARTESIAN_POINT('',(165.735,-47.324375,0.));
#8362 = CIRCLE('',#8363,1.525);
#8363 = AXIS2_PLACEMENT_3D('',#8364,#8365,#8366);
#8364 = CARTESIAN_POINT('',(165.735,-45.799375,0.));
#8365 = DIRECTION('',(-0.,0.,-1.));
#8366 = DIRECTION('',(-0.,-1.,0.));
#8367 = FACE_BOUND('',#8368,.F.);
#8368 = EDGE_LOOP('',(#8369));
#8369 = ORIENTED_EDGE('',*,*,#8370,.T.);
#8370 = EDGE_CURVE('',#8371,#8371,#8373,.T.);
#8371 = VERTEX_POINT('',#8372);
#8372 = CARTESIAN_POINT('',(161.925,-45.259375,0.));
#8373 = CIRCLE('',#8374,2.);
#8374 = AXIS2_PLACEMENT_3D('',#8375,#8376,#8377);
#8375 = CARTESIAN_POINT('',(161.925,-43.259375,0.));
#8376 = DIRECTION('',(-0.,0.,-1.));
#8377 = DIRECTION('',(-0.,-1.,0.));
#8378 = FACE_BOUND('',#8379,.F.);
#8379 = EDGE_LOOP('',(#8380));
#8380 = ORIENTED_EDGE('',*,*,#8381,.T.);
#8381 = EDGE_CURVE('',#8382,#8382,#8384,.T.);
#8382 = VERTEX_POINT('',#8383);
#8383 = CARTESIAN_POINT('',(167.005,-44.134375,0.));
#8384 = CIRCLE('',#8385,0.875);
#8385 = AXIS2_PLACEMENT_3D('',#8386,#8387,#8388);
#8386 = CARTESIAN_POINT('',(167.005,-43.259375,0.));
#8387 = DIRECTION('',(-0.,0.,-1.));
#8388 = DIRECTION('',(-0.,-1.,0.));
#8389 = FACE_BOUND('',#8390,.F.);
#8390 = EDGE_LOOP('',(#8391));
#8391 = ORIENTED_EDGE('',*,*,#8392,.T.);
#8392 = EDGE_CURVE('',#8393,#8393,#8395,.T.);
#8393 = VERTEX_POINT('',#8394);
#8394 = CARTESIAN_POINT('',(175.895,-44.134375,0.));
#8395 = CIRCLE('',#8396,0.875);
#8396 = AXIS2_PLACEMENT_3D('',#8397,#8398,#8399);
#8397 = CARTESIAN_POINT('',(175.895,-43.259375,0.));
#8398 = DIRECTION('',(-0.,0.,-1.));
#8399 = DIRECTION('',(-0.,-1.,0.));
#8400 = FACE_BOUND('',#8401,.F.);
#8401 = EDGE_LOOP('',(#8402));
#8402 = ORIENTED_EDGE('',*,*,#8403,.T.);
#8403 = EDGE_CURVE('',#8404,#8404,#8406,.T.);
#8404 = VERTEX_POINT('',#8405);
#8405 = CARTESIAN_POINT('',(197.485,-49.864375,0.));
#8406 = CIRCLE('',#8407,1.525);
#8407 = AXIS2_PLACEMENT_3D('',#8408,#8409,#8410);
#8408 = CARTESIAN_POINT('',(197.485,-48.339375,0.));
#8409 = DIRECTION('',(-0.,0.,-1.));
#8410 = DIRECTION('',(-0.,-1.,0.));
#8411 = FACE_BOUND('',#8412,.F.);
#8412 = EDGE_LOOP('',(#8413));
#8413 = ORIENTED_EDGE('',*,*,#8414,.T.);
#8414 = EDGE_CURVE('',#8415,#8415,#8417,.T.);
#8415 = VERTEX_POINT('',#8416);
#8416 = CARTESIAN_POINT('',(216.535,-49.864375,0.));
#8417 = CIRCLE('',#8418,1.525);
#8418 = AXIS2_PLACEMENT_3D('',#8419,#8420,#8421);
#8419 = CARTESIAN_POINT('',(216.535,-48.339375,0.));
#8420 = DIRECTION('',(-0.,0.,-1.));
#8421 = DIRECTION('',(-0.,-1.,0.));
#8422 = FACE_BOUND('',#8423,.F.);
#8423 = EDGE_LOOP('',(#8424));
#8424 = ORIENTED_EDGE('',*,*,#8425,.T.);
#8425 = EDGE_CURVE('',#8426,#8426,#8428,.T.);
#8426 = VERTEX_POINT('',#8427);
#8427 = CARTESIAN_POINT('',(184.785,-47.324375,0.));
#8428 = CIRCLE('',#8429,1.525);
#8429 = AXIS2_PLACEMENT_3D('',#8430,#8431,#8432);
#8430 = CARTESIAN_POINT('',(184.785,-45.799375,0.));
#8431 = DIRECTION('',(-0.,0.,-1.));
#8432 = DIRECTION('',(-0.,-1.,0.));
#8433 = FACE_BOUND('',#8434,.F.);
#8434 = EDGE_LOOP('',(#8435));
#8435 = ORIENTED_EDGE('',*,*,#8436,.T.);
#8436 = EDGE_CURVE('',#8437,#8437,#8439,.T.);
#8437 = VERTEX_POINT('',#8438);
#8438 = CARTESIAN_POINT('',(180.975,-45.259375,0.));
#8439 = CIRCLE('',#8440,2.);
#8440 = AXIS2_PLACEMENT_3D('',#8441,#8442,#8443);
#8441 = CARTESIAN_POINT('',(180.975,-43.259375,0.));
#8442 = DIRECTION('',(-0.,0.,-1.));
#8443 = DIRECTION('',(-0.,-1.,0.));
#8444 = FACE_BOUND('',#8445,.F.);
#8445 = EDGE_LOOP('',(#8446));
#8446 = ORIENTED_EDGE('',*,*,#8447,.T.);
#8447 = EDGE_CURVE('',#8448,#8448,#8450,.T.);
#8448 = VERTEX_POINT('',#8449);
#8449 = CARTESIAN_POINT('',(186.055,-44.134375,0.));
#8450 = CIRCLE('',#8451,0.875);
#8451 = AXIS2_PLACEMENT_3D('',#8452,#8453,#8454);
#8452 = CARTESIAN_POINT('',(186.055,-43.259375,0.));
#8453 = DIRECTION('',(-0.,0.,-1.));
#8454 = DIRECTION('',(-0.,-1.,0.));
#8455 = FACE_BOUND('',#8456,.F.);
#8456 = EDGE_LOOP('',(#8457));
#8457 = ORIENTED_EDGE('',*,*,#8458,.T.);
#8458 = EDGE_CURVE('',#8459,#8459,#8461,.T.);
#8459 = VERTEX_POINT('',#8460);
#8460 = CARTESIAN_POINT('',(194.945,-44.134375,0.));
#8461 = CIRCLE('',#8462,0.875);
#8462 = AXIS2_PLACEMENT_3D('',#8463,#8464,#8465);
#8463 = CARTESIAN_POINT('',(194.945,-43.259375,0.));
#8464 = DIRECTION('',(-0.,0.,-1.));
#8465 = DIRECTION('',(-0.,-1.,0.));
#8466 = FACE_BOUND('',#8467,.F.);
#8467 = EDGE_LOOP('',(#8468));
#8468 = ORIENTED_EDGE('',*,*,#8469,.T.);
#8469 = EDGE_CURVE('',#8470,#8470,#8472,.T.);
#8470 = VERTEX_POINT('',#8471);
#8471 = CARTESIAN_POINT('',(203.835,-47.324375,0.));
#8472 = CIRCLE('',#8473,1.525);
#8473 = AXIS2_PLACEMENT_3D('',#8474,#8475,#8476);
#8474 = CARTESIAN_POINT('',(203.835,-45.799375,0.));
#8475 = DIRECTION('',(-0.,0.,-1.));
#8476 = DIRECTION('',(-0.,-1.,0.));
#8477 = FACE_BOUND('',#8478,.F.);
#8478 = EDGE_LOOP('',(#8479));
#8479 = ORIENTED_EDGE('',*,*,#8480,.T.);
#8480 = EDGE_CURVE('',#8481,#8481,#8483,.T.);
#8481 = VERTEX_POINT('',#8482);
#8482 = CARTESIAN_POINT('',(200.025,-45.259375,0.));
#8483 = CIRCLE('',#8484,2.);
#8484 = AXIS2_PLACEMENT_3D('',#8485,#8486,#8487);
#8485 = CARTESIAN_POINT('',(200.025,-43.259375,0.));
#8486 = DIRECTION('',(-0.,0.,-1.));
#8487 = DIRECTION('',(-0.,-1.,0.));
#8488 = FACE_BOUND('',#8489,.F.);
#8489 = EDGE_LOOP('',(#8490));
#8490 = ORIENTED_EDGE('',*,*,#8491,.T.);
#8491 = EDGE_CURVE('',#8492,#8492,#8494,.T.);
#8492 = VERTEX_POINT('',#8493);
#8493 = CARTESIAN_POINT('',(205.105,-44.134375,0.));
#8494 = CIRCLE('',#8495,0.875);
#8495 = AXIS2_PLACEMENT_3D('',#8496,#8497,#8498);
#8496 = CARTESIAN_POINT('',(205.105,-43.259375,0.));
#8497 = DIRECTION('',(-0.,0.,-1.));
#8498 = DIRECTION('',(-0.,-1.,0.));
#8499 = FACE_BOUND('',#8500,.F.);
#8500 = EDGE_LOOP('',(#8501));
#8501 = ORIENTED_EDGE('',*,*,#8502,.T.);
#8502 = EDGE_CURVE('',#8503,#8503,#8505,.T.);
#8503 = VERTEX_POINT('',#8504);
#8504 = CARTESIAN_POINT('',(213.995,-44.134375,0.));
#8505 = CIRCLE('',#8506,0.875);
#8506 = AXIS2_PLACEMENT_3D('',#8507,#8508,#8509);
#8507 = CARTESIAN_POINT('',(213.995,-43.259375,0.));
#8508 = DIRECTION('',(-0.,0.,-1.));
#8509 = DIRECTION('',(-0.,-1.,0.));
#8510 = FACE_BOUND('',#8511,.F.);
#8511 = EDGE_LOOP('',(#8512));
#8512 = ORIENTED_EDGE('',*,*,#8513,.T.);
#8513 = EDGE_CURVE('',#8514,#8514,#8516,.T.);
#8514 = VERTEX_POINT('',#8515);
#8515 = CARTESIAN_POINT('',(149.86,-30.814375,0.));
#8516 = CIRCLE('',#8517,1.525);
#8517 = AXIS2_PLACEMENT_3D('',#8518,#8519,#8520);
#8518 = CARTESIAN_POINT('',(149.86,-29.289375,0.));
#8519 = DIRECTION('',(-0.,0.,-1.));
#8520 = DIRECTION('',(-0.,-1.,0.));
#8521 = FACE_BOUND('',#8522,.F.);
#8522 = EDGE_LOOP('',(#8523));
#8523 = ORIENTED_EDGE('',*,*,#8524,.T.);
#8524 = EDGE_CURVE('',#8525,#8525,#8527,.T.);
#8525 = VERTEX_POINT('',#8526);
#8526 = CARTESIAN_POINT('',(156.21,-28.274375,0.));
#8527 = CIRCLE('',#8528,1.525);
#8528 = AXIS2_PLACEMENT_3D('',#8529,#8530,#8531);
#8529 = CARTESIAN_POINT('',(156.21,-26.749375,0.));
#8530 = DIRECTION('',(-0.,0.,-1.));
#8531 = DIRECTION('',(-0.,-1.,0.));
#8532 = FACE_BOUND('',#8533,.F.);
#8533 = EDGE_LOOP('',(#8534));
#8534 = ORIENTED_EDGE('',*,*,#8535,.T.);
#8535 = EDGE_CURVE('',#8536,#8536,#8538,.T.);
#8536 = VERTEX_POINT('',#8537);
#8537 = CARTESIAN_POINT('',(168.91,-30.814375,0.));
#8538 = CIRCLE('',#8539,1.525);
#8539 = AXIS2_PLACEMENT_3D('',#8540,#8541,#8542);
#8540 = CARTESIAN_POINT('',(168.91,-29.289375,0.));
#8541 = DIRECTION('',(-0.,0.,-1.));
#8542 = DIRECTION('',(-0.,-1.,0.));
#8543 = FACE_BOUND('',#8544,.F.);
#8544 = EDGE_LOOP('',(#8545));
#8545 = ORIENTED_EDGE('',*,*,#8546,.T.);
#8546 = EDGE_CURVE('',#8547,#8547,#8549,.T.);
#8547 = VERTEX_POINT('',#8548);
#8548 = CARTESIAN_POINT('',(175.26,-28.274375,0.));
#8549 = CIRCLE('',#8550,1.525);
#8550 = AXIS2_PLACEMENT_3D('',#8551,#8552,#8553);
#8551 = CARTESIAN_POINT('',(175.26,-26.749375,0.));
#8552 = DIRECTION('',(-0.,0.,-1.));
#8553 = DIRECTION('',(-0.,-1.,0.));
#8554 = FACE_BOUND('',#8555,.F.);
#8555 = EDGE_LOOP('',(#8556));
#8556 = ORIENTED_EDGE('',*,*,#8557,.T.);
#8557 = EDGE_CURVE('',#8558,#8558,#8560,.T.);
#8558 = VERTEX_POINT('',#8559);
#8559 = CARTESIAN_POINT('',(187.96,-30.814375,0.));
#8560 = CIRCLE('',#8561,1.525);
#8561 = AXIS2_PLACEMENT_3D('',#8562,#8563,#8564);
#8562 = CARTESIAN_POINT('',(187.96,-29.289375,0.));
#8563 = DIRECTION('',(-0.,0.,-1.));
#8564 = DIRECTION('',(-0.,-1.,0.));
#8565 = FACE_BOUND('',#8566,.F.);
#8566 = EDGE_LOOP('',(#8567));
#8567 = ORIENTED_EDGE('',*,*,#8568,.T.);
#8568 = EDGE_CURVE('',#8569,#8569,#8571,.T.);
#8569 = VERTEX_POINT('',#8570);
#8570 = CARTESIAN_POINT('',(194.31,-28.274375,0.));
#8571 = CIRCLE('',#8572,1.525);
#8572 = AXIS2_PLACEMENT_3D('',#8573,#8574,#8575);
#8573 = CARTESIAN_POINT('',(194.31,-26.749375,0.));
#8574 = DIRECTION('',(-0.,0.,-1.));
#8575 = DIRECTION('',(-0.,-1.,0.));
#8576 = FACE_BOUND('',#8577,.F.);
#8577 = EDGE_LOOP('',(#8578));
#8578 = ORIENTED_EDGE('',*,*,#8579,.T.);
#8579 = EDGE_CURVE('',#8580,#8580,#8582,.T.);
#8580 = VERTEX_POINT('',#8581);
#8581 = CARTESIAN_POINT('',(207.01,-30.814375,0.));
#8582 = CIRCLE('',#8583,1.525);
#8583 = AXIS2_PLACEMENT_3D('',#8584,#8585,#8586);
#8584 = CARTESIAN_POINT('',(207.01,-29.289375,0.));
#8585 = DIRECTION('',(-0.,0.,-1.));
#8586 = DIRECTION('',(-0.,-1.,0.));
#8587 = FACE_BOUND('',#8588,.F.);
#8588 = EDGE_LOOP('',(#8589));
#8589 = ORIENTED_EDGE('',*,*,#8590,.T.);
#8590 = EDGE_CURVE('',#8591,#8591,#8593,.T.);
#8591 = VERTEX_POINT('',#8592);
#8592 = CARTESIAN_POINT('',(213.36,-28.274375,0.));
#8593 = CIRCLE('',#8594,1.525);
#8594 = AXIS2_PLACEMENT_3D('',#8595,#8596,#8597);
#8595 = CARTESIAN_POINT('',(213.36,-26.749375,0.));
#8596 = DIRECTION('',(-0.,0.,-1.));
#8597 = DIRECTION('',(-0.,-1.,0.));
#8598 = FACE_BOUND('',#8599,.F.);
#8599 = EDGE_LOOP('',(#8600));
#8600 = ORIENTED_EDGE('',*,*,#8601,.T.);
#8601 = EDGE_CURVE('',#8602,#8602,#8604,.T.);
#8602 = VERTEX_POINT('',#8603);
#8603 = CARTESIAN_POINT('',(235.585,-49.864375,0.));
#8604 = CIRCLE('',#8605,1.525);
#8605 = AXIS2_PLACEMENT_3D('',#8606,#8607,#8608);
#8606 = CARTESIAN_POINT('',(235.585,-48.339375,0.));
#8607 = DIRECTION('',(-0.,0.,-1.));
#8608 = DIRECTION('',(-0.,-1.,0.));
#8609 = FACE_BOUND('',#8610,.F.);
#8610 = EDGE_LOOP('',(#8611));
#8611 = ORIENTED_EDGE('',*,*,#8612,.T.);
#8612 = EDGE_CURVE('',#8613,#8613,#8615,.T.);
#8613 = VERTEX_POINT('',#8614);
#8614 = CARTESIAN_POINT('',(222.885,-47.324375,0.));
#8615 = CIRCLE('',#8616,1.525);
#8616 = AXIS2_PLACEMENT_3D('',#8617,#8618,#8619);
#8617 = CARTESIAN_POINT('',(222.885,-45.799375,0.));
#8618 = DIRECTION('',(-0.,0.,-1.));
#8619 = DIRECTION('',(-0.,-1.,0.));
#8620 = FACE_BOUND('',#8621,.F.);
#8621 = EDGE_LOOP('',(#8622));
#8622 = ORIENTED_EDGE('',*,*,#8623,.T.);
#8623 = EDGE_CURVE('',#8624,#8624,#8626,.T.);
#8624 = VERTEX_POINT('',#8625);
#8625 = CARTESIAN_POINT('',(219.075,-45.259375,0.));
#8626 = CIRCLE('',#8627,2.);
#8627 = AXIS2_PLACEMENT_3D('',#8628,#8629,#8630);
#8628 = CARTESIAN_POINT('',(219.075,-43.259375,0.));
#8629 = DIRECTION('',(-0.,0.,-1.));
#8630 = DIRECTION('',(-0.,-1.,0.));
#8631 = FACE_BOUND('',#8632,.F.);
#8632 = EDGE_LOOP('',(#8633));
#8633 = ORIENTED_EDGE('',*,*,#8634,.T.);
#8634 = EDGE_CURVE('',#8635,#8635,#8637,.T.);
#8635 = VERTEX_POINT('',#8636);
#8636 = CARTESIAN_POINT('',(224.155,-44.134375,0.));
#8637 = CIRCLE('',#8638,0.875);
#8638 = AXIS2_PLACEMENT_3D('',#8639,#8640,#8641);
#8639 = CARTESIAN_POINT('',(224.155,-43.259375,0.));
#8640 = DIRECTION('',(-0.,0.,-1.));
#8641 = DIRECTION('',(-0.,-1.,0.));
#8642 = FACE_BOUND('',#8643,.F.);
#8643 = EDGE_LOOP('',(#8644));
#8644 = ORIENTED_EDGE('',*,*,#8645,.T.);
#8645 = EDGE_CURVE('',#8646,#8646,#8648,.T.);
#8646 = VERTEX_POINT('',#8647);
#8647 = CARTESIAN_POINT('',(233.045,-44.134375,0.));
#8648 = CIRCLE('',#8649,0.875);
#8649 = AXIS2_PLACEMENT_3D('',#8650,#8651,#8652);
#8650 = CARTESIAN_POINT('',(233.045,-43.259375,0.));
#8651 = DIRECTION('',(-0.,0.,-1.));
#8652 = DIRECTION('',(-0.,-1.,0.));
#8653 = FACE_BOUND('',#8654,.F.);
#8654 = EDGE_LOOP('',(#8655));
#8655 = ORIENTED_EDGE('',*,*,#8656,.T.);
#8656 = EDGE_CURVE('',#8657,#8657,#8659,.T.);
#8657 = VERTEX_POINT('',#8658);
#8658 = CARTESIAN_POINT('',(241.935,-47.324375,0.));
#8659 = CIRCLE('',#8660,1.525);
#8660 = AXIS2_PLACEMENT_3D('',#8661,#8662,#8663);
#8661 = CARTESIAN_POINT('',(241.935,-45.799375,0.));
#8662 = DIRECTION('',(-0.,0.,-1.));
#8663 = DIRECTION('',(-0.,-1.,0.));
#8664 = FACE_BOUND('',#8665,.F.);
#8665 = EDGE_LOOP('',(#8666));
#8666 = ORIENTED_EDGE('',*,*,#8667,.T.);
#8667 = EDGE_CURVE('',#8668,#8668,#8670,.T.);
#8668 = VERTEX_POINT('',#8669);
#8669 = CARTESIAN_POINT('',(238.125,-45.259375,0.));
#8670 = CIRCLE('',#8671,2.);
#8671 = AXIS2_PLACEMENT_3D('',#8672,#8673,#8674);
#8672 = CARTESIAN_POINT('',(238.125,-43.259375,0.));
#8673 = DIRECTION('',(-0.,0.,-1.));
#8674 = DIRECTION('',(-0.,-1.,0.));
#8675 = FACE_BOUND('',#8676,.F.);
#8676 = EDGE_LOOP('',(#8677));
#8677 = ORIENTED_EDGE('',*,*,#8678,.T.);
#8678 = EDGE_CURVE('',#8679,#8679,#8681,.T.);
#8679 = VERTEX_POINT('',#8680);
#8680 = CARTESIAN_POINT('',(243.205,-44.134375,0.));
#8681 = CIRCLE('',#8682,0.875);
#8682 = AXIS2_PLACEMENT_3D('',#8683,#8684,#8685);
#8683 = CARTESIAN_POINT('',(243.205,-43.259375,0.));
#8684 = DIRECTION('',(-0.,0.,-1.));
#8685 = DIRECTION('',(-0.,-1.,0.));
#8686 = FACE_BOUND('',#8687,.F.);
#8687 = EDGE_LOOP('',(#8688));
#8688 = ORIENTED_EDGE('',*,*,#8689,.T.);
#8689 = EDGE_CURVE('',#8690,#8690,#8692,.T.);
#8690 = VERTEX_POINT('',#8691);
#8691 = CARTESIAN_POINT('',(259.3975,-49.864375,0.));
#8692 = CIRCLE('',#8693,1.525);
#8693 = AXIS2_PLACEMENT_3D('',#8694,#8695,#8696);
#8694 = CARTESIAN_POINT('',(259.3975,-48.339375,0.));
#8695 = DIRECTION('',(-0.,0.,-1.));
#8696 = DIRECTION('',(-3.727437302348E-14,-1.,0.));
#8697 = FACE_BOUND('',#8698,.F.);
#8698 = EDGE_LOOP('',(#8699));
#8699 = ORIENTED_EDGE('',*,*,#8700,.T.);
#8700 = EDGE_CURVE('',#8701,#8701,#8703,.T.);
#8701 = VERTEX_POINT('',#8702);
#8702 = CARTESIAN_POINT('',(283.21,-49.864375,0.));
#8703 = CIRCLE('',#8704,1.525);
#8704 = AXIS2_PLACEMENT_3D('',#8705,#8706,#8707);
#8705 = CARTESIAN_POINT('',(283.21,-48.339375,0.));
#8706 = DIRECTION('',(-0.,0.,-1.));
#8707 = DIRECTION('',(-3.727437302348E-14,-1.,0.));
#8708 = FACE_BOUND('',#8709,.F.);
#8709 = EDGE_LOOP('',(#8710));
#8710 = ORIENTED_EDGE('',*,*,#8711,.T.);
#8711 = EDGE_CURVE('',#8712,#8712,#8714,.T.);
#8712 = VERTEX_POINT('',#8713);
#8713 = CARTESIAN_POINT('',(256.8575,-44.134375,0.));
#8714 = CIRCLE('',#8715,0.875);
#8715 = AXIS2_PLACEMENT_3D('',#8716,#8717,#8718);
#8716 = CARTESIAN_POINT('',(256.8575,-43.259375,0.));
#8717 = DIRECTION('',(-0.,0.,-1.));
#8718 = DIRECTION('',(-0.,-1.,0.));
#8719 = FACE_BOUND('',#8720,.F.);
#8720 = EDGE_LOOP('',(#8721));
#8721 = ORIENTED_EDGE('',*,*,#8722,.T.);
#8722 = EDGE_CURVE('',#8723,#8723,#8725,.T.);
#8723 = VERTEX_POINT('',#8724);
#8724 = CARTESIAN_POINT('',(261.9375,-45.259375,0.));
#8725 = CIRCLE('',#8726,2.);
#8726 = AXIS2_PLACEMENT_3D('',#8727,#8728,#8729);
#8727 = CARTESIAN_POINT('',(261.9375,-43.259375,0.));
#8728 = DIRECTION('',(-0.,0.,-1.));
#8729 = DIRECTION('',(-0.,-1.,0.));
#8730 = FACE_BOUND('',#8731,.F.);
#8731 = EDGE_LOOP('',(#8732));
#8732 = ORIENTED_EDGE('',*,*,#8733,.T.);
#8733 = EDGE_CURVE('',#8734,#8734,#8736,.T.);
#8734 = VERTEX_POINT('',#8735);
#8735 = CARTESIAN_POINT('',(265.7475,-47.324375,0.));
#8736 = CIRCLE('',#8737,1.525);
#8737 = AXIS2_PLACEMENT_3D('',#8738,#8739,#8740);
#8738 = CARTESIAN_POINT('',(265.7475,-45.799375,0.));
#8739 = DIRECTION('',(-0.,0.,-1.));
#8740 = DIRECTION('',(-0.,-1.,0.));
#8741 = FACE_BOUND('',#8742,.F.);
#8742 = EDGE_LOOP('',(#8743));
#8743 = ORIENTED_EDGE('',*,*,#8744,.T.);
#8744 = EDGE_CURVE('',#8745,#8745,#8747,.T.);
#8745 = VERTEX_POINT('',#8746);
#8746 = CARTESIAN_POINT('',(267.0175,-44.134375,0.));
#8747 = CIRCLE('',#8748,0.875);
#8748 = AXIS2_PLACEMENT_3D('',#8749,#8750,#8751);
#8749 = CARTESIAN_POINT('',(267.0175,-43.259375,0.));
#8750 = DIRECTION('',(-0.,0.,-1.));
#8751 = DIRECTION('',(-0.,-1.,0.));
#8752 = FACE_BOUND('',#8753,.F.);
#8753 = EDGE_LOOP('',(#8754));
#8754 = ORIENTED_EDGE('',*,*,#8755,.T.);
#8755 = EDGE_CURVE('',#8756,#8756,#8758,.T.);
#8756 = VERTEX_POINT('',#8757);
#8757 = CARTESIAN_POINT('',(280.67,-44.134375,0.));
#8758 = CIRCLE('',#8759,0.875);
#8759 = AXIS2_PLACEMENT_3D('',#8760,#8761,#8762);
#8760 = CARTESIAN_POINT('',(280.67,-43.259375,0.));
#8761 = DIRECTION('',(-0.,0.,-1.));
#8762 = DIRECTION('',(-0.,-1.,0.));
#8763 = FACE_BOUND('',#8764,.F.);
#8764 = EDGE_LOOP('',(#8765));
#8765 = ORIENTED_EDGE('',*,*,#8766,.T.);
#8766 = EDGE_CURVE('',#8767,#8767,#8769,.T.);
#8767 = VERTEX_POINT('',#8768);
#8768 = CARTESIAN_POINT('',(289.56,-47.324375,0.));
#8769 = CIRCLE('',#8770,1.525);
#8770 = AXIS2_PLACEMENT_3D('',#8771,#8772,#8773);
#8771 = CARTESIAN_POINT('',(289.56,-45.799375,0.));
#8772 = DIRECTION('',(-0.,0.,-1.));
#8773 = DIRECTION('',(-0.,-1.,0.));
#8774 = FACE_BOUND('',#8775,.F.);
#8775 = EDGE_LOOP('',(#8776));
#8776 = ORIENTED_EDGE('',*,*,#8777,.T.);
#8777 = EDGE_CURVE('',#8778,#8778,#8780,.T.);
#8778 = VERTEX_POINT('',#8779);
#8779 = CARTESIAN_POINT('',(285.75,-45.259375,0.));
#8780 = CIRCLE('',#8781,2.);
#8781 = AXIS2_PLACEMENT_3D('',#8782,#8783,#8784);
#8782 = CARTESIAN_POINT('',(285.75,-43.259375,0.));
#8783 = DIRECTION('',(-0.,0.,-1.));
#8784 = DIRECTION('',(-0.,-1.,0.));
#8785 = FACE_BOUND('',#8786,.F.);
#8786 = EDGE_LOOP('',(#8787));
#8787 = ORIENTED_EDGE('',*,*,#8788,.T.);
#8788 = EDGE_CURVE('',#8789,#8789,#8791,.T.);
#8789 = VERTEX_POINT('',#8790);
#8790 = CARTESIAN_POINT('',(290.83,-44.134375,0.));
#8791 = CIRCLE('',#8792,0.875);
#8792 = AXIS2_PLACEMENT_3D('',#8793,#8794,#8795);
#8793 = CARTESIAN_POINT('',(290.83,-43.259375,0.));
#8794 = DIRECTION('',(-0.,0.,-1.));
#8795 = DIRECTION('',(-0.,-1.,0.));
#8796 = FACE_BOUND('',#8797,.F.);
#8797 = EDGE_LOOP('',(#8798));
#8798 = ORIENTED_EDGE('',*,*,#8799,.T.);
#8799 = EDGE_CURVE('',#8800,#8800,#8802,.T.);
#8800 = VERTEX_POINT('',#8801);
#8801 = CARTESIAN_POINT('',(226.06,-30.814375,0.));
#8802 = CIRCLE('',#8803,1.525);
#8803 = AXIS2_PLACEMENT_3D('',#8804,#8805,#8806);
#8804 = CARTESIAN_POINT('',(226.06,-29.289375,0.));
#8805 = DIRECTION('',(-0.,0.,-1.));
#8806 = DIRECTION('',(-0.,-1.,0.));
#8807 = FACE_BOUND('',#8808,.F.);
#8808 = EDGE_LOOP('',(#8809));
#8809 = ORIENTED_EDGE('',*,*,#8810,.T.);
#8810 = EDGE_CURVE('',#8811,#8811,#8813,.T.);
#8811 = VERTEX_POINT('',#8812);
#8812 = CARTESIAN_POINT('',(232.41,-28.274375,0.));
#8813 = CIRCLE('',#8814,1.525);
#8814 = AXIS2_PLACEMENT_3D('',#8815,#8816,#8817);
#8815 = CARTESIAN_POINT('',(232.41,-26.749375,0.));
#8816 = DIRECTION('',(-0.,0.,-1.));
#8817 = DIRECTION('',(-0.,-1.,0.));
#8818 = FACE_BOUND('',#8819,.F.);
#8819 = EDGE_LOOP('',(#8820));
#8820 = ORIENTED_EDGE('',*,*,#8821,.T.);
#8821 = EDGE_CURVE('',#8822,#8822,#8824,.T.);
#8822 = VERTEX_POINT('',#8823);
#8823 = CARTESIAN_POINT('',(254.635,-30.814375,0.));
#8824 = CIRCLE('',#8825,1.525);
#8825 = AXIS2_PLACEMENT_3D('',#8826,#8827,#8828);
#8826 = CARTESIAN_POINT('',(254.635,-29.289375,0.));
#8827 = DIRECTION('',(-0.,0.,-1.));
#8828 = DIRECTION('',(-1.863718651174E-14,-1.,0.));
#8829 = FACE_BOUND('',#8830,.F.);
#8830 = EDGE_LOOP('',(#8831));
#8831 = ORIENTED_EDGE('',*,*,#8832,.T.);
#8832 = EDGE_CURVE('',#8833,#8833,#8835,.T.);
#8833 = VERTEX_POINT('',#8834);
#8834 = CARTESIAN_POINT('',(260.985,-28.274375,0.));
#8835 = CIRCLE('',#8836,1.525);
#8836 = AXIS2_PLACEMENT_3D('',#8837,#8838,#8839);
#8837 = CARTESIAN_POINT('',(260.985,-26.749375,0.));
#8838 = DIRECTION('',(-0.,0.,-1.));
#8839 = DIRECTION('',(-0.,-1.,0.));
#8840 = FACE_BOUND('',#8841,.F.);
#8841 = EDGE_LOOP('',(#8842));
#8842 = ORIENTED_EDGE('',*,*,#8843,.T.);
#8843 = EDGE_CURVE('',#8844,#8844,#8846,.T.);
#8844 = VERTEX_POINT('',#8845);
#8845 = CARTESIAN_POINT('',(283.21,-30.814375,0.));
#8846 = CIRCLE('',#8847,1.525);
#8847 = AXIS2_PLACEMENT_3D('',#8848,#8849,#8850);
#8848 = CARTESIAN_POINT('',(283.21,-29.289375,0.));
#8849 = DIRECTION('',(-0.,0.,-1.));
#8850 = DIRECTION('',(-3.727437302348E-14,-1.,0.));
#8851 = FACE_BOUND('',#8852,.F.);
#8852 = EDGE_LOOP('',(#8853));
#8853 = ORIENTED_EDGE('',*,*,#8854,.T.);
#8854 = EDGE_CURVE('',#8855,#8855,#8857,.T.);
#8855 = VERTEX_POINT('',#8856);
#8856 = CARTESIAN_POINT('',(289.56,-28.274375,0.));
#8857 = CIRCLE('',#8858,1.525);
#8858 = AXIS2_PLACEMENT_3D('',#8859,#8860,#8861);
#8859 = CARTESIAN_POINT('',(289.56,-26.749375,0.));
#8860 = DIRECTION('',(-0.,0.,-1.));
#8861 = DIRECTION('',(-0.,-1.,0.));
#8862 = FACE_BOUND('',#8863,.F.);
#8863 = EDGE_LOOP('',(#8864));
#8864 = ORIENTED_EDGE('',*,*,#8865,.T.);
#8865 = EDGE_CURVE('',#8866,#8866,#8868,.T.);
#8866 = VERTEX_POINT('',#8867);
#8867 = CARTESIAN_POINT('',(147.32,-25.084375,0.));
#8868 = CIRCLE('',#8869,0.875);
#8869 = AXIS2_PLACEMENT_3D('',#8870,#8871,#8872);
#8870 = CARTESIAN_POINT('',(147.32,-24.209375,0.));
#8871 = DIRECTION('',(-0.,0.,-1.));
#8872 = DIRECTION('',(-0.,-1.,0.));
#8873 = FACE_BOUND('',#8874,.F.);
#8874 = EDGE_LOOP('',(#8875));
#8875 = ORIENTED_EDGE('',*,*,#8876,.T.);
#8876 = EDGE_CURVE('',#8877,#8877,#8879,.T.);
#8877 = VERTEX_POINT('',#8878);
#8878 = CARTESIAN_POINT('',(152.4,-26.209375,0.));
#8879 = CIRCLE('',#8880,2.);
#8880 = AXIS2_PLACEMENT_3D('',#8881,#8882,#8883);
#8881 = CARTESIAN_POINT('',(152.4,-24.209375,0.));
#8882 = DIRECTION('',(-0.,0.,-1.));
#8883 = DIRECTION('',(-0.,-1.,0.));
#8884 = FACE_BOUND('',#8885,.F.);
#8885 = EDGE_LOOP('',(#8886));
#8886 = ORIENTED_EDGE('',*,*,#8887,.T.);
#8887 = EDGE_CURVE('',#8888,#8888,#8890,.T.);
#8888 = VERTEX_POINT('',#8889);
#8889 = CARTESIAN_POINT('',(157.48,-25.084375,0.));
#8890 = CIRCLE('',#8891,0.875);
#8891 = AXIS2_PLACEMENT_3D('',#8892,#8893,#8894);
#8892 = CARTESIAN_POINT('',(157.48,-24.209375,0.));
#8893 = DIRECTION('',(-0.,0.,-1.));
#8894 = DIRECTION('',(-0.,-1.,0.));
#8895 = FACE_BOUND('',#8896,.F.);
#8896 = EDGE_LOOP('',(#8897));
#8897 = ORIENTED_EDGE('',*,*,#8898,.T.);
#8898 = EDGE_CURVE('',#8899,#8899,#8901,.T.);
#8899 = VERTEX_POINT('',#8900);
#8900 = CARTESIAN_POINT('',(166.37,-25.084375,0.));
#8901 = CIRCLE('',#8902,0.875);
#8902 = AXIS2_PLACEMENT_3D('',#8903,#8904,#8905);
#8903 = CARTESIAN_POINT('',(166.37,-24.209375,0.));
#8904 = DIRECTION('',(-0.,0.,-1.));
#8905 = DIRECTION('',(-0.,-1.,0.));
#8906 = FACE_BOUND('',#8907,.F.);
#8907 = EDGE_LOOP('',(#8908));
#8908 = ORIENTED_EDGE('',*,*,#8909,.T.);
#8909 = EDGE_CURVE('',#8910,#8910,#8912,.T.);
#8910 = VERTEX_POINT('',#8911);
#8911 = CARTESIAN_POINT('',(171.45,-26.209375,0.));
#8912 = CIRCLE('',#8913,2.);
#8913 = AXIS2_PLACEMENT_3D('',#8914,#8915,#8916);
#8914 = CARTESIAN_POINT('',(171.45,-24.209375,0.));
#8915 = DIRECTION('',(-0.,0.,-1.));
#8916 = DIRECTION('',(-0.,-1.,0.));
#8917 = FACE_BOUND('',#8918,.F.);
#8918 = EDGE_LOOP('',(#8919));
#8919 = ORIENTED_EDGE('',*,*,#8920,.T.);
#8920 = EDGE_CURVE('',#8921,#8921,#8923,.T.);
#8921 = VERTEX_POINT('',#8922);
#8922 = CARTESIAN_POINT('',(176.53,-25.084375,0.));
#8923 = CIRCLE('',#8924,0.875);
#8924 = AXIS2_PLACEMENT_3D('',#8925,#8926,#8927);
#8925 = CARTESIAN_POINT('',(176.53,-24.209375,0.));
#8926 = DIRECTION('',(-0.,0.,-1.));
#8927 = DIRECTION('',(-0.,-1.,0.));
#8928 = FACE_BOUND('',#8929,.F.);
#8929 = EDGE_LOOP('',(#8930));
#8930 = ORIENTED_EDGE('',*,*,#8931,.T.);
#8931 = EDGE_CURVE('',#8932,#8932,#8934,.T.);
#8932 = VERTEX_POINT('',#8933);
#8933 = CARTESIAN_POINT('',(185.42,-25.084375,0.));
#8934 = CIRCLE('',#8935,0.875);
#8935 = AXIS2_PLACEMENT_3D('',#8936,#8937,#8938);
#8936 = CARTESIAN_POINT('',(185.42,-24.209375,0.));
#8937 = DIRECTION('',(-0.,0.,-1.));
#8938 = DIRECTION('',(-0.,-1.,0.));
#8939 = FACE_BOUND('',#8940,.F.);
#8940 = EDGE_LOOP('',(#8941));
#8941 = ORIENTED_EDGE('',*,*,#8942,.T.);
#8942 = EDGE_CURVE('',#8943,#8943,#8945,.T.);
#8943 = VERTEX_POINT('',#8944);
#8944 = CARTESIAN_POINT('',(190.5,-26.209375,0.));
#8945 = CIRCLE('',#8946,2.);
#8946 = AXIS2_PLACEMENT_3D('',#8947,#8948,#8949);
#8947 = CARTESIAN_POINT('',(190.5,-24.209375,0.));
#8948 = DIRECTION('',(-0.,0.,-1.));
#8949 = DIRECTION('',(-0.,-1.,0.));
#8950 = FACE_BOUND('',#8951,.F.);
#8951 = EDGE_LOOP('',(#8952));
#8952 = ORIENTED_EDGE('',*,*,#8953,.T.);
#8953 = EDGE_CURVE('',#8954,#8954,#8956,.T.);
#8954 = VERTEX_POINT('',#8955);
#8955 = CARTESIAN_POINT('',(195.58,-25.084375,0.));
#8956 = CIRCLE('',#8957,0.875);
#8957 = AXIS2_PLACEMENT_3D('',#8958,#8959,#8960);
#8958 = CARTESIAN_POINT('',(195.58,-24.209375,0.));
#8959 = DIRECTION('',(-0.,0.,-1.));
#8960 = DIRECTION('',(-0.,-1.,0.));
#8961 = FACE_BOUND('',#8962,.F.);
#8962 = EDGE_LOOP('',(#8963));
#8963 = ORIENTED_EDGE('',*,*,#8964,.T.);
#8964 = EDGE_CURVE('',#8965,#8965,#8967,.T.);
#8965 = VERTEX_POINT('',#8966);
#8966 = CARTESIAN_POINT('',(204.47,-25.084375,0.));
#8967 = CIRCLE('',#8968,0.875);
#8968 = AXIS2_PLACEMENT_3D('',#8969,#8970,#8971);
#8969 = CARTESIAN_POINT('',(204.47,-24.209375,0.));
#8970 = DIRECTION('',(-0.,0.,-1.));
#8971 = DIRECTION('',(-0.,-1.,0.));
#8972 = FACE_BOUND('',#8973,.F.);
#8973 = EDGE_LOOP('',(#8974));
#8974 = ORIENTED_EDGE('',*,*,#8975,.T.);
#8975 = EDGE_CURVE('',#8976,#8976,#8978,.T.);
#8976 = VERTEX_POINT('',#8977);
#8977 = CARTESIAN_POINT('',(209.55,-26.209375,0.));
#8978 = CIRCLE('',#8979,2.);
#8979 = AXIS2_PLACEMENT_3D('',#8980,#8981,#8982);
#8980 = CARTESIAN_POINT('',(209.55,-24.209375,0.));
#8981 = DIRECTION('',(-0.,0.,-1.));
#8982 = DIRECTION('',(-0.,-1.,0.));
#8983 = FACE_BOUND('',#8984,.F.);
#8984 = EDGE_LOOP('',(#8985));
#8985 = ORIENTED_EDGE('',*,*,#8986,.T.);
#8986 = EDGE_CURVE('',#8987,#8987,#8989,.T.);
#8987 = VERTEX_POINT('',#8988);
#8988 = CARTESIAN_POINT('',(214.63,-25.084375,0.));
#8989 = CIRCLE('',#8990,0.875);
#8990 = AXIS2_PLACEMENT_3D('',#8991,#8992,#8993);
#8991 = CARTESIAN_POINT('',(214.63,-24.209375,0.));
#8992 = DIRECTION('',(-0.,0.,-1.));
#8993 = DIRECTION('',(-0.,-1.,0.));
#8994 = FACE_BOUND('',#8995,.F.);
#8995 = EDGE_LOOP('',(#8996));
#8996 = ORIENTED_EDGE('',*,*,#8997,.T.);
#8997 = EDGE_CURVE('',#8998,#8998,#9000,.T.);
#8998 = VERTEX_POINT('',#8999);
#8999 = CARTESIAN_POINT('',(159.385,-7.001875,0.));
#9000 = CIRCLE('',#9001,1.525);
#9001 = AXIS2_PLACEMENT_3D('',#9002,#9003,#9004);
#9002 = CARTESIAN_POINT('',(159.385,-5.476875,0.));
#9003 = DIRECTION('',(-0.,0.,-1.));
#9004 = DIRECTION('',(-0.,-1.,0.));
#9005 = FACE_BOUND('',#9006,.F.);
#9006 = EDGE_LOOP('',(#9007));
#9007 = ORIENTED_EDGE('',*,*,#9008,.T.);
#9008 = EDGE_CURVE('',#9009,#9009,#9011,.T.);
#9009 = VERTEX_POINT('',#9010);
#9010 = CARTESIAN_POINT('',(146.685,-4.461875,0.));
#9011 = CIRCLE('',#9012,1.525);
#9012 = AXIS2_PLACEMENT_3D('',#9013,#9014,#9015);
#9013 = CARTESIAN_POINT('',(146.685,-2.936875,0.));
#9014 = DIRECTION('',(-0.,0.,-1.));
#9015 = DIRECTION('',(-0.,-1.,0.));
#9016 = FACE_BOUND('',#9017,.F.);
#9017 = EDGE_LOOP('',(#9018));
#9018 = ORIENTED_EDGE('',*,*,#9019,.T.);
#9019 = EDGE_CURVE('',#9020,#9020,#9022,.T.);
#9020 = VERTEX_POINT('',#9021);
#9021 = CARTESIAN_POINT('',(142.875,-2.396875,0.));
#9022 = CIRCLE('',#9023,2.);
#9023 = AXIS2_PLACEMENT_3D('',#9024,#9025,#9026);
#9024 = CARTESIAN_POINT('',(142.875,-0.396875,0.));
#9025 = DIRECTION('',(-0.,0.,-1.));
#9026 = DIRECTION('',(-0.,-1.,0.));
#9027 = FACE_BOUND('',#9028,.F.);
#9028 = EDGE_LOOP('',(#9029));
#9029 = ORIENTED_EDGE('',*,*,#9030,.T.);
#9030 = EDGE_CURVE('',#9031,#9031,#9033,.T.);
#9031 = VERTEX_POINT('',#9032);
#9032 = CARTESIAN_POINT('',(147.955,-1.271875,0.));
#9033 = CIRCLE('',#9034,0.875);
#9034 = AXIS2_PLACEMENT_3D('',#9035,#9036,#9037);
#9035 = CARTESIAN_POINT('',(147.955,-0.396875,0.));
#9036 = DIRECTION('',(-0.,0.,-1.));
#9037 = DIRECTION('',(-0.,-1.,0.));
#9038 = FACE_BOUND('',#9039,.F.);
#9039 = EDGE_LOOP('',(#9040));
#9040 = ORIENTED_EDGE('',*,*,#9041,.T.);
#9041 = EDGE_CURVE('',#9042,#9042,#9044,.T.);
#9042 = VERTEX_POINT('',#9043);
#9043 = CARTESIAN_POINT('',(156.845,-1.271875,0.));
#9044 = CIRCLE('',#9045,0.875);
#9045 = AXIS2_PLACEMENT_3D('',#9046,#9047,#9048);
#9046 = CARTESIAN_POINT('',(156.845,-0.396875,0.));
#9047 = DIRECTION('',(-0.,0.,-1.));
#9048 = DIRECTION('',(-0.,-1.,0.));
#9049 = FACE_BOUND('',#9050,.F.);
#9050 = EDGE_LOOP('',(#9051));
#9051 = ORIENTED_EDGE('',*,*,#9052,.T.);
#9052 = EDGE_CURVE('',#9053,#9053,#9055,.T.);
#9053 = VERTEX_POINT('',#9054);
#9054 = CARTESIAN_POINT('',(165.735,-4.461875,0.));
#9055 = CIRCLE('',#9056,1.525);
#9056 = AXIS2_PLACEMENT_3D('',#9057,#9058,#9059);
#9057 = CARTESIAN_POINT('',(165.735,-2.936875,0.));
#9058 = DIRECTION('',(-0.,0.,-1.));
#9059 = DIRECTION('',(-0.,-1.,0.));
#9060 = FACE_BOUND('',#9061,.F.);
#9061 = EDGE_LOOP('',(#9062));
#9062 = ORIENTED_EDGE('',*,*,#9063,.T.);
#9063 = EDGE_CURVE('',#9064,#9064,#9066,.T.);
#9064 = VERTEX_POINT('',#9065);
#9065 = CARTESIAN_POINT('',(161.925,-2.396875,0.));
#9066 = CIRCLE('',#9067,2.);
#9067 = AXIS2_PLACEMENT_3D('',#9068,#9069,#9070);
#9068 = CARTESIAN_POINT('',(161.925,-0.396875,0.));
#9069 = DIRECTION('',(-0.,0.,-1.));
#9070 = DIRECTION('',(-0.,-1.,0.));
#9071 = FACE_BOUND('',#9072,.F.);
#9072 = EDGE_LOOP('',(#9073));
#9073 = ORIENTED_EDGE('',*,*,#9074,.T.);
#9074 = EDGE_CURVE('',#9075,#9075,#9077,.T.);
#9075 = VERTEX_POINT('',#9076);
#9076 = CARTESIAN_POINT('',(167.005,-1.271875,0.));
#9077 = CIRCLE('',#9078,0.875);
#9078 = AXIS2_PLACEMENT_3D('',#9079,#9080,#9081);
#9079 = CARTESIAN_POINT('',(167.005,-0.396875,0.));
#9080 = DIRECTION('',(-0.,0.,-1.));
#9081 = DIRECTION('',(-0.,-1.,0.));
#9082 = FACE_BOUND('',#9083,.F.);
#9083 = EDGE_LOOP('',(#9084));
#9084 = ORIENTED_EDGE('',*,*,#9085,.T.);
#9085 = EDGE_CURVE('',#9086,#9086,#9088,.T.);
#9086 = VERTEX_POINT('',#9087);
#9087 = CARTESIAN_POINT('',(183.1975,-7.001875,0.));
#9088 = CIRCLE('',#9089,1.525);
#9089 = AXIS2_PLACEMENT_3D('',#9090,#9091,#9092);
#9090 = CARTESIAN_POINT('',(183.1975,-5.476875,0.));
#9091 = DIRECTION('',(-0.,0.,-1.));
#9092 = DIRECTION('',(-0.,-1.,0.));
#9093 = FACE_BOUND('',#9094,.F.);
#9094 = EDGE_LOOP('',(#9095));
#9095 = ORIENTED_EDGE('',*,*,#9096,.T.);
#9096 = EDGE_CURVE('',#9097,#9097,#9099,.T.);
#9097 = VERTEX_POINT('',#9098);
#9098 = CARTESIAN_POINT('',(202.2475,-7.001875,0.));
#9099 = CIRCLE('',#9100,1.525);
#9100 = AXIS2_PLACEMENT_3D('',#9101,#9102,#9103);
#9101 = CARTESIAN_POINT('',(202.2475,-5.476875,0.));
#9102 = DIRECTION('',(-0.,0.,-1.));
#9103 = DIRECTION('',(-0.,-1.,0.));
#9104 = FACE_BOUND('',#9105,.F.);
#9105 = EDGE_LOOP('',(#9106));
#9106 = ORIENTED_EDGE('',*,*,#9107,.T.);
#9107 = EDGE_CURVE('',#9108,#9108,#9110,.T.);
#9108 = VERTEX_POINT('',#9109);
#9109 = CARTESIAN_POINT('',(189.5475,-4.461875,0.));
#9110 = CIRCLE('',#9111,1.525);
#9111 = AXIS2_PLACEMENT_3D('',#9112,#9113,#9114);
#9112 = CARTESIAN_POINT('',(189.5475,-2.936875,0.));
#9113 = DIRECTION('',(-0.,0.,-1.));
#9114 = DIRECTION('',(-0.,-1.,0.));
#9115 = FACE_BOUND('',#9116,.F.);
#9116 = EDGE_LOOP('',(#9117));
#9117 = ORIENTED_EDGE('',*,*,#9118,.T.);
#9118 = EDGE_CURVE('',#9119,#9119,#9121,.T.);
#9119 = VERTEX_POINT('',#9120);
#9120 = CARTESIAN_POINT('',(180.6575,-1.271875,0.));
#9121 = CIRCLE('',#9122,0.875);
#9122 = AXIS2_PLACEMENT_3D('',#9123,#9124,#9125);
#9123 = CARTESIAN_POINT('',(180.6575,-0.396875,0.));
#9124 = DIRECTION('',(-0.,0.,-1.));
#9125 = DIRECTION('',(-0.,-1.,0.));
#9126 = FACE_BOUND('',#9127,.F.);
#9127 = EDGE_LOOP('',(#9128));
#9128 = ORIENTED_EDGE('',*,*,#9129,.T.);
#9129 = EDGE_CURVE('',#9130,#9130,#9132,.T.);
#9130 = VERTEX_POINT('',#9131);
#9131 = CARTESIAN_POINT('',(185.7375,-2.396875,0.));
#9132 = CIRCLE('',#9133,2.);
#9133 = AXIS2_PLACEMENT_3D('',#9134,#9135,#9136);
#9134 = CARTESIAN_POINT('',(185.7375,-0.396875,0.));
#9135 = DIRECTION('',(-0.,0.,-1.));
#9136 = DIRECTION('',(-0.,-1.,0.));
#9137 = FACE_BOUND('',#9138,.F.);
#9138 = EDGE_LOOP('',(#9139));
#9139 = ORIENTED_EDGE('',*,*,#9140,.T.);
#9140 = EDGE_CURVE('',#9141,#9141,#9143,.T.);
#9141 = VERTEX_POINT('',#9142);
#9142 = CARTESIAN_POINT('',(190.8175,-1.271875,0.));
#9143 = CIRCLE('',#9144,0.875);
#9144 = AXIS2_PLACEMENT_3D('',#9145,#9146,#9147);
#9145 = CARTESIAN_POINT('',(190.8175,-0.396875,0.));
#9146 = DIRECTION('',(-0.,0.,-1.));
#9147 = DIRECTION('',(-0.,-1.,0.));
#9148 = FACE_BOUND('',#9149,.F.);
#9149 = EDGE_LOOP('',(#9150));
#9150 = ORIENTED_EDGE('',*,*,#9151,.T.);
#9151 = EDGE_CURVE('',#9152,#9152,#9154,.T.);
#9152 = VERTEX_POINT('',#9153);
#9153 = CARTESIAN_POINT('',(208.5975,-4.461875,0.));
#9154 = CIRCLE('',#9155,1.525);
#9155 = AXIS2_PLACEMENT_3D('',#9156,#9157,#9158);
#9156 = CARTESIAN_POINT('',(208.5975,-2.936875,0.));
#9157 = DIRECTION('',(-0.,0.,-1.));
#9158 = DIRECTION('',(-0.,-1.,0.));
#9159 = FACE_BOUND('',#9160,.F.);
#9160 = EDGE_LOOP('',(#9161));
#9161 = ORIENTED_EDGE('',*,*,#9162,.T.);
#9162 = EDGE_CURVE('',#9163,#9163,#9165,.T.);
#9163 = VERTEX_POINT('',#9164);
#9164 = CARTESIAN_POINT('',(199.7075,-1.271875,0.));
#9165 = CIRCLE('',#9166,0.875);
#9166 = AXIS2_PLACEMENT_3D('',#9167,#9168,#9169);
#9167 = CARTESIAN_POINT('',(199.7075,-0.396875,0.));
#9168 = DIRECTION('',(-0.,0.,-1.));
#9169 = DIRECTION('',(-0.,-1.,0.));
#9170 = FACE_BOUND('',#9171,.F.);
#9171 = EDGE_LOOP('',(#9172));
#9172 = ORIENTED_EDGE('',*,*,#9173,.T.);
#9173 = EDGE_CURVE('',#9174,#9174,#9176,.T.);
#9174 = VERTEX_POINT('',#9175);
#9175 = CARTESIAN_POINT('',(204.7875,-2.396875,0.));
#9176 = CIRCLE('',#9177,2.);
#9177 = AXIS2_PLACEMENT_3D('',#9178,#9179,#9180);
#9178 = CARTESIAN_POINT('',(204.7875,-0.396875,0.));
#9179 = DIRECTION('',(-0.,0.,-1.));
#9180 = DIRECTION('',(-0.,-1.,0.));
#9181 = FACE_BOUND('',#9182,.F.);
#9182 = EDGE_LOOP('',(#9183));
#9183 = ORIENTED_EDGE('',*,*,#9184,.T.);
#9184 = EDGE_CURVE('',#9185,#9185,#9187,.T.);
#9185 = VERTEX_POINT('',#9186);
#9186 = CARTESIAN_POINT('',(209.8675,-1.271875,0.));
#9187 = CIRCLE('',#9188,0.875);
#9188 = AXIS2_PLACEMENT_3D('',#9189,#9190,#9191);
#9189 = CARTESIAN_POINT('',(209.8675,-0.396875,0.));
#9190 = DIRECTION('',(-0.,0.,-1.));
#9191 = DIRECTION('',(-0.,-1.,0.));
#9192 = FACE_BOUND('',#9193,.F.);
#9193 = EDGE_LOOP('',(#9194));
#9194 = ORIENTED_EDGE('',*,*,#9195,.T.);
#9195 = EDGE_CURVE('',#9196,#9196,#9198,.T.);
#9196 = VERTEX_POINT('',#9197);
#9197 = CARTESIAN_POINT('',(223.52,-25.084375,0.));
#9198 = CIRCLE('',#9199,0.875);
#9199 = AXIS2_PLACEMENT_3D('',#9200,#9201,#9202);
#9200 = CARTESIAN_POINT('',(223.52,-24.209375,0.));
#9201 = DIRECTION('',(-0.,0.,-1.));
#9202 = DIRECTION('',(-0.,-1.,0.));
#9203 = FACE_BOUND('',#9204,.F.);
#9204 = EDGE_LOOP('',(#9205));
#9205 = ORIENTED_EDGE('',*,*,#9206,.T.);
#9206 = EDGE_CURVE('',#9207,#9207,#9209,.T.);
#9207 = VERTEX_POINT('',#9208);
#9208 = CARTESIAN_POINT('',(228.6,-26.209375,0.));
#9209 = CIRCLE('',#9210,2.);
#9210 = AXIS2_PLACEMENT_3D('',#9211,#9212,#9213);
#9211 = CARTESIAN_POINT('',(228.6,-24.209375,0.));
#9212 = DIRECTION('',(-0.,0.,-1.));
#9213 = DIRECTION('',(-0.,-1.,0.));
#9214 = FACE_BOUND('',#9215,.F.);
#9215 = EDGE_LOOP('',(#9216));
#9216 = ORIENTED_EDGE('',*,*,#9217,.T.);
#9217 = EDGE_CURVE('',#9218,#9218,#9220,.T.);
#9218 = VERTEX_POINT('',#9219);
#9219 = CARTESIAN_POINT('',(233.68,-25.084375,0.));
#9220 = CIRCLE('',#9221,0.875);
#9221 = AXIS2_PLACEMENT_3D('',#9222,#9223,#9224);
#9222 = CARTESIAN_POINT('',(233.68,-24.209375,0.));
#9223 = DIRECTION('',(-0.,0.,-1.));
#9224 = DIRECTION('',(-0.,-1.,0.));
#9225 = FACE_BOUND('',#9226,.F.);
#9226 = EDGE_LOOP('',(#9227));
#9227 = ORIENTED_EDGE('',*,*,#9228,.T.);
#9228 = EDGE_CURVE('',#9229,#9229,#9231,.T.);
#9229 = VERTEX_POINT('',#9230);
#9230 = CARTESIAN_POINT('',(252.095,-25.084375,0.));
#9231 = CIRCLE('',#9232,0.875);
#9232 = AXIS2_PLACEMENT_3D('',#9233,#9234,#9235);
#9233 = CARTESIAN_POINT('',(252.095,-24.209375,0.));
#9234 = DIRECTION('',(-0.,0.,-1.));
#9235 = DIRECTION('',(-0.,-1.,0.));
#9236 = FACE_BOUND('',#9237,.F.);
#9237 = EDGE_LOOP('',(#9238));
#9238 = ORIENTED_EDGE('',*,*,#9239,.T.);
#9239 = EDGE_CURVE('',#9240,#9240,#9242,.T.);
#9240 = VERTEX_POINT('',#9241);
#9241 = CARTESIAN_POINT('',(257.175,-26.209375,0.));
#9242 = CIRCLE('',#9243,2.);
#9243 = AXIS2_PLACEMENT_3D('',#9244,#9245,#9246);
#9244 = CARTESIAN_POINT('',(257.175,-24.209375,0.));
#9245 = DIRECTION('',(-0.,0.,-1.));
#9246 = DIRECTION('',(-0.,-1.,0.));
#9247 = FACE_BOUND('',#9248,.F.);
#9248 = EDGE_LOOP('',(#9249));
#9249 = ORIENTED_EDGE('',*,*,#9250,.T.);
#9250 = EDGE_CURVE('',#9251,#9251,#9253,.T.);
#9251 = VERTEX_POINT('',#9252);
#9252 = CARTESIAN_POINT('',(262.255,-25.084375,0.));
#9253 = CIRCLE('',#9254,0.875);
#9254 = AXIS2_PLACEMENT_3D('',#9255,#9256,#9257);
#9255 = CARTESIAN_POINT('',(262.255,-24.209375,0.));
#9256 = DIRECTION('',(-0.,0.,-1.));
#9257 = DIRECTION('',(-0.,-1.,0.));
#9258 = FACE_BOUND('',#9259,.F.);
#9259 = EDGE_LOOP('',(#9260));
#9260 = ORIENTED_EDGE('',*,*,#9261,.T.);
#9261 = EDGE_CURVE('',#9262,#9262,#9264,.T.);
#9262 = VERTEX_POINT('',#9263);
#9263 = CARTESIAN_POINT('',(280.67,-25.084375,0.));
#9264 = CIRCLE('',#9265,0.875);
#9265 = AXIS2_PLACEMENT_3D('',#9266,#9267,#9268);
#9266 = CARTESIAN_POINT('',(280.67,-24.209375,0.));
#9267 = DIRECTION('',(-0.,0.,-1.));
#9268 = DIRECTION('',(-0.,-1.,0.));
#9269 = FACE_BOUND('',#9270,.F.);
#9270 = EDGE_LOOP('',(#9271));
#9271 = ORIENTED_EDGE('',*,*,#9272,.T.);
#9272 = EDGE_CURVE('',#9273,#9273,#9275,.T.);
#9273 = VERTEX_POINT('',#9274);
#9274 = CARTESIAN_POINT('',(285.75,-26.209375,0.));
#9275 = CIRCLE('',#9276,2.);
#9276 = AXIS2_PLACEMENT_3D('',#9277,#9278,#9279);
#9277 = CARTESIAN_POINT('',(285.75,-24.209375,0.));
#9278 = DIRECTION('',(-0.,0.,-1.));
#9279 = DIRECTION('',(-0.,-1.,0.));
#9280 = FACE_BOUND('',#9281,.F.);
#9281 = EDGE_LOOP('',(#9282));
#9282 = ORIENTED_EDGE('',*,*,#9283,.T.);
#9283 = EDGE_CURVE('',#9284,#9284,#9286,.T.);
#9284 = VERTEX_POINT('',#9285);
#9285 = CARTESIAN_POINT('',(290.83,-25.084375,0.));
#9286 = CIRCLE('',#9287,0.875);
#9287 = AXIS2_PLACEMENT_3D('',#9288,#9289,#9290);
#9288 = CARTESIAN_POINT('',(290.83,-24.209375,0.));
#9289 = DIRECTION('',(-0.,0.,-1.));
#9290 = DIRECTION('',(-0.,-1.,0.));
#9291 = FACE_BOUND('',#9292,.F.);
#9292 = EDGE_LOOP('',(#9293));
#9293 = ORIENTED_EDGE('',*,*,#9294,.T.);
#9294 = EDGE_CURVE('',#9295,#9295,#9297,.T.);
#9295 = VERTEX_POINT('',#9296);
#9296 = CARTESIAN_POINT('',(221.2975,-7.001875,0.));
#9297 = CIRCLE('',#9298,1.525);
#9298 = AXIS2_PLACEMENT_3D('',#9299,#9300,#9301);
#9299 = CARTESIAN_POINT('',(221.2975,-5.476875,0.));
#9300 = DIRECTION('',(-0.,0.,-1.));
#9301 = DIRECTION('',(-0.,-1.,0.));
#9302 = FACE_BOUND('',#9303,.F.);
#9303 = EDGE_LOOP('',(#9304));
#9304 = ORIENTED_EDGE('',*,*,#9305,.T.);
#9305 = EDGE_CURVE('',#9306,#9306,#9308,.T.);
#9306 = VERTEX_POINT('',#9307);
#9307 = CARTESIAN_POINT('',(240.3475,-7.001875,0.));
#9308 = CIRCLE('',#9309,1.525);
#9309 = AXIS2_PLACEMENT_3D('',#9310,#9311,#9312);
#9310 = CARTESIAN_POINT('',(240.3475,-5.476875,0.));
#9311 = DIRECTION('',(-0.,0.,-1.));
#9312 = DIRECTION('',(-0.,-1.,0.));
#9313 = FACE_BOUND('',#9314,.F.);
#9314 = EDGE_LOOP('',(#9315));
#9315 = ORIENTED_EDGE('',*,*,#9316,.T.);
#9316 = EDGE_CURVE('',#9317,#9317,#9319,.T.);
#9317 = VERTEX_POINT('',#9318);
#9318 = CARTESIAN_POINT('',(227.6475,-4.461875,0.));
#9319 = CIRCLE('',#9320,1.525);
#9320 = AXIS2_PLACEMENT_3D('',#9321,#9322,#9323);
#9321 = CARTESIAN_POINT('',(227.6475,-2.936875,0.));
#9322 = DIRECTION('',(-0.,0.,-1.));
#9323 = DIRECTION('',(-0.,-1.,0.));
#9324 = FACE_BOUND('',#9325,.F.);
#9325 = EDGE_LOOP('',(#9326));
#9326 = ORIENTED_EDGE('',*,*,#9327,.T.);
#9327 = EDGE_CURVE('',#9328,#9328,#9330,.T.);
#9328 = VERTEX_POINT('',#9329);
#9329 = CARTESIAN_POINT('',(218.7575,-1.271875,0.));
#9330 = CIRCLE('',#9331,0.875);
#9331 = AXIS2_PLACEMENT_3D('',#9332,#9333,#9334);
#9332 = CARTESIAN_POINT('',(218.7575,-0.396875,0.));
#9333 = DIRECTION('',(-0.,0.,-1.));
#9334 = DIRECTION('',(-0.,-1.,0.));
#9335 = FACE_BOUND('',#9336,.F.);
#9336 = EDGE_LOOP('',(#9337));
#9337 = ORIENTED_EDGE('',*,*,#9338,.T.);
#9338 = EDGE_CURVE('',#9339,#9339,#9341,.T.);
#9339 = VERTEX_POINT('',#9340);
#9340 = CARTESIAN_POINT('',(223.8375,-2.396875,0.));
#9341 = CIRCLE('',#9342,2.);
#9342 = AXIS2_PLACEMENT_3D('',#9343,#9344,#9345);
#9343 = CARTESIAN_POINT('',(223.8375,-0.396875,0.));
#9344 = DIRECTION('',(-0.,0.,-1.));
#9345 = DIRECTION('',(-0.,-1.,0.));
#9346 = FACE_BOUND('',#9347,.F.);
#9347 = EDGE_LOOP('',(#9348));
#9348 = ORIENTED_EDGE('',*,*,#9349,.T.);
#9349 = EDGE_CURVE('',#9350,#9350,#9352,.T.);
#9350 = VERTEX_POINT('',#9351);
#9351 = CARTESIAN_POINT('',(228.9175,-1.271875,0.));
#9352 = CIRCLE('',#9353,0.875);
#9353 = AXIS2_PLACEMENT_3D('',#9354,#9355,#9356);
#9354 = CARTESIAN_POINT('',(228.9175,-0.396875,0.));
#9355 = DIRECTION('',(-0.,0.,-1.));
#9356 = DIRECTION('',(-0.,-1.,0.));
#9357 = FACE_BOUND('',#9358,.F.);
#9358 = EDGE_LOOP('',(#9359));
#9359 = ORIENTED_EDGE('',*,*,#9360,.T.);
#9360 = EDGE_CURVE('',#9361,#9361,#9363,.T.);
#9361 = VERTEX_POINT('',#9362);
#9362 = CARTESIAN_POINT('',(246.6975,-4.461875,0.));
#9363 = CIRCLE('',#9364,1.525);
#9364 = AXIS2_PLACEMENT_3D('',#9365,#9366,#9367);
#9365 = CARTESIAN_POINT('',(246.6975,-2.936875,0.));
#9366 = DIRECTION('',(-0.,0.,-1.));
#9367 = DIRECTION('',(-0.,-1.,0.));
#9368 = FACE_BOUND('',#9369,.F.);
#9369 = EDGE_LOOP('',(#9370));
#9370 = ORIENTED_EDGE('',*,*,#9371,.T.);
#9371 = EDGE_CURVE('',#9372,#9372,#9374,.T.);
#9372 = VERTEX_POINT('',#9373);
#9373 = CARTESIAN_POINT('',(237.8075,-1.271875,0.));
#9374 = CIRCLE('',#9375,0.875);
#9375 = AXIS2_PLACEMENT_3D('',#9376,#9377,#9378);
#9376 = CARTESIAN_POINT('',(237.8075,-0.396875,0.));
#9377 = DIRECTION('',(-0.,0.,-1.));
#9378 = DIRECTION('',(-0.,-1.,0.));
#9379 = FACE_BOUND('',#9380,.F.);
#9380 = EDGE_LOOP('',(#9381));
#9381 = ORIENTED_EDGE('',*,*,#9382,.T.);
#9382 = EDGE_CURVE('',#9383,#9383,#9385,.T.);
#9383 = VERTEX_POINT('',#9384);
#9384 = CARTESIAN_POINT('',(242.8875,-2.396875,0.));
#9385 = CIRCLE('',#9386,2.);
#9386 = AXIS2_PLACEMENT_3D('',#9387,#9388,#9389);
#9387 = CARTESIAN_POINT('',(242.8875,-0.396875,0.));
#9388 = DIRECTION('',(-0.,0.,-1.));
#9389 = DIRECTION('',(-0.,-1.,0.));
#9390 = FACE_BOUND('',#9391,.F.);
#9391 = EDGE_LOOP('',(#9392));
#9392 = ORIENTED_EDGE('',*,*,#9393,.T.);
#9393 = EDGE_CURVE('',#9394,#9394,#9396,.T.);
#9394 = VERTEX_POINT('',#9395);
#9395 = CARTESIAN_POINT('',(247.9675,-1.271875,0.));
#9396 = CIRCLE('',#9397,0.875);
#9397 = AXIS2_PLACEMENT_3D('',#9398,#9399,#9400);
#9398 = CARTESIAN_POINT('',(247.9675,-0.396875,0.));
#9399 = DIRECTION('',(-0.,0.,-1.));
#9400 = DIRECTION('',(-0.,-1.,0.));
#9401 = PLANE('',#9402);
#9402 = AXIS2_PLACEMENT_3D('',#9403,#9404,#9405);
#9403 = CARTESIAN_POINT('',(0.,0.,0.));
#9404 = DIRECTION('',(0.,0.,1.));
#9405 = DIRECTION('',(1.,0.,-0.));
#9406 = ADVANCED_FACE('',(#9407,#9418,#9429,#9440,#9451,#9462,#9473,
    #9484,#9495,#9506,#9517,#9528,#9539,#9550,#9561,#9572,#9583,#9594,
    #9605,#9616,#9627,#9638,#9649,#9660,#9671,#9682,#9693,#9704,#9715,
    #9726,#9737,#9748,#9759,#9770,#9781,#9792,#9803,#9814,#9825,#9836,
    #9847,#9858,#9869,#9880,#9891,#9902,#9913,#9924,#9935,#9946,#9957,
    #9968,#9979,#9990,#10001,#10012,#10023,#10034,#10045,#10056,#10067,
    #10078,#10089,#10100,#10111,#10122,#10133,#10144,#10155,#10166,
    #10177,#10188,#10199,#10210,#10221,#10232,#10243,#10254,#10265,
    #10276,#10287,#10298,#10309,#10320,#10331,#10342,#10353,#10364,
    #10375,#10386,#10397,#10408,#10419,#10430,#10441,#10452,#10463,
    #10474,#10485,#10496,#10507,#10518,#10529,#10540,#10551,#10562,
    #10573,#10584,#10595,#10606,#10617,#10628,#10639,#10650,#10661,
    #10672,#10683,#10694,#10705,#10716,#10727,#10738,#10749,#10760,
    #10771,#10782,#10793,#10804,#10815,#10826,#10837,#10848,#10859,
    #10870,#10881,#10892,#10903,#10914,#10925,#10936,#10947,#10958,
    #10969,#10980,#10991,#11002,#11013,#11024,#11035,#11046,#11057,
    #11068,#11079,#11090,#11101,#11112,#11123,#11134,#11145,#11156,
    #11167,#11178,#11189,#11200,#11211,#11222,#11233,#11244,#11255,
    #11266,#11277,#11288,#11299,#11310,#11321,#11332,#11343,#11354,
    #11365,#11376,#11387,#11398,#11409,#11420,#11431,#11442,#11453,
    #11464,#11475,#11486,#11497,#11508,#11519,#11530,#11541,#11552,
    #11563,#11574,#11585,#11596,#11607,#11618,#11629,#11640,#11651,
    #11662,#11673,#11684,#11695,#11706,#11717,#11728,#11739,#11750,
    #11761,#11772,#11783,#11794,#11805,#11816,#11827,#11838,#11849,
    #11860,#11871,#11882,#11893,#11904,#11915,#11926,#11937,#11948,
    #11959,#11970,#11981,#11992,#12003,#12014,#12025,#12036,#12047,
    #12058,#12069,#12080,#12091,#12102,#12113,#12124,#12135,#12146,
    #12157,#12168,#12179,#12190,#12201,#12212,#12223,#12234,#12245,
    #12256,#12267,#12278,#12289,#12300,#12311,#12322,#12333,#12344,
    #12355,#12366,#12377,#12388,#12399,#12410,#12421,#12432,#12443,
    #12454,#12465,#12476,#12487,#12498,#12509,#12520,#12531,#12542,
    #12553,#12564,#12575,#12586,#12597,#12608,#12619,#12630,#12641,
    #12652,#12663,#12674,#12685,#12696,#12707,#12718,#12729,#12740,
    #12751,#12762,#12773,#12784,#12795,#12806,#12817,#12828,#12839,
    #12850,#12861,#12872,#12883,#12894,#12905,#12916,#12927,#12938,
    #12949,#12960,#12971,#12982,#12993,#13004,#13015,#13026,#13037,
    #13048,#13059,#13070,#13081,#13092,#13103,#13114,#13125,#13136,
    #13147,#13158,#13169,#13180,#13191,#13202,#13213,#13224,#13235,
    #13246,#13257,#13268,#13279,#13290,#13301,#13312,#13323,#13334,
    #13345,#13356,#13367,#13378,#13389,#13400,#13411,#13422,#13433,
    #13444,#13455,#13466,#13477,#13488,#13499,#13510,#13521,#13532,
    #13543,#13554,#13565,#13576,#13587,#13598,#13609,#13620,#13631,
    #13642,#13653,#13664,#13675,#13686,#13697,#13708,#13719,#13730,
    #13741,#13752,#13763,#13774,#13785,#13796,#13807),#13818,.T.);
#9407 = FACE_BOUND('',#9408,.T.);
#9408 = EDGE_LOOP('',(#9409,#9410,#9411,#9417));
#9409 = ORIENTED_EDGE('',*,*,#4901,.F.);
#9410 = ORIENTED_EDGE('',*,*,#4941,.F.);
#9411 = ORIENTED_EDGE('',*,*,#9412,.F.);
#9412 = EDGE_CURVE('',#4964,#4934,#9413,.T.);
#9413 = LINE('',#9414,#9415);
#9414 = CARTESIAN_POINT('',(-12.446,25.4,1.6));
#9415 = VECTOR('',#9416,1.);
#9416 = DIRECTION('',(1.,0.,0.));
#9417 = ORIENTED_EDGE('',*,*,#4963,.F.);
#9418 = FACE_BOUND('',#9419,.T.);
#9419 = EDGE_LOOP('',(#9420));
#9420 = ORIENTED_EDGE('',*,*,#9421,.T.);
#9421 = EDGE_CURVE('',#9422,#9422,#9424,.T.);
#9422 = VERTEX_POINT('',#9423);
#9423 = CARTESIAN_POINT('',(-0.15875,-107.014375,1.6));
#9424 = CIRCLE('',#9425,1.525);
#9425 = AXIS2_PLACEMENT_3D('',#9426,#9427,#9428);
#9426 = CARTESIAN_POINT('',(-0.15875,-105.489375,1.6));
#9427 = DIRECTION('',(-0.,0.,-1.));
#9428 = DIRECTION('',(1.092022647172E-16,-1.,-0.));
#9429 = FACE_BOUND('',#9430,.T.);
#9430 = EDGE_LOOP('',(#9431));
#9431 = ORIENTED_EDGE('',*,*,#9432,.T.);
#9432 = EDGE_CURVE('',#9433,#9433,#9435,.T.);
#9433 = VERTEX_POINT('',#9434);
#9434 = CARTESIAN_POINT('',(-2.69875,-101.284375,1.6));
#9435 = CIRCLE('',#9436,0.875);
#9436 = AXIS2_PLACEMENT_3D('',#9437,#9438,#9439);
#9437 = CARTESIAN_POINT('',(-2.69875,-100.409375,1.6));
#9438 = DIRECTION('',(-0.,0.,-1.));
#9439 = DIRECTION('',(-0.,-1.,0.));
#9440 = FACE_BOUND('',#9441,.T.);
#9441 = EDGE_LOOP('',(#9442));
#9442 = ORIENTED_EDGE('',*,*,#9443,.T.);
#9443 = EDGE_CURVE('',#9444,#9444,#9446,.T.);
#9444 = VERTEX_POINT('',#9445);
#9445 = CARTESIAN_POINT('',(2.38125,-102.409375,1.6));
#9446 = CIRCLE('',#9447,2.);
#9447 = AXIS2_PLACEMENT_3D('',#9448,#9449,#9450);
#9448 = CARTESIAN_POINT('',(2.38125,-100.409375,1.6));
#9449 = DIRECTION('',(-0.,0.,-1.));
#9450 = DIRECTION('',(2.22044604925E-16,-1.,-0.));
#9451 = FACE_BOUND('',#9452,.T.);
#9452 = EDGE_LOOP('',(#9453));
#9453 = ORIENTED_EDGE('',*,*,#9454,.T.);
#9454 = EDGE_CURVE('',#9455,#9455,#9457,.T.);
#9455 = VERTEX_POINT('',#9456);
#9456 = CARTESIAN_POINT('',(6.19125,-104.474375,1.6));
#9457 = CIRCLE('',#9458,1.525);
#9458 = AXIS2_PLACEMENT_3D('',#9459,#9460,#9461);
#9459 = CARTESIAN_POINT('',(6.19125,-102.949375,1.6));
#9460 = DIRECTION('',(-0.,0.,-1.));
#9461 = DIRECTION('',(-0.,-1.,0.));
#9462 = FACE_BOUND('',#9463,.T.);
#9463 = EDGE_LOOP('',(#9464));
#9464 = ORIENTED_EDGE('',*,*,#9465,.T.);
#9465 = EDGE_CURVE('',#9466,#9466,#9468,.T.);
#9466 = VERTEX_POINT('',#9467);
#9467 = CARTESIAN_POINT('',(7.46125,-101.284375,1.6));
#9468 = CIRCLE('',#9469,0.875);
#9469 = AXIS2_PLACEMENT_3D('',#9470,#9471,#9472);
#9470 = CARTESIAN_POINT('',(7.46125,-100.409375,1.6));
#9471 = DIRECTION('',(-0.,0.,-1.));
#9472 = DIRECTION('',(-0.,-1.,0.));
#9473 = FACE_BOUND('',#9474,.T.);
#9474 = EDGE_LOOP('',(#9475));
#9475 = ORIENTED_EDGE('',*,*,#9476,.T.);
#9476 = EDGE_CURVE('',#9477,#9477,#9479,.T.);
#9477 = VERTEX_POINT('',#9478);
#9478 = CARTESIAN_POINT('',(23.65375,-107.014375,1.6));
#9479 = CIRCLE('',#9480,1.525);
#9480 = AXIS2_PLACEMENT_3D('',#9481,#9482,#9483);
#9481 = CARTESIAN_POINT('',(23.65375,-105.489375,1.6));
#9482 = DIRECTION('',(-0.,0.,-1.));
#9483 = DIRECTION('',(-2.329648313968E-15,-1.,0.));
#9484 = FACE_BOUND('',#9485,.T.);
#9485 = EDGE_LOOP('',(#9486));
#9486 = ORIENTED_EDGE('',*,*,#9487,.T.);
#9487 = EDGE_CURVE('',#9488,#9488,#9490,.T.);
#9488 = VERTEX_POINT('',#9489);
#9489 = CARTESIAN_POINT('',(21.11375,-101.284375,1.6));
#9490 = CIRCLE('',#9491,0.875);
#9491 = AXIS2_PLACEMENT_3D('',#9492,#9493,#9494);
#9492 = CARTESIAN_POINT('',(21.11375,-100.409375,1.6));
#9493 = DIRECTION('',(-0.,0.,-1.));
#9494 = DIRECTION('',(-0.,-1.,0.));
#9495 = FACE_BOUND('',#9496,.T.);
#9496 = EDGE_LOOP('',(#9497));
#9497 = ORIENTED_EDGE('',*,*,#9498,.T.);
#9498 = EDGE_CURVE('',#9499,#9499,#9501,.T.);
#9499 = VERTEX_POINT('',#9500);
#9500 = CARTESIAN_POINT('',(30.00375,-104.474375,1.6));
#9501 = CIRCLE('',#9502,1.525);
#9502 = AXIS2_PLACEMENT_3D('',#9503,#9504,#9505);
#9503 = CARTESIAN_POINT('',(30.00375,-102.949375,1.6));
#9504 = DIRECTION('',(-0.,0.,-1.));
#9505 = DIRECTION('',(-0.,-1.,0.));
#9506 = FACE_BOUND('',#9507,.T.);
#9507 = EDGE_LOOP('',(#9508));
#9508 = ORIENTED_EDGE('',*,*,#9509,.T.);
#9509 = EDGE_CURVE('',#9510,#9510,#9512,.T.);
#9510 = VERTEX_POINT('',#9511);
#9511 = CARTESIAN_POINT('',(26.19375,-102.409375,1.6));
#9512 = CIRCLE('',#9513,2.);
#9513 = AXIS2_PLACEMENT_3D('',#9514,#9515,#9516);
#9514 = CARTESIAN_POINT('',(26.19375,-100.409375,1.6));
#9515 = DIRECTION('',(-0.,0.,-1.));
#9516 = DIRECTION('',(-0.,-1.,0.));
#9517 = FACE_BOUND('',#9518,.T.);
#9518 = EDGE_LOOP('',(#9519));
#9519 = ORIENTED_EDGE('',*,*,#9520,.T.);
#9520 = EDGE_CURVE('',#9521,#9521,#9523,.T.);
#9521 = VERTEX_POINT('',#9522);
#9522 = CARTESIAN_POINT('',(47.46625,-107.014375,1.6));
#9523 = CIRCLE('',#9524,1.525);
#9524 = AXIS2_PLACEMENT_3D('',#9525,#9526,#9527);
#9525 = CARTESIAN_POINT('',(47.46625,-105.489375,1.6));
#9526 = DIRECTION('',(-0.,0.,-1.));
#9527 = DIRECTION('',(-0.,-1.,0.));
#9528 = FACE_BOUND('',#9529,.T.);
#9529 = EDGE_LOOP('',(#9530));
#9530 = ORIENTED_EDGE('',*,*,#9531,.T.);
#9531 = EDGE_CURVE('',#9532,#9532,#9534,.T.);
#9532 = VERTEX_POINT('',#9533);
#9533 = CARTESIAN_POINT('',(31.27375,-101.284375,1.6));
#9534 = CIRCLE('',#9535,0.875);
#9535 = AXIS2_PLACEMENT_3D('',#9536,#9537,#9538);
#9536 = CARTESIAN_POINT('',(31.27375,-100.409375,1.6));
#9537 = DIRECTION('',(-0.,0.,-1.));
#9538 = DIRECTION('',(-0.,-1.,0.));
#9539 = FACE_BOUND('',#9540,.T.);
#9540 = EDGE_LOOP('',(#9541));
#9541 = ORIENTED_EDGE('',*,*,#9542,.T.);
#9542 = EDGE_CURVE('',#9543,#9543,#9545,.T.);
#9543 = VERTEX_POINT('',#9544);
#9544 = CARTESIAN_POINT('',(44.92625,-101.284375,1.6));
#9545 = CIRCLE('',#9546,0.875);
#9546 = AXIS2_PLACEMENT_3D('',#9547,#9548,#9549);
#9547 = CARTESIAN_POINT('',(44.92625,-100.409375,1.6));
#9548 = DIRECTION('',(-0.,0.,-1.));
#9549 = DIRECTION('',(-0.,-1.,0.));
#9550 = FACE_BOUND('',#9551,.T.);
#9551 = EDGE_LOOP('',(#9552));
#9552 = ORIENTED_EDGE('',*,*,#9553,.T.);
#9553 = EDGE_CURVE('',#9554,#9554,#9556,.T.);
#9554 = VERTEX_POINT('',#9555);
#9555 = CARTESIAN_POINT('',(53.81625,-104.474375,1.6));
#9556 = CIRCLE('',#9557,1.525);
#9557 = AXIS2_PLACEMENT_3D('',#9558,#9559,#9560);
#9558 = CARTESIAN_POINT('',(53.81625,-102.949375,1.6));
#9559 = DIRECTION('',(-0.,0.,-1.));
#9560 = DIRECTION('',(-0.,-1.,0.));
#9561 = FACE_BOUND('',#9562,.T.);
#9562 = EDGE_LOOP('',(#9563));
#9563 = ORIENTED_EDGE('',*,*,#9564,.T.);
#9564 = EDGE_CURVE('',#9565,#9565,#9567,.T.);
#9565 = VERTEX_POINT('',#9566);
#9566 = CARTESIAN_POINT('',(50.00625,-102.409375,1.6));
#9567 = CIRCLE('',#9568,2.);
#9568 = AXIS2_PLACEMENT_3D('',#9569,#9570,#9571);
#9569 = CARTESIAN_POINT('',(50.00625,-100.409375,1.6));
#9570 = DIRECTION('',(-0.,0.,-1.));
#9571 = DIRECTION('',(-0.,-1.,0.));
#9572 = FACE_BOUND('',#9573,.T.);
#9573 = EDGE_LOOP('',(#9574));
#9574 = ORIENTED_EDGE('',*,*,#9575,.T.);
#9575 = EDGE_CURVE('',#9576,#9576,#9578,.T.);
#9576 = VERTEX_POINT('',#9577);
#9577 = CARTESIAN_POINT('',(55.08625,-101.284375,1.6));
#9578 = CIRCLE('',#9579,0.875);
#9579 = AXIS2_PLACEMENT_3D('',#9580,#9581,#9582);
#9580 = CARTESIAN_POINT('',(55.08625,-100.409375,1.6));
#9581 = DIRECTION('',(-0.,0.,-1.));
#9582 = DIRECTION('',(-0.,-1.,0.));
#9583 = FACE_BOUND('',#9584,.T.);
#9584 = EDGE_LOOP('',(#9585));
#9585 = ORIENTED_EDGE('',*,*,#9586,.T.);
#9586 = EDGE_CURVE('',#9587,#9587,#9589,.T.);
#9587 = VERTEX_POINT('',#9588);
#9588 = CARTESIAN_POINT('',(9.36625,-87.964375,1.6));
#9589 = CIRCLE('',#9590,1.525);
#9590 = AXIS2_PLACEMENT_3D('',#9591,#9592,#9593);
#9591 = CARTESIAN_POINT('',(9.36625,-86.439375,1.6));
#9592 = DIRECTION('',(-0.,0.,-1.));
#9593 = DIRECTION('',(1.164824156984E-15,-1.,-0.));
#9594 = FACE_BOUND('',#9595,.T.);
#9595 = EDGE_LOOP('',(#9596));
#9596 = ORIENTED_EDGE('',*,*,#9597,.T.);
#9597 = EDGE_CURVE('',#9598,#9598,#9600,.T.);
#9598 = VERTEX_POINT('',#9599);
#9599 = CARTESIAN_POINT('',(6.82625,-82.234375,1.6));
#9600 = CIRCLE('',#9601,0.875);
#9601 = AXIS2_PLACEMENT_3D('',#9602,#9603,#9604);
#9602 = CARTESIAN_POINT('',(6.82625,-81.359375,1.6));
#9603 = DIRECTION('',(-0.,0.,-1.));
#9604 = DIRECTION('',(-0.,-1.,0.));
#9605 = FACE_BOUND('',#9606,.T.);
#9606 = EDGE_LOOP('',(#9607));
#9607 = ORIENTED_EDGE('',*,*,#9608,.T.);
#9608 = EDGE_CURVE('',#9609,#9609,#9611,.T.);
#9609 = VERTEX_POINT('',#9610);
#9610 = CARTESIAN_POINT('',(11.90625,-83.359375,1.6));
#9611 = CIRCLE('',#9612,2.);
#9612 = AXIS2_PLACEMENT_3D('',#9613,#9614,#9615);
#9613 = CARTESIAN_POINT('',(11.90625,-81.359375,1.6));
#9614 = DIRECTION('',(-0.,0.,-1.));
#9615 = DIRECTION('',(-0.,-1.,0.));
#9616 = FACE_BOUND('',#9617,.T.);
#9617 = EDGE_LOOP('',(#9618));
#9618 = ORIENTED_EDGE('',*,*,#9619,.T.);
#9619 = EDGE_CURVE('',#9620,#9620,#9622,.T.);
#9620 = VERTEX_POINT('',#9621);
#9621 = CARTESIAN_POINT('',(15.71625,-85.424375,1.6));
#9622 = CIRCLE('',#9623,1.525);
#9623 = AXIS2_PLACEMENT_3D('',#9624,#9625,#9626);
#9624 = CARTESIAN_POINT('',(15.71625,-83.899375,1.6));
#9625 = DIRECTION('',(-0.,0.,-1.));
#9626 = DIRECTION('',(-0.,-1.,0.));
#9627 = FACE_BOUND('',#9628,.T.);
#9628 = EDGE_LOOP('',(#9629));
#9629 = ORIENTED_EDGE('',*,*,#9630,.T.);
#9630 = EDGE_CURVE('',#9631,#9631,#9633,.T.);
#9631 = VERTEX_POINT('',#9632);
#9632 = CARTESIAN_POINT('',(16.98625,-82.234375,1.6));
#9633 = CIRCLE('',#9634,0.875);
#9634 = AXIS2_PLACEMENT_3D('',#9635,#9636,#9637);
#9635 = CARTESIAN_POINT('',(16.98625,-81.359375,1.6));
#9636 = DIRECTION('',(-0.,0.,-1.));
#9637 = DIRECTION('',(-0.,-1.,0.));
#9638 = FACE_BOUND('',#9639,.T.);
#9639 = EDGE_LOOP('',(#9640));
#9640 = ORIENTED_EDGE('',*,*,#9641,.T.);
#9641 = EDGE_CURVE('',#9642,#9642,#9644,.T.);
#9642 = VERTEX_POINT('',#9643);
#9643 = CARTESIAN_POINT('',(40.3225,-87.964375,1.6));
#9644 = CIRCLE('',#9645,1.525);
#9645 = AXIS2_PLACEMENT_3D('',#9646,#9647,#9648);
#9646 = CARTESIAN_POINT('',(40.3225,-86.439375,1.6));
#9647 = DIRECTION('',(-0.,0.,-1.));
#9648 = DIRECTION('',(-0.,-1.,0.));
#9649 = FACE_BOUND('',#9650,.T.);
#9650 = EDGE_LOOP('',(#9651));
#9651 = ORIENTED_EDGE('',*,*,#9652,.T.);
#9652 = EDGE_CURVE('',#9653,#9653,#9655,.T.);
#9653 = VERTEX_POINT('',#9654);
#9654 = CARTESIAN_POINT('',(46.6725,-85.424375,1.6));
#9655 = CIRCLE('',#9656,1.525);
#9656 = AXIS2_PLACEMENT_3D('',#9657,#9658,#9659);
#9657 = CARTESIAN_POINT('',(46.6725,-83.899375,1.6));
#9658 = DIRECTION('',(-0.,0.,-1.));
#9659 = DIRECTION('',(-0.,-1.,0.));
#9660 = FACE_BOUND('',#9661,.T.);
#9661 = EDGE_LOOP('',(#9662));
#9662 = ORIENTED_EDGE('',*,*,#9663,.T.);
#9663 = EDGE_CURVE('',#9664,#9664,#9666,.T.);
#9664 = VERTEX_POINT('',#9665);
#9665 = CARTESIAN_POINT('',(37.7825,-82.234375,1.6));
#9666 = CIRCLE('',#9667,0.875);
#9667 = AXIS2_PLACEMENT_3D('',#9668,#9669,#9670);
#9668 = CARTESIAN_POINT('',(37.7825,-81.359375,1.6));
#9669 = DIRECTION('',(-0.,0.,-1.));
#9670 = DIRECTION('',(-0.,-1.,0.));
#9671 = FACE_BOUND('',#9672,.T.);
#9672 = EDGE_LOOP('',(#9673));
#9673 = ORIENTED_EDGE('',*,*,#9674,.T.);
#9674 = EDGE_CURVE('',#9675,#9675,#9677,.T.);
#9675 = VERTEX_POINT('',#9676);
#9676 = CARTESIAN_POINT('',(42.8625,-83.359375,1.6));
#9677 = CIRCLE('',#9678,2.);
#9678 = AXIS2_PLACEMENT_3D('',#9679,#9680,#9681);
#9679 = CARTESIAN_POINT('',(42.8625,-81.359375,1.6));
#9680 = DIRECTION('',(-0.,0.,-1.));
#9681 = DIRECTION('',(-0.,-1.,0.));
#9682 = FACE_BOUND('',#9683,.T.);
#9683 = EDGE_LOOP('',(#9684));
#9684 = ORIENTED_EDGE('',*,*,#9685,.T.);
#9685 = EDGE_CURVE('',#9686,#9686,#9688,.T.);
#9686 = VERTEX_POINT('',#9687);
#9687 = CARTESIAN_POINT('',(47.9425,-82.234375,1.6));
#9688 = CIRCLE('',#9689,0.875);
#9689 = AXIS2_PLACEMENT_3D('',#9690,#9691,#9692);
#9690 = CARTESIAN_POINT('',(47.9425,-81.359375,1.6));
#9691 = DIRECTION('',(-0.,0.,-1.));
#9692 = DIRECTION('',(-0.,-1.,0.));
#9693 = FACE_BOUND('',#9694,.T.);
#9694 = EDGE_LOOP('',(#9695));
#9695 = ORIENTED_EDGE('',*,*,#9696,.T.);
#9696 = EDGE_CURVE('',#9697,#9697,#9699,.T.);
#9697 = VERTEX_POINT('',#9698);
#9698 = CARTESIAN_POINT('',(59.3725,-87.964375,1.6));
#9699 = CIRCLE('',#9700,1.525);
#9700 = AXIS2_PLACEMENT_3D('',#9701,#9702,#9703);
#9701 = CARTESIAN_POINT('',(59.3725,-86.439375,1.6));
#9702 = DIRECTION('',(-0.,0.,-1.));
#9703 = DIRECTION('',(-0.,-1.,0.));
#9704 = FACE_BOUND('',#9705,.T.);
#9705 = EDGE_LOOP('',(#9706));
#9706 = ORIENTED_EDGE('',*,*,#9707,.T.);
#9707 = EDGE_CURVE('',#9708,#9708,#9710,.T.);
#9708 = VERTEX_POINT('',#9709);
#9709 = CARTESIAN_POINT('',(65.7225,-85.424375,1.6));
#9710 = CIRCLE('',#9711,1.525);
#9711 = AXIS2_PLACEMENT_3D('',#9712,#9713,#9714);
#9712 = CARTESIAN_POINT('',(65.7225,-83.899375,1.6));
#9713 = DIRECTION('',(-0.,0.,-1.));
#9714 = DIRECTION('',(-0.,-1.,0.));
#9715 = FACE_BOUND('',#9716,.T.);
#9716 = EDGE_LOOP('',(#9717));
#9717 = ORIENTED_EDGE('',*,*,#9718,.T.);
#9718 = EDGE_CURVE('',#9719,#9719,#9721,.T.);
#9719 = VERTEX_POINT('',#9720);
#9720 = CARTESIAN_POINT('',(56.8325,-82.234375,1.6));
#9721 = CIRCLE('',#9722,0.875);
#9722 = AXIS2_PLACEMENT_3D('',#9723,#9724,#9725);
#9723 = CARTESIAN_POINT('',(56.8325,-81.359375,1.6));
#9724 = DIRECTION('',(-0.,0.,-1.));
#9725 = DIRECTION('',(-0.,-1.,0.));
#9726 = FACE_BOUND('',#9727,.T.);
#9727 = EDGE_LOOP('',(#9728));
#9728 = ORIENTED_EDGE('',*,*,#9729,.T.);
#9729 = EDGE_CURVE('',#9730,#9730,#9732,.T.);
#9730 = VERTEX_POINT('',#9731);
#9731 = CARTESIAN_POINT('',(61.9125,-83.359375,1.6));
#9732 = CIRCLE('',#9733,2.);
#9733 = AXIS2_PLACEMENT_3D('',#9734,#9735,#9736);
#9734 = CARTESIAN_POINT('',(61.9125,-81.359375,1.6));
#9735 = DIRECTION('',(-0.,0.,-1.));
#9736 = DIRECTION('',(-0.,-1.,0.));
#9737 = FACE_BOUND('',#9738,.T.);
#9738 = EDGE_LOOP('',(#9739));
#9739 = ORIENTED_EDGE('',*,*,#9740,.T.);
#9740 = EDGE_CURVE('',#9741,#9741,#9743,.T.);
#9741 = VERTEX_POINT('',#9742);
#9742 = CARTESIAN_POINT('',(66.9925,-82.234375,1.6));
#9743 = CIRCLE('',#9744,0.875);
#9744 = AXIS2_PLACEMENT_3D('',#9745,#9746,#9747);
#9745 = CARTESIAN_POINT('',(66.9925,-81.359375,1.6));
#9746 = DIRECTION('',(-0.,0.,-1.));
#9747 = DIRECTION('',(-0.,-1.,0.));
#9748 = FACE_BOUND('',#9749,.T.);
#9749 = EDGE_LOOP('',(#9750));
#9750 = ORIENTED_EDGE('',*,*,#9751,.T.);
#9751 = EDGE_CURVE('',#9752,#9752,#9754,.T.);
#9752 = VERTEX_POINT('',#9753);
#9753 = CARTESIAN_POINT('',(118.90375,-107.014375,1.6));
#9754 = CIRCLE('',#9755,1.525);
#9755 = AXIS2_PLACEMENT_3D('',#9756,#9757,#9758);
#9756 = CARTESIAN_POINT('',(118.90375,-105.489375,1.6));
#9757 = DIRECTION('',(-0.,0.,-1.));
#9758 = DIRECTION('',(-0.,-1.,0.));
#9759 = FACE_BOUND('',#9760,.T.);
#9760 = EDGE_LOOP('',(#9761));
#9761 = ORIENTED_EDGE('',*,*,#9762,.T.);
#9762 = EDGE_CURVE('',#9763,#9763,#9765,.T.);
#9763 = VERTEX_POINT('',#9764);
#9764 = CARTESIAN_POINT('',(116.36375,-101.284375,1.6));
#9765 = CIRCLE('',#9766,0.875);
#9766 = AXIS2_PLACEMENT_3D('',#9767,#9768,#9769);
#9767 = CARTESIAN_POINT('',(116.36375,-100.409375,1.6));
#9768 = DIRECTION('',(-0.,0.,-1.));
#9769 = DIRECTION('',(-0.,-1.,0.));
#9770 = FACE_BOUND('',#9771,.T.);
#9771 = EDGE_LOOP('',(#9772));
#9772 = ORIENTED_EDGE('',*,*,#9773,.T.);
#9773 = EDGE_CURVE('',#9774,#9774,#9776,.T.);
#9774 = VERTEX_POINT('',#9775);
#9775 = CARTESIAN_POINT('',(121.44375,-102.409375,1.6));
#9776 = CIRCLE('',#9777,2.);
#9777 = AXIS2_PLACEMENT_3D('',#9778,#9779,#9780);
#9778 = CARTESIAN_POINT('',(121.44375,-100.409375,1.6));
#9779 = DIRECTION('',(-0.,0.,-1.));
#9780 = DIRECTION('',(-0.,-1.,0.));
#9781 = FACE_BOUND('',#9782,.T.);
#9782 = EDGE_LOOP('',(#9783));
#9783 = ORIENTED_EDGE('',*,*,#9784,.T.);
#9784 = EDGE_CURVE('',#9785,#9785,#9787,.T.);
#9785 = VERTEX_POINT('',#9786);
#9786 = CARTESIAN_POINT('',(125.25375,-104.474375,1.6));
#9787 = CIRCLE('',#9788,1.525);
#9788 = AXIS2_PLACEMENT_3D('',#9789,#9790,#9791);
#9789 = CARTESIAN_POINT('',(125.25375,-102.949375,1.6));
#9790 = DIRECTION('',(-0.,0.,-1.));
#9791 = DIRECTION('',(-0.,-1.,0.));
#9792 = FACE_BOUND('',#9793,.T.);
#9793 = EDGE_LOOP('',(#9794));
#9794 = ORIENTED_EDGE('',*,*,#9795,.T.);
#9795 = EDGE_CURVE('',#9796,#9796,#9798,.T.);
#9796 = VERTEX_POINT('',#9797);
#9797 = CARTESIAN_POINT('',(126.52375,-101.284375,1.6));
#9798 = CIRCLE('',#9799,0.875);
#9799 = AXIS2_PLACEMENT_3D('',#9800,#9801,#9802);
#9800 = CARTESIAN_POINT('',(126.52375,-100.409375,1.6));
#9801 = DIRECTION('',(-0.,0.,-1.));
#9802 = DIRECTION('',(-0.,-1.,0.));
#9803 = FACE_BOUND('',#9804,.T.);
#9804 = EDGE_LOOP('',(#9805));
#9805 = ORIENTED_EDGE('',*,*,#9806,.T.);
#9806 = EDGE_CURVE('',#9807,#9807,#9809,.T.);
#9807 = VERTEX_POINT('',#9808);
#9808 = CARTESIAN_POINT('',(78.4225,-87.964375,1.6));
#9809 = CIRCLE('',#9810,1.525);
#9810 = AXIS2_PLACEMENT_3D('',#9811,#9812,#9813);
#9811 = CARTESIAN_POINT('',(78.4225,-86.439375,1.6));
#9812 = DIRECTION('',(-0.,0.,-1.));
#9813 = DIRECTION('',(-0.,-1.,0.));
#9814 = FACE_BOUND('',#9815,.T.);
#9815 = EDGE_LOOP('',(#9816));
#9816 = ORIENTED_EDGE('',*,*,#9817,.T.);
#9817 = EDGE_CURVE('',#9818,#9818,#9820,.T.);
#9818 = VERTEX_POINT('',#9819);
#9819 = CARTESIAN_POINT('',(84.7725,-85.424375,1.6));
#9820 = CIRCLE('',#9821,1.525);
#9821 = AXIS2_PLACEMENT_3D('',#9822,#9823,#9824);
#9822 = CARTESIAN_POINT('',(84.7725,-83.899375,1.6));
#9823 = DIRECTION('',(-0.,0.,-1.));
#9824 = DIRECTION('',(-9.31859325587E-15,-1.,0.));
#9825 = FACE_BOUND('',#9826,.T.);
#9826 = EDGE_LOOP('',(#9827));
#9827 = ORIENTED_EDGE('',*,*,#9828,.T.);
#9828 = EDGE_CURVE('',#9829,#9829,#9831,.T.);
#9829 = VERTEX_POINT('',#9830);
#9830 = CARTESIAN_POINT('',(75.8825,-82.234375,1.6));
#9831 = CIRCLE('',#9832,0.875);
#9832 = AXIS2_PLACEMENT_3D('',#9833,#9834,#9835);
#9833 = CARTESIAN_POINT('',(75.8825,-81.359375,1.6));
#9834 = DIRECTION('',(-0.,0.,-1.));
#9835 = DIRECTION('',(-0.,-1.,0.));
#9836 = FACE_BOUND('',#9837,.T.);
#9837 = EDGE_LOOP('',(#9838));
#9838 = ORIENTED_EDGE('',*,*,#9839,.T.);
#9839 = EDGE_CURVE('',#9840,#9840,#9842,.T.);
#9840 = VERTEX_POINT('',#9841);
#9841 = CARTESIAN_POINT('',(80.9625,-83.359375,1.6));
#9842 = CIRCLE('',#9843,2.);
#9843 = AXIS2_PLACEMENT_3D('',#9844,#9845,#9846);
#9844 = CARTESIAN_POINT('',(80.9625,-81.359375,1.6));
#9845 = DIRECTION('',(-0.,0.,-1.));
#9846 = DIRECTION('',(-0.,-1.,0.));
#9847 = FACE_BOUND('',#9848,.T.);
#9848 = EDGE_LOOP('',(#9849));
#9849 = ORIENTED_EDGE('',*,*,#9850,.T.);
#9850 = EDGE_CURVE('',#9851,#9851,#9853,.T.);
#9851 = VERTEX_POINT('',#9852);
#9852 = CARTESIAN_POINT('',(86.0425,-82.234375,1.6));
#9853 = CIRCLE('',#9854,0.875);
#9854 = AXIS2_PLACEMENT_3D('',#9855,#9856,#9857);
#9855 = CARTESIAN_POINT('',(86.0425,-81.359375,1.6));
#9856 = DIRECTION('',(-0.,0.,-1.));
#9857 = DIRECTION('',(-0.,-1.,0.));
#9858 = FACE_BOUND('',#9859,.T.);
#9859 = EDGE_LOOP('',(#9860));
#9860 = ORIENTED_EDGE('',*,*,#9861,.T.);
#9861 = EDGE_CURVE('',#9862,#9862,#9864,.T.);
#9862 = VERTEX_POINT('',#9863);
#9863 = CARTESIAN_POINT('',(97.4725,-87.964375,1.6));
#9864 = CIRCLE('',#9865,1.525);
#9865 = AXIS2_PLACEMENT_3D('',#9866,#9867,#9868);
#9866 = CARTESIAN_POINT('',(97.4725,-86.439375,1.6));
#9867 = DIRECTION('',(-0.,0.,-1.));
#9868 = DIRECTION('',(-0.,-1.,0.));
#9869 = FACE_BOUND('',#9870,.T.);
#9870 = EDGE_LOOP('',(#9871));
#9871 = ORIENTED_EDGE('',*,*,#9872,.T.);
#9872 = EDGE_CURVE('',#9873,#9873,#9875,.T.);
#9873 = VERTEX_POINT('',#9874);
#9874 = CARTESIAN_POINT('',(103.8225,-85.424375,1.6));
#9875 = CIRCLE('',#9876,1.525);
#9876 = AXIS2_PLACEMENT_3D('',#9877,#9878,#9879);
#9877 = CARTESIAN_POINT('',(103.8225,-83.899375,1.6));
#9878 = DIRECTION('',(-0.,0.,-1.));
#9879 = DIRECTION('',(9.31859325587E-15,-1.,-0.));
#9880 = FACE_BOUND('',#9881,.T.);
#9881 = EDGE_LOOP('',(#9882));
#9882 = ORIENTED_EDGE('',*,*,#9883,.T.);
#9883 = EDGE_CURVE('',#9884,#9884,#9886,.T.);
#9884 = VERTEX_POINT('',#9885);
#9885 = CARTESIAN_POINT('',(94.9325,-82.234375,1.6));
#9886 = CIRCLE('',#9887,0.875);
#9887 = AXIS2_PLACEMENT_3D('',#9888,#9889,#9890);
#9888 = CARTESIAN_POINT('',(94.9325,-81.359375,1.6));
#9889 = DIRECTION('',(-0.,0.,-1.));
#9890 = DIRECTION('',(-0.,-1.,0.));
#9891 = FACE_BOUND('',#9892,.T.);
#9892 = EDGE_LOOP('',(#9893));
#9893 = ORIENTED_EDGE('',*,*,#9894,.T.);
#9894 = EDGE_CURVE('',#9895,#9895,#9897,.T.);
#9895 = VERTEX_POINT('',#9896);
#9896 = CARTESIAN_POINT('',(100.0125,-83.359375,1.6));
#9897 = CIRCLE('',#9898,2.);
#9898 = AXIS2_PLACEMENT_3D('',#9899,#9900,#9901);
#9899 = CARTESIAN_POINT('',(100.0125,-81.359375,1.6));
#9900 = DIRECTION('',(-0.,0.,-1.));
#9901 = DIRECTION('',(-0.,-1.,0.));
#9902 = FACE_BOUND('',#9903,.T.);
#9903 = EDGE_LOOP('',(#9904));
#9904 = ORIENTED_EDGE('',*,*,#9905,.T.);
#9905 = EDGE_CURVE('',#9906,#9906,#9908,.T.);
#9906 = VERTEX_POINT('',#9907);
#9907 = CARTESIAN_POINT('',(105.0925,-82.234375,1.6));
#9908 = CIRCLE('',#9909,0.875);
#9909 = AXIS2_PLACEMENT_3D('',#9910,#9911,#9912);
#9910 = CARTESIAN_POINT('',(105.0925,-81.359375,1.6));
#9911 = DIRECTION('',(-0.,0.,-1.));
#9912 = DIRECTION('',(-0.,-1.,0.));
#9913 = FACE_BOUND('',#9914,.T.);
#9914 = EDGE_LOOP('',(#9915));
#9915 = ORIENTED_EDGE('',*,*,#9916,.T.);
#9916 = EDGE_CURVE('',#9917,#9917,#9919,.T.);
#9917 = VERTEX_POINT('',#9918);
#9918 = CARTESIAN_POINT('',(116.5225,-87.964375,1.6));
#9919 = CIRCLE('',#9920,1.525);
#9920 = AXIS2_PLACEMENT_3D('',#9921,#9922,#9923);
#9921 = CARTESIAN_POINT('',(116.5225,-86.439375,1.6));
#9922 = DIRECTION('',(-0.,0.,-1.));
#9923 = DIRECTION('',(-9.31859325587E-15,-1.,0.));
#9924 = FACE_BOUND('',#9925,.T.);
#9925 = EDGE_LOOP('',(#9926));
#9926 = ORIENTED_EDGE('',*,*,#9927,.T.);
#9927 = EDGE_CURVE('',#9928,#9928,#9930,.T.);
#9928 = VERTEX_POINT('',#9929);
#9929 = CARTESIAN_POINT('',(122.8725,-85.424375,1.6));
#9930 = CIRCLE('',#9931,1.525);
#9931 = AXIS2_PLACEMENT_3D('',#9932,#9933,#9934);
#9932 = CARTESIAN_POINT('',(122.8725,-83.899375,1.6));
#9933 = DIRECTION('',(-0.,0.,-1.));
#9934 = DIRECTION('',(-0.,-1.,0.));
#9935 = FACE_BOUND('',#9936,.T.);
#9936 = EDGE_LOOP('',(#9937));
#9937 = ORIENTED_EDGE('',*,*,#9938,.T.);
#9938 = EDGE_CURVE('',#9939,#9939,#9941,.T.);
#9939 = VERTEX_POINT('',#9940);
#9940 = CARTESIAN_POINT('',(113.9825,-82.234375,1.6));
#9941 = CIRCLE('',#9942,0.875);
#9942 = AXIS2_PLACEMENT_3D('',#9943,#9944,#9945);
#9943 = CARTESIAN_POINT('',(113.9825,-81.359375,1.6));
#9944 = DIRECTION('',(-0.,0.,-1.));
#9945 = DIRECTION('',(-0.,-1.,0.));
#9946 = FACE_BOUND('',#9947,.T.);
#9947 = EDGE_LOOP('',(#9948));
#9948 = ORIENTED_EDGE('',*,*,#9949,.T.);
#9949 = EDGE_CURVE('',#9950,#9950,#9952,.T.);
#9950 = VERTEX_POINT('',#9951);
#9951 = CARTESIAN_POINT('',(119.0625,-83.359375,1.6));
#9952 = CIRCLE('',#9953,2.);
#9953 = AXIS2_PLACEMENT_3D('',#9954,#9955,#9956);
#9954 = CARTESIAN_POINT('',(119.0625,-81.359375,1.6));
#9955 = DIRECTION('',(-0.,0.,-1.));
#9956 = DIRECTION('',(-0.,-1.,0.));
#9957 = FACE_BOUND('',#9958,.T.);
#9958 = EDGE_LOOP('',(#9959));
#9959 = ORIENTED_EDGE('',*,*,#9960,.T.);
#9960 = EDGE_CURVE('',#9961,#9961,#9963,.T.);
#9961 = VERTEX_POINT('',#9962);
#9962 = CARTESIAN_POINT('',(124.1425,-82.234375,1.6));
#9963 = CIRCLE('',#9964,0.875);
#9964 = AXIS2_PLACEMENT_3D('',#9965,#9966,#9967);
#9965 = CARTESIAN_POINT('',(124.1425,-81.359375,1.6));
#9966 = DIRECTION('',(-0.,0.,-1.));
#9967 = DIRECTION('',(-0.,-1.,0.));
#9968 = FACE_BOUND('',#9969,.T.);
#9969 = EDGE_LOOP('',(#9970));
#9970 = ORIENTED_EDGE('',*,*,#9971,.T.);
#9971 = EDGE_CURVE('',#9972,#9972,#9974,.T.);
#9972 = VERTEX_POINT('',#9973);
#9973 = CARTESIAN_POINT('',(135.5725,-87.964375,1.6));
#9974 = CIRCLE('',#9975,1.525);
#9975 = AXIS2_PLACEMENT_3D('',#9976,#9977,#9978);
#9976 = CARTESIAN_POINT('',(135.5725,-86.439375,1.6));
#9977 = DIRECTION('',(-0.,0.,-1.));
#9978 = DIRECTION('',(-0.,-1.,0.));
#9979 = FACE_BOUND('',#9980,.T.);
#9980 = EDGE_LOOP('',(#9981));
#9981 = ORIENTED_EDGE('',*,*,#9982,.T.);
#9982 = EDGE_CURVE('',#9983,#9983,#9985,.T.);
#9983 = VERTEX_POINT('',#9984);
#9984 = CARTESIAN_POINT('',(141.9225,-85.424375,1.6));
#9985 = CIRCLE('',#9986,1.525);
#9986 = AXIS2_PLACEMENT_3D('',#9987,#9988,#9989);
#9987 = CARTESIAN_POINT('',(141.9225,-83.899375,1.6));
#9988 = DIRECTION('',(-0.,0.,-1.));
#9989 = DIRECTION('',(-0.,-1.,0.));
#9990 = FACE_BOUND('',#9991,.T.);
#9991 = EDGE_LOOP('',(#9992));
#9992 = ORIENTED_EDGE('',*,*,#9993,.T.);
#9993 = EDGE_CURVE('',#9994,#9994,#9996,.T.);
#9994 = VERTEX_POINT('',#9995);
#9995 = CARTESIAN_POINT('',(133.0325,-82.234375,1.6));
#9996 = CIRCLE('',#9997,0.875);
#9997 = AXIS2_PLACEMENT_3D('',#9998,#9999,#10000);
#9998 = CARTESIAN_POINT('',(133.0325,-81.359375,1.6));
#9999 = DIRECTION('',(-0.,0.,-1.));
#10000 = DIRECTION('',(-0.,-1.,0.));
#10001 = FACE_BOUND('',#10002,.T.);
#10002 = EDGE_LOOP('',(#10003));
#10003 = ORIENTED_EDGE('',*,*,#10004,.T.);
#10004 = EDGE_CURVE('',#10005,#10005,#10007,.T.);
#10005 = VERTEX_POINT('',#10006);
#10006 = CARTESIAN_POINT('',(138.1125,-83.359375,1.6));
#10007 = CIRCLE('',#10008,2.);
#10008 = AXIS2_PLACEMENT_3D('',#10009,#10010,#10011);
#10009 = CARTESIAN_POINT('',(138.1125,-81.359375,1.6));
#10010 = DIRECTION('',(-0.,0.,-1.));
#10011 = DIRECTION('',(-0.,-1.,0.));
#10012 = FACE_BOUND('',#10013,.T.);
#10013 = EDGE_LOOP('',(#10014));
#10014 = ORIENTED_EDGE('',*,*,#10015,.T.);
#10015 = EDGE_CURVE('',#10016,#10016,#10018,.T.);
#10016 = VERTEX_POINT('',#10017);
#10017 = CARTESIAN_POINT('',(4.60375,-68.914375,1.6));
#10018 = CIRCLE('',#10019,1.525);
#10019 = AXIS2_PLACEMENT_3D('',#10020,#10021,#10022);
#10020 = CARTESIAN_POINT('',(4.60375,-67.389375,1.6));
#10021 = DIRECTION('',(-0.,0.,-1.));
#10022 = DIRECTION('',(-0.,-1.,0.));
#10023 = FACE_BOUND('',#10024,.T.);
#10024 = EDGE_LOOP('',(#10025));
#10025 = ORIENTED_EDGE('',*,*,#10026,.T.);
#10026 = EDGE_CURVE('',#10027,#10027,#10029,.T.);
#10027 = VERTEX_POINT('',#10028);
#10028 = CARTESIAN_POINT('',(30.7975,-68.914375,1.6));
#10029 = CIRCLE('',#10030,1.525);
#10030 = AXIS2_PLACEMENT_3D('',#10031,#10032,#10033);
#10031 = CARTESIAN_POINT('',(30.7975,-67.389375,1.6));
#10032 = DIRECTION('',(-0.,0.,-1.));
#10033 = DIRECTION('',(-0.,-1.,0.));
#10034 = FACE_BOUND('',#10035,.T.);
#10035 = EDGE_LOOP('',(#10036));
#10036 = ORIENTED_EDGE('',*,*,#10037,.T.);
#10037 = EDGE_CURVE('',#10038,#10038,#10040,.T.);
#10038 = VERTEX_POINT('',#10039);
#10039 = CARTESIAN_POINT('',(49.8475,-68.914375,1.6));
#10040 = CIRCLE('',#10041,1.525);
#10041 = AXIS2_PLACEMENT_3D('',#10042,#10043,#10044);
#10042 = CARTESIAN_POINT('',(49.8475,-67.389375,1.6));
#10043 = DIRECTION('',(-0.,0.,-1.));
#10044 = DIRECTION('',(-0.,-1.,0.));
#10045 = FACE_BOUND('',#10046,.T.);
#10046 = EDGE_LOOP('',(#10047));
#10047 = ORIENTED_EDGE('',*,*,#10048,.T.);
#10048 = EDGE_CURVE('',#10049,#10049,#10051,.T.);
#10049 = VERTEX_POINT('',#10050);
#10050 = CARTESIAN_POINT('',(10.95375,-66.374375,1.6));
#10051 = CIRCLE('',#10052,1.525);
#10052 = AXIS2_PLACEMENT_3D('',#10053,#10054,#10055);
#10053 = CARTESIAN_POINT('',(10.95375,-64.849375,1.6));
#10054 = DIRECTION('',(-0.,0.,-1.));
#10055 = DIRECTION('',(-0.,-1.,0.));
#10056 = FACE_BOUND('',#10057,.T.);
#10057 = EDGE_LOOP('',(#10058));
#10058 = ORIENTED_EDGE('',*,*,#10059,.T.);
#10059 = EDGE_CURVE('',#10060,#10060,#10062,.T.);
#10060 = VERTEX_POINT('',#10061);
#10061 = CARTESIAN_POINT('',(2.06375,-63.184375,1.6));
#10062 = CIRCLE('',#10063,0.875);
#10063 = AXIS2_PLACEMENT_3D('',#10064,#10065,#10066);
#10064 = CARTESIAN_POINT('',(2.06375,-62.309375,1.6));
#10065 = DIRECTION('',(-0.,0.,-1.));
#10066 = DIRECTION('',(-0.,-1.,0.));
#10067 = FACE_BOUND('',#10068,.T.);
#10068 = EDGE_LOOP('',(#10069));
#10069 = ORIENTED_EDGE('',*,*,#10070,.T.);
#10070 = EDGE_CURVE('',#10071,#10071,#10073,.T.);
#10071 = VERTEX_POINT('',#10072);
#10072 = CARTESIAN_POINT('',(7.14375,-64.309375,1.6));
#10073 = CIRCLE('',#10074,2.);
#10074 = AXIS2_PLACEMENT_3D('',#10075,#10076,#10077);
#10075 = CARTESIAN_POINT('',(7.14375,-62.309375,1.6));
#10076 = DIRECTION('',(-0.,0.,-1.));
#10077 = DIRECTION('',(-4.440892098501E-16,-1.,0.));
#10078 = FACE_BOUND('',#10079,.T.);
#10079 = EDGE_LOOP('',(#10080));
#10080 = ORIENTED_EDGE('',*,*,#10081,.T.);
#10081 = EDGE_CURVE('',#10082,#10082,#10084,.T.);
#10082 = VERTEX_POINT('',#10083);
#10083 = CARTESIAN_POINT('',(12.22375,-63.184375,1.6));
#10084 = CIRCLE('',#10085,0.875);
#10085 = AXIS2_PLACEMENT_3D('',#10086,#10087,#10088);
#10086 = CARTESIAN_POINT('',(12.22375,-62.309375,1.6));
#10087 = DIRECTION('',(-0.,0.,-1.));
#10088 = DIRECTION('',(-0.,-1.,0.));
#10089 = FACE_BOUND('',#10090,.T.);
#10090 = EDGE_LOOP('',(#10091));
#10091 = ORIENTED_EDGE('',*,*,#10092,.T.);
#10092 = EDGE_CURVE('',#10093,#10093,#10095,.T.);
#10093 = VERTEX_POINT('',#10094);
#10094 = CARTESIAN_POINT('',(28.2575,-63.184375,1.6));
#10095 = CIRCLE('',#10096,0.875);
#10096 = AXIS2_PLACEMENT_3D('',#10097,#10098,#10099);
#10097 = CARTESIAN_POINT('',(28.2575,-62.309375,1.6));
#10098 = DIRECTION('',(-0.,0.,-1.));
#10099 = DIRECTION('',(-0.,-1.,0.));
#10100 = FACE_BOUND('',#10101,.T.);
#10101 = EDGE_LOOP('',(#10102));
#10102 = ORIENTED_EDGE('',*,*,#10103,.T.);
#10103 = EDGE_CURVE('',#10104,#10104,#10106,.T.);
#10104 = VERTEX_POINT('',#10105);
#10105 = CARTESIAN_POINT('',(37.1475,-66.374375,1.6));
#10106 = CIRCLE('',#10107,1.525);
#10107 = AXIS2_PLACEMENT_3D('',#10108,#10109,#10110);
#10108 = CARTESIAN_POINT('',(37.1475,-64.849375,1.6));
#10109 = DIRECTION('',(-0.,0.,-1.));
#10110 = DIRECTION('',(-0.,-1.,0.));
#10111 = FACE_BOUND('',#10112,.T.);
#10112 = EDGE_LOOP('',(#10113));
#10113 = ORIENTED_EDGE('',*,*,#10114,.T.);
#10114 = EDGE_CURVE('',#10115,#10115,#10117,.T.);
#10115 = VERTEX_POINT('',#10116);
#10116 = CARTESIAN_POINT('',(33.3375,-64.309375,1.6));
#10117 = CIRCLE('',#10118,2.);
#10118 = AXIS2_PLACEMENT_3D('',#10119,#10120,#10121);
#10119 = CARTESIAN_POINT('',(33.3375,-62.309375,1.6));
#10120 = DIRECTION('',(-0.,0.,-1.));
#10121 = DIRECTION('',(-0.,-1.,0.));
#10122 = FACE_BOUND('',#10123,.T.);
#10123 = EDGE_LOOP('',(#10124));
#10124 = ORIENTED_EDGE('',*,*,#10125,.T.);
#10125 = EDGE_CURVE('',#10126,#10126,#10128,.T.);
#10126 = VERTEX_POINT('',#10127);
#10127 = CARTESIAN_POINT('',(38.4175,-63.184375,1.6));
#10128 = CIRCLE('',#10129,0.875);
#10129 = AXIS2_PLACEMENT_3D('',#10130,#10131,#10132);
#10130 = CARTESIAN_POINT('',(38.4175,-62.309375,1.6));
#10131 = DIRECTION('',(-0.,0.,-1.));
#10132 = DIRECTION('',(-0.,-1.,0.));
#10133 = FACE_BOUND('',#10134,.T.);
#10134 = EDGE_LOOP('',(#10135));
#10135 = ORIENTED_EDGE('',*,*,#10136,.T.);
#10136 = EDGE_CURVE('',#10137,#10137,#10139,.T.);
#10137 = VERTEX_POINT('',#10138);
#10138 = CARTESIAN_POINT('',(47.3075,-63.184375,1.6));
#10139 = CIRCLE('',#10140,0.875);
#10140 = AXIS2_PLACEMENT_3D('',#10141,#10142,#10143);
#10141 = CARTESIAN_POINT('',(47.3075,-62.309375,1.6));
#10142 = DIRECTION('',(-0.,0.,-1.));
#10143 = DIRECTION('',(-0.,-1.,0.));
#10144 = FACE_BOUND('',#10145,.T.);
#10145 = EDGE_LOOP('',(#10146));
#10146 = ORIENTED_EDGE('',*,*,#10147,.T.);
#10147 = EDGE_CURVE('',#10148,#10148,#10150,.T.);
#10148 = VERTEX_POINT('',#10149);
#10149 = CARTESIAN_POINT('',(56.1975,-66.374375,1.6));
#10150 = CIRCLE('',#10151,1.525);
#10151 = AXIS2_PLACEMENT_3D('',#10152,#10153,#10154);
#10152 = CARTESIAN_POINT('',(56.1975,-64.849375,1.6));
#10153 = DIRECTION('',(-0.,0.,-1.));
#10154 = DIRECTION('',(-0.,-1.,0.));
#10155 = FACE_BOUND('',#10156,.T.);
#10156 = EDGE_LOOP('',(#10157));
#10157 = ORIENTED_EDGE('',*,*,#10158,.T.);
#10158 = EDGE_CURVE('',#10159,#10159,#10161,.T.);
#10159 = VERTEX_POINT('',#10160);
#10160 = CARTESIAN_POINT('',(52.3875,-64.309375,1.6));
#10161 = CIRCLE('',#10162,2.);
#10162 = AXIS2_PLACEMENT_3D('',#10163,#10164,#10165);
#10163 = CARTESIAN_POINT('',(52.3875,-62.309375,1.6));
#10164 = DIRECTION('',(-0.,0.,-1.));
#10165 = DIRECTION('',(-0.,-1.,0.));
#10166 = FACE_BOUND('',#10167,.T.);
#10167 = EDGE_LOOP('',(#10168));
#10168 = ORIENTED_EDGE('',*,*,#10169,.T.);
#10169 = EDGE_CURVE('',#10170,#10170,#10172,.T.);
#10170 = VERTEX_POINT('',#10171);
#10171 = CARTESIAN_POINT('',(57.4675,-63.184375,1.6));
#10172 = CIRCLE('',#10173,0.875);
#10173 = AXIS2_PLACEMENT_3D('',#10174,#10175,#10176);
#10174 = CARTESIAN_POINT('',(57.4675,-62.309375,1.6));
#10175 = DIRECTION('',(-0.,0.,-1.));
#10176 = DIRECTION('',(-0.,-1.,0.));
#10177 = FACE_BOUND('',#10178,.T.);
#10178 = EDGE_LOOP('',(#10179));
#10179 = ORIENTED_EDGE('',*,*,#10180,.T.);
#10180 = EDGE_CURVE('',#10181,#10181,#10183,.T.);
#10181 = VERTEX_POINT('',#10182);
#10182 = CARTESIAN_POINT('',(66.3575,-63.184375,1.6));
#10183 = CIRCLE('',#10184,0.875);
#10184 = AXIS2_PLACEMENT_3D('',#10185,#10186,#10187);
#10185 = CARTESIAN_POINT('',(66.3575,-62.309375,1.6));
#10186 = DIRECTION('',(-0.,0.,-1.));
#10187 = DIRECTION('',(-0.,-1.,0.));
#10188 = FACE_BOUND('',#10189,.T.);
#10189 = EDGE_LOOP('',(#10190));
#10190 = ORIENTED_EDGE('',*,*,#10191,.T.);
#10191 = EDGE_CURVE('',#10192,#10192,#10194,.T.);
#10192 = VERTEX_POINT('',#10193);
#10193 = CARTESIAN_POINT('',(68.8975,-68.914375,1.6));
#10194 = CIRCLE('',#10195,1.525);
#10195 = AXIS2_PLACEMENT_3D('',#10196,#10197,#10198);
#10196 = CARTESIAN_POINT('',(68.8975,-67.389375,1.6));
#10197 = DIRECTION('',(-0.,0.,-1.));
#10198 = DIRECTION('',(-9.31859325587E-15,-1.,0.));
#10199 = FACE_BOUND('',#10200,.T.);
#10200 = EDGE_LOOP('',(#10201));
#10201 = ORIENTED_EDGE('',*,*,#10202,.T.);
#10202 = EDGE_CURVE('',#10203,#10203,#10205,.T.);
#10203 = VERTEX_POINT('',#10204);
#10204 = CARTESIAN_POINT('',(87.9475,-68.914375,1.6));
#10205 = CIRCLE('',#10206,1.525);
#10206 = AXIS2_PLACEMENT_3D('',#10207,#10208,#10209);
#10207 = CARTESIAN_POINT('',(87.9475,-67.389375,1.6));
#10208 = DIRECTION('',(-0.,0.,-1.));
#10209 = DIRECTION('',(9.31859325587E-15,-1.,-0.));
#10210 = FACE_BOUND('',#10211,.T.);
#10211 = EDGE_LOOP('',(#10212));
#10212 = ORIENTED_EDGE('',*,*,#10213,.T.);
#10213 = EDGE_CURVE('',#10214,#10214,#10216,.T.);
#10214 = VERTEX_POINT('',#10215);
#10215 = CARTESIAN_POINT('',(106.9975,-68.914375,1.6));
#10216 = CIRCLE('',#10217,1.525);
#10217 = AXIS2_PLACEMENT_3D('',#10218,#10219,#10220);
#10218 = CARTESIAN_POINT('',(106.9975,-67.389375,1.6));
#10219 = DIRECTION('',(-0.,0.,-1.));
#10220 = DIRECTION('',(-0.,-1.,0.));
#10221 = FACE_BOUND('',#10222,.T.);
#10222 = EDGE_LOOP('',(#10223));
#10223 = ORIENTED_EDGE('',*,*,#10224,.T.);
#10224 = EDGE_CURVE('',#10225,#10225,#10227,.T.);
#10225 = VERTEX_POINT('',#10226);
#10226 = CARTESIAN_POINT('',(126.0475,-68.914375,1.6));
#10227 = CIRCLE('',#10228,1.525);
#10228 = AXIS2_PLACEMENT_3D('',#10229,#10230,#10231);
#10229 = CARTESIAN_POINT('',(126.0475,-67.389375,1.6));
#10230 = DIRECTION('',(-0.,0.,-1.));
#10231 = DIRECTION('',(-0.,-1.,0.));
#10232 = FACE_BOUND('',#10233,.T.);
#10233 = EDGE_LOOP('',(#10234));
#10234 = ORIENTED_EDGE('',*,*,#10235,.T.);
#10235 = EDGE_CURVE('',#10236,#10236,#10238,.T.);
#10236 = VERTEX_POINT('',#10237);
#10237 = CARTESIAN_POINT('',(75.2475,-66.374375,1.6));
#10238 = CIRCLE('',#10239,1.525);
#10239 = AXIS2_PLACEMENT_3D('',#10240,#10241,#10242);
#10240 = CARTESIAN_POINT('',(75.2475,-64.849375,1.6));
#10241 = DIRECTION('',(-0.,0.,-1.));
#10242 = DIRECTION('',(-0.,-1.,0.));
#10243 = FACE_BOUND('',#10244,.T.);
#10244 = EDGE_LOOP('',(#10245));
#10245 = ORIENTED_EDGE('',*,*,#10246,.T.);
#10246 = EDGE_CURVE('',#10247,#10247,#10249,.T.);
#10247 = VERTEX_POINT('',#10248);
#10248 = CARTESIAN_POINT('',(71.4375,-64.309375,1.6));
#10249 = CIRCLE('',#10250,2.);
#10250 = AXIS2_PLACEMENT_3D('',#10251,#10252,#10253);
#10251 = CARTESIAN_POINT('',(71.4375,-62.309375,1.6));
#10252 = DIRECTION('',(-0.,0.,-1.));
#10253 = DIRECTION('',(-0.,-1.,0.));
#10254 = FACE_BOUND('',#10255,.T.);
#10255 = EDGE_LOOP('',(#10256));
#10256 = ORIENTED_EDGE('',*,*,#10257,.T.);
#10257 = EDGE_CURVE('',#10258,#10258,#10260,.T.);
#10258 = VERTEX_POINT('',#10259);
#10259 = CARTESIAN_POINT('',(76.5175,-63.184375,1.6));
#10260 = CIRCLE('',#10261,0.875);
#10261 = AXIS2_PLACEMENT_3D('',#10262,#10263,#10264);
#10262 = CARTESIAN_POINT('',(76.5175,-62.309375,1.6));
#10263 = DIRECTION('',(-0.,0.,-1.));
#10264 = DIRECTION('',(-0.,-1.,0.));
#10265 = FACE_BOUND('',#10266,.T.);
#10266 = EDGE_LOOP('',(#10267));
#10267 = ORIENTED_EDGE('',*,*,#10268,.T.);
#10268 = EDGE_CURVE('',#10269,#10269,#10271,.T.);
#10269 = VERTEX_POINT('',#10270);
#10270 = CARTESIAN_POINT('',(85.4075,-63.184375,1.6));
#10271 = CIRCLE('',#10272,0.875);
#10272 = AXIS2_PLACEMENT_3D('',#10273,#10274,#10275);
#10273 = CARTESIAN_POINT('',(85.4075,-62.309375,1.6));
#10274 = DIRECTION('',(-0.,0.,-1.));
#10275 = DIRECTION('',(-0.,-1.,0.));
#10276 = FACE_BOUND('',#10277,.T.);
#10277 = EDGE_LOOP('',(#10278));
#10278 = ORIENTED_EDGE('',*,*,#10279,.T.);
#10279 = EDGE_CURVE('',#10280,#10280,#10282,.T.);
#10280 = VERTEX_POINT('',#10281);
#10281 = CARTESIAN_POINT('',(94.2975,-66.374375,1.6));
#10282 = CIRCLE('',#10283,1.525);
#10283 = AXIS2_PLACEMENT_3D('',#10284,#10285,#10286);
#10284 = CARTESIAN_POINT('',(94.2975,-64.849375,1.6));
#10285 = DIRECTION('',(-0.,0.,-1.));
#10286 = DIRECTION('',(-0.,-1.,0.));
#10287 = FACE_BOUND('',#10288,.T.);
#10288 = EDGE_LOOP('',(#10289));
#10289 = ORIENTED_EDGE('',*,*,#10290,.T.);
#10290 = EDGE_CURVE('',#10291,#10291,#10293,.T.);
#10291 = VERTEX_POINT('',#10292);
#10292 = CARTESIAN_POINT('',(90.4875,-64.309375,1.6));
#10293 = CIRCLE('',#10294,2.);
#10294 = AXIS2_PLACEMENT_3D('',#10295,#10296,#10297);
#10295 = CARTESIAN_POINT('',(90.4875,-62.309375,1.6));
#10296 = DIRECTION('',(-0.,0.,-1.));
#10297 = DIRECTION('',(-0.,-1.,0.));
#10298 = FACE_BOUND('',#10299,.T.);
#10299 = EDGE_LOOP('',(#10300));
#10300 = ORIENTED_EDGE('',*,*,#10301,.T.);
#10301 = EDGE_CURVE('',#10302,#10302,#10304,.T.);
#10302 = VERTEX_POINT('',#10303);
#10303 = CARTESIAN_POINT('',(95.5675,-63.184375,1.6));
#10304 = CIRCLE('',#10305,0.875);
#10305 = AXIS2_PLACEMENT_3D('',#10306,#10307,#10308);
#10306 = CARTESIAN_POINT('',(95.5675,-62.309375,1.6));
#10307 = DIRECTION('',(-0.,0.,-1.));
#10308 = DIRECTION('',(-0.,-1.,0.));
#10309 = FACE_BOUND('',#10310,.T.);
#10310 = EDGE_LOOP('',(#10311));
#10311 = ORIENTED_EDGE('',*,*,#10312,.T.);
#10312 = EDGE_CURVE('',#10313,#10313,#10315,.T.);
#10313 = VERTEX_POINT('',#10314);
#10314 = CARTESIAN_POINT('',(104.4575,-63.184375,1.6));
#10315 = CIRCLE('',#10316,0.875);
#10316 = AXIS2_PLACEMENT_3D('',#10317,#10318,#10319);
#10317 = CARTESIAN_POINT('',(104.4575,-62.309375,1.6));
#10318 = DIRECTION('',(-0.,0.,-1.));
#10319 = DIRECTION('',(-0.,-1.,0.));
#10320 = FACE_BOUND('',#10321,.T.);
#10321 = EDGE_LOOP('',(#10322));
#10322 = ORIENTED_EDGE('',*,*,#10323,.T.);
#10323 = EDGE_CURVE('',#10324,#10324,#10326,.T.);
#10324 = VERTEX_POINT('',#10325);
#10325 = CARTESIAN_POINT('',(113.3475,-66.374375,1.6));
#10326 = CIRCLE('',#10327,1.525);
#10327 = AXIS2_PLACEMENT_3D('',#10328,#10329,#10330);
#10328 = CARTESIAN_POINT('',(113.3475,-64.849375,1.6));
#10329 = DIRECTION('',(-0.,0.,-1.));
#10330 = DIRECTION('',(-0.,-1.,0.));
#10331 = FACE_BOUND('',#10332,.T.);
#10332 = EDGE_LOOP('',(#10333));
#10333 = ORIENTED_EDGE('',*,*,#10334,.T.);
#10334 = EDGE_CURVE('',#10335,#10335,#10337,.T.);
#10335 = VERTEX_POINT('',#10336);
#10336 = CARTESIAN_POINT('',(109.5375,-64.309375,1.6));
#10337 = CIRCLE('',#10338,2.);
#10338 = AXIS2_PLACEMENT_3D('',#10339,#10340,#10341);
#10339 = CARTESIAN_POINT('',(109.5375,-62.309375,1.6));
#10340 = DIRECTION('',(-0.,0.,-1.));
#10341 = DIRECTION('',(-0.,-1.,0.));
#10342 = FACE_BOUND('',#10343,.T.);
#10343 = EDGE_LOOP('',(#10344));
#10344 = ORIENTED_EDGE('',*,*,#10345,.T.);
#10345 = EDGE_CURVE('',#10346,#10346,#10348,.T.);
#10346 = VERTEX_POINT('',#10347);
#10347 = CARTESIAN_POINT('',(114.6175,-63.184375,1.6));
#10348 = CIRCLE('',#10349,0.875);
#10349 = AXIS2_PLACEMENT_3D('',#10350,#10351,#10352);
#10350 = CARTESIAN_POINT('',(114.6175,-62.309375,1.6));
#10351 = DIRECTION('',(-0.,0.,-1.));
#10352 = DIRECTION('',(-0.,-1.,0.));
#10353 = FACE_BOUND('',#10354,.T.);
#10354 = EDGE_LOOP('',(#10355));
#10355 = ORIENTED_EDGE('',*,*,#10356,.T.);
#10356 = EDGE_CURVE('',#10357,#10357,#10359,.T.);
#10357 = VERTEX_POINT('',#10358);
#10358 = CARTESIAN_POINT('',(123.5075,-63.184375,1.6));
#10359 = CIRCLE('',#10360,0.875);
#10360 = AXIS2_PLACEMENT_3D('',#10361,#10362,#10363);
#10361 = CARTESIAN_POINT('',(123.5075,-62.309375,1.6));
#10362 = DIRECTION('',(-0.,0.,-1.));
#10363 = DIRECTION('',(-0.,-1.,0.));
#10364 = FACE_BOUND('',#10365,.T.);
#10365 = EDGE_LOOP('',(#10366));
#10366 = ORIENTED_EDGE('',*,*,#10367,.T.);
#10367 = EDGE_CURVE('',#10368,#10368,#10370,.T.);
#10368 = VERTEX_POINT('',#10369);
#10369 = CARTESIAN_POINT('',(132.3975,-66.374375,1.6));
#10370 = CIRCLE('',#10371,1.525);
#10371 = AXIS2_PLACEMENT_3D('',#10372,#10373,#10374);
#10372 = CARTESIAN_POINT('',(132.3975,-64.849375,1.6));
#10373 = DIRECTION('',(-0.,0.,-1.));
#10374 = DIRECTION('',(-0.,-1.,0.));
#10375 = FACE_BOUND('',#10376,.T.);
#10376 = EDGE_LOOP('',(#10377));
#10377 = ORIENTED_EDGE('',*,*,#10378,.T.);
#10378 = EDGE_CURVE('',#10379,#10379,#10381,.T.);
#10379 = VERTEX_POINT('',#10380);
#10380 = CARTESIAN_POINT('',(128.5875,-64.309375,1.6));
#10381 = CIRCLE('',#10382,2.);
#10382 = AXIS2_PLACEMENT_3D('',#10383,#10384,#10385);
#10383 = CARTESIAN_POINT('',(128.5875,-62.309375,1.6));
#10384 = DIRECTION('',(-0.,0.,-1.));
#10385 = DIRECTION('',(-0.,-1.,0.));
#10386 = FACE_BOUND('',#10387,.T.);
#10387 = EDGE_LOOP('',(#10388));
#10388 = ORIENTED_EDGE('',*,*,#10389,.T.);
#10389 = EDGE_CURVE('',#10390,#10390,#10392,.T.);
#10390 = VERTEX_POINT('',#10391);
#10391 = CARTESIAN_POINT('',(133.6675,-63.184375,1.6));
#10392 = CIRCLE('',#10393,0.875);
#10393 = AXIS2_PLACEMENT_3D('',#10394,#10395,#10396);
#10394 = CARTESIAN_POINT('',(133.6675,-62.309375,1.6));
#10395 = DIRECTION('',(-0.,0.,-1.));
#10396 = DIRECTION('',(-0.,-1.,0.));
#10397 = FACE_BOUND('',#10398,.T.);
#10398 = EDGE_LOOP('',(#10399));
#10399 = ORIENTED_EDGE('',*,*,#10400,.T.);
#10400 = EDGE_CURVE('',#10401,#10401,#10403,.T.);
#10401 = VERTEX_POINT('',#10402);
#10402 = CARTESIAN_POINT('',(142.5575,-63.184375,1.6));
#10403 = CIRCLE('',#10404,0.875);
#10404 = AXIS2_PLACEMENT_3D('',#10405,#10406,#10407);
#10405 = CARTESIAN_POINT('',(142.5575,-62.309375,1.6));
#10406 = DIRECTION('',(-0.,0.,-1.));
#10407 = DIRECTION('',(-0.,-1.,0.));
#10408 = FACE_BOUND('',#10409,.T.);
#10409 = EDGE_LOOP('',(#10410));
#10410 = ORIENTED_EDGE('',*,*,#10411,.T.);
#10411 = EDGE_CURVE('',#10412,#10412,#10414,.T.);
#10412 = VERTEX_POINT('',#10413);
#10413 = CARTESIAN_POINT('',(190.34125,-107.014375,1.6));
#10414 = CIRCLE('',#10415,1.525);
#10415 = AXIS2_PLACEMENT_3D('',#10416,#10417,#10418);
#10416 = CARTESIAN_POINT('',(190.34125,-105.489375,1.6));
#10417 = DIRECTION('',(-0.,0.,-1.));
#10418 = DIRECTION('',(-0.,-1.,0.));
#10419 = FACE_BOUND('',#10420,.T.);
#10420 = EDGE_LOOP('',(#10421));
#10421 = ORIENTED_EDGE('',*,*,#10422,.T.);
#10422 = EDGE_CURVE('',#10423,#10423,#10425,.T.);
#10423 = VERTEX_POINT('',#10424);
#10424 = CARTESIAN_POINT('',(187.80125,-101.284375,1.6));
#10425 = CIRCLE('',#10426,0.875);
#10426 = AXIS2_PLACEMENT_3D('',#10427,#10428,#10429);
#10427 = CARTESIAN_POINT('',(187.80125,-100.409375,1.6));
#10428 = DIRECTION('',(-0.,0.,-1.));
#10429 = DIRECTION('',(-0.,-1.,0.));
#10430 = FACE_BOUND('',#10431,.T.);
#10431 = EDGE_LOOP('',(#10432));
#10432 = ORIENTED_EDGE('',*,*,#10433,.T.);
#10433 = EDGE_CURVE('',#10434,#10434,#10436,.T.);
#10434 = VERTEX_POINT('',#10435);
#10435 = CARTESIAN_POINT('',(196.69125,-104.474375,1.6));
#10436 = CIRCLE('',#10437,1.525);
#10437 = AXIS2_PLACEMENT_3D('',#10438,#10439,#10440);
#10438 = CARTESIAN_POINT('',(196.69125,-102.949375,1.6));
#10439 = DIRECTION('',(-0.,0.,-1.));
#10440 = DIRECTION('',(-0.,-1.,0.));
#10441 = FACE_BOUND('',#10442,.T.);
#10442 = EDGE_LOOP('',(#10443));
#10443 = ORIENTED_EDGE('',*,*,#10444,.T.);
#10444 = EDGE_CURVE('',#10445,#10445,#10447,.T.);
#10445 = VERTEX_POINT('',#10446);
#10446 = CARTESIAN_POINT('',(192.88125,-102.409375,1.6));
#10447 = CIRCLE('',#10448,2.);
#10448 = AXIS2_PLACEMENT_3D('',#10449,#10450,#10451);
#10449 = CARTESIAN_POINT('',(192.88125,-100.409375,1.6));
#10450 = DIRECTION('',(-0.,0.,-1.));
#10451 = DIRECTION('',(-0.,-1.,0.));
#10452 = FACE_BOUND('',#10453,.T.);
#10453 = EDGE_LOOP('',(#10454));
#10454 = ORIENTED_EDGE('',*,*,#10455,.T.);
#10455 = EDGE_CURVE('',#10456,#10456,#10458,.T.);
#10456 = VERTEX_POINT('',#10457);
#10457 = CARTESIAN_POINT('',(197.96125,-101.284375,1.6));
#10458 = CIRCLE('',#10459,0.875);
#10459 = AXIS2_PLACEMENT_3D('',#10460,#10461,#10462);
#10460 = CARTESIAN_POINT('',(197.96125,-100.409375,1.6));
#10461 = DIRECTION('',(-0.,0.,-1.));
#10462 = DIRECTION('',(-0.,-1.,0.));
#10463 = FACE_BOUND('',#10464,.T.);
#10464 = EDGE_LOOP('',(#10465));
#10465 = ORIENTED_EDGE('',*,*,#10466,.T.);
#10466 = EDGE_CURVE('',#10467,#10467,#10469,.T.);
#10467 = VERTEX_POINT('',#10468);
#10468 = CARTESIAN_POINT('',(214.15375,-107.014375,1.6));
#10469 = CIRCLE('',#10470,1.525);
#10470 = AXIS2_PLACEMENT_3D('',#10471,#10472,#10473);
#10471 = CARTESIAN_POINT('',(214.15375,-105.489375,1.6));
#10472 = DIRECTION('',(-0.,0.,-1.));
#10473 = DIRECTION('',(-0.,-1.,0.));
#10474 = FACE_BOUND('',#10475,.T.);
#10475 = EDGE_LOOP('',(#10476));
#10476 = ORIENTED_EDGE('',*,*,#10477,.T.);
#10477 = EDGE_CURVE('',#10478,#10478,#10480,.T.);
#10478 = VERTEX_POINT('',#10479);
#10479 = CARTESIAN_POINT('',(211.61375,-101.284375,1.6));
#10480 = CIRCLE('',#10481,0.875);
#10481 = AXIS2_PLACEMENT_3D('',#10482,#10483,#10484);
#10482 = CARTESIAN_POINT('',(211.61375,-100.409375,1.6));
#10483 = DIRECTION('',(-0.,0.,-1.));
#10484 = DIRECTION('',(-0.,-1.,0.));
#10485 = FACE_BOUND('',#10486,.T.);
#10486 = EDGE_LOOP('',(#10487));
#10487 = ORIENTED_EDGE('',*,*,#10488,.T.);
#10488 = EDGE_CURVE('',#10489,#10489,#10491,.T.);
#10489 = VERTEX_POINT('',#10490);
#10490 = CARTESIAN_POINT('',(216.69375,-102.409375,1.6));
#10491 = CIRCLE('',#10492,2.);
#10492 = AXIS2_PLACEMENT_3D('',#10493,#10494,#10495);
#10493 = CARTESIAN_POINT('',(216.69375,-100.409375,1.6));
#10494 = DIRECTION('',(-0.,0.,-1.));
#10495 = DIRECTION('',(-0.,-1.,0.));
#10496 = FACE_BOUND('',#10497,.T.);
#10497 = EDGE_LOOP('',(#10498));
#10498 = ORIENTED_EDGE('',*,*,#10499,.T.);
#10499 = EDGE_CURVE('',#10500,#10500,#10502,.T.);
#10500 = VERTEX_POINT('',#10501);
#10501 = CARTESIAN_POINT('',(154.6225,-87.964375,1.6));
#10502 = CIRCLE('',#10503,1.525);
#10503 = AXIS2_PLACEMENT_3D('',#10504,#10505,#10506);
#10504 = CARTESIAN_POINT('',(154.6225,-86.439375,1.6));
#10505 = DIRECTION('',(-0.,0.,-1.));
#10506 = DIRECTION('',(-0.,-1.,0.));
#10507 = FACE_BOUND('',#10508,.T.);
#10508 = EDGE_LOOP('',(#10509));
#10509 = ORIENTED_EDGE('',*,*,#10510,.T.);
#10510 = EDGE_CURVE('',#10511,#10511,#10513,.T.);
#10511 = VERTEX_POINT('',#10512);
#10512 = CARTESIAN_POINT('',(160.9725,-85.424375,1.6));
#10513 = CIRCLE('',#10514,1.525);
#10514 = AXIS2_PLACEMENT_3D('',#10515,#10516,#10517);
#10515 = CARTESIAN_POINT('',(160.9725,-83.899375,1.6));
#10516 = DIRECTION('',(-0.,0.,-1.));
#10517 = DIRECTION('',(-0.,-1.,0.));
#10518 = FACE_BOUND('',#10519,.T.);
#10519 = EDGE_LOOP('',(#10520));
#10520 = ORIENTED_EDGE('',*,*,#10521,.T.);
#10521 = EDGE_CURVE('',#10522,#10522,#10524,.T.);
#10522 = VERTEX_POINT('',#10523);
#10523 = CARTESIAN_POINT('',(143.1925,-82.234375,1.6));
#10524 = CIRCLE('',#10525,0.875);
#10525 = AXIS2_PLACEMENT_3D('',#10526,#10527,#10528);
#10526 = CARTESIAN_POINT('',(143.1925,-81.359375,1.6));
#10527 = DIRECTION('',(-0.,0.,-1.));
#10528 = DIRECTION('',(-0.,-1.,0.));
#10529 = FACE_BOUND('',#10530,.T.);
#10530 = EDGE_LOOP('',(#10531));
#10531 = ORIENTED_EDGE('',*,*,#10532,.T.);
#10532 = EDGE_CURVE('',#10533,#10533,#10535,.T.);
#10533 = VERTEX_POINT('',#10534);
#10534 = CARTESIAN_POINT('',(152.0825,-82.234375,1.6));
#10535 = CIRCLE('',#10536,0.875);
#10536 = AXIS2_PLACEMENT_3D('',#10537,#10538,#10539);
#10537 = CARTESIAN_POINT('',(152.0825,-81.359375,1.6));
#10538 = DIRECTION('',(-0.,0.,-1.));
#10539 = DIRECTION('',(-0.,-1.,0.));
#10540 = FACE_BOUND('',#10541,.T.);
#10541 = EDGE_LOOP('',(#10542));
#10542 = ORIENTED_EDGE('',*,*,#10543,.T.);
#10543 = EDGE_CURVE('',#10544,#10544,#10546,.T.);
#10544 = VERTEX_POINT('',#10545);
#10545 = CARTESIAN_POINT('',(157.1625,-83.359375,1.6));
#10546 = CIRCLE('',#10547,2.);
#10547 = AXIS2_PLACEMENT_3D('',#10548,#10549,#10550);
#10548 = CARTESIAN_POINT('',(157.1625,-81.359375,1.6));
#10549 = DIRECTION('',(-0.,0.,-1.));
#10550 = DIRECTION('',(-0.,-1.,0.));
#10551 = FACE_BOUND('',#10552,.T.);
#10552 = EDGE_LOOP('',(#10553));
#10553 = ORIENTED_EDGE('',*,*,#10554,.T.);
#10554 = EDGE_CURVE('',#10555,#10555,#10557,.T.);
#10555 = VERTEX_POINT('',#10556);
#10556 = CARTESIAN_POINT('',(173.6725,-87.964375,1.6));
#10557 = CIRCLE('',#10558,1.525);
#10558 = AXIS2_PLACEMENT_3D('',#10559,#10560,#10561);
#10559 = CARTESIAN_POINT('',(173.6725,-86.439375,1.6));
#10560 = DIRECTION('',(-0.,0.,-1.));
#10561 = DIRECTION('',(-0.,-1.,0.));
#10562 = FACE_BOUND('',#10563,.T.);
#10563 = EDGE_LOOP('',(#10564));
#10564 = ORIENTED_EDGE('',*,*,#10565,.T.);
#10565 = EDGE_CURVE('',#10566,#10566,#10568,.T.);
#10566 = VERTEX_POINT('',#10567);
#10567 = CARTESIAN_POINT('',(180.0225,-85.424375,1.6));
#10568 = CIRCLE('',#10569,1.525);
#10569 = AXIS2_PLACEMENT_3D('',#10570,#10571,#10572);
#10570 = CARTESIAN_POINT('',(180.0225,-83.899375,1.6));
#10571 = DIRECTION('',(-0.,0.,-1.));
#10572 = DIRECTION('',(-0.,-1.,0.));
#10573 = FACE_BOUND('',#10574,.T.);
#10574 = EDGE_LOOP('',(#10575));
#10575 = ORIENTED_EDGE('',*,*,#10576,.T.);
#10576 = EDGE_CURVE('',#10577,#10577,#10579,.T.);
#10577 = VERTEX_POINT('',#10578);
#10578 = CARTESIAN_POINT('',(162.2425,-82.234375,1.6));
#10579 = CIRCLE('',#10580,0.875);
#10580 = AXIS2_PLACEMENT_3D('',#10581,#10582,#10583);
#10581 = CARTESIAN_POINT('',(162.2425,-81.359375,1.6));
#10582 = DIRECTION('',(-0.,0.,-1.));
#10583 = DIRECTION('',(-0.,-1.,0.));
#10584 = FACE_BOUND('',#10585,.T.);
#10585 = EDGE_LOOP('',(#10586));
#10586 = ORIENTED_EDGE('',*,*,#10587,.T.);
#10587 = EDGE_CURVE('',#10588,#10588,#10590,.T.);
#10588 = VERTEX_POINT('',#10589);
#10589 = CARTESIAN_POINT('',(171.1325,-82.234375,1.6));
#10590 = CIRCLE('',#10591,0.875);
#10591 = AXIS2_PLACEMENT_3D('',#10592,#10593,#10594);
#10592 = CARTESIAN_POINT('',(171.1325,-81.359375,1.6));
#10593 = DIRECTION('',(-0.,0.,-1.));
#10594 = DIRECTION('',(-0.,-1.,0.));
#10595 = FACE_BOUND('',#10596,.T.);
#10596 = EDGE_LOOP('',(#10597));
#10597 = ORIENTED_EDGE('',*,*,#10598,.T.);
#10598 = EDGE_CURVE('',#10599,#10599,#10601,.T.);
#10599 = VERTEX_POINT('',#10600);
#10600 = CARTESIAN_POINT('',(176.2125,-83.359375,1.6));
#10601 = CIRCLE('',#10602,2.);
#10602 = AXIS2_PLACEMENT_3D('',#10603,#10604,#10605);
#10603 = CARTESIAN_POINT('',(176.2125,-81.359375,1.6));
#10604 = DIRECTION('',(-0.,0.,-1.));
#10605 = DIRECTION('',(-0.,-1.,0.));
#10606 = FACE_BOUND('',#10607,.T.);
#10607 = EDGE_LOOP('',(#10608));
#10608 = ORIENTED_EDGE('',*,*,#10609,.T.);
#10609 = EDGE_CURVE('',#10610,#10610,#10612,.T.);
#10610 = VERTEX_POINT('',#10611);
#10611 = CARTESIAN_POINT('',(192.7225,-87.964375,1.6));
#10612 = CIRCLE('',#10613,1.525);
#10613 = AXIS2_PLACEMENT_3D('',#10614,#10615,#10616);
#10614 = CARTESIAN_POINT('',(192.7225,-86.439375,1.6));
#10615 = DIRECTION('',(-0.,0.,-1.));
#10616 = DIRECTION('',(-0.,-1.,0.));
#10617 = FACE_BOUND('',#10618,.T.);
#10618 = EDGE_LOOP('',(#10619));
#10619 = ORIENTED_EDGE('',*,*,#10620,.T.);
#10620 = EDGE_CURVE('',#10621,#10621,#10623,.T.);
#10621 = VERTEX_POINT('',#10622);
#10622 = CARTESIAN_POINT('',(181.2925,-82.234375,1.6));
#10623 = CIRCLE('',#10624,0.875);
#10624 = AXIS2_PLACEMENT_3D('',#10625,#10626,#10627);
#10625 = CARTESIAN_POINT('',(181.2925,-81.359375,1.6));
#10626 = DIRECTION('',(-0.,0.,-1.));
#10627 = DIRECTION('',(-0.,-1.,0.));
#10628 = FACE_BOUND('',#10629,.T.);
#10629 = EDGE_LOOP('',(#10630));
#10630 = ORIENTED_EDGE('',*,*,#10631,.T.);
#10631 = EDGE_CURVE('',#10632,#10632,#10634,.T.);
#10632 = VERTEX_POINT('',#10633);
#10633 = CARTESIAN_POINT('',(190.1825,-82.234375,1.6));
#10634 = CIRCLE('',#10635,0.875);
#10635 = AXIS2_PLACEMENT_3D('',#10636,#10637,#10638);
#10636 = CARTESIAN_POINT('',(190.1825,-81.359375,1.6));
#10637 = DIRECTION('',(-0.,0.,-1.));
#10638 = DIRECTION('',(-0.,-1.,0.));
#10639 = FACE_BOUND('',#10640,.T.);
#10640 = EDGE_LOOP('',(#10641));
#10641 = ORIENTED_EDGE('',*,*,#10642,.T.);
#10642 = EDGE_CURVE('',#10643,#10643,#10645,.T.);
#10643 = VERTEX_POINT('',#10644);
#10644 = CARTESIAN_POINT('',(195.2625,-83.359375,1.6));
#10645 = CIRCLE('',#10646,2.);
#10646 = AXIS2_PLACEMENT_3D('',#10647,#10648,#10649);
#10647 = CARTESIAN_POINT('',(195.2625,-81.359375,1.6));
#10648 = DIRECTION('',(-0.,0.,-1.));
#10649 = DIRECTION('',(-0.,-1.,0.));
#10650 = FACE_BOUND('',#10651,.T.);
#10651 = EDGE_LOOP('',(#10652));
#10652 = ORIENTED_EDGE('',*,*,#10653,.T.);
#10653 = EDGE_CURVE('',#10654,#10654,#10656,.T.);
#10654 = VERTEX_POINT('',#10655);
#10655 = CARTESIAN_POINT('',(199.0725,-85.424375,1.6));
#10656 = CIRCLE('',#10657,1.525);
#10657 = AXIS2_PLACEMENT_3D('',#10658,#10659,#10660);
#10658 = CARTESIAN_POINT('',(199.0725,-83.899375,1.6));
#10659 = DIRECTION('',(-0.,0.,-1.));
#10660 = DIRECTION('',(-0.,-1.,0.));
#10661 = FACE_BOUND('',#10662,.T.);
#10662 = EDGE_LOOP('',(#10663));
#10663 = ORIENTED_EDGE('',*,*,#10664,.T.);
#10664 = EDGE_CURVE('',#10665,#10665,#10667,.T.);
#10665 = VERTEX_POINT('',#10666);
#10666 = CARTESIAN_POINT('',(211.7725,-87.964375,1.6));
#10667 = CIRCLE('',#10668,1.525);
#10668 = AXIS2_PLACEMENT_3D('',#10669,#10670,#10671);
#10669 = CARTESIAN_POINT('',(211.7725,-86.439375,1.6));
#10670 = DIRECTION('',(-0.,0.,-1.));
#10671 = DIRECTION('',(-0.,-1.,0.));
#10672 = FACE_BOUND('',#10673,.T.);
#10673 = EDGE_LOOP('',(#10674));
#10674 = ORIENTED_EDGE('',*,*,#10675,.T.);
#10675 = EDGE_CURVE('',#10676,#10676,#10678,.T.);
#10676 = VERTEX_POINT('',#10677);
#10677 = CARTESIAN_POINT('',(200.3425,-82.234375,1.6));
#10678 = CIRCLE('',#10679,0.875);
#10679 = AXIS2_PLACEMENT_3D('',#10680,#10681,#10682);
#10680 = CARTESIAN_POINT('',(200.3425,-81.359375,1.6));
#10681 = DIRECTION('',(-0.,0.,-1.));
#10682 = DIRECTION('',(-0.,-1.,0.));
#10683 = FACE_BOUND('',#10684,.T.);
#10684 = EDGE_LOOP('',(#10685));
#10685 = ORIENTED_EDGE('',*,*,#10686,.T.);
#10686 = EDGE_CURVE('',#10687,#10687,#10689,.T.);
#10687 = VERTEX_POINT('',#10688);
#10688 = CARTESIAN_POINT('',(209.2325,-82.234375,1.6));
#10689 = CIRCLE('',#10690,0.875);
#10690 = AXIS2_PLACEMENT_3D('',#10691,#10692,#10693);
#10691 = CARTESIAN_POINT('',(209.2325,-81.359375,1.6));
#10692 = DIRECTION('',(-0.,0.,-1.));
#10693 = DIRECTION('',(-0.,-1.,0.));
#10694 = FACE_BOUND('',#10695,.T.);
#10695 = EDGE_LOOP('',(#10696));
#10696 = ORIENTED_EDGE('',*,*,#10697,.T.);
#10697 = EDGE_CURVE('',#10698,#10698,#10700,.T.);
#10698 = VERTEX_POINT('',#10699);
#10699 = CARTESIAN_POINT('',(214.3125,-83.359375,1.6));
#10700 = CIRCLE('',#10701,2.);
#10701 = AXIS2_PLACEMENT_3D('',#10702,#10703,#10704);
#10702 = CARTESIAN_POINT('',(214.3125,-81.359375,1.6));
#10703 = DIRECTION('',(-0.,0.,-1.));
#10704 = DIRECTION('',(-0.,-1.,0.));
#10705 = FACE_BOUND('',#10706,.T.);
#10706 = EDGE_LOOP('',(#10707));
#10707 = ORIENTED_EDGE('',*,*,#10708,.T.);
#10708 = EDGE_CURVE('',#10709,#10709,#10711,.T.);
#10709 = VERTEX_POINT('',#10710);
#10710 = CARTESIAN_POINT('',(220.50375,-104.474375,1.6));
#10711 = CIRCLE('',#10712,1.525);
#10712 = AXIS2_PLACEMENT_3D('',#10713,#10714,#10715);
#10713 = CARTESIAN_POINT('',(220.50375,-102.949375,1.6));
#10714 = DIRECTION('',(-0.,0.,-1.));
#10715 = DIRECTION('',(-0.,-1.,0.));
#10716 = FACE_BOUND('',#10717,.T.);
#10717 = EDGE_LOOP('',(#10718));
#10718 = ORIENTED_EDGE('',*,*,#10719,.T.);
#10719 = EDGE_CURVE('',#10720,#10720,#10722,.T.);
#10720 = VERTEX_POINT('',#10721);
#10721 = CARTESIAN_POINT('',(221.77375,-101.284375,1.6));
#10722 = CIRCLE('',#10723,0.875);
#10723 = AXIS2_PLACEMENT_3D('',#10724,#10725,#10726);
#10724 = CARTESIAN_POINT('',(221.77375,-100.409375,1.6));
#10725 = DIRECTION('',(-0.,0.,-1.));
#10726 = DIRECTION('',(-0.,-1.,0.));
#10727 = FACE_BOUND('',#10728,.T.);
#10728 = EDGE_LOOP('',(#10729));
#10729 = ORIENTED_EDGE('',*,*,#10730,.T.);
#10730 = EDGE_CURVE('',#10731,#10731,#10733,.T.);
#10731 = VERTEX_POINT('',#10732);
#10732 = CARTESIAN_POINT('',(245.11,-107.014375,1.6));
#10733 = CIRCLE('',#10734,1.525);
#10734 = AXIS2_PLACEMENT_3D('',#10735,#10736,#10737);
#10735 = CARTESIAN_POINT('',(245.11,-105.489375,1.6));
#10736 = DIRECTION('',(-0.,0.,-1.));
#10737 = DIRECTION('',(-0.,-1.,0.));
#10738 = FACE_BOUND('',#10739,.T.);
#10739 = EDGE_LOOP('',(#10740));
#10740 = ORIENTED_EDGE('',*,*,#10741,.T.);
#10741 = EDGE_CURVE('',#10742,#10742,#10744,.T.);
#10742 = VERTEX_POINT('',#10743);
#10743 = CARTESIAN_POINT('',(242.57,-101.284375,1.6));
#10744 = CIRCLE('',#10745,0.875);
#10745 = AXIS2_PLACEMENT_3D('',#10746,#10747,#10748);
#10746 = CARTESIAN_POINT('',(242.57,-100.409375,1.6));
#10747 = DIRECTION('',(-0.,0.,-1.));
#10748 = DIRECTION('',(-0.,-1.,0.));
#10749 = FACE_BOUND('',#10750,.T.);
#10750 = EDGE_LOOP('',(#10751));
#10751 = ORIENTED_EDGE('',*,*,#10752,.T.);
#10752 = EDGE_CURVE('',#10753,#10753,#10755,.T.);
#10753 = VERTEX_POINT('',#10754);
#10754 = CARTESIAN_POINT('',(251.46,-104.474375,1.6));
#10755 = CIRCLE('',#10756,1.525);
#10756 = AXIS2_PLACEMENT_3D('',#10757,#10758,#10759);
#10757 = CARTESIAN_POINT('',(251.46,-102.949375,1.6));
#10758 = DIRECTION('',(-0.,0.,-1.));
#10759 = DIRECTION('',(-0.,-1.,0.));
#10760 = FACE_BOUND('',#10761,.T.);
#10761 = EDGE_LOOP('',(#10762));
#10762 = ORIENTED_EDGE('',*,*,#10763,.T.);
#10763 = EDGE_CURVE('',#10764,#10764,#10766,.T.);
#10764 = VERTEX_POINT('',#10765);
#10765 = CARTESIAN_POINT('',(247.65,-102.409375,1.6));
#10766 = CIRCLE('',#10767,2.);
#10767 = AXIS2_PLACEMENT_3D('',#10768,#10769,#10770);
#10768 = CARTESIAN_POINT('',(247.65,-100.409375,1.6));
#10769 = DIRECTION('',(-0.,0.,-1.));
#10770 = DIRECTION('',(-0.,-1.,0.));
#10771 = FACE_BOUND('',#10772,.T.);
#10772 = EDGE_LOOP('',(#10773));
#10773 = ORIENTED_EDGE('',*,*,#10774,.T.);
#10774 = EDGE_CURVE('',#10775,#10775,#10777,.T.);
#10775 = VERTEX_POINT('',#10776);
#10776 = CARTESIAN_POINT('',(252.73,-101.284375,1.6));
#10777 = CIRCLE('',#10778,0.875);
#10778 = AXIS2_PLACEMENT_3D('',#10779,#10780,#10781);
#10779 = CARTESIAN_POINT('',(252.73,-100.409375,1.6));
#10780 = DIRECTION('',(-0.,0.,-1.));
#10781 = DIRECTION('',(-0.,-1.,0.));
#10782 = FACE_BOUND('',#10783,.T.);
#10783 = EDGE_LOOP('',(#10784));
#10784 = ORIENTED_EDGE('',*,*,#10785,.T.);
#10785 = EDGE_CURVE('',#10786,#10786,#10788,.T.);
#10786 = VERTEX_POINT('',#10787);
#10787 = CARTESIAN_POINT('',(264.16,-107.014375,1.6));
#10788 = CIRCLE('',#10789,1.525);
#10789 = AXIS2_PLACEMENT_3D('',#10790,#10791,#10792);
#10790 = CARTESIAN_POINT('',(264.16,-105.489375,1.6));
#10791 = DIRECTION('',(-0.,0.,-1.));
#10792 = DIRECTION('',(3.727437302348E-14,-1.,-0.));
#10793 = FACE_BOUND('',#10794,.T.);
#10794 = EDGE_LOOP('',(#10795));
#10795 = ORIENTED_EDGE('',*,*,#10796,.T.);
#10796 = EDGE_CURVE('',#10797,#10797,#10799,.T.);
#10797 = VERTEX_POINT('',#10798);
#10798 = CARTESIAN_POINT('',(261.62,-101.284375,1.6));
#10799 = CIRCLE('',#10800,0.875);
#10800 = AXIS2_PLACEMENT_3D('',#10801,#10802,#10803);
#10801 = CARTESIAN_POINT('',(261.62,-100.409375,1.6));
#10802 = DIRECTION('',(-0.,0.,-1.));
#10803 = DIRECTION('',(-0.,-1.,0.));
#10804 = FACE_BOUND('',#10805,.T.);
#10805 = EDGE_LOOP('',(#10806));
#10806 = ORIENTED_EDGE('',*,*,#10807,.T.);
#10807 = EDGE_CURVE('',#10808,#10808,#10810,.T.);
#10808 = VERTEX_POINT('',#10809);
#10809 = CARTESIAN_POINT('',(270.51,-104.474375,1.6));
#10810 = CIRCLE('',#10811,1.525);
#10811 = AXIS2_PLACEMENT_3D('',#10812,#10813,#10814);
#10812 = CARTESIAN_POINT('',(270.51,-102.949375,1.6));
#10813 = DIRECTION('',(-0.,0.,-1.));
#10814 = DIRECTION('',(-0.,-1.,0.));
#10815 = FACE_BOUND('',#10816,.T.);
#10816 = EDGE_LOOP('',(#10817));
#10817 = ORIENTED_EDGE('',*,*,#10818,.T.);
#10818 = EDGE_CURVE('',#10819,#10819,#10821,.T.);
#10819 = VERTEX_POINT('',#10820);
#10820 = CARTESIAN_POINT('',(266.7,-102.409375,1.6));
#10821 = CIRCLE('',#10822,2.);
#10822 = AXIS2_PLACEMENT_3D('',#10823,#10824,#10825);
#10823 = CARTESIAN_POINT('',(266.7,-100.409375,1.6));
#10824 = DIRECTION('',(-0.,0.,-1.));
#10825 = DIRECTION('',(-0.,-1.,0.));
#10826 = FACE_BOUND('',#10827,.T.);
#10827 = EDGE_LOOP('',(#10828));
#10828 = ORIENTED_EDGE('',*,*,#10829,.T.);
#10829 = EDGE_CURVE('',#10830,#10830,#10832,.T.);
#10830 = VERTEX_POINT('',#10831);
#10831 = CARTESIAN_POINT('',(271.78,-101.284375,1.6));
#10832 = CIRCLE('',#10833,0.875);
#10833 = AXIS2_PLACEMENT_3D('',#10834,#10835,#10836);
#10834 = CARTESIAN_POINT('',(271.78,-100.409375,1.6));
#10835 = DIRECTION('',(-0.,0.,-1.));
#10836 = DIRECTION('',(-0.,-1.,0.));
#10837 = FACE_BOUND('',#10838,.T.);
#10838 = EDGE_LOOP('',(#10839));
#10839 = ORIENTED_EDGE('',*,*,#10840,.T.);
#10840 = EDGE_CURVE('',#10841,#10841,#10843,.T.);
#10841 = VERTEX_POINT('',#10842);
#10842 = CARTESIAN_POINT('',(283.21,-107.014375,1.6));
#10843 = CIRCLE('',#10844,1.525);
#10844 = AXIS2_PLACEMENT_3D('',#10845,#10846,#10847);
#10845 = CARTESIAN_POINT('',(283.21,-105.489375,1.6));
#10846 = DIRECTION('',(-0.,0.,-1.));
#10847 = DIRECTION('',(-3.727437302348E-14,-1.,0.));
#10848 = FACE_BOUND('',#10849,.T.);
#10849 = EDGE_LOOP('',(#10850));
#10850 = ORIENTED_EDGE('',*,*,#10851,.T.);
#10851 = EDGE_CURVE('',#10852,#10852,#10854,.T.);
#10852 = VERTEX_POINT('',#10853);
#10853 = CARTESIAN_POINT('',(280.67,-101.284375,1.6));
#10854 = CIRCLE('',#10855,0.875);
#10855 = AXIS2_PLACEMENT_3D('',#10856,#10857,#10858);
#10856 = CARTESIAN_POINT('',(280.67,-100.409375,1.6));
#10857 = DIRECTION('',(-0.,0.,-1.));
#10858 = DIRECTION('',(-0.,-1.,0.));
#10859 = FACE_BOUND('',#10860,.T.);
#10860 = EDGE_LOOP('',(#10861));
#10861 = ORIENTED_EDGE('',*,*,#10862,.T.);
#10862 = EDGE_CURVE('',#10863,#10863,#10865,.T.);
#10863 = VERTEX_POINT('',#10864);
#10864 = CARTESIAN_POINT('',(289.56,-104.474375,1.6));
#10865 = CIRCLE('',#10866,1.525);
#10866 = AXIS2_PLACEMENT_3D('',#10867,#10868,#10869);
#10867 = CARTESIAN_POINT('',(289.56,-102.949375,1.6));
#10868 = DIRECTION('',(-0.,0.,-1.));
#10869 = DIRECTION('',(-0.,-1.,0.));
#10870 = FACE_BOUND('',#10871,.T.);
#10871 = EDGE_LOOP('',(#10872));
#10872 = ORIENTED_EDGE('',*,*,#10873,.T.);
#10873 = EDGE_CURVE('',#10874,#10874,#10876,.T.);
#10874 = VERTEX_POINT('',#10875);
#10875 = CARTESIAN_POINT('',(285.75,-102.409375,1.6));
#10876 = CIRCLE('',#10877,2.);
#10877 = AXIS2_PLACEMENT_3D('',#10878,#10879,#10880);
#10878 = CARTESIAN_POINT('',(285.75,-100.409375,1.6));
#10879 = DIRECTION('',(-0.,0.,-1.));
#10880 = DIRECTION('',(-0.,-1.,0.));
#10881 = FACE_BOUND('',#10882,.T.);
#10882 = EDGE_LOOP('',(#10883));
#10883 = ORIENTED_EDGE('',*,*,#10884,.T.);
#10884 = EDGE_CURVE('',#10885,#10885,#10887,.T.);
#10885 = VERTEX_POINT('',#10886);
#10886 = CARTESIAN_POINT('',(290.83,-101.284375,1.6));
#10887 = CIRCLE('',#10888,0.875);
#10888 = AXIS2_PLACEMENT_3D('',#10889,#10890,#10891);
#10889 = CARTESIAN_POINT('',(290.83,-100.409375,1.6));
#10890 = DIRECTION('',(-0.,0.,-1.));
#10891 = DIRECTION('',(-0.,-1.,0.));
#10892 = FACE_BOUND('',#10893,.T.);
#10893 = EDGE_LOOP('',(#10894));
#10894 = ORIENTED_EDGE('',*,*,#10895,.T.);
#10895 = EDGE_CURVE('',#10896,#10896,#10898,.T.);
#10896 = VERTEX_POINT('',#10897);
#10897 = CARTESIAN_POINT('',(218.1225,-85.424375,1.6));
#10898 = CIRCLE('',#10899,1.525);
#10899 = AXIS2_PLACEMENT_3D('',#10900,#10901,#10902);
#10900 = CARTESIAN_POINT('',(218.1225,-83.899375,1.6));
#10901 = DIRECTION('',(-0.,0.,-1.));
#10902 = DIRECTION('',(-0.,-1.,0.));
#10903 = FACE_BOUND('',#10904,.T.);
#10904 = EDGE_LOOP('',(#10905));
#10905 = ORIENTED_EDGE('',*,*,#10906,.T.);
#10906 = EDGE_CURVE('',#10907,#10907,#10909,.T.);
#10907 = VERTEX_POINT('',#10908);
#10908 = CARTESIAN_POINT('',(219.3925,-82.234375,1.6));
#10909 = CIRCLE('',#10910,0.875);
#10910 = AXIS2_PLACEMENT_3D('',#10911,#10912,#10913);
#10911 = CARTESIAN_POINT('',(219.3925,-81.359375,1.6));
#10912 = DIRECTION('',(-0.,0.,-1.));
#10913 = DIRECTION('',(-0.,-1.,0.));
#10914 = FACE_BOUND('',#10915,.T.);
#10915 = EDGE_LOOP('',(#10916));
#10916 = ORIENTED_EDGE('',*,*,#10917,.T.);
#10917 = EDGE_CURVE('',#10918,#10918,#10920,.T.);
#10918 = VERTEX_POINT('',#10919);
#10919 = CARTESIAN_POINT('',(235.42625,-82.234375,1.6));
#10920 = CIRCLE('',#10921,0.875);
#10921 = AXIS2_PLACEMENT_3D('',#10922,#10923,#10924);
#10922 = CARTESIAN_POINT('',(235.42625,-81.359375,1.6));
#10923 = DIRECTION('',(-0.,0.,-1.));
#10924 = DIRECTION('',(-0.,-1.,0.));
#10925 = FACE_BOUND('',#10926,.T.);
#10926 = EDGE_LOOP('',(#10927));
#10927 = ORIENTED_EDGE('',*,*,#10928,.T.);
#10928 = EDGE_CURVE('',#10929,#10929,#10931,.T.);
#10929 = VERTEX_POINT('',#10930);
#10930 = CARTESIAN_POINT('',(237.96625,-87.964375,1.6));
#10931 = CIRCLE('',#10932,1.525);
#10932 = AXIS2_PLACEMENT_3D('',#10933,#10934,#10935);
#10933 = CARTESIAN_POINT('',(237.96625,-86.439375,1.6));
#10934 = DIRECTION('',(-0.,0.,-1.));
#10935 = DIRECTION('',(-0.,-1.,0.));
#10936 = FACE_BOUND('',#10937,.T.);
#10937 = EDGE_LOOP('',(#10938));
#10938 = ORIENTED_EDGE('',*,*,#10939,.T.);
#10939 = EDGE_CURVE('',#10940,#10940,#10942,.T.);
#10940 = VERTEX_POINT('',#10941);
#10941 = CARTESIAN_POINT('',(244.31625,-85.424375,1.6));
#10942 = CIRCLE('',#10943,1.525);
#10943 = AXIS2_PLACEMENT_3D('',#10944,#10945,#10946);
#10944 = CARTESIAN_POINT('',(244.31625,-83.899375,1.6));
#10945 = DIRECTION('',(-0.,0.,-1.));
#10946 = DIRECTION('',(-0.,-1.,0.));
#10947 = FACE_BOUND('',#10948,.T.);
#10948 = EDGE_LOOP('',(#10949));
#10949 = ORIENTED_EDGE('',*,*,#10950,.T.);
#10950 = EDGE_CURVE('',#10951,#10951,#10953,.T.);
#10951 = VERTEX_POINT('',#10952);
#10952 = CARTESIAN_POINT('',(240.50625,-83.359375,1.6));
#10953 = CIRCLE('',#10954,2.);
#10954 = AXIS2_PLACEMENT_3D('',#10955,#10956,#10957);
#10955 = CARTESIAN_POINT('',(240.50625,-81.359375,1.6));
#10956 = DIRECTION('',(-0.,0.,-1.));
#10957 = DIRECTION('',(-0.,-1.,0.));
#10958 = FACE_BOUND('',#10959,.T.);
#10959 = EDGE_LOOP('',(#10960));
#10960 = ORIENTED_EDGE('',*,*,#10961,.T.);
#10961 = EDGE_CURVE('',#10962,#10962,#10964,.T.);
#10962 = VERTEX_POINT('',#10963);
#10963 = CARTESIAN_POINT('',(245.58625,-82.234375,1.6));
#10964 = CIRCLE('',#10965,0.875);
#10965 = AXIS2_PLACEMENT_3D('',#10966,#10967,#10968);
#10966 = CARTESIAN_POINT('',(245.58625,-81.359375,1.6));
#10967 = DIRECTION('',(-0.,0.,-1.));
#10968 = DIRECTION('',(-0.,-1.,0.));
#10969 = FACE_BOUND('',#10970,.T.);
#10970 = EDGE_LOOP('',(#10971));
#10971 = ORIENTED_EDGE('',*,*,#10972,.T.);
#10972 = EDGE_CURVE('',#10973,#10973,#10975,.T.);
#10973 = VERTEX_POINT('',#10974);
#10974 = CARTESIAN_POINT('',(264.16,-87.964375,1.6));
#10975 = CIRCLE('',#10976,1.525);
#10976 = AXIS2_PLACEMENT_3D('',#10977,#10978,#10979);
#10977 = CARTESIAN_POINT('',(264.16,-86.439375,1.6));
#10978 = DIRECTION('',(-0.,0.,-1.));
#10979 = DIRECTION('',(3.727437302348E-14,-1.,-0.));
#10980 = FACE_BOUND('',#10981,.T.);
#10981 = EDGE_LOOP('',(#10982));
#10982 = ORIENTED_EDGE('',*,*,#10983,.T.);
#10983 = EDGE_CURVE('',#10984,#10984,#10986,.T.);
#10984 = VERTEX_POINT('',#10985);
#10985 = CARTESIAN_POINT('',(270.51,-85.424375,1.6));
#10986 = CIRCLE('',#10987,1.525);
#10987 = AXIS2_PLACEMENT_3D('',#10988,#10989,#10990);
#10988 = CARTESIAN_POINT('',(270.51,-83.899375,1.6));
#10989 = DIRECTION('',(-0.,0.,-1.));
#10990 = DIRECTION('',(-0.,-1.,0.));
#10991 = FACE_BOUND('',#10992,.T.);
#10992 = EDGE_LOOP('',(#10993));
#10993 = ORIENTED_EDGE('',*,*,#10994,.T.);
#10994 = EDGE_CURVE('',#10995,#10995,#10997,.T.);
#10995 = VERTEX_POINT('',#10996);
#10996 = CARTESIAN_POINT('',(261.62,-82.234375,1.6));
#10997 = CIRCLE('',#10998,0.875);
#10998 = AXIS2_PLACEMENT_3D('',#10999,#11000,#11001);
#10999 = CARTESIAN_POINT('',(261.62,-81.359375,1.6));
#11000 = DIRECTION('',(-0.,0.,-1.));
#11001 = DIRECTION('',(-0.,-1.,0.));
#11002 = FACE_BOUND('',#11003,.T.);
#11003 = EDGE_LOOP('',(#11004));
#11004 = ORIENTED_EDGE('',*,*,#11005,.T.);
#11005 = EDGE_CURVE('',#11006,#11006,#11008,.T.);
#11006 = VERTEX_POINT('',#11007);
#11007 = CARTESIAN_POINT('',(266.7,-83.359375,1.6));
#11008 = CIRCLE('',#11009,2.);
#11009 = AXIS2_PLACEMENT_3D('',#11010,#11011,#11012);
#11010 = CARTESIAN_POINT('',(266.7,-81.359375,1.6));
#11011 = DIRECTION('',(-0.,0.,-1.));
#11012 = DIRECTION('',(-0.,-1.,0.));
#11013 = FACE_BOUND('',#11014,.T.);
#11014 = EDGE_LOOP('',(#11015));
#11015 = ORIENTED_EDGE('',*,*,#11016,.T.);
#11016 = EDGE_CURVE('',#11017,#11017,#11019,.T.);
#11017 = VERTEX_POINT('',#11018);
#11018 = CARTESIAN_POINT('',(271.78,-82.234375,1.6));
#11019 = CIRCLE('',#11020,0.875);
#11020 = AXIS2_PLACEMENT_3D('',#11021,#11022,#11023);
#11021 = CARTESIAN_POINT('',(271.78,-81.359375,1.6));
#11022 = DIRECTION('',(-0.,0.,-1.));
#11023 = DIRECTION('',(-0.,-1.,0.));
#11024 = FACE_BOUND('',#11025,.T.);
#11025 = EDGE_LOOP('',(#11026));
#11026 = ORIENTED_EDGE('',*,*,#11027,.T.);
#11027 = EDGE_CURVE('',#11028,#11028,#11030,.T.);
#11028 = VERTEX_POINT('',#11029);
#11029 = CARTESIAN_POINT('',(283.21,-87.964375,1.6));
#11030 = CIRCLE('',#11031,1.525);
#11031 = AXIS2_PLACEMENT_3D('',#11032,#11033,#11034);
#11032 = CARTESIAN_POINT('',(283.21,-86.439375,1.6));
#11033 = DIRECTION('',(-0.,0.,-1.));
#11034 = DIRECTION('',(-3.727437302348E-14,-1.,0.));
#11035 = FACE_BOUND('',#11036,.T.);
#11036 = EDGE_LOOP('',(#11037));
#11037 = ORIENTED_EDGE('',*,*,#11038,.T.);
#11038 = EDGE_CURVE('',#11039,#11039,#11041,.T.);
#11039 = VERTEX_POINT('',#11040);
#11040 = CARTESIAN_POINT('',(289.56,-85.424375,1.6));
#11041 = CIRCLE('',#11042,1.525);
#11042 = AXIS2_PLACEMENT_3D('',#11043,#11044,#11045);
#11043 = CARTESIAN_POINT('',(289.56,-83.899375,1.6));
#11044 = DIRECTION('',(-0.,0.,-1.));
#11045 = DIRECTION('',(-0.,-1.,0.));
#11046 = FACE_BOUND('',#11047,.T.);
#11047 = EDGE_LOOP('',(#11048));
#11048 = ORIENTED_EDGE('',*,*,#11049,.T.);
#11049 = EDGE_CURVE('',#11050,#11050,#11052,.T.);
#11050 = VERTEX_POINT('',#11051);
#11051 = CARTESIAN_POINT('',(280.67,-82.234375,1.6));
#11052 = CIRCLE('',#11053,0.875);
#11053 = AXIS2_PLACEMENT_3D('',#11054,#11055,#11056);
#11054 = CARTESIAN_POINT('',(280.67,-81.359375,1.6));
#11055 = DIRECTION('',(-0.,0.,-1.));
#11056 = DIRECTION('',(-0.,-1.,0.));
#11057 = FACE_BOUND('',#11058,.T.);
#11058 = EDGE_LOOP('',(#11059));
#11059 = ORIENTED_EDGE('',*,*,#11060,.T.);
#11060 = EDGE_CURVE('',#11061,#11061,#11063,.T.);
#11061 = VERTEX_POINT('',#11062);
#11062 = CARTESIAN_POINT('',(285.75,-83.359375,1.6));
#11063 = CIRCLE('',#11064,2.);
#11064 = AXIS2_PLACEMENT_3D('',#11065,#11066,#11067);
#11065 = CARTESIAN_POINT('',(285.75,-81.359375,1.6));
#11066 = DIRECTION('',(-0.,0.,-1.));
#11067 = DIRECTION('',(-0.,-1.,0.));
#11068 = FACE_BOUND('',#11069,.T.);
#11069 = EDGE_LOOP('',(#11070));
#11070 = ORIENTED_EDGE('',*,*,#11071,.T.);
#11071 = EDGE_CURVE('',#11072,#11072,#11074,.T.);
#11072 = VERTEX_POINT('',#11073);
#11073 = CARTESIAN_POINT('',(290.83,-82.234375,1.6));
#11074 = CIRCLE('',#11075,0.875);
#11075 = AXIS2_PLACEMENT_3D('',#11076,#11077,#11078);
#11076 = CARTESIAN_POINT('',(290.83,-81.359375,1.6));
#11077 = DIRECTION('',(-0.,0.,-1.));
#11078 = DIRECTION('',(-0.,-1.,0.));
#11079 = FACE_BOUND('',#11080,.T.);
#11080 = EDGE_LOOP('',(#11081));
#11081 = ORIENTED_EDGE('',*,*,#11082,.T.);
#11082 = EDGE_CURVE('',#11083,#11083,#11085,.T.);
#11083 = VERTEX_POINT('',#11084);
#11084 = CARTESIAN_POINT('',(145.0975,-68.914375,1.6));
#11085 = CIRCLE('',#11086,1.525);
#11086 = AXIS2_PLACEMENT_3D('',#11087,#11088,#11089);
#11087 = CARTESIAN_POINT('',(145.0975,-67.389375,1.6));
#11088 = DIRECTION('',(-0.,0.,-1.));
#11089 = DIRECTION('',(-0.,-1.,0.));
#11090 = FACE_BOUND('',#11091,.T.);
#11091 = EDGE_LOOP('',(#11092));
#11092 = ORIENTED_EDGE('',*,*,#11093,.T.);
#11093 = EDGE_CURVE('',#11094,#11094,#11096,.T.);
#11094 = VERTEX_POINT('',#11095);
#11095 = CARTESIAN_POINT('',(164.1475,-68.914375,1.6));
#11096 = CIRCLE('',#11097,1.525);
#11097 = AXIS2_PLACEMENT_3D('',#11098,#11099,#11100);
#11098 = CARTESIAN_POINT('',(164.1475,-67.389375,1.6));
#11099 = DIRECTION('',(-0.,0.,-1.));
#11100 = DIRECTION('',(-0.,-1.,0.));
#11101 = FACE_BOUND('',#11102,.T.);
#11102 = EDGE_LOOP('',(#11103));
#11103 = ORIENTED_EDGE('',*,*,#11104,.T.);
#11104 = EDGE_CURVE('',#11105,#11105,#11107,.T.);
#11105 = VERTEX_POINT('',#11106);
#11106 = CARTESIAN_POINT('',(183.1975,-68.914375,1.6));
#11107 = CIRCLE('',#11108,1.525);
#11108 = AXIS2_PLACEMENT_3D('',#11109,#11110,#11111);
#11109 = CARTESIAN_POINT('',(183.1975,-67.389375,1.6));
#11110 = DIRECTION('',(-0.,0.,-1.));
#11111 = DIRECTION('',(-0.,-1.,0.));
#11112 = FACE_BOUND('',#11113,.T.);
#11113 = EDGE_LOOP('',(#11114));
#11114 = ORIENTED_EDGE('',*,*,#11115,.T.);
#11115 = EDGE_CURVE('',#11116,#11116,#11118,.T.);
#11116 = VERTEX_POINT('',#11117);
#11117 = CARTESIAN_POINT('',(202.2475,-68.914375,1.6));
#11118 = CIRCLE('',#11119,1.525);
#11119 = AXIS2_PLACEMENT_3D('',#11120,#11121,#11122);
#11120 = CARTESIAN_POINT('',(202.2475,-67.389375,1.6));
#11121 = DIRECTION('',(-0.,0.,-1.));
#11122 = DIRECTION('',(-0.,-1.,0.));
#11123 = FACE_BOUND('',#11124,.T.);
#11124 = EDGE_LOOP('',(#11125));
#11125 = ORIENTED_EDGE('',*,*,#11126,.T.);
#11126 = EDGE_CURVE('',#11127,#11127,#11129,.T.);
#11127 = VERTEX_POINT('',#11128);
#11128 = CARTESIAN_POINT('',(151.4475,-66.374375,1.6));
#11129 = CIRCLE('',#11130,1.525);
#11130 = AXIS2_PLACEMENT_3D('',#11131,#11132,#11133);
#11131 = CARTESIAN_POINT('',(151.4475,-64.849375,1.6));
#11132 = DIRECTION('',(-0.,0.,-1.));
#11133 = DIRECTION('',(-0.,-1.,0.));
#11134 = FACE_BOUND('',#11135,.T.);
#11135 = EDGE_LOOP('',(#11136));
#11136 = ORIENTED_EDGE('',*,*,#11137,.T.);
#11137 = EDGE_CURVE('',#11138,#11138,#11140,.T.);
#11138 = VERTEX_POINT('',#11139);
#11139 = CARTESIAN_POINT('',(147.6375,-64.309375,1.6));
#11140 = CIRCLE('',#11141,2.);
#11141 = AXIS2_PLACEMENT_3D('',#11142,#11143,#11144);
#11142 = CARTESIAN_POINT('',(147.6375,-62.309375,1.6));
#11143 = DIRECTION('',(-0.,0.,-1.));
#11144 = DIRECTION('',(-0.,-1.,0.));
#11145 = FACE_BOUND('',#11146,.T.);
#11146 = EDGE_LOOP('',(#11147));
#11147 = ORIENTED_EDGE('',*,*,#11148,.T.);
#11148 = EDGE_CURVE('',#11149,#11149,#11151,.T.);
#11149 = VERTEX_POINT('',#11150);
#11150 = CARTESIAN_POINT('',(152.7175,-63.184375,1.6));
#11151 = CIRCLE('',#11152,0.875);
#11152 = AXIS2_PLACEMENT_3D('',#11153,#11154,#11155);
#11153 = CARTESIAN_POINT('',(152.7175,-62.309375,1.6));
#11154 = DIRECTION('',(-0.,0.,-1.));
#11155 = DIRECTION('',(-0.,-1.,0.));
#11156 = FACE_BOUND('',#11157,.T.);
#11157 = EDGE_LOOP('',(#11158));
#11158 = ORIENTED_EDGE('',*,*,#11159,.T.);
#11159 = EDGE_CURVE('',#11160,#11160,#11162,.T.);
#11160 = VERTEX_POINT('',#11161);
#11161 = CARTESIAN_POINT('',(170.4975,-66.374375,1.6));
#11162 = CIRCLE('',#11163,1.525);
#11163 = AXIS2_PLACEMENT_3D('',#11164,#11165,#11166);
#11164 = CARTESIAN_POINT('',(170.4975,-64.849375,1.6));
#11165 = DIRECTION('',(-0.,0.,-1.));
#11166 = DIRECTION('',(-0.,-1.,0.));
#11167 = FACE_BOUND('',#11168,.T.);
#11168 = EDGE_LOOP('',(#11169));
#11169 = ORIENTED_EDGE('',*,*,#11170,.T.);
#11170 = EDGE_CURVE('',#11171,#11171,#11173,.T.);
#11171 = VERTEX_POINT('',#11172);
#11172 = CARTESIAN_POINT('',(161.6075,-63.184375,1.6));
#11173 = CIRCLE('',#11174,0.875);
#11174 = AXIS2_PLACEMENT_3D('',#11175,#11176,#11177);
#11175 = CARTESIAN_POINT('',(161.6075,-62.309375,1.6));
#11176 = DIRECTION('',(-0.,0.,-1.));
#11177 = DIRECTION('',(-0.,-1.,0.));
#11178 = FACE_BOUND('',#11179,.T.);
#11179 = EDGE_LOOP('',(#11180));
#11180 = ORIENTED_EDGE('',*,*,#11181,.T.);
#11181 = EDGE_CURVE('',#11182,#11182,#11184,.T.);
#11182 = VERTEX_POINT('',#11183);
#11183 = CARTESIAN_POINT('',(166.6875,-64.309375,1.6));
#11184 = CIRCLE('',#11185,2.);
#11185 = AXIS2_PLACEMENT_3D('',#11186,#11187,#11188);
#11186 = CARTESIAN_POINT('',(166.6875,-62.309375,1.6));
#11187 = DIRECTION('',(-0.,0.,-1.));
#11188 = DIRECTION('',(-0.,-1.,0.));
#11189 = FACE_BOUND('',#11190,.T.);
#11190 = EDGE_LOOP('',(#11191));
#11191 = ORIENTED_EDGE('',*,*,#11192,.T.);
#11192 = EDGE_CURVE('',#11193,#11193,#11195,.T.);
#11193 = VERTEX_POINT('',#11194);
#11194 = CARTESIAN_POINT('',(171.7675,-63.184375,1.6));
#11195 = CIRCLE('',#11196,0.875);
#11196 = AXIS2_PLACEMENT_3D('',#11197,#11198,#11199);
#11197 = CARTESIAN_POINT('',(171.7675,-62.309375,1.6));
#11198 = DIRECTION('',(-0.,0.,-1.));
#11199 = DIRECTION('',(-0.,-1.,0.));
#11200 = FACE_BOUND('',#11201,.T.);
#11201 = EDGE_LOOP('',(#11202));
#11202 = ORIENTED_EDGE('',*,*,#11203,.T.);
#11203 = EDGE_CURVE('',#11204,#11204,#11206,.T.);
#11204 = VERTEX_POINT('',#11205);
#11205 = CARTESIAN_POINT('',(189.5475,-66.374375,1.6));
#11206 = CIRCLE('',#11207,1.525);
#11207 = AXIS2_PLACEMENT_3D('',#11208,#11209,#11210);
#11208 = CARTESIAN_POINT('',(189.5475,-64.849375,1.6));
#11209 = DIRECTION('',(-0.,0.,-1.));
#11210 = DIRECTION('',(-0.,-1.,0.));
#11211 = FACE_BOUND('',#11212,.T.);
#11212 = EDGE_LOOP('',(#11213));
#11213 = ORIENTED_EDGE('',*,*,#11214,.T.);
#11214 = EDGE_CURVE('',#11215,#11215,#11217,.T.);
#11215 = VERTEX_POINT('',#11216);
#11216 = CARTESIAN_POINT('',(180.6575,-63.184375,1.6));
#11217 = CIRCLE('',#11218,0.875);
#11218 = AXIS2_PLACEMENT_3D('',#11219,#11220,#11221);
#11219 = CARTESIAN_POINT('',(180.6575,-62.309375,1.6));
#11220 = DIRECTION('',(-0.,0.,-1.));
#11221 = DIRECTION('',(-0.,-1.,0.));
#11222 = FACE_BOUND('',#11223,.T.);
#11223 = EDGE_LOOP('',(#11224));
#11224 = ORIENTED_EDGE('',*,*,#11225,.T.);
#11225 = EDGE_CURVE('',#11226,#11226,#11228,.T.);
#11226 = VERTEX_POINT('',#11227);
#11227 = CARTESIAN_POINT('',(185.7375,-64.309375,1.6));
#11228 = CIRCLE('',#11229,2.);
#11229 = AXIS2_PLACEMENT_3D('',#11230,#11231,#11232);
#11230 = CARTESIAN_POINT('',(185.7375,-62.309375,1.6));
#11231 = DIRECTION('',(-0.,0.,-1.));
#11232 = DIRECTION('',(-0.,-1.,0.));
#11233 = FACE_BOUND('',#11234,.T.);
#11234 = EDGE_LOOP('',(#11235));
#11235 = ORIENTED_EDGE('',*,*,#11236,.T.);
#11236 = EDGE_CURVE('',#11237,#11237,#11239,.T.);
#11237 = VERTEX_POINT('',#11238);
#11238 = CARTESIAN_POINT('',(190.8175,-63.184375,1.6));
#11239 = CIRCLE('',#11240,0.875);
#11240 = AXIS2_PLACEMENT_3D('',#11241,#11242,#11243);
#11241 = CARTESIAN_POINT('',(190.8175,-62.309375,1.6));
#11242 = DIRECTION('',(-0.,0.,-1.));
#11243 = DIRECTION('',(-0.,-1.,0.));
#11244 = FACE_BOUND('',#11245,.T.);
#11245 = EDGE_LOOP('',(#11246));
#11246 = ORIENTED_EDGE('',*,*,#11247,.T.);
#11247 = EDGE_CURVE('',#11248,#11248,#11250,.T.);
#11248 = VERTEX_POINT('',#11249);
#11249 = CARTESIAN_POINT('',(208.5975,-66.374375,1.6));
#11250 = CIRCLE('',#11251,1.525);
#11251 = AXIS2_PLACEMENT_3D('',#11252,#11253,#11254);
#11252 = CARTESIAN_POINT('',(208.5975,-64.849375,1.6));
#11253 = DIRECTION('',(-0.,0.,-1.));
#11254 = DIRECTION('',(-0.,-1.,0.));
#11255 = FACE_BOUND('',#11256,.T.);
#11256 = EDGE_LOOP('',(#11257));
#11257 = ORIENTED_EDGE('',*,*,#11258,.T.);
#11258 = EDGE_CURVE('',#11259,#11259,#11261,.T.);
#11259 = VERTEX_POINT('',#11260);
#11260 = CARTESIAN_POINT('',(199.7075,-63.184375,1.6));
#11261 = CIRCLE('',#11262,0.875);
#11262 = AXIS2_PLACEMENT_3D('',#11263,#11264,#11265);
#11263 = CARTESIAN_POINT('',(199.7075,-62.309375,1.6));
#11264 = DIRECTION('',(-0.,0.,-1.));
#11265 = DIRECTION('',(-0.,-1.,0.));
#11266 = FACE_BOUND('',#11267,.T.);
#11267 = EDGE_LOOP('',(#11268));
#11268 = ORIENTED_EDGE('',*,*,#11269,.T.);
#11269 = EDGE_CURVE('',#11270,#11270,#11272,.T.);
#11270 = VERTEX_POINT('',#11271);
#11271 = CARTESIAN_POINT('',(204.7875,-64.309375,1.6));
#11272 = CIRCLE('',#11273,2.);
#11273 = AXIS2_PLACEMENT_3D('',#11274,#11275,#11276);
#11274 = CARTESIAN_POINT('',(204.7875,-62.309375,1.6));
#11275 = DIRECTION('',(-0.,0.,-1.));
#11276 = DIRECTION('',(-0.,-1.,0.));
#11277 = FACE_BOUND('',#11278,.T.);
#11278 = EDGE_LOOP('',(#11279));
#11279 = ORIENTED_EDGE('',*,*,#11280,.T.);
#11280 = EDGE_CURVE('',#11281,#11281,#11283,.T.);
#11281 = VERTEX_POINT('',#11282);
#11282 = CARTESIAN_POINT('',(209.8675,-63.184375,1.6));
#11283 = CIRCLE('',#11284,0.875);
#11284 = AXIS2_PLACEMENT_3D('',#11285,#11286,#11287);
#11285 = CARTESIAN_POINT('',(209.8675,-62.309375,1.6));
#11286 = DIRECTION('',(-0.,0.,-1.));
#11287 = DIRECTION('',(-0.,-1.,0.));
#11288 = FACE_BOUND('',#11289,.T.);
#11289 = EDGE_LOOP('',(#11290));
#11290 = ORIENTED_EDGE('',*,*,#11291,.T.);
#11291 = EDGE_CURVE('',#11292,#11292,#11294,.T.);
#11292 = VERTEX_POINT('',#11293);
#11293 = CARTESIAN_POINT('',(221.2975,-68.914375,1.6));
#11294 = CIRCLE('',#11295,1.525);
#11295 = AXIS2_PLACEMENT_3D('',#11296,#11297,#11298);
#11296 = CARTESIAN_POINT('',(221.2975,-67.389375,1.6));
#11297 = DIRECTION('',(-0.,0.,-1.));
#11298 = DIRECTION('',(-0.,-1.,0.));
#11299 = FACE_BOUND('',#11300,.T.);
#11300 = EDGE_LOOP('',(#11301));
#11301 = ORIENTED_EDGE('',*,*,#11302,.T.);
#11302 = EDGE_CURVE('',#11303,#11303,#11305,.T.);
#11303 = VERTEX_POINT('',#11304);
#11304 = CARTESIAN_POINT('',(252.25375,-68.914375,1.6));
#11305 = CIRCLE('',#11306,1.525);
#11306 = AXIS2_PLACEMENT_3D('',#11307,#11308,#11309);
#11307 = CARTESIAN_POINT('',(252.25375,-67.389375,1.6));
#11308 = DIRECTION('',(-0.,0.,-1.));
#11309 = DIRECTION('',(-0.,-1.,0.));
#11310 = FACE_BOUND('',#11311,.T.);
#11311 = EDGE_LOOP('',(#11312));
#11312 = ORIENTED_EDGE('',*,*,#11313,.T.);
#11313 = EDGE_CURVE('',#11314,#11314,#11316,.T.);
#11314 = VERTEX_POINT('',#11315);
#11315 = CARTESIAN_POINT('',(283.21,-68.914375,1.6));
#11316 = CIRCLE('',#11317,1.525);
#11317 = AXIS2_PLACEMENT_3D('',#11318,#11319,#11320);
#11318 = CARTESIAN_POINT('',(283.21,-67.389375,1.6));
#11319 = DIRECTION('',(-0.,0.,-1.));
#11320 = DIRECTION('',(-3.727437302348E-14,-1.,0.));
#11321 = FACE_BOUND('',#11322,.T.);
#11322 = EDGE_LOOP('',(#11323));
#11323 = ORIENTED_EDGE('',*,*,#11324,.T.);
#11324 = EDGE_CURVE('',#11325,#11325,#11327,.T.);
#11325 = VERTEX_POINT('',#11326);
#11326 = CARTESIAN_POINT('',(227.6475,-66.374375,1.6));
#11327 = CIRCLE('',#11328,1.525);
#11328 = AXIS2_PLACEMENT_3D('',#11329,#11330,#11331);
#11329 = CARTESIAN_POINT('',(227.6475,-64.849375,1.6));
#11330 = DIRECTION('',(-0.,0.,-1.));
#11331 = DIRECTION('',(-0.,-1.,0.));
#11332 = FACE_BOUND('',#11333,.T.);
#11333 = EDGE_LOOP('',(#11334));
#11334 = ORIENTED_EDGE('',*,*,#11335,.T.);
#11335 = EDGE_CURVE('',#11336,#11336,#11338,.T.);
#11336 = VERTEX_POINT('',#11337);
#11337 = CARTESIAN_POINT('',(218.7575,-63.184375,1.6));
#11338 = CIRCLE('',#11339,0.875);
#11339 = AXIS2_PLACEMENT_3D('',#11340,#11341,#11342);
#11340 = CARTESIAN_POINT('',(218.7575,-62.309375,1.6));
#11341 = DIRECTION('',(-0.,0.,-1.));
#11342 = DIRECTION('',(-0.,-1.,0.));
#11343 = FACE_BOUND('',#11344,.T.);
#11344 = EDGE_LOOP('',(#11345));
#11345 = ORIENTED_EDGE('',*,*,#11346,.T.);
#11346 = EDGE_CURVE('',#11347,#11347,#11349,.T.);
#11347 = VERTEX_POINT('',#11348);
#11348 = CARTESIAN_POINT('',(223.8375,-64.309375,1.6));
#11349 = CIRCLE('',#11350,2.);
#11350 = AXIS2_PLACEMENT_3D('',#11351,#11352,#11353);
#11351 = CARTESIAN_POINT('',(223.8375,-62.309375,1.6));
#11352 = DIRECTION('',(-0.,0.,-1.));
#11353 = DIRECTION('',(-0.,-1.,0.));
#11354 = FACE_BOUND('',#11355,.T.);
#11355 = EDGE_LOOP('',(#11356));
#11356 = ORIENTED_EDGE('',*,*,#11357,.T.);
#11357 = EDGE_CURVE('',#11358,#11358,#11360,.T.);
#11358 = VERTEX_POINT('',#11359);
#11359 = CARTESIAN_POINT('',(228.9175,-63.184375,1.6));
#11360 = CIRCLE('',#11361,0.875);
#11361 = AXIS2_PLACEMENT_3D('',#11362,#11363,#11364);
#11362 = CARTESIAN_POINT('',(228.9175,-62.309375,1.6));
#11363 = DIRECTION('',(-0.,0.,-1.));
#11364 = DIRECTION('',(-0.,-1.,0.));
#11365 = FACE_BOUND('',#11366,.T.);
#11366 = EDGE_LOOP('',(#11367));
#11367 = ORIENTED_EDGE('',*,*,#11368,.T.);
#11368 = EDGE_CURVE('',#11369,#11369,#11371,.T.);
#11369 = VERTEX_POINT('',#11370);
#11370 = CARTESIAN_POINT('',(249.71375,-63.184375,1.6));
#11371 = CIRCLE('',#11372,0.875);
#11372 = AXIS2_PLACEMENT_3D('',#11373,#11374,#11375);
#11373 = CARTESIAN_POINT('',(249.71375,-62.309375,1.6));
#11374 = DIRECTION('',(-0.,0.,-1.));
#11375 = DIRECTION('',(-0.,-1.,0.));
#11376 = FACE_BOUND('',#11377,.T.);
#11377 = EDGE_LOOP('',(#11378));
#11378 = ORIENTED_EDGE('',*,*,#11379,.T.);
#11379 = EDGE_CURVE('',#11380,#11380,#11382,.T.);
#11380 = VERTEX_POINT('',#11381);
#11381 = CARTESIAN_POINT('',(258.60375,-66.374375,1.6));
#11382 = CIRCLE('',#11383,1.525);
#11383 = AXIS2_PLACEMENT_3D('',#11384,#11385,#11386);
#11384 = CARTESIAN_POINT('',(258.60375,-64.849375,1.6));
#11385 = DIRECTION('',(-0.,0.,-1.));
#11386 = DIRECTION('',(-0.,-1.,0.));
#11387 = FACE_BOUND('',#11388,.T.);
#11388 = EDGE_LOOP('',(#11389));
#11389 = ORIENTED_EDGE('',*,*,#11390,.T.);
#11390 = EDGE_CURVE('',#11391,#11391,#11393,.T.);
#11391 = VERTEX_POINT('',#11392);
#11392 = CARTESIAN_POINT('',(254.79375,-64.309375,1.6));
#11393 = CIRCLE('',#11394,2.);
#11394 = AXIS2_PLACEMENT_3D('',#11395,#11396,#11397);
#11395 = CARTESIAN_POINT('',(254.79375,-62.309375,1.6));
#11396 = DIRECTION('',(-0.,0.,-1.));
#11397 = DIRECTION('',(-0.,-1.,0.));
#11398 = FACE_BOUND('',#11399,.T.);
#11399 = EDGE_LOOP('',(#11400));
#11400 = ORIENTED_EDGE('',*,*,#11401,.T.);
#11401 = EDGE_CURVE('',#11402,#11402,#11404,.T.);
#11402 = VERTEX_POINT('',#11403);
#11403 = CARTESIAN_POINT('',(259.87375,-63.184375,1.6));
#11404 = CIRCLE('',#11405,0.875);
#11405 = AXIS2_PLACEMENT_3D('',#11406,#11407,#11408);
#11406 = CARTESIAN_POINT('',(259.87375,-62.309375,1.6));
#11407 = DIRECTION('',(-0.,0.,-1.));
#11408 = DIRECTION('',(-0.,-1.,0.));
#11409 = FACE_BOUND('',#11410,.T.);
#11410 = EDGE_LOOP('',(#11411));
#11411 = ORIENTED_EDGE('',*,*,#11412,.T.);
#11412 = EDGE_CURVE('',#11413,#11413,#11415,.T.);
#11413 = VERTEX_POINT('',#11414);
#11414 = CARTESIAN_POINT('',(289.56,-66.374375,1.6));
#11415 = CIRCLE('',#11416,1.525);
#11416 = AXIS2_PLACEMENT_3D('',#11417,#11418,#11419);
#11417 = CARTESIAN_POINT('',(289.56,-64.849375,1.6));
#11418 = DIRECTION('',(-0.,0.,-1.));
#11419 = DIRECTION('',(-0.,-1.,0.));
#11420 = FACE_BOUND('',#11421,.T.);
#11421 = EDGE_LOOP('',(#11422));
#11422 = ORIENTED_EDGE('',*,*,#11423,.T.);
#11423 = EDGE_CURVE('',#11424,#11424,#11426,.T.);
#11424 = VERTEX_POINT('',#11425);
#11425 = CARTESIAN_POINT('',(280.67,-63.184375,1.6));
#11426 = CIRCLE('',#11427,0.875);
#11427 = AXIS2_PLACEMENT_3D('',#11428,#11429,#11430);
#11428 = CARTESIAN_POINT('',(280.67,-62.309375,1.6));
#11429 = DIRECTION('',(-0.,0.,-1.));
#11430 = DIRECTION('',(-0.,-1.,0.));
#11431 = FACE_BOUND('',#11432,.T.);
#11432 = EDGE_LOOP('',(#11433));
#11433 = ORIENTED_EDGE('',*,*,#11434,.T.);
#11434 = EDGE_CURVE('',#11435,#11435,#11437,.T.);
#11435 = VERTEX_POINT('',#11436);
#11436 = CARTESIAN_POINT('',(285.75,-64.309375,1.6));
#11437 = CIRCLE('',#11438,2.);
#11438 = AXIS2_PLACEMENT_3D('',#11439,#11440,#11441);
#11439 = CARTESIAN_POINT('',(285.75,-62.309375,1.6));
#11440 = DIRECTION('',(-0.,0.,-1.));
#11441 = DIRECTION('',(-0.,-1.,0.));
#11442 = FACE_BOUND('',#11443,.T.);
#11443 = EDGE_LOOP('',(#11444));
#11444 = ORIENTED_EDGE('',*,*,#11445,.T.);
#11445 = EDGE_CURVE('',#11446,#11446,#11448,.T.);
#11446 = VERTEX_POINT('',#11447);
#11447 = CARTESIAN_POINT('',(290.83,-63.184375,1.6));
#11448 = CIRCLE('',#11449,0.875);
#11449 = AXIS2_PLACEMENT_3D('',#11450,#11451,#11452);
#11450 = CARTESIAN_POINT('',(290.83,-62.309375,1.6));
#11451 = DIRECTION('',(-0.,0.,-1.));
#11452 = DIRECTION('',(-0.,-1.,0.));
#11453 = FACE_BOUND('',#11454,.T.);
#11454 = EDGE_LOOP('',(#11455));
#11455 = ORIENTED_EDGE('',*,*,#11456,.T.);
#11456 = EDGE_CURVE('',#11457,#11457,#11459,.T.);
#11457 = VERTEX_POINT('',#11458);
#11458 = CARTESIAN_POINT('',(2.2225,-49.864375,1.6));
#11459 = CIRCLE('',#11460,1.525);
#11460 = AXIS2_PLACEMENT_3D('',#11461,#11462,#11463);
#11461 = CARTESIAN_POINT('',(2.2225,-48.339375,1.6));
#11462 = DIRECTION('',(-0.,0.,-1.));
#11463 = DIRECTION('',(-0.,-1.,0.));
#11464 = FACE_BOUND('',#11465,.T.);
#11465 = EDGE_LOOP('',(#11466));
#11466 = ORIENTED_EDGE('',*,*,#11467,.T.);
#11467 = EDGE_CURVE('',#11468,#11468,#11470,.T.);
#11468 = VERTEX_POINT('',#11469);
#11469 = CARTESIAN_POINT('',(26.035,-49.864375,1.6));
#11470 = CIRCLE('',#11471,1.525);
#11471 = AXIS2_PLACEMENT_3D('',#11472,#11473,#11474);
#11472 = CARTESIAN_POINT('',(26.035,-48.339375,1.6));
#11473 = DIRECTION('',(-0.,0.,-1.));
#11474 = DIRECTION('',(-0.,-1.,0.));
#11475 = FACE_BOUND('',#11476,.T.);
#11476 = EDGE_LOOP('',(#11477));
#11477 = ORIENTED_EDGE('',*,*,#11478,.T.);
#11478 = EDGE_CURVE('',#11479,#11479,#11481,.T.);
#11479 = VERTEX_POINT('',#11480);
#11480 = CARTESIAN_POINT('',(-0.3175,-44.134375,1.6));
#11481 = CIRCLE('',#11482,0.875);
#11482 = AXIS2_PLACEMENT_3D('',#11483,#11484,#11485);
#11483 = CARTESIAN_POINT('',(-0.3175,-43.259375,1.6));
#11484 = DIRECTION('',(-0.,0.,-1.));
#11485 = DIRECTION('',(-0.,-1.,0.));
#11486 = FACE_BOUND('',#11487,.T.);
#11487 = EDGE_LOOP('',(#11488));
#11488 = ORIENTED_EDGE('',*,*,#11489,.T.);
#11489 = EDGE_CURVE('',#11490,#11490,#11492,.T.);
#11490 = VERTEX_POINT('',#11491);
#11491 = CARTESIAN_POINT('',(8.5725,-47.324375,1.6));
#11492 = CIRCLE('',#11493,1.525);
#11493 = AXIS2_PLACEMENT_3D('',#11494,#11495,#11496);
#11494 = CARTESIAN_POINT('',(8.5725,-45.799375,1.6));
#11495 = DIRECTION('',(-0.,0.,-1.));
#11496 = DIRECTION('',(-0.,-1.,0.));
#11497 = FACE_BOUND('',#11498,.T.);
#11498 = EDGE_LOOP('',(#11499));
#11499 = ORIENTED_EDGE('',*,*,#11500,.T.);
#11500 = EDGE_CURVE('',#11501,#11501,#11503,.T.);
#11501 = VERTEX_POINT('',#11502);
#11502 = CARTESIAN_POINT('',(4.7625,-45.259375,1.6));
#11503 = CIRCLE('',#11504,2.);
#11504 = AXIS2_PLACEMENT_3D('',#11505,#11506,#11507);
#11505 = CARTESIAN_POINT('',(4.7625,-43.259375,1.6));
#11506 = DIRECTION('',(-0.,0.,-1.));
#11507 = DIRECTION('',(-0.,-1.,0.));
#11508 = FACE_BOUND('',#11509,.T.);
#11509 = EDGE_LOOP('',(#11510));
#11510 = ORIENTED_EDGE('',*,*,#11511,.T.);
#11511 = EDGE_CURVE('',#11512,#11512,#11514,.T.);
#11512 = VERTEX_POINT('',#11513);
#11513 = CARTESIAN_POINT('',(9.8425,-44.134375,1.6));
#11514 = CIRCLE('',#11515,0.875);
#11515 = AXIS2_PLACEMENT_3D('',#11516,#11517,#11518);
#11516 = CARTESIAN_POINT('',(9.8425,-43.259375,1.6));
#11517 = DIRECTION('',(-0.,0.,-1.));
#11518 = DIRECTION('',(-0.,-1.,0.));
#11519 = FACE_BOUND('',#11520,.T.);
#11520 = EDGE_LOOP('',(#11521));
#11521 = ORIENTED_EDGE('',*,*,#11522,.T.);
#11522 = EDGE_CURVE('',#11523,#11523,#11525,.T.);
#11523 = VERTEX_POINT('',#11524);
#11524 = CARTESIAN_POINT('',(23.495,-44.134375,1.6));
#11525 = CIRCLE('',#11526,0.875);
#11526 = AXIS2_PLACEMENT_3D('',#11527,#11528,#11529);
#11527 = CARTESIAN_POINT('',(23.495,-43.259375,1.6));
#11528 = DIRECTION('',(-0.,0.,-1.));
#11529 = DIRECTION('',(-0.,-1.,0.));
#11530 = FACE_BOUND('',#11531,.T.);
#11531 = EDGE_LOOP('',(#11532));
#11532 = ORIENTED_EDGE('',*,*,#11533,.T.);
#11533 = EDGE_CURVE('',#11534,#11534,#11536,.T.);
#11534 = VERTEX_POINT('',#11535);
#11535 = CARTESIAN_POINT('',(28.575,-45.259375,1.6));
#11536 = CIRCLE('',#11537,2.);
#11537 = AXIS2_PLACEMENT_3D('',#11538,#11539,#11540);
#11538 = CARTESIAN_POINT('',(28.575,-43.259375,1.6));
#11539 = DIRECTION('',(-0.,0.,-1.));
#11540 = DIRECTION('',(-0.,-1.,0.));
#11541 = FACE_BOUND('',#11542,.T.);
#11542 = EDGE_LOOP('',(#11543));
#11543 = ORIENTED_EDGE('',*,*,#11544,.T.);
#11544 = EDGE_CURVE('',#11545,#11545,#11547,.T.);
#11545 = VERTEX_POINT('',#11546);
#11546 = CARTESIAN_POINT('',(45.085,-49.864375,1.6));
#11547 = CIRCLE('',#11548,1.525);
#11548 = AXIS2_PLACEMENT_3D('',#11549,#11550,#11551);
#11549 = CARTESIAN_POINT('',(45.085,-48.339375,1.6));
#11550 = DIRECTION('',(-0.,0.,-1.));
#11551 = DIRECTION('',(-0.,-1.,0.));
#11552 = FACE_BOUND('',#11553,.T.);
#11553 = EDGE_LOOP('',(#11554));
#11554 = ORIENTED_EDGE('',*,*,#11555,.T.);
#11555 = EDGE_CURVE('',#11556,#11556,#11558,.T.);
#11556 = VERTEX_POINT('',#11557);
#11557 = CARTESIAN_POINT('',(64.135,-49.864375,1.6));
#11558 = CIRCLE('',#11559,1.525);
#11559 = AXIS2_PLACEMENT_3D('',#11560,#11561,#11562);
#11560 = CARTESIAN_POINT('',(64.135,-48.339375,1.6));
#11561 = DIRECTION('',(-0.,0.,-1.));
#11562 = DIRECTION('',(9.31859325587E-15,-1.,-0.));
#11563 = FACE_BOUND('',#11564,.T.);
#11564 = EDGE_LOOP('',(#11565));
#11565 = ORIENTED_EDGE('',*,*,#11566,.T.);
#11566 = EDGE_CURVE('',#11567,#11567,#11569,.T.);
#11567 = VERTEX_POINT('',#11568);
#11568 = CARTESIAN_POINT('',(32.385,-47.324375,1.6));
#11569 = CIRCLE('',#11570,1.525);
#11570 = AXIS2_PLACEMENT_3D('',#11571,#11572,#11573);
#11571 = CARTESIAN_POINT('',(32.385,-45.799375,1.6));
#11572 = DIRECTION('',(-0.,0.,-1.));
#11573 = DIRECTION('',(-0.,-1.,0.));
#11574 = FACE_BOUND('',#11575,.T.);
#11575 = EDGE_LOOP('',(#11576));
#11576 = ORIENTED_EDGE('',*,*,#11577,.T.);
#11577 = EDGE_CURVE('',#11578,#11578,#11580,.T.);
#11578 = VERTEX_POINT('',#11579);
#11579 = CARTESIAN_POINT('',(33.655,-44.134375,1.6));
#11580 = CIRCLE('',#11581,0.875);
#11581 = AXIS2_PLACEMENT_3D('',#11582,#11583,#11584);
#11582 = CARTESIAN_POINT('',(33.655,-43.259375,1.6));
#11583 = DIRECTION('',(-0.,0.,-1.));
#11584 = DIRECTION('',(-0.,-1.,0.));
#11585 = FACE_BOUND('',#11586,.T.);
#11586 = EDGE_LOOP('',(#11587));
#11587 = ORIENTED_EDGE('',*,*,#11588,.T.);
#11588 = EDGE_CURVE('',#11589,#11589,#11591,.T.);
#11589 = VERTEX_POINT('',#11590);
#11590 = CARTESIAN_POINT('',(42.545,-44.134375,1.6));
#11591 = CIRCLE('',#11592,0.875);
#11592 = AXIS2_PLACEMENT_3D('',#11593,#11594,#11595);
#11593 = CARTESIAN_POINT('',(42.545,-43.259375,1.6));
#11594 = DIRECTION('',(-0.,0.,-1.));
#11595 = DIRECTION('',(-0.,-1.,0.));
#11596 = FACE_BOUND('',#11597,.T.);
#11597 = EDGE_LOOP('',(#11598));
#11598 = ORIENTED_EDGE('',*,*,#11599,.T.);
#11599 = EDGE_CURVE('',#11600,#11600,#11602,.T.);
#11600 = VERTEX_POINT('',#11601);
#11601 = CARTESIAN_POINT('',(47.625,-45.259375,1.6));
#11602 = CIRCLE('',#11603,2.);
#11603 = AXIS2_PLACEMENT_3D('',#11604,#11605,#11606);
#11604 = CARTESIAN_POINT('',(47.625,-43.259375,1.6));
#11605 = DIRECTION('',(-0.,0.,-1.));
#11606 = DIRECTION('',(-0.,-1.,0.));
#11607 = FACE_BOUND('',#11608,.T.);
#11608 = EDGE_LOOP('',(#11609));
#11609 = ORIENTED_EDGE('',*,*,#11610,.T.);
#11610 = EDGE_CURVE('',#11611,#11611,#11613,.T.);
#11611 = VERTEX_POINT('',#11612);
#11612 = CARTESIAN_POINT('',(51.435,-47.324375,1.6));
#11613 = CIRCLE('',#11614,1.525);
#11614 = AXIS2_PLACEMENT_3D('',#11615,#11616,#11617);
#11615 = CARTESIAN_POINT('',(51.435,-45.799375,1.6));
#11616 = DIRECTION('',(-0.,0.,-1.));
#11617 = DIRECTION('',(-0.,-1.,0.));
#11618 = FACE_BOUND('',#11619,.T.);
#11619 = EDGE_LOOP('',(#11620));
#11620 = ORIENTED_EDGE('',*,*,#11621,.T.);
#11621 = EDGE_CURVE('',#11622,#11622,#11624,.T.);
#11622 = VERTEX_POINT('',#11623);
#11623 = CARTESIAN_POINT('',(52.705,-44.134375,1.6));
#11624 = CIRCLE('',#11625,0.875);
#11625 = AXIS2_PLACEMENT_3D('',#11626,#11627,#11628);
#11626 = CARTESIAN_POINT('',(52.705,-43.259375,1.6));
#11627 = DIRECTION('',(-0.,0.,-1.));
#11628 = DIRECTION('',(-0.,-1.,0.));
#11629 = FACE_BOUND('',#11630,.T.);
#11630 = EDGE_LOOP('',(#11631));
#11631 = ORIENTED_EDGE('',*,*,#11632,.T.);
#11632 = EDGE_CURVE('',#11633,#11633,#11635,.T.);
#11633 = VERTEX_POINT('',#11634);
#11634 = CARTESIAN_POINT('',(61.595,-44.134375,1.6));
#11635 = CIRCLE('',#11636,0.875);
#11636 = AXIS2_PLACEMENT_3D('',#11637,#11638,#11639);
#11637 = CARTESIAN_POINT('',(61.595,-43.259375,1.6));
#11638 = DIRECTION('',(-0.,0.,-1.));
#11639 = DIRECTION('',(-0.,-1.,0.));
#11640 = FACE_BOUND('',#11641,.T.);
#11641 = EDGE_LOOP('',(#11642));
#11642 = ORIENTED_EDGE('',*,*,#11643,.T.);
#11643 = EDGE_CURVE('',#11644,#11644,#11646,.T.);
#11644 = VERTEX_POINT('',#11645);
#11645 = CARTESIAN_POINT('',(66.675,-45.259375,1.6));
#11646 = CIRCLE('',#11647,2.);
#11647 = AXIS2_PLACEMENT_3D('',#11648,#11649,#11650);
#11648 = CARTESIAN_POINT('',(66.675,-43.259375,1.6));
#11649 = DIRECTION('',(-0.,0.,-1.));
#11650 = DIRECTION('',(-0.,-1.,0.));
#11651 = FACE_BOUND('',#11652,.T.);
#11652 = EDGE_LOOP('',(#11653));
#11653 = ORIENTED_EDGE('',*,*,#11654,.T.);
#11654 = EDGE_CURVE('',#11655,#11655,#11657,.T.);
#11655 = VERTEX_POINT('',#11656);
#11656 = CARTESIAN_POINT('',(-2.54,-30.814375,1.6));
#11657 = CIRCLE('',#11658,1.525);
#11658 = AXIS2_PLACEMENT_3D('',#11659,#11660,#11661);
#11659 = CARTESIAN_POINT('',(-2.54,-29.289375,1.6));
#11660 = DIRECTION('',(-0.,0.,-1.));
#11661 = DIRECTION('',(-0.,-1.,0.));
#11662 = FACE_BOUND('',#11663,.T.);
#11663 = EDGE_LOOP('',(#11664));
#11664 = ORIENTED_EDGE('',*,*,#11665,.T.);
#11665 = EDGE_CURVE('',#11666,#11666,#11668,.T.);
#11666 = VERTEX_POINT('',#11667);
#11667 = CARTESIAN_POINT('',(3.81,-28.274375,1.6));
#11668 = CIRCLE('',#11669,1.525);
#11669 = AXIS2_PLACEMENT_3D('',#11670,#11671,#11672);
#11670 = CARTESIAN_POINT('',(3.81,-26.749375,1.6));
#11671 = DIRECTION('',(-0.,0.,-1.));
#11672 = DIRECTION('',(2.912060392459E-16,-1.,-0.));
#11673 = FACE_BOUND('',#11674,.T.);
#11674 = EDGE_LOOP('',(#11675));
#11675 = ORIENTED_EDGE('',*,*,#11676,.T.);
#11676 = EDGE_CURVE('',#11677,#11677,#11679,.T.);
#11677 = VERTEX_POINT('',#11678);
#11678 = CARTESIAN_POINT('',(16.51,-30.814375,1.6));
#11679 = CIRCLE('',#11680,1.525);
#11680 = AXIS2_PLACEMENT_3D('',#11681,#11682,#11683);
#11681 = CARTESIAN_POINT('',(16.51,-29.289375,1.6));
#11682 = DIRECTION('',(-0.,0.,-1.));
#11683 = DIRECTION('',(2.329648313968E-15,-1.,-0.));
#11684 = FACE_BOUND('',#11685,.T.);
#11685 = EDGE_LOOP('',(#11686));
#11686 = ORIENTED_EDGE('',*,*,#11687,.T.);
#11687 = EDGE_CURVE('',#11688,#11688,#11690,.T.);
#11688 = VERTEX_POINT('',#11689);
#11689 = CARTESIAN_POINT('',(22.86,-28.274375,1.6));
#11690 = CIRCLE('',#11691,1.525);
#11691 = AXIS2_PLACEMENT_3D('',#11692,#11693,#11694);
#11692 = CARTESIAN_POINT('',(22.86,-26.749375,1.6));
#11693 = DIRECTION('',(-0.,0.,-1.));
#11694 = DIRECTION('',(-0.,-1.,0.));
#11695 = FACE_BOUND('',#11696,.T.);
#11696 = EDGE_LOOP('',(#11697));
#11697 = ORIENTED_EDGE('',*,*,#11698,.T.);
#11698 = EDGE_CURVE('',#11699,#11699,#11701,.T.);
#11699 = VERTEX_POINT('',#11700);
#11700 = CARTESIAN_POINT('',(35.56,-30.814375,1.6));
#11701 = CIRCLE('',#11702,1.525);
#11702 = AXIS2_PLACEMENT_3D('',#11703,#11704,#11705);
#11703 = CARTESIAN_POINT('',(35.56,-29.289375,1.6));
#11704 = DIRECTION('',(-0.,0.,-1.));
#11705 = DIRECTION('',(-0.,-1.,0.));
#11706 = FACE_BOUND('',#11707,.T.);
#11707 = EDGE_LOOP('',(#11708));
#11708 = ORIENTED_EDGE('',*,*,#11709,.T.);
#11709 = EDGE_CURVE('',#11710,#11710,#11712,.T.);
#11710 = VERTEX_POINT('',#11711);
#11711 = CARTESIAN_POINT('',(41.91,-28.274375,1.6));
#11712 = CIRCLE('',#11713,1.525);
#11713 = AXIS2_PLACEMENT_3D('',#11714,#11715,#11716);
#11714 = CARTESIAN_POINT('',(41.91,-26.749375,1.6));
#11715 = DIRECTION('',(-0.,0.,-1.));
#11716 = DIRECTION('',(-0.,-1.,0.));
#11717 = FACE_BOUND('',#11718,.T.);
#11718 = EDGE_LOOP('',(#11719));
#11719 = ORIENTED_EDGE('',*,*,#11720,.T.);
#11720 = EDGE_CURVE('',#11721,#11721,#11723,.T.);
#11721 = VERTEX_POINT('',#11722);
#11722 = CARTESIAN_POINT('',(54.61,-30.814375,1.6));
#11723 = CIRCLE('',#11724,1.525);
#11724 = AXIS2_PLACEMENT_3D('',#11725,#11726,#11727);
#11725 = CARTESIAN_POINT('',(54.61,-29.289375,1.6));
#11726 = DIRECTION('',(-0.,0.,-1.));
#11727 = DIRECTION('',(-0.,-1.,0.));
#11728 = FACE_BOUND('',#11729,.T.);
#11729 = EDGE_LOOP('',(#11730));
#11730 = ORIENTED_EDGE('',*,*,#11731,.T.);
#11731 = EDGE_CURVE('',#11732,#11732,#11734,.T.);
#11732 = VERTEX_POINT('',#11733);
#11733 = CARTESIAN_POINT('',(60.96,-28.274375,1.6));
#11734 = CIRCLE('',#11735,1.525);
#11735 = AXIS2_PLACEMENT_3D('',#11736,#11737,#11738);
#11736 = CARTESIAN_POINT('',(60.96,-26.749375,1.6));
#11737 = DIRECTION('',(-0.,0.,-1.));
#11738 = DIRECTION('',(-0.,-1.,0.));
#11739 = FACE_BOUND('',#11740,.T.);
#11740 = EDGE_LOOP('',(#11741));
#11741 = ORIENTED_EDGE('',*,*,#11742,.T.);
#11742 = EDGE_CURVE('',#11743,#11743,#11745,.T.);
#11743 = VERTEX_POINT('',#11744);
#11744 = CARTESIAN_POINT('',(83.185,-49.864375,1.6));
#11745 = CIRCLE('',#11746,1.525);
#11746 = AXIS2_PLACEMENT_3D('',#11747,#11748,#11749);
#11747 = CARTESIAN_POINT('',(83.185,-48.339375,1.6));
#11748 = DIRECTION('',(-0.,0.,-1.));
#11749 = DIRECTION('',(-0.,-1.,0.));
#11750 = FACE_BOUND('',#11751,.T.);
#11751 = EDGE_LOOP('',(#11752));
#11752 = ORIENTED_EDGE('',*,*,#11753,.T.);
#11753 = EDGE_CURVE('',#11754,#11754,#11756,.T.);
#11754 = VERTEX_POINT('',#11755);
#11755 = CARTESIAN_POINT('',(102.235,-49.864375,1.6));
#11756 = CIRCLE('',#11757,1.525);
#11757 = AXIS2_PLACEMENT_3D('',#11758,#11759,#11760);
#11758 = CARTESIAN_POINT('',(102.235,-48.339375,1.6));
#11759 = DIRECTION('',(-0.,0.,-1.));
#11760 = DIRECTION('',(-0.,-1.,0.));
#11761 = FACE_BOUND('',#11762,.T.);
#11762 = EDGE_LOOP('',(#11763));
#11763 = ORIENTED_EDGE('',*,*,#11764,.T.);
#11764 = EDGE_CURVE('',#11765,#11765,#11767,.T.);
#11765 = VERTEX_POINT('',#11766);
#11766 = CARTESIAN_POINT('',(70.485,-47.324375,1.6));
#11767 = CIRCLE('',#11768,1.525);
#11768 = AXIS2_PLACEMENT_3D('',#11769,#11770,#11771);
#11769 = CARTESIAN_POINT('',(70.485,-45.799375,1.6));
#11770 = DIRECTION('',(-0.,0.,-1.));
#11771 = DIRECTION('',(-0.,-1.,0.));
#11772 = FACE_BOUND('',#11773,.T.);
#11773 = EDGE_LOOP('',(#11774));
#11774 = ORIENTED_EDGE('',*,*,#11775,.T.);
#11775 = EDGE_CURVE('',#11776,#11776,#11778,.T.);
#11776 = VERTEX_POINT('',#11777);
#11777 = CARTESIAN_POINT('',(71.755,-44.134375,1.6));
#11778 = CIRCLE('',#11779,0.875);
#11779 = AXIS2_PLACEMENT_3D('',#11780,#11781,#11782);
#11780 = CARTESIAN_POINT('',(71.755,-43.259375,1.6));
#11781 = DIRECTION('',(-0.,0.,-1.));
#11782 = DIRECTION('',(-0.,-1.,0.));
#11783 = FACE_BOUND('',#11784,.T.);
#11784 = EDGE_LOOP('',(#11785));
#11785 = ORIENTED_EDGE('',*,*,#11786,.T.);
#11786 = EDGE_CURVE('',#11787,#11787,#11789,.T.);
#11787 = VERTEX_POINT('',#11788);
#11788 = CARTESIAN_POINT('',(80.645,-44.134375,1.6));
#11789 = CIRCLE('',#11790,0.875);
#11790 = AXIS2_PLACEMENT_3D('',#11791,#11792,#11793);
#11791 = CARTESIAN_POINT('',(80.645,-43.259375,1.6));
#11792 = DIRECTION('',(-0.,0.,-1.));
#11793 = DIRECTION('',(-0.,-1.,0.));
#11794 = FACE_BOUND('',#11795,.T.);
#11795 = EDGE_LOOP('',(#11796));
#11796 = ORIENTED_EDGE('',*,*,#11797,.T.);
#11797 = EDGE_CURVE('',#11798,#11798,#11800,.T.);
#11798 = VERTEX_POINT('',#11799);
#11799 = CARTESIAN_POINT('',(85.725,-45.259375,1.6));
#11800 = CIRCLE('',#11801,2.);
#11801 = AXIS2_PLACEMENT_3D('',#11802,#11803,#11804);
#11802 = CARTESIAN_POINT('',(85.725,-43.259375,1.6));
#11803 = DIRECTION('',(-0.,0.,-1.));
#11804 = DIRECTION('',(-0.,-1.,0.));
#11805 = FACE_BOUND('',#11806,.T.);
#11806 = EDGE_LOOP('',(#11807));
#11807 = ORIENTED_EDGE('',*,*,#11808,.T.);
#11808 = EDGE_CURVE('',#11809,#11809,#11811,.T.);
#11809 = VERTEX_POINT('',#11810);
#11810 = CARTESIAN_POINT('',(89.535,-47.324375,1.6));
#11811 = CIRCLE('',#11812,1.525);
#11812 = AXIS2_PLACEMENT_3D('',#11813,#11814,#11815);
#11813 = CARTESIAN_POINT('',(89.535,-45.799375,1.6));
#11814 = DIRECTION('',(-0.,0.,-1.));
#11815 = DIRECTION('',(-0.,-1.,0.));
#11816 = FACE_BOUND('',#11817,.T.);
#11817 = EDGE_LOOP('',(#11818));
#11818 = ORIENTED_EDGE('',*,*,#11819,.T.);
#11819 = EDGE_CURVE('',#11820,#11820,#11822,.T.);
#11820 = VERTEX_POINT('',#11821);
#11821 = CARTESIAN_POINT('',(90.805,-44.134375,1.6));
#11822 = CIRCLE('',#11823,0.875);
#11823 = AXIS2_PLACEMENT_3D('',#11824,#11825,#11826);
#11824 = CARTESIAN_POINT('',(90.805,-43.259375,1.6));
#11825 = DIRECTION('',(-0.,0.,-1.));
#11826 = DIRECTION('',(-0.,-1.,0.));
#11827 = FACE_BOUND('',#11828,.T.);
#11828 = EDGE_LOOP('',(#11829));
#11829 = ORIENTED_EDGE('',*,*,#11830,.T.);
#11830 = EDGE_CURVE('',#11831,#11831,#11833,.T.);
#11831 = VERTEX_POINT('',#11832);
#11832 = CARTESIAN_POINT('',(99.695,-44.134375,1.6));
#11833 = CIRCLE('',#11834,0.875);
#11834 = AXIS2_PLACEMENT_3D('',#11835,#11836,#11837);
#11835 = CARTESIAN_POINT('',(99.695,-43.259375,1.6));
#11836 = DIRECTION('',(-0.,0.,-1.));
#11837 = DIRECTION('',(-0.,-1.,0.));
#11838 = FACE_BOUND('',#11839,.T.);
#11839 = EDGE_LOOP('',(#11840));
#11840 = ORIENTED_EDGE('',*,*,#11841,.T.);
#11841 = EDGE_CURVE('',#11842,#11842,#11844,.T.);
#11842 = VERTEX_POINT('',#11843);
#11843 = CARTESIAN_POINT('',(104.775,-45.259375,1.6));
#11844 = CIRCLE('',#11845,2.);
#11845 = AXIS2_PLACEMENT_3D('',#11846,#11847,#11848);
#11846 = CARTESIAN_POINT('',(104.775,-43.259375,1.6));
#11847 = DIRECTION('',(-0.,0.,-1.));
#11848 = DIRECTION('',(-0.,-1.,0.));
#11849 = FACE_BOUND('',#11850,.T.);
#11850 = EDGE_LOOP('',(#11851));
#11851 = ORIENTED_EDGE('',*,*,#11852,.T.);
#11852 = EDGE_CURVE('',#11853,#11853,#11855,.T.);
#11853 = VERTEX_POINT('',#11854);
#11854 = CARTESIAN_POINT('',(121.285,-49.864375,1.6));
#11855 = CIRCLE('',#11856,1.525);
#11856 = AXIS2_PLACEMENT_3D('',#11857,#11858,#11859);
#11857 = CARTESIAN_POINT('',(121.285,-48.339375,1.6));
#11858 = DIRECTION('',(-0.,0.,-1.));
#11859 = DIRECTION('',(-0.,-1.,0.));
#11860 = FACE_BOUND('',#11861,.T.);
#11861 = EDGE_LOOP('',(#11862));
#11862 = ORIENTED_EDGE('',*,*,#11863,.T.);
#11863 = EDGE_CURVE('',#11864,#11864,#11866,.T.);
#11864 = VERTEX_POINT('',#11865);
#11865 = CARTESIAN_POINT('',(140.335,-49.864375,1.6));
#11866 = CIRCLE('',#11867,1.525);
#11867 = AXIS2_PLACEMENT_3D('',#11868,#11869,#11870);
#11868 = CARTESIAN_POINT('',(140.335,-48.339375,1.6));
#11869 = DIRECTION('',(-0.,0.,-1.));
#11870 = DIRECTION('',(-0.,-1.,0.));
#11871 = FACE_BOUND('',#11872,.T.);
#11872 = EDGE_LOOP('',(#11873));
#11873 = ORIENTED_EDGE('',*,*,#11874,.T.);
#11874 = EDGE_CURVE('',#11875,#11875,#11877,.T.);
#11875 = VERTEX_POINT('',#11876);
#11876 = CARTESIAN_POINT('',(108.585,-47.324375,1.6));
#11877 = CIRCLE('',#11878,1.525);
#11878 = AXIS2_PLACEMENT_3D('',#11879,#11880,#11881);
#11879 = CARTESIAN_POINT('',(108.585,-45.799375,1.6));
#11880 = DIRECTION('',(-0.,0.,-1.));
#11881 = DIRECTION('',(-9.31859325587E-15,-1.,0.));
#11882 = FACE_BOUND('',#11883,.T.);
#11883 = EDGE_LOOP('',(#11884));
#11884 = ORIENTED_EDGE('',*,*,#11885,.T.);
#11885 = EDGE_CURVE('',#11886,#11886,#11888,.T.);
#11886 = VERTEX_POINT('',#11887);
#11887 = CARTESIAN_POINT('',(109.855,-44.134375,1.6));
#11888 = CIRCLE('',#11889,0.875);
#11889 = AXIS2_PLACEMENT_3D('',#11890,#11891,#11892);
#11890 = CARTESIAN_POINT('',(109.855,-43.259375,1.6));
#11891 = DIRECTION('',(-0.,0.,-1.));
#11892 = DIRECTION('',(-0.,-1.,0.));
#11893 = FACE_BOUND('',#11894,.T.);
#11894 = EDGE_LOOP('',(#11895));
#11895 = ORIENTED_EDGE('',*,*,#11896,.T.);
#11896 = EDGE_CURVE('',#11897,#11897,#11899,.T.);
#11897 = VERTEX_POINT('',#11898);
#11898 = CARTESIAN_POINT('',(118.745,-44.134375,1.6));
#11899 = CIRCLE('',#11900,0.875);
#11900 = AXIS2_PLACEMENT_3D('',#11901,#11902,#11903);
#11901 = CARTESIAN_POINT('',(118.745,-43.259375,1.6));
#11902 = DIRECTION('',(-0.,0.,-1.));
#11903 = DIRECTION('',(-0.,-1.,0.));
#11904 = FACE_BOUND('',#11905,.T.);
#11905 = EDGE_LOOP('',(#11906));
#11906 = ORIENTED_EDGE('',*,*,#11907,.T.);
#11907 = EDGE_CURVE('',#11908,#11908,#11910,.T.);
#11908 = VERTEX_POINT('',#11909);
#11909 = CARTESIAN_POINT('',(123.825,-45.259375,1.6));
#11910 = CIRCLE('',#11911,2.);
#11911 = AXIS2_PLACEMENT_3D('',#11912,#11913,#11914);
#11912 = CARTESIAN_POINT('',(123.825,-43.259375,1.6));
#11913 = DIRECTION('',(-0.,0.,-1.));
#11914 = DIRECTION('',(-0.,-1.,0.));
#11915 = FACE_BOUND('',#11916,.T.);
#11916 = EDGE_LOOP('',(#11917));
#11917 = ORIENTED_EDGE('',*,*,#11918,.T.);
#11918 = EDGE_CURVE('',#11919,#11919,#11921,.T.);
#11919 = VERTEX_POINT('',#11920);
#11920 = CARTESIAN_POINT('',(127.635,-47.324375,1.6));
#11921 = CIRCLE('',#11922,1.525);
#11922 = AXIS2_PLACEMENT_3D('',#11923,#11924,#11925);
#11923 = CARTESIAN_POINT('',(127.635,-45.799375,1.6));
#11924 = DIRECTION('',(-0.,0.,-1.));
#11925 = DIRECTION('',(9.31859325587E-15,-1.,-0.));
#11926 = FACE_BOUND('',#11927,.T.);
#11927 = EDGE_LOOP('',(#11928));
#11928 = ORIENTED_EDGE('',*,*,#11929,.T.);
#11929 = EDGE_CURVE('',#11930,#11930,#11932,.T.);
#11930 = VERTEX_POINT('',#11931);
#11931 = CARTESIAN_POINT('',(128.905,-44.134375,1.6));
#11932 = CIRCLE('',#11933,0.875);
#11933 = AXIS2_PLACEMENT_3D('',#11934,#11935,#11936);
#11934 = CARTESIAN_POINT('',(128.905,-43.259375,1.6));
#11935 = DIRECTION('',(-0.,0.,-1.));
#11936 = DIRECTION('',(-0.,-1.,0.));
#11937 = FACE_BOUND('',#11938,.T.);
#11938 = EDGE_LOOP('',(#11939));
#11939 = ORIENTED_EDGE('',*,*,#11940,.T.);
#11940 = EDGE_CURVE('',#11941,#11941,#11943,.T.);
#11941 = VERTEX_POINT('',#11942);
#11942 = CARTESIAN_POINT('',(137.795,-44.134375,1.6));
#11943 = CIRCLE('',#11944,0.875);
#11944 = AXIS2_PLACEMENT_3D('',#11945,#11946,#11947);
#11945 = CARTESIAN_POINT('',(137.795,-43.259375,1.6));
#11946 = DIRECTION('',(-0.,0.,-1.));
#11947 = DIRECTION('',(-0.,-1.,0.));
#11948 = FACE_BOUND('',#11949,.T.);
#11949 = EDGE_LOOP('',(#11950));
#11950 = ORIENTED_EDGE('',*,*,#11951,.T.);
#11951 = EDGE_CURVE('',#11952,#11952,#11954,.T.);
#11952 = VERTEX_POINT('',#11953);
#11953 = CARTESIAN_POINT('',(73.66,-30.814375,1.6));
#11954 = CIRCLE('',#11955,1.525);
#11955 = AXIS2_PLACEMENT_3D('',#11956,#11957,#11958);
#11956 = CARTESIAN_POINT('',(73.66,-29.289375,1.6));
#11957 = DIRECTION('',(-0.,0.,-1.));
#11958 = DIRECTION('',(-0.,-1.,0.));
#11959 = FACE_BOUND('',#11960,.T.);
#11960 = EDGE_LOOP('',(#11961));
#11961 = ORIENTED_EDGE('',*,*,#11962,.T.);
#11962 = EDGE_CURVE('',#11963,#11963,#11965,.T.);
#11963 = VERTEX_POINT('',#11964);
#11964 = CARTESIAN_POINT('',(80.01,-28.274375,1.6));
#11965 = CIRCLE('',#11966,1.525);
#11966 = AXIS2_PLACEMENT_3D('',#11967,#11968,#11969);
#11967 = CARTESIAN_POINT('',(80.01,-26.749375,1.6));
#11968 = DIRECTION('',(-0.,0.,-1.));
#11969 = DIRECTION('',(9.31859325587E-15,-1.,-0.));
#11970 = FACE_BOUND('',#11971,.T.);
#11971 = EDGE_LOOP('',(#11972));
#11972 = ORIENTED_EDGE('',*,*,#11973,.T.);
#11973 = EDGE_CURVE('',#11974,#11974,#11976,.T.);
#11974 = VERTEX_POINT('',#11975);
#11975 = CARTESIAN_POINT('',(92.71,-30.814375,1.6));
#11976 = CIRCLE('',#11977,1.525);
#11977 = AXIS2_PLACEMENT_3D('',#11978,#11979,#11980);
#11978 = CARTESIAN_POINT('',(92.71,-29.289375,1.6));
#11979 = DIRECTION('',(-0.,0.,-1.));
#11980 = DIRECTION('',(-9.31859325587E-15,-1.,0.));
#11981 = FACE_BOUND('',#11982,.T.);
#11982 = EDGE_LOOP('',(#11983));
#11983 = ORIENTED_EDGE('',*,*,#11984,.T.);
#11984 = EDGE_CURVE('',#11985,#11985,#11987,.T.);
#11985 = VERTEX_POINT('',#11986);
#11986 = CARTESIAN_POINT('',(99.06,-28.274375,1.6));
#11987 = CIRCLE('',#11988,1.525);
#11988 = AXIS2_PLACEMENT_3D('',#11989,#11990,#11991);
#11989 = CARTESIAN_POINT('',(99.06,-26.749375,1.6));
#11990 = DIRECTION('',(-0.,0.,-1.));
#11991 = DIRECTION('',(-0.,-1.,0.));
#11992 = FACE_BOUND('',#11993,.T.);
#11993 = EDGE_LOOP('',(#11994));
#11994 = ORIENTED_EDGE('',*,*,#11995,.T.);
#11995 = EDGE_CURVE('',#11996,#11996,#11998,.T.);
#11996 = VERTEX_POINT('',#11997);
#11997 = CARTESIAN_POINT('',(111.76,-30.814375,1.6));
#11998 = CIRCLE('',#11999,1.525);
#11999 = AXIS2_PLACEMENT_3D('',#12000,#12001,#12002);
#12000 = CARTESIAN_POINT('',(111.76,-29.289375,1.6));
#12001 = DIRECTION('',(-0.,0.,-1.));
#12002 = DIRECTION('',(9.31859325587E-15,-1.,-0.));
#12003 = FACE_BOUND('',#12004,.T.);
#12004 = EDGE_LOOP('',(#12005));
#12005 = ORIENTED_EDGE('',*,*,#12006,.T.);
#12006 = EDGE_CURVE('',#12007,#12007,#12009,.T.);
#12007 = VERTEX_POINT('',#12008);
#12008 = CARTESIAN_POINT('',(118.11,-28.274375,1.6));
#12009 = CIRCLE('',#12010,1.525);
#12010 = AXIS2_PLACEMENT_3D('',#12011,#12012,#12013);
#12011 = CARTESIAN_POINT('',(118.11,-26.749375,1.6));
#12012 = DIRECTION('',(-0.,0.,-1.));
#12013 = DIRECTION('',(-0.,-1.,0.));
#12014 = FACE_BOUND('',#12015,.T.);
#12015 = EDGE_LOOP('',(#12016));
#12016 = ORIENTED_EDGE('',*,*,#12017,.T.);
#12017 = EDGE_CURVE('',#12018,#12018,#12020,.T.);
#12018 = VERTEX_POINT('',#12019);
#12019 = CARTESIAN_POINT('',(130.81,-30.814375,1.6));
#12020 = CIRCLE('',#12021,1.525);
#12021 = AXIS2_PLACEMENT_3D('',#12022,#12023,#12024);
#12022 = CARTESIAN_POINT('',(130.81,-29.289375,1.6));
#12023 = DIRECTION('',(-0.,0.,-1.));
#12024 = DIRECTION('',(-0.,-1.,0.));
#12025 = FACE_BOUND('',#12026,.T.);
#12026 = EDGE_LOOP('',(#12027));
#12027 = ORIENTED_EDGE('',*,*,#12028,.T.);
#12028 = EDGE_CURVE('',#12029,#12029,#12031,.T.);
#12029 = VERTEX_POINT('',#12030);
#12030 = CARTESIAN_POINT('',(137.16,-28.274375,1.6));
#12031 = CIRCLE('',#12032,1.525);
#12032 = AXIS2_PLACEMENT_3D('',#12033,#12034,#12035);
#12033 = CARTESIAN_POINT('',(137.16,-26.749375,1.6));
#12034 = DIRECTION('',(-0.,0.,-1.));
#12035 = DIRECTION('',(-0.,-1.,0.));
#12036 = FACE_BOUND('',#12037,.T.);
#12037 = EDGE_LOOP('',(#12038));
#12038 = ORIENTED_EDGE('',*,*,#12039,.T.);
#12039 = EDGE_CURVE('',#12040,#12040,#12042,.T.);
#12040 = VERTEX_POINT('',#12041);
#12041 = CARTESIAN_POINT('',(-5.08,-25.084375,1.6));
#12042 = CIRCLE('',#12043,0.875);
#12043 = AXIS2_PLACEMENT_3D('',#12044,#12045,#12046);
#12044 = CARTESIAN_POINT('',(-5.08,-24.209375,1.6));
#12045 = DIRECTION('',(-0.,0.,-1.));
#12046 = DIRECTION('',(-0.,-1.,0.));
#12047 = FACE_BOUND('',#12048,.T.);
#12048 = EDGE_LOOP('',(#12049));
#12049 = ORIENTED_EDGE('',*,*,#12050,.T.);
#12050 = EDGE_CURVE('',#12051,#12051,#12053,.T.);
#12051 = VERTEX_POINT('',#12052);
#12052 = CARTESIAN_POINT('',(0.,-26.209375,1.6));
#12053 = CIRCLE('',#12054,2.);
#12054 = AXIS2_PLACEMENT_3D('',#12055,#12056,#12057);
#12055 = CARTESIAN_POINT('',(-1.110223024625E-16,-24.209375,1.6));
#12056 = DIRECTION('',(-0.,0.,-1.));
#12057 = DIRECTION('',(5.551115123126E-17,-1.,-0.));
#12058 = FACE_BOUND('',#12059,.T.);
#12059 = EDGE_LOOP('',(#12060));
#12060 = ORIENTED_EDGE('',*,*,#12061,.T.);
#12061 = EDGE_CURVE('',#12062,#12062,#12064,.T.);
#12062 = VERTEX_POINT('',#12063);
#12063 = CARTESIAN_POINT('',(5.08,-25.084375,1.6));
#12064 = CIRCLE('',#12065,0.875);
#12065 = AXIS2_PLACEMENT_3D('',#12066,#12067,#12068);
#12066 = CARTESIAN_POINT('',(5.08,-24.209375,1.6));
#12067 = DIRECTION('',(-0.,0.,-1.));
#12068 = DIRECTION('',(-0.,-1.,0.));
#12069 = FACE_BOUND('',#12070,.T.);
#12070 = EDGE_LOOP('',(#12071));
#12071 = ORIENTED_EDGE('',*,*,#12072,.T.);
#12072 = EDGE_CURVE('',#12073,#12073,#12075,.T.);
#12073 = VERTEX_POINT('',#12074);
#12074 = CARTESIAN_POINT('',(13.97,-25.084375,1.6));
#12075 = CIRCLE('',#12076,0.875);
#12076 = AXIS2_PLACEMENT_3D('',#12077,#12078,#12079);
#12077 = CARTESIAN_POINT('',(13.97,-24.209375,1.6));
#12078 = DIRECTION('',(-0.,0.,-1.));
#12079 = DIRECTION('',(-0.,-1.,0.));
#12080 = FACE_BOUND('',#12081,.T.);
#12081 = EDGE_LOOP('',(#12082));
#12082 = ORIENTED_EDGE('',*,*,#12083,.T.);
#12083 = EDGE_CURVE('',#12084,#12084,#12086,.T.);
#12084 = VERTEX_POINT('',#12085);
#12085 = CARTESIAN_POINT('',(19.05,-26.209375,1.6));
#12086 = CIRCLE('',#12087,2.);
#12087 = AXIS2_PLACEMENT_3D('',#12088,#12089,#12090);
#12088 = CARTESIAN_POINT('',(19.05,-24.209375,1.6));
#12089 = DIRECTION('',(-0.,0.,-1.));
#12090 = DIRECTION('',(-0.,-1.,0.));
#12091 = FACE_BOUND('',#12092,.T.);
#12092 = EDGE_LOOP('',(#12093));
#12093 = ORIENTED_EDGE('',*,*,#12094,.T.);
#12094 = EDGE_CURVE('',#12095,#12095,#12097,.T.);
#12095 = VERTEX_POINT('',#12096);
#12096 = CARTESIAN_POINT('',(24.13,-25.084375,1.6));
#12097 = CIRCLE('',#12098,0.875);
#12098 = AXIS2_PLACEMENT_3D('',#12099,#12100,#12101);
#12099 = CARTESIAN_POINT('',(24.13,-24.209375,1.6));
#12100 = DIRECTION('',(-0.,0.,-1.));
#12101 = DIRECTION('',(-0.,-1.,0.));
#12102 = FACE_BOUND('',#12103,.T.);
#12103 = EDGE_LOOP('',(#12104));
#12104 = ORIENTED_EDGE('',*,*,#12105,.T.);
#12105 = EDGE_CURVE('',#12106,#12106,#12108,.T.);
#12106 = VERTEX_POINT('',#12107);
#12107 = CARTESIAN_POINT('',(33.02,-25.084375,1.6));
#12108 = CIRCLE('',#12109,0.875);
#12109 = AXIS2_PLACEMENT_3D('',#12110,#12111,#12112);
#12110 = CARTESIAN_POINT('',(33.02,-24.209375,1.6));
#12111 = DIRECTION('',(-0.,0.,-1.));
#12112 = DIRECTION('',(-0.,-1.,0.));
#12113 = FACE_BOUND('',#12114,.T.);
#12114 = EDGE_LOOP('',(#12115));
#12115 = ORIENTED_EDGE('',*,*,#12116,.T.);
#12116 = EDGE_CURVE('',#12117,#12117,#12119,.T.);
#12117 = VERTEX_POINT('',#12118);
#12118 = CARTESIAN_POINT('',(38.1,-26.209375,1.6));
#12119 = CIRCLE('',#12120,2.);
#12120 = AXIS2_PLACEMENT_3D('',#12121,#12122,#12123);
#12121 = CARTESIAN_POINT('',(38.1,-24.209375,1.6));
#12122 = DIRECTION('',(-0.,0.,-1.));
#12123 = DIRECTION('',(-0.,-1.,0.));
#12124 = FACE_BOUND('',#12125,.T.);
#12125 = EDGE_LOOP('',(#12126));
#12126 = ORIENTED_EDGE('',*,*,#12127,.T.);
#12127 = EDGE_CURVE('',#12128,#12128,#12130,.T.);
#12128 = VERTEX_POINT('',#12129);
#12129 = CARTESIAN_POINT('',(43.18,-25.084375,1.6));
#12130 = CIRCLE('',#12131,0.875);
#12131 = AXIS2_PLACEMENT_3D('',#12132,#12133,#12134);
#12132 = CARTESIAN_POINT('',(43.18,-24.209375,1.6));
#12133 = DIRECTION('',(-0.,0.,-1.));
#12134 = DIRECTION('',(-0.,-1.,0.));
#12135 = FACE_BOUND('',#12136,.T.);
#12136 = EDGE_LOOP('',(#12137));
#12137 = ORIENTED_EDGE('',*,*,#12138,.T.);
#12138 = EDGE_CURVE('',#12139,#12139,#12141,.T.);
#12139 = VERTEX_POINT('',#12140);
#12140 = CARTESIAN_POINT('',(52.07,-25.084375,1.6));
#12141 = CIRCLE('',#12142,0.875);
#12142 = AXIS2_PLACEMENT_3D('',#12143,#12144,#12145);
#12143 = CARTESIAN_POINT('',(52.07,-24.209375,1.6));
#12144 = DIRECTION('',(-0.,0.,-1.));
#12145 = DIRECTION('',(-0.,-1.,0.));
#12146 = FACE_BOUND('',#12147,.T.);
#12147 = EDGE_LOOP('',(#12148));
#12148 = ORIENTED_EDGE('',*,*,#12149,.T.);
#12149 = EDGE_CURVE('',#12150,#12150,#12152,.T.);
#12150 = VERTEX_POINT('',#12151);
#12151 = CARTESIAN_POINT('',(57.15,-26.209375,1.6));
#12152 = CIRCLE('',#12153,2.);
#12153 = AXIS2_PLACEMENT_3D('',#12154,#12155,#12156);
#12154 = CARTESIAN_POINT('',(57.15,-24.209375,1.6));
#12155 = DIRECTION('',(-0.,0.,-1.));
#12156 = DIRECTION('',(-0.,-1.,0.));
#12157 = FACE_BOUND('',#12158,.T.);
#12158 = EDGE_LOOP('',(#12159));
#12159 = ORIENTED_EDGE('',*,*,#12160,.T.);
#12160 = EDGE_CURVE('',#12161,#12161,#12163,.T.);
#12161 = VERTEX_POINT('',#12162);
#12162 = CARTESIAN_POINT('',(62.23,-25.084375,1.6));
#12163 = CIRCLE('',#12164,0.875);
#12164 = AXIS2_PLACEMENT_3D('',#12165,#12166,#12167);
#12165 = CARTESIAN_POINT('',(62.23,-24.209375,1.6));
#12166 = DIRECTION('',(-0.,0.,-1.));
#12167 = DIRECTION('',(-0.,-1.,0.));
#12168 = FACE_BOUND('',#12169,.T.);
#12169 = EDGE_LOOP('',(#12170));
#12170 = ORIENTED_EDGE('',*,*,#12171,.T.);
#12171 = EDGE_CURVE('',#12172,#12172,#12174,.T.);
#12172 = VERTEX_POINT('',#12173);
#12173 = CARTESIAN_POINT('',(-2.54,-7.001875,1.6));
#12174 = CIRCLE('',#12175,1.525);
#12175 = AXIS2_PLACEMENT_3D('',#12176,#12177,#12178);
#12176 = CARTESIAN_POINT('',(-2.54,-5.476875,1.6));
#12177 = DIRECTION('',(-0.,0.,-1.));
#12178 = DIRECTION('',(-0.,-1.,0.));
#12179 = FACE_BOUND('',#12180,.T.);
#12180 = EDGE_LOOP('',(#12181));
#12181 = ORIENTED_EDGE('',*,*,#12182,.T.);
#12182 = EDGE_CURVE('',#12183,#12183,#12185,.T.);
#12183 = VERTEX_POINT('',#12184);
#12184 = CARTESIAN_POINT('',(21.2725,-7.001875,1.6));
#12185 = CIRCLE('',#12186,1.525);
#12186 = AXIS2_PLACEMENT_3D('',#12187,#12188,#12189);
#12187 = CARTESIAN_POINT('',(21.2725,-5.476875,1.6));
#12188 = DIRECTION('',(-0.,0.,-1.));
#12189 = DIRECTION('',(-0.,-1.,0.));
#12190 = FACE_BOUND('',#12191,.T.);
#12191 = EDGE_LOOP('',(#12192));
#12192 = ORIENTED_EDGE('',*,*,#12193,.T.);
#12193 = EDGE_CURVE('',#12194,#12194,#12196,.T.);
#12194 = VERTEX_POINT('',#12195);
#12195 = CARTESIAN_POINT('',(3.81,-4.461875,1.6));
#12196 = CIRCLE('',#12197,1.525);
#12197 = AXIS2_PLACEMENT_3D('',#12198,#12199,#12200);
#12198 = CARTESIAN_POINT('',(3.81,-2.936875,1.6));
#12199 = DIRECTION('',(-0.,0.,-1.));
#12200 = DIRECTION('',(2.912060392459E-16,-1.,-0.));
#12201 = FACE_BOUND('',#12202,.T.);
#12202 = EDGE_LOOP('',(#12203));
#12203 = ORIENTED_EDGE('',*,*,#12204,.T.);
#12204 = EDGE_CURVE('',#12205,#12205,#12207,.T.);
#12205 = VERTEX_POINT('',#12206);
#12206 = CARTESIAN_POINT('',(-5.08,-1.271875,1.6));
#12207 = CIRCLE('',#12208,0.875);
#12208 = AXIS2_PLACEMENT_3D('',#12209,#12210,#12211);
#12209 = CARTESIAN_POINT('',(-5.08,-0.396875,1.6));
#12210 = DIRECTION('',(-0.,0.,-1.));
#12211 = DIRECTION('',(-0.,-1.,0.));
#12212 = FACE_BOUND('',#12213,.T.);
#12213 = EDGE_LOOP('',(#12214));
#12214 = ORIENTED_EDGE('',*,*,#12215,.T.);
#12215 = EDGE_CURVE('',#12216,#12216,#12218,.T.);
#12216 = VERTEX_POINT('',#12217);
#12217 = CARTESIAN_POINT('',(-2.465190328816E-32,-2.396875,1.6));
#12218 = CIRCLE('',#12219,2.);
#12219 = AXIS2_PLACEMENT_3D('',#12220,#12221,#12222);
#12220 = CARTESIAN_POINT('',(-1.110223024625E-16,-0.396875,1.6));
#12221 = DIRECTION('',(-0.,0.,-1.));
#12222 = DIRECTION('',(5.551115123126E-17,-1.,-0.));
#12223 = FACE_BOUND('',#12224,.T.);
#12224 = EDGE_LOOP('',(#12225));
#12225 = ORIENTED_EDGE('',*,*,#12226,.T.);
#12226 = EDGE_CURVE('',#12227,#12227,#12229,.T.);
#12227 = VERTEX_POINT('',#12228);
#12228 = CARTESIAN_POINT('',(5.08,-1.271875,1.6));
#12229 = CIRCLE('',#12230,0.875);
#12230 = AXIS2_PLACEMENT_3D('',#12231,#12232,#12233);
#12231 = CARTESIAN_POINT('',(5.08,-0.396875,1.6));
#12232 = DIRECTION('',(-0.,0.,-1.));
#12233 = DIRECTION('',(-0.,-1.,0.));
#12234 = FACE_BOUND('',#12235,.T.);
#12235 = EDGE_LOOP('',(#12236));
#12236 = ORIENTED_EDGE('',*,*,#12237,.T.);
#12237 = EDGE_CURVE('',#12238,#12238,#12240,.T.);
#12238 = VERTEX_POINT('',#12239);
#12239 = CARTESIAN_POINT('',(27.6225,-4.461875,1.6));
#12240 = CIRCLE('',#12241,1.525);
#12241 = AXIS2_PLACEMENT_3D('',#12242,#12243,#12244);
#12242 = CARTESIAN_POINT('',(27.6225,-2.936875,1.6));
#12243 = DIRECTION('',(-0.,0.,-1.));
#12244 = DIRECTION('',(-2.329648313968E-15,-1.,0.));
#12245 = FACE_BOUND('',#12246,.T.);
#12246 = EDGE_LOOP('',(#12247));
#12247 = ORIENTED_EDGE('',*,*,#12248,.T.);
#12248 = EDGE_CURVE('',#12249,#12249,#12251,.T.);
#12249 = VERTEX_POINT('',#12250);
#12250 = CARTESIAN_POINT('',(18.7325,-1.271875,1.6));
#12251 = CIRCLE('',#12252,0.875);
#12252 = AXIS2_PLACEMENT_3D('',#12253,#12254,#12255);
#12253 = CARTESIAN_POINT('',(18.7325,-0.396875,1.6));
#12254 = DIRECTION('',(-0.,0.,-1.));
#12255 = DIRECTION('',(-0.,-1.,0.));
#12256 = FACE_BOUND('',#12257,.T.);
#12257 = EDGE_LOOP('',(#12258));
#12258 = ORIENTED_EDGE('',*,*,#12259,.T.);
#12259 = EDGE_CURVE('',#12260,#12260,#12262,.T.);
#12260 = VERTEX_POINT('',#12261);
#12261 = CARTESIAN_POINT('',(23.8125,-2.396875,1.6));
#12262 = CIRCLE('',#12263,2.);
#12263 = AXIS2_PLACEMENT_3D('',#12264,#12265,#12266);
#12264 = CARTESIAN_POINT('',(23.8125,-0.396875,1.6));
#12265 = DIRECTION('',(-0.,0.,-1.));
#12266 = DIRECTION('',(-0.,-1.,0.));
#12267 = FACE_BOUND('',#12268,.T.);
#12268 = EDGE_LOOP('',(#12269));
#12269 = ORIENTED_EDGE('',*,*,#12270,.T.);
#12270 = EDGE_CURVE('',#12271,#12271,#12273,.T.);
#12271 = VERTEX_POINT('',#12272);
#12272 = CARTESIAN_POINT('',(28.8925,-1.271875,1.6));
#12273 = CIRCLE('',#12274,0.875);
#12274 = AXIS2_PLACEMENT_3D('',#12275,#12276,#12277);
#12275 = CARTESIAN_POINT('',(28.8925,-0.396875,1.6));
#12276 = DIRECTION('',(-0.,0.,-1.));
#12277 = DIRECTION('',(-0.,-1.,0.));
#12278 = FACE_BOUND('',#12279,.T.);
#12279 = EDGE_LOOP('',(#12280));
#12280 = ORIENTED_EDGE('',*,*,#12281,.T.);
#12281 = EDGE_CURVE('',#12282,#12282,#12284,.T.);
#12282 = VERTEX_POINT('',#12283);
#12283 = CARTESIAN_POINT('',(40.3225,-7.001875,1.6));
#12284 = CIRCLE('',#12285,1.525);
#12285 = AXIS2_PLACEMENT_3D('',#12286,#12287,#12288);
#12286 = CARTESIAN_POINT('',(40.3225,-5.476875,1.6));
#12287 = DIRECTION('',(-0.,0.,-1.));
#12288 = DIRECTION('',(-0.,-1.,0.));
#12289 = FACE_BOUND('',#12290,.T.);
#12290 = EDGE_LOOP('',(#12291));
#12291 = ORIENTED_EDGE('',*,*,#12292,.T.);
#12292 = EDGE_CURVE('',#12293,#12293,#12295,.T.);
#12293 = VERTEX_POINT('',#12294);
#12294 = CARTESIAN_POINT('',(59.3725,-7.001875,1.6));
#12295 = CIRCLE('',#12296,1.525);
#12296 = AXIS2_PLACEMENT_3D('',#12297,#12298,#12299);
#12297 = CARTESIAN_POINT('',(59.3725,-5.476875,1.6));
#12298 = DIRECTION('',(-0.,0.,-1.));
#12299 = DIRECTION('',(-0.,-1.,0.));
#12300 = FACE_BOUND('',#12301,.T.);
#12301 = EDGE_LOOP('',(#12302));
#12302 = ORIENTED_EDGE('',*,*,#12303,.T.);
#12303 = EDGE_CURVE('',#12304,#12304,#12306,.T.);
#12304 = VERTEX_POINT('',#12305);
#12305 = CARTESIAN_POINT('',(46.6725,-4.461875,1.6));
#12306 = CIRCLE('',#12307,1.525);
#12307 = AXIS2_PLACEMENT_3D('',#12308,#12309,#12310);
#12308 = CARTESIAN_POINT('',(46.6725,-2.936875,1.6));
#12309 = DIRECTION('',(-0.,0.,-1.));
#12310 = DIRECTION('',(-0.,-1.,0.));
#12311 = FACE_BOUND('',#12312,.T.);
#12312 = EDGE_LOOP('',(#12313));
#12313 = ORIENTED_EDGE('',*,*,#12314,.T.);
#12314 = EDGE_CURVE('',#12315,#12315,#12317,.T.);
#12315 = VERTEX_POINT('',#12316);
#12316 = CARTESIAN_POINT('',(37.7825,-1.271875,1.6));
#12317 = CIRCLE('',#12318,0.875);
#12318 = AXIS2_PLACEMENT_3D('',#12319,#12320,#12321);
#12319 = CARTESIAN_POINT('',(37.7825,-0.396875,1.6));
#12320 = DIRECTION('',(-0.,0.,-1.));
#12321 = DIRECTION('',(-0.,-1.,0.));
#12322 = FACE_BOUND('',#12323,.T.);
#12323 = EDGE_LOOP('',(#12324));
#12324 = ORIENTED_EDGE('',*,*,#12325,.T.);
#12325 = EDGE_CURVE('',#12326,#12326,#12328,.T.);
#12326 = VERTEX_POINT('',#12327);
#12327 = CARTESIAN_POINT('',(42.8625,-2.396875,1.6));
#12328 = CIRCLE('',#12329,2.);
#12329 = AXIS2_PLACEMENT_3D('',#12330,#12331,#12332);
#12330 = CARTESIAN_POINT('',(42.8625,-0.396875,1.6));
#12331 = DIRECTION('',(-0.,0.,-1.));
#12332 = DIRECTION('',(-0.,-1.,0.));
#12333 = FACE_BOUND('',#12334,.T.);
#12334 = EDGE_LOOP('',(#12335));
#12335 = ORIENTED_EDGE('',*,*,#12336,.T.);
#12336 = EDGE_CURVE('',#12337,#12337,#12339,.T.);
#12337 = VERTEX_POINT('',#12338);
#12338 = CARTESIAN_POINT('',(47.9425,-1.271875,1.6));
#12339 = CIRCLE('',#12340,0.875);
#12340 = AXIS2_PLACEMENT_3D('',#12341,#12342,#12343);
#12341 = CARTESIAN_POINT('',(47.9425,-0.396875,1.6));
#12342 = DIRECTION('',(-0.,0.,-1.));
#12343 = DIRECTION('',(-0.,-1.,0.));
#12344 = FACE_BOUND('',#12345,.T.);
#12345 = EDGE_LOOP('',(#12346));
#12346 = ORIENTED_EDGE('',*,*,#12347,.T.);
#12347 = EDGE_CURVE('',#12348,#12348,#12350,.T.);
#12348 = VERTEX_POINT('',#12349);
#12349 = CARTESIAN_POINT('',(65.7225,-4.461875,1.6));
#12350 = CIRCLE('',#12351,1.525);
#12351 = AXIS2_PLACEMENT_3D('',#12352,#12353,#12354);
#12352 = CARTESIAN_POINT('',(65.7225,-2.936875,1.6));
#12353 = DIRECTION('',(-0.,0.,-1.));
#12354 = DIRECTION('',(-0.,-1.,0.));
#12355 = FACE_BOUND('',#12356,.T.);
#12356 = EDGE_LOOP('',(#12357));
#12357 = ORIENTED_EDGE('',*,*,#12358,.T.);
#12358 = EDGE_CURVE('',#12359,#12359,#12361,.T.);
#12359 = VERTEX_POINT('',#12360);
#12360 = CARTESIAN_POINT('',(56.8325,-1.271875,1.6));
#12361 = CIRCLE('',#12362,0.875);
#12362 = AXIS2_PLACEMENT_3D('',#12363,#12364,#12365);
#12363 = CARTESIAN_POINT('',(56.8325,-0.396875,1.6));
#12364 = DIRECTION('',(-0.,0.,-1.));
#12365 = DIRECTION('',(-0.,-1.,0.));
#12366 = FACE_BOUND('',#12367,.T.);
#12367 = EDGE_LOOP('',(#12368));
#12368 = ORIENTED_EDGE('',*,*,#12369,.T.);
#12369 = EDGE_CURVE('',#12370,#12370,#12372,.T.);
#12370 = VERTEX_POINT('',#12371);
#12371 = CARTESIAN_POINT('',(61.9125,-2.396875,1.6));
#12372 = CIRCLE('',#12373,2.);
#12373 = AXIS2_PLACEMENT_3D('',#12374,#12375,#12376);
#12374 = CARTESIAN_POINT('',(61.9125,-0.396875,1.6));
#12375 = DIRECTION('',(-0.,0.,-1.));
#12376 = DIRECTION('',(-0.,-1.,0.));
#12377 = FACE_BOUND('',#12378,.T.);
#12378 = EDGE_LOOP('',(#12379));
#12379 = ORIENTED_EDGE('',*,*,#12380,.T.);
#12380 = EDGE_CURVE('',#12381,#12381,#12383,.T.);
#12381 = VERTEX_POINT('',#12382);
#12382 = CARTESIAN_POINT('',(66.9925,-1.271875,1.6));
#12383 = CIRCLE('',#12384,0.875);
#12384 = AXIS2_PLACEMENT_3D('',#12385,#12386,#12387);
#12385 = CARTESIAN_POINT('',(66.9925,-0.396875,1.6));
#12386 = DIRECTION('',(-0.,0.,-1.));
#12387 = DIRECTION('',(-0.,-1.,0.));
#12388 = FACE_BOUND('',#12389,.T.);
#12389 = EDGE_LOOP('',(#12390));
#12390 = ORIENTED_EDGE('',*,*,#12391,.T.);
#12391 = EDGE_CURVE('',#12392,#12392,#12394,.T.);
#12392 = VERTEX_POINT('',#12393);
#12393 = CARTESIAN_POINT('',(71.12,-25.084375,1.6));
#12394 = CIRCLE('',#12395,0.875);
#12395 = AXIS2_PLACEMENT_3D('',#12396,#12397,#12398);
#12396 = CARTESIAN_POINT('',(71.12,-24.209375,1.6));
#12397 = DIRECTION('',(-0.,0.,-1.));
#12398 = DIRECTION('',(-0.,-1.,0.));
#12399 = FACE_BOUND('',#12400,.T.);
#12400 = EDGE_LOOP('',(#12401));
#12401 = ORIENTED_EDGE('',*,*,#12402,.T.);
#12402 = EDGE_CURVE('',#12403,#12403,#12405,.T.);
#12403 = VERTEX_POINT('',#12404);
#12404 = CARTESIAN_POINT('',(76.2,-26.209375,1.6));
#12405 = CIRCLE('',#12406,2.);
#12406 = AXIS2_PLACEMENT_3D('',#12407,#12408,#12409);
#12407 = CARTESIAN_POINT('',(76.2,-24.209375,1.6));
#12408 = DIRECTION('',(-0.,0.,-1.));
#12409 = DIRECTION('',(-0.,-1.,0.));
#12410 = FACE_BOUND('',#12411,.T.);
#12411 = EDGE_LOOP('',(#12412));
#12412 = ORIENTED_EDGE('',*,*,#12413,.T.);
#12413 = EDGE_CURVE('',#12414,#12414,#12416,.T.);
#12414 = VERTEX_POINT('',#12415);
#12415 = CARTESIAN_POINT('',(81.28,-25.084375,1.6));
#12416 = CIRCLE('',#12417,0.875);
#12417 = AXIS2_PLACEMENT_3D('',#12418,#12419,#12420);
#12418 = CARTESIAN_POINT('',(81.28,-24.209375,1.6));
#12419 = DIRECTION('',(-0.,0.,-1.));
#12420 = DIRECTION('',(-0.,-1.,0.));
#12421 = FACE_BOUND('',#12422,.T.);
#12422 = EDGE_LOOP('',(#12423));
#12423 = ORIENTED_EDGE('',*,*,#12424,.T.);
#12424 = EDGE_CURVE('',#12425,#12425,#12427,.T.);
#12425 = VERTEX_POINT('',#12426);
#12426 = CARTESIAN_POINT('',(90.17,-25.084375,1.6));
#12427 = CIRCLE('',#12428,0.875);
#12428 = AXIS2_PLACEMENT_3D('',#12429,#12430,#12431);
#12429 = CARTESIAN_POINT('',(90.17,-24.209375,1.6));
#12430 = DIRECTION('',(-0.,0.,-1.));
#12431 = DIRECTION('',(-0.,-1.,0.));
#12432 = FACE_BOUND('',#12433,.T.);
#12433 = EDGE_LOOP('',(#12434));
#12434 = ORIENTED_EDGE('',*,*,#12435,.T.);
#12435 = EDGE_CURVE('',#12436,#12436,#12438,.T.);
#12436 = VERTEX_POINT('',#12437);
#12437 = CARTESIAN_POINT('',(95.25,-26.209375,1.6));
#12438 = CIRCLE('',#12439,2.);
#12439 = AXIS2_PLACEMENT_3D('',#12440,#12441,#12442);
#12440 = CARTESIAN_POINT('',(95.25,-24.209375,1.6));
#12441 = DIRECTION('',(-0.,0.,-1.));
#12442 = DIRECTION('',(-0.,-1.,0.));
#12443 = FACE_BOUND('',#12444,.T.);
#12444 = EDGE_LOOP('',(#12445));
#12445 = ORIENTED_EDGE('',*,*,#12446,.T.);
#12446 = EDGE_CURVE('',#12447,#12447,#12449,.T.);
#12447 = VERTEX_POINT('',#12448);
#12448 = CARTESIAN_POINT('',(100.33,-25.084375,1.6));
#12449 = CIRCLE('',#12450,0.875);
#12450 = AXIS2_PLACEMENT_3D('',#12451,#12452,#12453);
#12451 = CARTESIAN_POINT('',(100.33,-24.209375,1.6));
#12452 = DIRECTION('',(-0.,0.,-1.));
#12453 = DIRECTION('',(-0.,-1.,0.));
#12454 = FACE_BOUND('',#12455,.T.);
#12455 = EDGE_LOOP('',(#12456));
#12456 = ORIENTED_EDGE('',*,*,#12457,.T.);
#12457 = EDGE_CURVE('',#12458,#12458,#12460,.T.);
#12458 = VERTEX_POINT('',#12459);
#12459 = CARTESIAN_POINT('',(109.22,-25.084375,1.6));
#12460 = CIRCLE('',#12461,0.875);
#12461 = AXIS2_PLACEMENT_3D('',#12462,#12463,#12464);
#12462 = CARTESIAN_POINT('',(109.22,-24.209375,1.6));
#12463 = DIRECTION('',(-0.,0.,-1.));
#12464 = DIRECTION('',(-0.,-1.,0.));
#12465 = FACE_BOUND('',#12466,.T.);
#12466 = EDGE_LOOP('',(#12467));
#12467 = ORIENTED_EDGE('',*,*,#12468,.T.);
#12468 = EDGE_CURVE('',#12469,#12469,#12471,.T.);
#12469 = VERTEX_POINT('',#12470);
#12470 = CARTESIAN_POINT('',(114.3,-26.209375,1.6));
#12471 = CIRCLE('',#12472,2.);
#12472 = AXIS2_PLACEMENT_3D('',#12473,#12474,#12475);
#12473 = CARTESIAN_POINT('',(114.3,-24.209375,1.6));
#12474 = DIRECTION('',(-0.,0.,-1.));
#12475 = DIRECTION('',(-0.,-1.,0.));
#12476 = FACE_BOUND('',#12477,.T.);
#12477 = EDGE_LOOP('',(#12478));
#12478 = ORIENTED_EDGE('',*,*,#12479,.T.);
#12479 = EDGE_CURVE('',#12480,#12480,#12482,.T.);
#12480 = VERTEX_POINT('',#12481);
#12481 = CARTESIAN_POINT('',(119.38,-25.084375,1.6));
#12482 = CIRCLE('',#12483,0.875);
#12483 = AXIS2_PLACEMENT_3D('',#12484,#12485,#12486);
#12484 = CARTESIAN_POINT('',(119.38,-24.209375,1.6));
#12485 = DIRECTION('',(-0.,0.,-1.));
#12486 = DIRECTION('',(-0.,-1.,0.));
#12487 = FACE_BOUND('',#12488,.T.);
#12488 = EDGE_LOOP('',(#12489));
#12489 = ORIENTED_EDGE('',*,*,#12490,.T.);
#12490 = EDGE_CURVE('',#12491,#12491,#12493,.T.);
#12491 = VERTEX_POINT('',#12492);
#12492 = CARTESIAN_POINT('',(128.27,-25.084375,1.6));
#12493 = CIRCLE('',#12494,0.875);
#12494 = AXIS2_PLACEMENT_3D('',#12495,#12496,#12497);
#12495 = CARTESIAN_POINT('',(128.27,-24.209375,1.6));
#12496 = DIRECTION('',(-0.,0.,-1.));
#12497 = DIRECTION('',(-0.,-1.,0.));
#12498 = FACE_BOUND('',#12499,.T.);
#12499 = EDGE_LOOP('',(#12500));
#12500 = ORIENTED_EDGE('',*,*,#12501,.T.);
#12501 = EDGE_CURVE('',#12502,#12502,#12504,.T.);
#12502 = VERTEX_POINT('',#12503);
#12503 = CARTESIAN_POINT('',(133.35,-26.209375,1.6));
#12504 = CIRCLE('',#12505,2.);
#12505 = AXIS2_PLACEMENT_3D('',#12506,#12507,#12508);
#12506 = CARTESIAN_POINT('',(133.35,-24.209375,1.6));
#12507 = DIRECTION('',(-0.,0.,-1.));
#12508 = DIRECTION('',(-0.,-1.,0.));
#12509 = FACE_BOUND('',#12510,.T.);
#12510 = EDGE_LOOP('',(#12511));
#12511 = ORIENTED_EDGE('',*,*,#12512,.T.);
#12512 = EDGE_CURVE('',#12513,#12513,#12515,.T.);
#12513 = VERTEX_POINT('',#12514);
#12514 = CARTESIAN_POINT('',(138.43,-25.084375,1.6));
#12515 = CIRCLE('',#12516,0.875);
#12516 = AXIS2_PLACEMENT_3D('',#12517,#12518,#12519);
#12517 = CARTESIAN_POINT('',(138.43,-24.209375,1.6));
#12518 = DIRECTION('',(-0.,0.,-1.));
#12519 = DIRECTION('',(-0.,-1.,0.));
#12520 = FACE_BOUND('',#12521,.T.);
#12521 = EDGE_LOOP('',(#12522));
#12522 = ORIENTED_EDGE('',*,*,#12523,.T.);
#12523 = EDGE_CURVE('',#12524,#12524,#12526,.T.);
#12524 = VERTEX_POINT('',#12525);
#12525 = CARTESIAN_POINT('',(78.4225,-7.001875,1.6));
#12526 = CIRCLE('',#12527,1.525);
#12527 = AXIS2_PLACEMENT_3D('',#12528,#12529,#12530);
#12528 = CARTESIAN_POINT('',(78.4225,-5.476875,1.6));
#12529 = DIRECTION('',(-0.,0.,-1.));
#12530 = DIRECTION('',(-0.,-1.,0.));
#12531 = FACE_BOUND('',#12532,.T.);
#12532 = EDGE_LOOP('',(#12533));
#12533 = ORIENTED_EDGE('',*,*,#12534,.T.);
#12534 = EDGE_CURVE('',#12535,#12535,#12537,.T.);
#12535 = VERTEX_POINT('',#12536);
#12536 = CARTESIAN_POINT('',(102.235,-7.001875,1.6));
#12537 = CIRCLE('',#12538,1.525);
#12538 = AXIS2_PLACEMENT_3D('',#12539,#12540,#12541);
#12539 = CARTESIAN_POINT('',(102.235,-5.476875,1.6));
#12540 = DIRECTION('',(-0.,0.,-1.));
#12541 = DIRECTION('',(-0.,-1.,0.));
#12542 = FACE_BOUND('',#12543,.T.);
#12543 = EDGE_LOOP('',(#12544));
#12544 = ORIENTED_EDGE('',*,*,#12545,.T.);
#12545 = EDGE_CURVE('',#12546,#12546,#12548,.T.);
#12546 = VERTEX_POINT('',#12547);
#12547 = CARTESIAN_POINT('',(84.7725,-4.461875,1.6));
#12548 = CIRCLE('',#12549,1.525);
#12549 = AXIS2_PLACEMENT_3D('',#12550,#12551,#12552);
#12550 = CARTESIAN_POINT('',(84.7725,-2.936875,1.6));
#12551 = DIRECTION('',(-0.,0.,-1.));
#12552 = DIRECTION('',(-9.31859325587E-15,-1.,0.));
#12553 = FACE_BOUND('',#12554,.T.);
#12554 = EDGE_LOOP('',(#12555));
#12555 = ORIENTED_EDGE('',*,*,#12556,.T.);
#12556 = EDGE_CURVE('',#12557,#12557,#12559,.T.);
#12557 = VERTEX_POINT('',#12558);
#12558 = CARTESIAN_POINT('',(75.8825,-1.271875,1.6));
#12559 = CIRCLE('',#12560,0.875);
#12560 = AXIS2_PLACEMENT_3D('',#12561,#12562,#12563);
#12561 = CARTESIAN_POINT('',(75.8825,-0.396875,1.6));
#12562 = DIRECTION('',(-0.,0.,-1.));
#12563 = DIRECTION('',(-0.,-1.,0.));
#12564 = FACE_BOUND('',#12565,.T.);
#12565 = EDGE_LOOP('',(#12566));
#12566 = ORIENTED_EDGE('',*,*,#12567,.T.);
#12567 = EDGE_CURVE('',#12568,#12568,#12570,.T.);
#12568 = VERTEX_POINT('',#12569);
#12569 = CARTESIAN_POINT('',(80.9625,-2.396875,1.6));
#12570 = CIRCLE('',#12571,2.);
#12571 = AXIS2_PLACEMENT_3D('',#12572,#12573,#12574);
#12572 = CARTESIAN_POINT('',(80.9625,-0.396875,1.6));
#12573 = DIRECTION('',(-0.,0.,-1.));
#12574 = DIRECTION('',(-0.,-1.,0.));
#12575 = FACE_BOUND('',#12576,.T.);
#12576 = EDGE_LOOP('',(#12577));
#12577 = ORIENTED_EDGE('',*,*,#12578,.T.);
#12578 = EDGE_CURVE('',#12579,#12579,#12581,.T.);
#12579 = VERTEX_POINT('',#12580);
#12580 = CARTESIAN_POINT('',(86.0425,-1.271875,1.6));
#12581 = CIRCLE('',#12582,0.875);
#12582 = AXIS2_PLACEMENT_3D('',#12583,#12584,#12585);
#12583 = CARTESIAN_POINT('',(86.0425,-0.396875,1.6));
#12584 = DIRECTION('',(-0.,0.,-1.));
#12585 = DIRECTION('',(-0.,-1.,0.));
#12586 = FACE_BOUND('',#12587,.T.);
#12587 = EDGE_LOOP('',(#12588));
#12588 = ORIENTED_EDGE('',*,*,#12589,.T.);
#12589 = EDGE_CURVE('',#12590,#12590,#12592,.T.);
#12590 = VERTEX_POINT('',#12591);
#12591 = CARTESIAN_POINT('',(99.695,-1.271875,1.6));
#12592 = CIRCLE('',#12593,0.875);
#12593 = AXIS2_PLACEMENT_3D('',#12594,#12595,#12596);
#12594 = CARTESIAN_POINT('',(99.695,-0.396875,1.6));
#12595 = DIRECTION('',(-0.,0.,-1.));
#12596 = DIRECTION('',(-0.,-1.,0.));
#12597 = FACE_BOUND('',#12598,.T.);
#12598 = EDGE_LOOP('',(#12599));
#12599 = ORIENTED_EDGE('',*,*,#12600,.T.);
#12600 = EDGE_CURVE('',#12601,#12601,#12603,.T.);
#12601 = VERTEX_POINT('',#12602);
#12602 = CARTESIAN_POINT('',(104.775,-2.396875,1.6));
#12603 = CIRCLE('',#12604,2.);
#12604 = AXIS2_PLACEMENT_3D('',#12605,#12606,#12607);
#12605 = CARTESIAN_POINT('',(104.775,-0.396875,1.6));
#12606 = DIRECTION('',(-0.,0.,-1.));
#12607 = DIRECTION('',(-0.,-1.,0.));
#12608 = FACE_BOUND('',#12609,.T.);
#12609 = EDGE_LOOP('',(#12610));
#12610 = ORIENTED_EDGE('',*,*,#12611,.T.);
#12611 = EDGE_CURVE('',#12612,#12612,#12614,.T.);
#12612 = VERTEX_POINT('',#12613);
#12613 = CARTESIAN_POINT('',(121.285,-7.001875,1.6));
#12614 = CIRCLE('',#12615,1.525);
#12615 = AXIS2_PLACEMENT_3D('',#12616,#12617,#12618);
#12616 = CARTESIAN_POINT('',(121.285,-5.476875,1.6));
#12617 = DIRECTION('',(-0.,0.,-1.));
#12618 = DIRECTION('',(-0.,-1.,0.));
#12619 = FACE_BOUND('',#12620,.T.);
#12620 = EDGE_LOOP('',(#12621));
#12621 = ORIENTED_EDGE('',*,*,#12622,.T.);
#12622 = EDGE_CURVE('',#12623,#12623,#12625,.T.);
#12623 = VERTEX_POINT('',#12624);
#12624 = CARTESIAN_POINT('',(140.335,-7.001875,1.6));
#12625 = CIRCLE('',#12626,1.525);
#12626 = AXIS2_PLACEMENT_3D('',#12627,#12628,#12629);
#12627 = CARTESIAN_POINT('',(140.335,-5.476875,1.6));
#12628 = DIRECTION('',(-0.,0.,-1.));
#12629 = DIRECTION('',(-0.,-1.,0.));
#12630 = FACE_BOUND('',#12631,.T.);
#12631 = EDGE_LOOP('',(#12632));
#12632 = ORIENTED_EDGE('',*,*,#12633,.T.);
#12633 = EDGE_CURVE('',#12634,#12634,#12636,.T.);
#12634 = VERTEX_POINT('',#12635);
#12635 = CARTESIAN_POINT('',(108.585,-4.461875,1.6));
#12636 = CIRCLE('',#12637,1.525);
#12637 = AXIS2_PLACEMENT_3D('',#12638,#12639,#12640);
#12638 = CARTESIAN_POINT('',(108.585,-2.936875,1.6));
#12639 = DIRECTION('',(-0.,0.,-1.));
#12640 = DIRECTION('',(-9.31859325587E-15,-1.,0.));
#12641 = FACE_BOUND('',#12642,.T.);
#12642 = EDGE_LOOP('',(#12643));
#12643 = ORIENTED_EDGE('',*,*,#12644,.T.);
#12644 = EDGE_CURVE('',#12645,#12645,#12647,.T.);
#12645 = VERTEX_POINT('',#12646);
#12646 = CARTESIAN_POINT('',(109.855,-1.271875,1.6));
#12647 = CIRCLE('',#12648,0.875);
#12648 = AXIS2_PLACEMENT_3D('',#12649,#12650,#12651);
#12649 = CARTESIAN_POINT('',(109.855,-0.396875,1.6));
#12650 = DIRECTION('',(-0.,0.,-1.));
#12651 = DIRECTION('',(-0.,-1.,0.));
#12652 = FACE_BOUND('',#12653,.T.);
#12653 = EDGE_LOOP('',(#12654));
#12654 = ORIENTED_EDGE('',*,*,#12655,.T.);
#12655 = EDGE_CURVE('',#12656,#12656,#12658,.T.);
#12656 = VERTEX_POINT('',#12657);
#12657 = CARTESIAN_POINT('',(118.745,-1.271875,1.6));
#12658 = CIRCLE('',#12659,0.875);
#12659 = AXIS2_PLACEMENT_3D('',#12660,#12661,#12662);
#12660 = CARTESIAN_POINT('',(118.745,-0.396875,1.6));
#12661 = DIRECTION('',(-0.,0.,-1.));
#12662 = DIRECTION('',(-0.,-1.,0.));
#12663 = FACE_BOUND('',#12664,.T.);
#12664 = EDGE_LOOP('',(#12665));
#12665 = ORIENTED_EDGE('',*,*,#12666,.T.);
#12666 = EDGE_CURVE('',#12667,#12667,#12669,.T.);
#12667 = VERTEX_POINT('',#12668);
#12668 = CARTESIAN_POINT('',(123.825,-2.396875,1.6));
#12669 = CIRCLE('',#12670,2.);
#12670 = AXIS2_PLACEMENT_3D('',#12671,#12672,#12673);
#12671 = CARTESIAN_POINT('',(123.825,-0.396875,1.6));
#12672 = DIRECTION('',(-0.,0.,-1.));
#12673 = DIRECTION('',(-0.,-1.,0.));
#12674 = FACE_BOUND('',#12675,.T.);
#12675 = EDGE_LOOP('',(#12676));
#12676 = ORIENTED_EDGE('',*,*,#12677,.T.);
#12677 = EDGE_CURVE('',#12678,#12678,#12680,.T.);
#12678 = VERTEX_POINT('',#12679);
#12679 = CARTESIAN_POINT('',(127.635,-4.461875,1.6));
#12680 = CIRCLE('',#12681,1.525);
#12681 = AXIS2_PLACEMENT_3D('',#12682,#12683,#12684);
#12682 = CARTESIAN_POINT('',(127.635,-2.936875,1.6));
#12683 = DIRECTION('',(-0.,0.,-1.));
#12684 = DIRECTION('',(9.31859325587E-15,-1.,-0.));
#12685 = FACE_BOUND('',#12686,.T.);
#12686 = EDGE_LOOP('',(#12687));
#12687 = ORIENTED_EDGE('',*,*,#12688,.T.);
#12688 = EDGE_CURVE('',#12689,#12689,#12691,.T.);
#12689 = VERTEX_POINT('',#12690);
#12690 = CARTESIAN_POINT('',(128.905,-1.271875,1.6));
#12691 = CIRCLE('',#12692,0.875);
#12692 = AXIS2_PLACEMENT_3D('',#12693,#12694,#12695);
#12693 = CARTESIAN_POINT('',(128.905,-0.396875,1.6));
#12694 = DIRECTION('',(-0.,0.,-1.));
#12695 = DIRECTION('',(-0.,-1.,0.));
#12696 = FACE_BOUND('',#12697,.T.);
#12697 = EDGE_LOOP('',(#12698));
#12698 = ORIENTED_EDGE('',*,*,#12699,.T.);
#12699 = EDGE_CURVE('',#12700,#12700,#12702,.T.);
#12700 = VERTEX_POINT('',#12701);
#12701 = CARTESIAN_POINT('',(137.795,-1.271875,1.6));
#12702 = CIRCLE('',#12703,0.875);
#12703 = AXIS2_PLACEMENT_3D('',#12704,#12705,#12706);
#12704 = CARTESIAN_POINT('',(137.795,-0.396875,1.6));
#12705 = DIRECTION('',(-0.,0.,-1.));
#12706 = DIRECTION('',(-0.,-1.,0.));
#12707 = FACE_BOUND('',#12708,.T.);
#12708 = EDGE_LOOP('',(#12709));
#12709 = ORIENTED_EDGE('',*,*,#12710,.T.);
#12710 = EDGE_CURVE('',#12711,#12711,#12713,.T.);
#12711 = VERTEX_POINT('',#12712);
#12712 = CARTESIAN_POINT('',(159.385,-49.864375,1.6));
#12713 = CIRCLE('',#12714,1.525);
#12714 = AXIS2_PLACEMENT_3D('',#12715,#12716,#12717);
#12715 = CARTESIAN_POINT('',(159.385,-48.339375,1.6));
#12716 = DIRECTION('',(-0.,0.,-1.));
#12717 = DIRECTION('',(-0.,-1.,0.));
#12718 = FACE_BOUND('',#12719,.T.);
#12719 = EDGE_LOOP('',(#12720));
#12720 = ORIENTED_EDGE('',*,*,#12721,.T.);
#12721 = EDGE_CURVE('',#12722,#12722,#12724,.T.);
#12722 = VERTEX_POINT('',#12723);
#12723 = CARTESIAN_POINT('',(178.435,-49.864375,1.6));
#12724 = CIRCLE('',#12725,1.525);
#12725 = AXIS2_PLACEMENT_3D('',#12726,#12727,#12728);
#12726 = CARTESIAN_POINT('',(178.435,-48.339375,1.6));
#12727 = DIRECTION('',(-0.,0.,-1.));
#12728 = DIRECTION('',(-0.,-1.,0.));
#12729 = FACE_BOUND('',#12730,.T.);
#12730 = EDGE_LOOP('',(#12731));
#12731 = ORIENTED_EDGE('',*,*,#12732,.T.);
#12732 = EDGE_CURVE('',#12733,#12733,#12735,.T.);
#12733 = VERTEX_POINT('',#12734);
#12734 = CARTESIAN_POINT('',(146.685,-47.324375,1.6));
#12735 = CIRCLE('',#12736,1.525);
#12736 = AXIS2_PLACEMENT_3D('',#12737,#12738,#12739);
#12737 = CARTESIAN_POINT('',(146.685,-45.799375,1.6));
#12738 = DIRECTION('',(-0.,0.,-1.));
#12739 = DIRECTION('',(-0.,-1.,0.));
#12740 = FACE_BOUND('',#12741,.T.);
#12741 = EDGE_LOOP('',(#12742));
#12742 = ORIENTED_EDGE('',*,*,#12743,.T.);
#12743 = EDGE_CURVE('',#12744,#12744,#12746,.T.);
#12744 = VERTEX_POINT('',#12745);
#12745 = CARTESIAN_POINT('',(142.875,-45.259375,1.6));
#12746 = CIRCLE('',#12747,2.);
#12747 = AXIS2_PLACEMENT_3D('',#12748,#12749,#12750);
#12748 = CARTESIAN_POINT('',(142.875,-43.259375,1.6));
#12749 = DIRECTION('',(-0.,0.,-1.));
#12750 = DIRECTION('',(-0.,-1.,0.));
#12751 = FACE_BOUND('',#12752,.T.);
#12752 = EDGE_LOOP('',(#12753));
#12753 = ORIENTED_EDGE('',*,*,#12754,.T.);
#12754 = EDGE_CURVE('',#12755,#12755,#12757,.T.);
#12755 = VERTEX_POINT('',#12756);
#12756 = CARTESIAN_POINT('',(147.955,-44.134375,1.6));
#12757 = CIRCLE('',#12758,0.875);
#12758 = AXIS2_PLACEMENT_3D('',#12759,#12760,#12761);
#12759 = CARTESIAN_POINT('',(147.955,-43.259375,1.6));
#12760 = DIRECTION('',(-0.,0.,-1.));
#12761 = DIRECTION('',(-0.,-1.,0.));
#12762 = FACE_BOUND('',#12763,.T.);
#12763 = EDGE_LOOP('',(#12764));
#12764 = ORIENTED_EDGE('',*,*,#12765,.T.);
#12765 = EDGE_CURVE('',#12766,#12766,#12768,.T.);
#12766 = VERTEX_POINT('',#12767);
#12767 = CARTESIAN_POINT('',(156.845,-44.134375,1.6));
#12768 = CIRCLE('',#12769,0.875);
#12769 = AXIS2_PLACEMENT_3D('',#12770,#12771,#12772);
#12770 = CARTESIAN_POINT('',(156.845,-43.259375,1.6));
#12771 = DIRECTION('',(-0.,0.,-1.));
#12772 = DIRECTION('',(-0.,-1.,0.));
#12773 = FACE_BOUND('',#12774,.T.);
#12774 = EDGE_LOOP('',(#12775));
#12775 = ORIENTED_EDGE('',*,*,#12776,.T.);
#12776 = EDGE_CURVE('',#12777,#12777,#12779,.T.);
#12777 = VERTEX_POINT('',#12778);
#12778 = CARTESIAN_POINT('',(165.735,-47.324375,1.6));
#12779 = CIRCLE('',#12780,1.525);
#12780 = AXIS2_PLACEMENT_3D('',#12781,#12782,#12783);
#12781 = CARTESIAN_POINT('',(165.735,-45.799375,1.6));
#12782 = DIRECTION('',(-0.,0.,-1.));
#12783 = DIRECTION('',(-0.,-1.,0.));
#12784 = FACE_BOUND('',#12785,.T.);
#12785 = EDGE_LOOP('',(#12786));
#12786 = ORIENTED_EDGE('',*,*,#12787,.T.);
#12787 = EDGE_CURVE('',#12788,#12788,#12790,.T.);
#12788 = VERTEX_POINT('',#12789);
#12789 = CARTESIAN_POINT('',(161.925,-45.259375,1.6));
#12790 = CIRCLE('',#12791,2.);
#12791 = AXIS2_PLACEMENT_3D('',#12792,#12793,#12794);
#12792 = CARTESIAN_POINT('',(161.925,-43.259375,1.6));
#12793 = DIRECTION('',(-0.,0.,-1.));
#12794 = DIRECTION('',(-0.,-1.,0.));
#12795 = FACE_BOUND('',#12796,.T.);
#12796 = EDGE_LOOP('',(#12797));
#12797 = ORIENTED_EDGE('',*,*,#12798,.T.);
#12798 = EDGE_CURVE('',#12799,#12799,#12801,.T.);
#12799 = VERTEX_POINT('',#12800);
#12800 = CARTESIAN_POINT('',(167.005,-44.134375,1.6));
#12801 = CIRCLE('',#12802,0.875);
#12802 = AXIS2_PLACEMENT_3D('',#12803,#12804,#12805);
#12803 = CARTESIAN_POINT('',(167.005,-43.259375,1.6));
#12804 = DIRECTION('',(-0.,0.,-1.));
#12805 = DIRECTION('',(-0.,-1.,0.));
#12806 = FACE_BOUND('',#12807,.T.);
#12807 = EDGE_LOOP('',(#12808));
#12808 = ORIENTED_EDGE('',*,*,#12809,.T.);
#12809 = EDGE_CURVE('',#12810,#12810,#12812,.T.);
#12810 = VERTEX_POINT('',#12811);
#12811 = CARTESIAN_POINT('',(175.895,-44.134375,1.6));
#12812 = CIRCLE('',#12813,0.875);
#12813 = AXIS2_PLACEMENT_3D('',#12814,#12815,#12816);
#12814 = CARTESIAN_POINT('',(175.895,-43.259375,1.6));
#12815 = DIRECTION('',(-0.,0.,-1.));
#12816 = DIRECTION('',(-0.,-1.,0.));
#12817 = FACE_BOUND('',#12818,.T.);
#12818 = EDGE_LOOP('',(#12819));
#12819 = ORIENTED_EDGE('',*,*,#12820,.T.);
#12820 = EDGE_CURVE('',#12821,#12821,#12823,.T.);
#12821 = VERTEX_POINT('',#12822);
#12822 = CARTESIAN_POINT('',(197.485,-49.864375,1.6));
#12823 = CIRCLE('',#12824,1.525);
#12824 = AXIS2_PLACEMENT_3D('',#12825,#12826,#12827);
#12825 = CARTESIAN_POINT('',(197.485,-48.339375,1.6));
#12826 = DIRECTION('',(-0.,0.,-1.));
#12827 = DIRECTION('',(-0.,-1.,0.));
#12828 = FACE_BOUND('',#12829,.T.);
#12829 = EDGE_LOOP('',(#12830));
#12830 = ORIENTED_EDGE('',*,*,#12831,.T.);
#12831 = EDGE_CURVE('',#12832,#12832,#12834,.T.);
#12832 = VERTEX_POINT('',#12833);
#12833 = CARTESIAN_POINT('',(216.535,-49.864375,1.6));
#12834 = CIRCLE('',#12835,1.525);
#12835 = AXIS2_PLACEMENT_3D('',#12836,#12837,#12838);
#12836 = CARTESIAN_POINT('',(216.535,-48.339375,1.6));
#12837 = DIRECTION('',(-0.,0.,-1.));
#12838 = DIRECTION('',(-0.,-1.,0.));
#12839 = FACE_BOUND('',#12840,.T.);
#12840 = EDGE_LOOP('',(#12841));
#12841 = ORIENTED_EDGE('',*,*,#12842,.T.);
#12842 = EDGE_CURVE('',#12843,#12843,#12845,.T.);
#12843 = VERTEX_POINT('',#12844);
#12844 = CARTESIAN_POINT('',(184.785,-47.324375,1.6));
#12845 = CIRCLE('',#12846,1.525);
#12846 = AXIS2_PLACEMENT_3D('',#12847,#12848,#12849);
#12847 = CARTESIAN_POINT('',(184.785,-45.799375,1.6));
#12848 = DIRECTION('',(-0.,0.,-1.));
#12849 = DIRECTION('',(-0.,-1.,0.));
#12850 = FACE_BOUND('',#12851,.T.);
#12851 = EDGE_LOOP('',(#12852));
#12852 = ORIENTED_EDGE('',*,*,#12853,.T.);
#12853 = EDGE_CURVE('',#12854,#12854,#12856,.T.);
#12854 = VERTEX_POINT('',#12855);
#12855 = CARTESIAN_POINT('',(180.975,-45.259375,1.6));
#12856 = CIRCLE('',#12857,2.);
#12857 = AXIS2_PLACEMENT_3D('',#12858,#12859,#12860);
#12858 = CARTESIAN_POINT('',(180.975,-43.259375,1.6));
#12859 = DIRECTION('',(-0.,0.,-1.));
#12860 = DIRECTION('',(-0.,-1.,0.));
#12861 = FACE_BOUND('',#12862,.T.);
#12862 = EDGE_LOOP('',(#12863));
#12863 = ORIENTED_EDGE('',*,*,#12864,.T.);
#12864 = EDGE_CURVE('',#12865,#12865,#12867,.T.);
#12865 = VERTEX_POINT('',#12866);
#12866 = CARTESIAN_POINT('',(186.055,-44.134375,1.6));
#12867 = CIRCLE('',#12868,0.875);
#12868 = AXIS2_PLACEMENT_3D('',#12869,#12870,#12871);
#12869 = CARTESIAN_POINT('',(186.055,-43.259375,1.6));
#12870 = DIRECTION('',(-0.,0.,-1.));
#12871 = DIRECTION('',(-0.,-1.,0.));
#12872 = FACE_BOUND('',#12873,.T.);
#12873 = EDGE_LOOP('',(#12874));
#12874 = ORIENTED_EDGE('',*,*,#12875,.T.);
#12875 = EDGE_CURVE('',#12876,#12876,#12878,.T.);
#12876 = VERTEX_POINT('',#12877);
#12877 = CARTESIAN_POINT('',(194.945,-44.134375,1.6));
#12878 = CIRCLE('',#12879,0.875);
#12879 = AXIS2_PLACEMENT_3D('',#12880,#12881,#12882);
#12880 = CARTESIAN_POINT('',(194.945,-43.259375,1.6));
#12881 = DIRECTION('',(-0.,0.,-1.));
#12882 = DIRECTION('',(-0.,-1.,0.));
#12883 = FACE_BOUND('',#12884,.T.);
#12884 = EDGE_LOOP('',(#12885));
#12885 = ORIENTED_EDGE('',*,*,#12886,.T.);
#12886 = EDGE_CURVE('',#12887,#12887,#12889,.T.);
#12887 = VERTEX_POINT('',#12888);
#12888 = CARTESIAN_POINT('',(203.835,-47.324375,1.6));
#12889 = CIRCLE('',#12890,1.525);
#12890 = AXIS2_PLACEMENT_3D('',#12891,#12892,#12893);
#12891 = CARTESIAN_POINT('',(203.835,-45.799375,1.6));
#12892 = DIRECTION('',(-0.,0.,-1.));
#12893 = DIRECTION('',(-0.,-1.,0.));
#12894 = FACE_BOUND('',#12895,.T.);
#12895 = EDGE_LOOP('',(#12896));
#12896 = ORIENTED_EDGE('',*,*,#12897,.T.);
#12897 = EDGE_CURVE('',#12898,#12898,#12900,.T.);
#12898 = VERTEX_POINT('',#12899);
#12899 = CARTESIAN_POINT('',(200.025,-45.259375,1.6));
#12900 = CIRCLE('',#12901,2.);
#12901 = AXIS2_PLACEMENT_3D('',#12902,#12903,#12904);
#12902 = CARTESIAN_POINT('',(200.025,-43.259375,1.6));
#12903 = DIRECTION('',(-0.,0.,-1.));
#12904 = DIRECTION('',(-0.,-1.,0.));
#12905 = FACE_BOUND('',#12906,.T.);
#12906 = EDGE_LOOP('',(#12907));
#12907 = ORIENTED_EDGE('',*,*,#12908,.T.);
#12908 = EDGE_CURVE('',#12909,#12909,#12911,.T.);
#12909 = VERTEX_POINT('',#12910);
#12910 = CARTESIAN_POINT('',(205.105,-44.134375,1.6));
#12911 = CIRCLE('',#12912,0.875);
#12912 = AXIS2_PLACEMENT_3D('',#12913,#12914,#12915);
#12913 = CARTESIAN_POINT('',(205.105,-43.259375,1.6));
#12914 = DIRECTION('',(-0.,0.,-1.));
#12915 = DIRECTION('',(-0.,-1.,0.));
#12916 = FACE_BOUND('',#12917,.T.);
#12917 = EDGE_LOOP('',(#12918));
#12918 = ORIENTED_EDGE('',*,*,#12919,.T.);
#12919 = EDGE_CURVE('',#12920,#12920,#12922,.T.);
#12920 = VERTEX_POINT('',#12921);
#12921 = CARTESIAN_POINT('',(213.995,-44.134375,1.6));
#12922 = CIRCLE('',#12923,0.875);
#12923 = AXIS2_PLACEMENT_3D('',#12924,#12925,#12926);
#12924 = CARTESIAN_POINT('',(213.995,-43.259375,1.6));
#12925 = DIRECTION('',(-0.,0.,-1.));
#12926 = DIRECTION('',(-0.,-1.,0.));
#12927 = FACE_BOUND('',#12928,.T.);
#12928 = EDGE_LOOP('',(#12929));
#12929 = ORIENTED_EDGE('',*,*,#12930,.T.);
#12930 = EDGE_CURVE('',#12931,#12931,#12933,.T.);
#12931 = VERTEX_POINT('',#12932);
#12932 = CARTESIAN_POINT('',(149.86,-30.814375,1.6));
#12933 = CIRCLE('',#12934,1.525);
#12934 = AXIS2_PLACEMENT_3D('',#12935,#12936,#12937);
#12935 = CARTESIAN_POINT('',(149.86,-29.289375,1.6));
#12936 = DIRECTION('',(-0.,0.,-1.));
#12937 = DIRECTION('',(-0.,-1.,0.));
#12938 = FACE_BOUND('',#12939,.T.);
#12939 = EDGE_LOOP('',(#12940));
#12940 = ORIENTED_EDGE('',*,*,#12941,.T.);
#12941 = EDGE_CURVE('',#12942,#12942,#12944,.T.);
#12942 = VERTEX_POINT('',#12943);
#12943 = CARTESIAN_POINT('',(156.21,-28.274375,1.6));
#12944 = CIRCLE('',#12945,1.525);
#12945 = AXIS2_PLACEMENT_3D('',#12946,#12947,#12948);
#12946 = CARTESIAN_POINT('',(156.21,-26.749375,1.6));
#12947 = DIRECTION('',(-0.,0.,-1.));
#12948 = DIRECTION('',(-0.,-1.,0.));
#12949 = FACE_BOUND('',#12950,.T.);
#12950 = EDGE_LOOP('',(#12951));
#12951 = ORIENTED_EDGE('',*,*,#12952,.T.);
#12952 = EDGE_CURVE('',#12953,#12953,#12955,.T.);
#12953 = VERTEX_POINT('',#12954);
#12954 = CARTESIAN_POINT('',(168.91,-30.814375,1.6));
#12955 = CIRCLE('',#12956,1.525);
#12956 = AXIS2_PLACEMENT_3D('',#12957,#12958,#12959);
#12957 = CARTESIAN_POINT('',(168.91,-29.289375,1.6));
#12958 = DIRECTION('',(-0.,0.,-1.));
#12959 = DIRECTION('',(-0.,-1.,0.));
#12960 = FACE_BOUND('',#12961,.T.);
#12961 = EDGE_LOOP('',(#12962));
#12962 = ORIENTED_EDGE('',*,*,#12963,.T.);
#12963 = EDGE_CURVE('',#12964,#12964,#12966,.T.);
#12964 = VERTEX_POINT('',#12965);
#12965 = CARTESIAN_POINT('',(175.26,-28.274375,1.6));
#12966 = CIRCLE('',#12967,1.525);
#12967 = AXIS2_PLACEMENT_3D('',#12968,#12969,#12970);
#12968 = CARTESIAN_POINT('',(175.26,-26.749375,1.6));
#12969 = DIRECTION('',(-0.,0.,-1.));
#12970 = DIRECTION('',(-0.,-1.,0.));
#12971 = FACE_BOUND('',#12972,.T.);
#12972 = EDGE_LOOP('',(#12973));
#12973 = ORIENTED_EDGE('',*,*,#12974,.T.);
#12974 = EDGE_CURVE('',#12975,#12975,#12977,.T.);
#12975 = VERTEX_POINT('',#12976);
#12976 = CARTESIAN_POINT('',(187.96,-30.814375,1.6));
#12977 = CIRCLE('',#12978,1.525);
#12978 = AXIS2_PLACEMENT_3D('',#12979,#12980,#12981);
#12979 = CARTESIAN_POINT('',(187.96,-29.289375,1.6));
#12980 = DIRECTION('',(-0.,0.,-1.));
#12981 = DIRECTION('',(-0.,-1.,0.));
#12982 = FACE_BOUND('',#12983,.T.);
#12983 = EDGE_LOOP('',(#12984));
#12984 = ORIENTED_EDGE('',*,*,#12985,.T.);
#12985 = EDGE_CURVE('',#12986,#12986,#12988,.T.);
#12986 = VERTEX_POINT('',#12987);
#12987 = CARTESIAN_POINT('',(194.31,-28.274375,1.6));
#12988 = CIRCLE('',#12989,1.525);
#12989 = AXIS2_PLACEMENT_3D('',#12990,#12991,#12992);
#12990 = CARTESIAN_POINT('',(194.31,-26.749375,1.6));
#12991 = DIRECTION('',(-0.,0.,-1.));
#12992 = DIRECTION('',(-0.,-1.,0.));
#12993 = FACE_BOUND('',#12994,.T.);
#12994 = EDGE_LOOP('',(#12995));
#12995 = ORIENTED_EDGE('',*,*,#12996,.T.);
#12996 = EDGE_CURVE('',#12997,#12997,#12999,.T.);
#12997 = VERTEX_POINT('',#12998);
#12998 = CARTESIAN_POINT('',(207.01,-30.814375,1.6));
#12999 = CIRCLE('',#13000,1.525);
#13000 = AXIS2_PLACEMENT_3D('',#13001,#13002,#13003);
#13001 = CARTESIAN_POINT('',(207.01,-29.289375,1.6));
#13002 = DIRECTION('',(-0.,0.,-1.));
#13003 = DIRECTION('',(-0.,-1.,0.));
#13004 = FACE_BOUND('',#13005,.T.);
#13005 = EDGE_LOOP('',(#13006));
#13006 = ORIENTED_EDGE('',*,*,#13007,.T.);
#13007 = EDGE_CURVE('',#13008,#13008,#13010,.T.);
#13008 = VERTEX_POINT('',#13009);
#13009 = CARTESIAN_POINT('',(213.36,-28.274375,1.6));
#13010 = CIRCLE('',#13011,1.525);
#13011 = AXIS2_PLACEMENT_3D('',#13012,#13013,#13014);
#13012 = CARTESIAN_POINT('',(213.36,-26.749375,1.6));
#13013 = DIRECTION('',(-0.,0.,-1.));
#13014 = DIRECTION('',(-0.,-1.,0.));
#13015 = FACE_BOUND('',#13016,.T.);
#13016 = EDGE_LOOP('',(#13017));
#13017 = ORIENTED_EDGE('',*,*,#13018,.T.);
#13018 = EDGE_CURVE('',#13019,#13019,#13021,.T.);
#13019 = VERTEX_POINT('',#13020);
#13020 = CARTESIAN_POINT('',(235.585,-49.864375,1.6));
#13021 = CIRCLE('',#13022,1.525);
#13022 = AXIS2_PLACEMENT_3D('',#13023,#13024,#13025);
#13023 = CARTESIAN_POINT('',(235.585,-48.339375,1.6));
#13024 = DIRECTION('',(-0.,0.,-1.));
#13025 = DIRECTION('',(-0.,-1.,0.));
#13026 = FACE_BOUND('',#13027,.T.);
#13027 = EDGE_LOOP('',(#13028));
#13028 = ORIENTED_EDGE('',*,*,#13029,.T.);
#13029 = EDGE_CURVE('',#13030,#13030,#13032,.T.);
#13030 = VERTEX_POINT('',#13031);
#13031 = CARTESIAN_POINT('',(222.885,-47.324375,1.6));
#13032 = CIRCLE('',#13033,1.525);
#13033 = AXIS2_PLACEMENT_3D('',#13034,#13035,#13036);
#13034 = CARTESIAN_POINT('',(222.885,-45.799375,1.6));
#13035 = DIRECTION('',(-0.,0.,-1.));
#13036 = DIRECTION('',(-0.,-1.,0.));
#13037 = FACE_BOUND('',#13038,.T.);
#13038 = EDGE_LOOP('',(#13039));
#13039 = ORIENTED_EDGE('',*,*,#13040,.T.);
#13040 = EDGE_CURVE('',#13041,#13041,#13043,.T.);
#13041 = VERTEX_POINT('',#13042);
#13042 = CARTESIAN_POINT('',(219.075,-45.259375,1.6));
#13043 = CIRCLE('',#13044,2.);
#13044 = AXIS2_PLACEMENT_3D('',#13045,#13046,#13047);
#13045 = CARTESIAN_POINT('',(219.075,-43.259375,1.6));
#13046 = DIRECTION('',(-0.,0.,-1.));
#13047 = DIRECTION('',(-0.,-1.,0.));
#13048 = FACE_BOUND('',#13049,.T.);
#13049 = EDGE_LOOP('',(#13050));
#13050 = ORIENTED_EDGE('',*,*,#13051,.T.);
#13051 = EDGE_CURVE('',#13052,#13052,#13054,.T.);
#13052 = VERTEX_POINT('',#13053);
#13053 = CARTESIAN_POINT('',(224.155,-44.134375,1.6));
#13054 = CIRCLE('',#13055,0.875);
#13055 = AXIS2_PLACEMENT_3D('',#13056,#13057,#13058);
#13056 = CARTESIAN_POINT('',(224.155,-43.259375,1.6));
#13057 = DIRECTION('',(-0.,0.,-1.));
#13058 = DIRECTION('',(-0.,-1.,0.));
#13059 = FACE_BOUND('',#13060,.T.);
#13060 = EDGE_LOOP('',(#13061));
#13061 = ORIENTED_EDGE('',*,*,#13062,.T.);
#13062 = EDGE_CURVE('',#13063,#13063,#13065,.T.);
#13063 = VERTEX_POINT('',#13064);
#13064 = CARTESIAN_POINT('',(233.045,-44.134375,1.6));
#13065 = CIRCLE('',#13066,0.875);
#13066 = AXIS2_PLACEMENT_3D('',#13067,#13068,#13069);
#13067 = CARTESIAN_POINT('',(233.045,-43.259375,1.6));
#13068 = DIRECTION('',(-0.,0.,-1.));
#13069 = DIRECTION('',(-0.,-1.,0.));
#13070 = FACE_BOUND('',#13071,.T.);
#13071 = EDGE_LOOP('',(#13072));
#13072 = ORIENTED_EDGE('',*,*,#13073,.T.);
#13073 = EDGE_CURVE('',#13074,#13074,#13076,.T.);
#13074 = VERTEX_POINT('',#13075);
#13075 = CARTESIAN_POINT('',(241.935,-47.324375,1.6));
#13076 = CIRCLE('',#13077,1.525);
#13077 = AXIS2_PLACEMENT_3D('',#13078,#13079,#13080);
#13078 = CARTESIAN_POINT('',(241.935,-45.799375,1.6));
#13079 = DIRECTION('',(-0.,0.,-1.));
#13080 = DIRECTION('',(-0.,-1.,0.));
#13081 = FACE_BOUND('',#13082,.T.);
#13082 = EDGE_LOOP('',(#13083));
#13083 = ORIENTED_EDGE('',*,*,#13084,.T.);
#13084 = EDGE_CURVE('',#13085,#13085,#13087,.T.);
#13085 = VERTEX_POINT('',#13086);
#13086 = CARTESIAN_POINT('',(238.125,-45.259375,1.6));
#13087 = CIRCLE('',#13088,2.);
#13088 = AXIS2_PLACEMENT_3D('',#13089,#13090,#13091);
#13089 = CARTESIAN_POINT('',(238.125,-43.259375,1.6));
#13090 = DIRECTION('',(-0.,0.,-1.));
#13091 = DIRECTION('',(-0.,-1.,0.));
#13092 = FACE_BOUND('',#13093,.T.);
#13093 = EDGE_LOOP('',(#13094));
#13094 = ORIENTED_EDGE('',*,*,#13095,.T.);
#13095 = EDGE_CURVE('',#13096,#13096,#13098,.T.);
#13096 = VERTEX_POINT('',#13097);
#13097 = CARTESIAN_POINT('',(243.205,-44.134375,1.6));
#13098 = CIRCLE('',#13099,0.875);
#13099 = AXIS2_PLACEMENT_3D('',#13100,#13101,#13102);
#13100 = CARTESIAN_POINT('',(243.205,-43.259375,1.6));
#13101 = DIRECTION('',(-0.,0.,-1.));
#13102 = DIRECTION('',(-0.,-1.,0.));
#13103 = FACE_BOUND('',#13104,.T.);
#13104 = EDGE_LOOP('',(#13105));
#13105 = ORIENTED_EDGE('',*,*,#13106,.T.);
#13106 = EDGE_CURVE('',#13107,#13107,#13109,.T.);
#13107 = VERTEX_POINT('',#13108);
#13108 = CARTESIAN_POINT('',(259.3975,-49.864375,1.6));
#13109 = CIRCLE('',#13110,1.525);
#13110 = AXIS2_PLACEMENT_3D('',#13111,#13112,#13113);
#13111 = CARTESIAN_POINT('',(259.3975,-48.339375,1.6));
#13112 = DIRECTION('',(-0.,0.,-1.));
#13113 = DIRECTION('',(-3.727437302348E-14,-1.,0.));
#13114 = FACE_BOUND('',#13115,.T.);
#13115 = EDGE_LOOP('',(#13116));
#13116 = ORIENTED_EDGE('',*,*,#13117,.T.);
#13117 = EDGE_CURVE('',#13118,#13118,#13120,.T.);
#13118 = VERTEX_POINT('',#13119);
#13119 = CARTESIAN_POINT('',(283.21,-49.864375,1.6));
#13120 = CIRCLE('',#13121,1.525);
#13121 = AXIS2_PLACEMENT_3D('',#13122,#13123,#13124);
#13122 = CARTESIAN_POINT('',(283.21,-48.339375,1.6));
#13123 = DIRECTION('',(-0.,0.,-1.));
#13124 = DIRECTION('',(-3.727437302348E-14,-1.,0.));
#13125 = FACE_BOUND('',#13126,.T.);
#13126 = EDGE_LOOP('',(#13127));
#13127 = ORIENTED_EDGE('',*,*,#13128,.T.);
#13128 = EDGE_CURVE('',#13129,#13129,#13131,.T.);
#13129 = VERTEX_POINT('',#13130);
#13130 = CARTESIAN_POINT('',(256.8575,-44.134375,1.6));
#13131 = CIRCLE('',#13132,0.875);
#13132 = AXIS2_PLACEMENT_3D('',#13133,#13134,#13135);
#13133 = CARTESIAN_POINT('',(256.8575,-43.259375,1.6));
#13134 = DIRECTION('',(-0.,0.,-1.));
#13135 = DIRECTION('',(-0.,-1.,0.));
#13136 = FACE_BOUND('',#13137,.T.);
#13137 = EDGE_LOOP('',(#13138));
#13138 = ORIENTED_EDGE('',*,*,#13139,.T.);
#13139 = EDGE_CURVE('',#13140,#13140,#13142,.T.);
#13140 = VERTEX_POINT('',#13141);
#13141 = CARTESIAN_POINT('',(261.9375,-45.259375,1.6));
#13142 = CIRCLE('',#13143,2.);
#13143 = AXIS2_PLACEMENT_3D('',#13144,#13145,#13146);
#13144 = CARTESIAN_POINT('',(261.9375,-43.259375,1.6));
#13145 = DIRECTION('',(-0.,0.,-1.));
#13146 = DIRECTION('',(-0.,-1.,0.));
#13147 = FACE_BOUND('',#13148,.T.);
#13148 = EDGE_LOOP('',(#13149));
#13149 = ORIENTED_EDGE('',*,*,#13150,.T.);
#13150 = EDGE_CURVE('',#13151,#13151,#13153,.T.);
#13151 = VERTEX_POINT('',#13152);
#13152 = CARTESIAN_POINT('',(265.7475,-47.324375,1.6));
#13153 = CIRCLE('',#13154,1.525);
#13154 = AXIS2_PLACEMENT_3D('',#13155,#13156,#13157);
#13155 = CARTESIAN_POINT('',(265.7475,-45.799375,1.6));
#13156 = DIRECTION('',(-0.,0.,-1.));
#13157 = DIRECTION('',(-0.,-1.,0.));
#13158 = FACE_BOUND('',#13159,.T.);
#13159 = EDGE_LOOP('',(#13160));
#13160 = ORIENTED_EDGE('',*,*,#13161,.T.);
#13161 = EDGE_CURVE('',#13162,#13162,#13164,.T.);
#13162 = VERTEX_POINT('',#13163);
#13163 = CARTESIAN_POINT('',(267.0175,-44.134375,1.6));
#13164 = CIRCLE('',#13165,0.875);
#13165 = AXIS2_PLACEMENT_3D('',#13166,#13167,#13168);
#13166 = CARTESIAN_POINT('',(267.0175,-43.259375,1.6));
#13167 = DIRECTION('',(-0.,0.,-1.));
#13168 = DIRECTION('',(-0.,-1.,0.));
#13169 = FACE_BOUND('',#13170,.T.);
#13170 = EDGE_LOOP('',(#13171));
#13171 = ORIENTED_EDGE('',*,*,#13172,.T.);
#13172 = EDGE_CURVE('',#13173,#13173,#13175,.T.);
#13173 = VERTEX_POINT('',#13174);
#13174 = CARTESIAN_POINT('',(280.67,-44.134375,1.6));
#13175 = CIRCLE('',#13176,0.875);
#13176 = AXIS2_PLACEMENT_3D('',#13177,#13178,#13179);
#13177 = CARTESIAN_POINT('',(280.67,-43.259375,1.6));
#13178 = DIRECTION('',(-0.,0.,-1.));
#13179 = DIRECTION('',(-0.,-1.,0.));
#13180 = FACE_BOUND('',#13181,.T.);
#13181 = EDGE_LOOP('',(#13182));
#13182 = ORIENTED_EDGE('',*,*,#13183,.T.);
#13183 = EDGE_CURVE('',#13184,#13184,#13186,.T.);
#13184 = VERTEX_POINT('',#13185);
#13185 = CARTESIAN_POINT('',(289.56,-47.324375,1.6));
#13186 = CIRCLE('',#13187,1.525);
#13187 = AXIS2_PLACEMENT_3D('',#13188,#13189,#13190);
#13188 = CARTESIAN_POINT('',(289.56,-45.799375,1.6));
#13189 = DIRECTION('',(-0.,0.,-1.));
#13190 = DIRECTION('',(-0.,-1.,0.));
#13191 = FACE_BOUND('',#13192,.T.);
#13192 = EDGE_LOOP('',(#13193));
#13193 = ORIENTED_EDGE('',*,*,#13194,.T.);
#13194 = EDGE_CURVE('',#13195,#13195,#13197,.T.);
#13195 = VERTEX_POINT('',#13196);
#13196 = CARTESIAN_POINT('',(285.75,-45.259375,1.6));
#13197 = CIRCLE('',#13198,2.);
#13198 = AXIS2_PLACEMENT_3D('',#13199,#13200,#13201);
#13199 = CARTESIAN_POINT('',(285.75,-43.259375,1.6));
#13200 = DIRECTION('',(-0.,0.,-1.));
#13201 = DIRECTION('',(-0.,-1.,0.));
#13202 = FACE_BOUND('',#13203,.T.);
#13203 = EDGE_LOOP('',(#13204));
#13204 = ORIENTED_EDGE('',*,*,#13205,.T.);
#13205 = EDGE_CURVE('',#13206,#13206,#13208,.T.);
#13206 = VERTEX_POINT('',#13207);
#13207 = CARTESIAN_POINT('',(290.83,-44.134375,1.6));
#13208 = CIRCLE('',#13209,0.875);
#13209 = AXIS2_PLACEMENT_3D('',#13210,#13211,#13212);
#13210 = CARTESIAN_POINT('',(290.83,-43.259375,1.6));
#13211 = DIRECTION('',(-0.,0.,-1.));
#13212 = DIRECTION('',(-0.,-1.,0.));
#13213 = FACE_BOUND('',#13214,.T.);
#13214 = EDGE_LOOP('',(#13215));
#13215 = ORIENTED_EDGE('',*,*,#13216,.T.);
#13216 = EDGE_CURVE('',#13217,#13217,#13219,.T.);
#13217 = VERTEX_POINT('',#13218);
#13218 = CARTESIAN_POINT('',(226.06,-30.814375,1.6));
#13219 = CIRCLE('',#13220,1.525);
#13220 = AXIS2_PLACEMENT_3D('',#13221,#13222,#13223);
#13221 = CARTESIAN_POINT('',(226.06,-29.289375,1.6));
#13222 = DIRECTION('',(-0.,0.,-1.));
#13223 = DIRECTION('',(-0.,-1.,0.));
#13224 = FACE_BOUND('',#13225,.T.);
#13225 = EDGE_LOOP('',(#13226));
#13226 = ORIENTED_EDGE('',*,*,#13227,.T.);
#13227 = EDGE_CURVE('',#13228,#13228,#13230,.T.);
#13228 = VERTEX_POINT('',#13229);
#13229 = CARTESIAN_POINT('',(232.41,-28.274375,1.6));
#13230 = CIRCLE('',#13231,1.525);
#13231 = AXIS2_PLACEMENT_3D('',#13232,#13233,#13234);
#13232 = CARTESIAN_POINT('',(232.41,-26.749375,1.6));
#13233 = DIRECTION('',(-0.,0.,-1.));
#13234 = DIRECTION('',(-0.,-1.,0.));
#13235 = FACE_BOUND('',#13236,.T.);
#13236 = EDGE_LOOP('',(#13237));
#13237 = ORIENTED_EDGE('',*,*,#13238,.T.);
#13238 = EDGE_CURVE('',#13239,#13239,#13241,.T.);
#13239 = VERTEX_POINT('',#13240);
#13240 = CARTESIAN_POINT('',(254.635,-30.814375,1.6));
#13241 = CIRCLE('',#13242,1.525);
#13242 = AXIS2_PLACEMENT_3D('',#13243,#13244,#13245);
#13243 = CARTESIAN_POINT('',(254.635,-29.289375,1.6));
#13244 = DIRECTION('',(-0.,0.,-1.));
#13245 = DIRECTION('',(-1.863718651174E-14,-1.,0.));
#13246 = FACE_BOUND('',#13247,.T.);
#13247 = EDGE_LOOP('',(#13248));
#13248 = ORIENTED_EDGE('',*,*,#13249,.T.);
#13249 = EDGE_CURVE('',#13250,#13250,#13252,.T.);
#13250 = VERTEX_POINT('',#13251);
#13251 = CARTESIAN_POINT('',(260.985,-28.274375,1.6));
#13252 = CIRCLE('',#13253,1.525);
#13253 = AXIS2_PLACEMENT_3D('',#13254,#13255,#13256);
#13254 = CARTESIAN_POINT('',(260.985,-26.749375,1.6));
#13255 = DIRECTION('',(-0.,0.,-1.));
#13256 = DIRECTION('',(-0.,-1.,0.));
#13257 = FACE_BOUND('',#13258,.T.);
#13258 = EDGE_LOOP('',(#13259));
#13259 = ORIENTED_EDGE('',*,*,#13260,.T.);
#13260 = EDGE_CURVE('',#13261,#13261,#13263,.T.);
#13261 = VERTEX_POINT('',#13262);
#13262 = CARTESIAN_POINT('',(283.21,-30.814375,1.6));
#13263 = CIRCLE('',#13264,1.525);
#13264 = AXIS2_PLACEMENT_3D('',#13265,#13266,#13267);
#13265 = CARTESIAN_POINT('',(283.21,-29.289375,1.6));
#13266 = DIRECTION('',(-0.,0.,-1.));
#13267 = DIRECTION('',(-3.727437302348E-14,-1.,0.));
#13268 = FACE_BOUND('',#13269,.T.);
#13269 = EDGE_LOOP('',(#13270));
#13270 = ORIENTED_EDGE('',*,*,#13271,.T.);
#13271 = EDGE_CURVE('',#13272,#13272,#13274,.T.);
#13272 = VERTEX_POINT('',#13273);
#13273 = CARTESIAN_POINT('',(289.56,-28.274375,1.6));
#13274 = CIRCLE('',#13275,1.525);
#13275 = AXIS2_PLACEMENT_3D('',#13276,#13277,#13278);
#13276 = CARTESIAN_POINT('',(289.56,-26.749375,1.6));
#13277 = DIRECTION('',(-0.,0.,-1.));
#13278 = DIRECTION('',(-0.,-1.,0.));
#13279 = FACE_BOUND('',#13280,.T.);
#13280 = EDGE_LOOP('',(#13281));
#13281 = ORIENTED_EDGE('',*,*,#13282,.T.);
#13282 = EDGE_CURVE('',#13283,#13283,#13285,.T.);
#13283 = VERTEX_POINT('',#13284);
#13284 = CARTESIAN_POINT('',(147.32,-25.084375,1.6));
#13285 = CIRCLE('',#13286,0.875);
#13286 = AXIS2_PLACEMENT_3D('',#13287,#13288,#13289);
#13287 = CARTESIAN_POINT('',(147.32,-24.209375,1.6));
#13288 = DIRECTION('',(-0.,0.,-1.));
#13289 = DIRECTION('',(-0.,-1.,0.));
#13290 = FACE_BOUND('',#13291,.T.);
#13291 = EDGE_LOOP('',(#13292));
#13292 = ORIENTED_EDGE('',*,*,#13293,.T.);
#13293 = EDGE_CURVE('',#13294,#13294,#13296,.T.);
#13294 = VERTEX_POINT('',#13295);
#13295 = CARTESIAN_POINT('',(152.4,-26.209375,1.6));
#13296 = CIRCLE('',#13297,2.);
#13297 = AXIS2_PLACEMENT_3D('',#13298,#13299,#13300);
#13298 = CARTESIAN_POINT('',(152.4,-24.209375,1.6));
#13299 = DIRECTION('',(-0.,0.,-1.));
#13300 = DIRECTION('',(-0.,-1.,0.));
#13301 = FACE_BOUND('',#13302,.T.);
#13302 = EDGE_LOOP('',(#13303));
#13303 = ORIENTED_EDGE('',*,*,#13304,.T.);
#13304 = EDGE_CURVE('',#13305,#13305,#13307,.T.);
#13305 = VERTEX_POINT('',#13306);
#13306 = CARTESIAN_POINT('',(157.48,-25.084375,1.6));
#13307 = CIRCLE('',#13308,0.875);
#13308 = AXIS2_PLACEMENT_3D('',#13309,#13310,#13311);
#13309 = CARTESIAN_POINT('',(157.48,-24.209375,1.6));
#13310 = DIRECTION('',(-0.,0.,-1.));
#13311 = DIRECTION('',(-0.,-1.,0.));
#13312 = FACE_BOUND('',#13313,.T.);
#13313 = EDGE_LOOP('',(#13314));
#13314 = ORIENTED_EDGE('',*,*,#13315,.T.);
#13315 = EDGE_CURVE('',#13316,#13316,#13318,.T.);
#13316 = VERTEX_POINT('',#13317);
#13317 = CARTESIAN_POINT('',(166.37,-25.084375,1.6));
#13318 = CIRCLE('',#13319,0.875);
#13319 = AXIS2_PLACEMENT_3D('',#13320,#13321,#13322);
#13320 = CARTESIAN_POINT('',(166.37,-24.209375,1.6));
#13321 = DIRECTION('',(-0.,0.,-1.));
#13322 = DIRECTION('',(-0.,-1.,0.));
#13323 = FACE_BOUND('',#13324,.T.);
#13324 = EDGE_LOOP('',(#13325));
#13325 = ORIENTED_EDGE('',*,*,#13326,.T.);
#13326 = EDGE_CURVE('',#13327,#13327,#13329,.T.);
#13327 = VERTEX_POINT('',#13328);
#13328 = CARTESIAN_POINT('',(171.45,-26.209375,1.6));
#13329 = CIRCLE('',#13330,2.);
#13330 = AXIS2_PLACEMENT_3D('',#13331,#13332,#13333);
#13331 = CARTESIAN_POINT('',(171.45,-24.209375,1.6));
#13332 = DIRECTION('',(-0.,0.,-1.));
#13333 = DIRECTION('',(-0.,-1.,0.));
#13334 = FACE_BOUND('',#13335,.T.);
#13335 = EDGE_LOOP('',(#13336));
#13336 = ORIENTED_EDGE('',*,*,#13337,.T.);
#13337 = EDGE_CURVE('',#13338,#13338,#13340,.T.);
#13338 = VERTEX_POINT('',#13339);
#13339 = CARTESIAN_POINT('',(176.53,-25.084375,1.6));
#13340 = CIRCLE('',#13341,0.875);
#13341 = AXIS2_PLACEMENT_3D('',#13342,#13343,#13344);
#13342 = CARTESIAN_POINT('',(176.53,-24.209375,1.6));
#13343 = DIRECTION('',(-0.,0.,-1.));
#13344 = DIRECTION('',(-0.,-1.,0.));
#13345 = FACE_BOUND('',#13346,.T.);
#13346 = EDGE_LOOP('',(#13347));
#13347 = ORIENTED_EDGE('',*,*,#13348,.T.);
#13348 = EDGE_CURVE('',#13349,#13349,#13351,.T.);
#13349 = VERTEX_POINT('',#13350);
#13350 = CARTESIAN_POINT('',(185.42,-25.084375,1.6));
#13351 = CIRCLE('',#13352,0.875);
#13352 = AXIS2_PLACEMENT_3D('',#13353,#13354,#13355);
#13353 = CARTESIAN_POINT('',(185.42,-24.209375,1.6));
#13354 = DIRECTION('',(-0.,0.,-1.));
#13355 = DIRECTION('',(-0.,-1.,0.));
#13356 = FACE_BOUND('',#13357,.T.);
#13357 = EDGE_LOOP('',(#13358));
#13358 = ORIENTED_EDGE('',*,*,#13359,.T.);
#13359 = EDGE_CURVE('',#13360,#13360,#13362,.T.);
#13360 = VERTEX_POINT('',#13361);
#13361 = CARTESIAN_POINT('',(190.5,-26.209375,1.6));
#13362 = CIRCLE('',#13363,2.);
#13363 = AXIS2_PLACEMENT_3D('',#13364,#13365,#13366);
#13364 = CARTESIAN_POINT('',(190.5,-24.209375,1.6));
#13365 = DIRECTION('',(-0.,0.,-1.));
#13366 = DIRECTION('',(-0.,-1.,0.));
#13367 = FACE_BOUND('',#13368,.T.);
#13368 = EDGE_LOOP('',(#13369));
#13369 = ORIENTED_EDGE('',*,*,#13370,.T.);
#13370 = EDGE_CURVE('',#13371,#13371,#13373,.T.);
#13371 = VERTEX_POINT('',#13372);
#13372 = CARTESIAN_POINT('',(195.58,-25.084375,1.6));
#13373 = CIRCLE('',#13374,0.875);
#13374 = AXIS2_PLACEMENT_3D('',#13375,#13376,#13377);
#13375 = CARTESIAN_POINT('',(195.58,-24.209375,1.6));
#13376 = DIRECTION('',(-0.,0.,-1.));
#13377 = DIRECTION('',(-0.,-1.,0.));
#13378 = FACE_BOUND('',#13379,.T.);
#13379 = EDGE_LOOP('',(#13380));
#13380 = ORIENTED_EDGE('',*,*,#13381,.T.);
#13381 = EDGE_CURVE('',#13382,#13382,#13384,.T.);
#13382 = VERTEX_POINT('',#13383);
#13383 = CARTESIAN_POINT('',(204.47,-25.084375,1.6));
#13384 = CIRCLE('',#13385,0.875);
#13385 = AXIS2_PLACEMENT_3D('',#13386,#13387,#13388);
#13386 = CARTESIAN_POINT('',(204.47,-24.209375,1.6));
#13387 = DIRECTION('',(-0.,0.,-1.));
#13388 = DIRECTION('',(-0.,-1.,0.));
#13389 = FACE_BOUND('',#13390,.T.);
#13390 = EDGE_LOOP('',(#13391));
#13391 = ORIENTED_EDGE('',*,*,#13392,.T.);
#13392 = EDGE_CURVE('',#13393,#13393,#13395,.T.);
#13393 = VERTEX_POINT('',#13394);
#13394 = CARTESIAN_POINT('',(209.55,-26.209375,1.6));
#13395 = CIRCLE('',#13396,2.);
#13396 = AXIS2_PLACEMENT_3D('',#13397,#13398,#13399);
#13397 = CARTESIAN_POINT('',(209.55,-24.209375,1.6));
#13398 = DIRECTION('',(-0.,0.,-1.));
#13399 = DIRECTION('',(-0.,-1.,0.));
#13400 = FACE_BOUND('',#13401,.T.);
#13401 = EDGE_LOOP('',(#13402));
#13402 = ORIENTED_EDGE('',*,*,#13403,.T.);
#13403 = EDGE_CURVE('',#13404,#13404,#13406,.T.);
#13404 = VERTEX_POINT('',#13405);
#13405 = CARTESIAN_POINT('',(214.63,-25.084375,1.6));
#13406 = CIRCLE('',#13407,0.875);
#13407 = AXIS2_PLACEMENT_3D('',#13408,#13409,#13410);
#13408 = CARTESIAN_POINT('',(214.63,-24.209375,1.6));
#13409 = DIRECTION('',(-0.,0.,-1.));
#13410 = DIRECTION('',(-0.,-1.,0.));
#13411 = FACE_BOUND('',#13412,.T.);
#13412 = EDGE_LOOP('',(#13413));
#13413 = ORIENTED_EDGE('',*,*,#13414,.T.);
#13414 = EDGE_CURVE('',#13415,#13415,#13417,.T.);
#13415 = VERTEX_POINT('',#13416);
#13416 = CARTESIAN_POINT('',(159.385,-7.001875,1.6));
#13417 = CIRCLE('',#13418,1.525);
#13418 = AXIS2_PLACEMENT_3D('',#13419,#13420,#13421);
#13419 = CARTESIAN_POINT('',(159.385,-5.476875,1.6));
#13420 = DIRECTION('',(-0.,0.,-1.));
#13421 = DIRECTION('',(-0.,-1.,0.));
#13422 = FACE_BOUND('',#13423,.T.);
#13423 = EDGE_LOOP('',(#13424));
#13424 = ORIENTED_EDGE('',*,*,#13425,.T.);
#13425 = EDGE_CURVE('',#13426,#13426,#13428,.T.);
#13426 = VERTEX_POINT('',#13427);
#13427 = CARTESIAN_POINT('',(146.685,-4.461875,1.6));
#13428 = CIRCLE('',#13429,1.525);
#13429 = AXIS2_PLACEMENT_3D('',#13430,#13431,#13432);
#13430 = CARTESIAN_POINT('',(146.685,-2.936875,1.6));
#13431 = DIRECTION('',(-0.,0.,-1.));
#13432 = DIRECTION('',(-0.,-1.,0.));
#13433 = FACE_BOUND('',#13434,.T.);
#13434 = EDGE_LOOP('',(#13435));
#13435 = ORIENTED_EDGE('',*,*,#13436,.T.);
#13436 = EDGE_CURVE('',#13437,#13437,#13439,.T.);
#13437 = VERTEX_POINT('',#13438);
#13438 = CARTESIAN_POINT('',(142.875,-2.396875,1.6));
#13439 = CIRCLE('',#13440,2.);
#13440 = AXIS2_PLACEMENT_3D('',#13441,#13442,#13443);
#13441 = CARTESIAN_POINT('',(142.875,-0.396875,1.6));
#13442 = DIRECTION('',(-0.,0.,-1.));
#13443 = DIRECTION('',(-0.,-1.,0.));
#13444 = FACE_BOUND('',#13445,.T.);
#13445 = EDGE_LOOP('',(#13446));
#13446 = ORIENTED_EDGE('',*,*,#13447,.T.);
#13447 = EDGE_CURVE('',#13448,#13448,#13450,.T.);
#13448 = VERTEX_POINT('',#13449);
#13449 = CARTESIAN_POINT('',(147.955,-1.271875,1.6));
#13450 = CIRCLE('',#13451,0.875);
#13451 = AXIS2_PLACEMENT_3D('',#13452,#13453,#13454);
#13452 = CARTESIAN_POINT('',(147.955,-0.396875,1.6));
#13453 = DIRECTION('',(-0.,0.,-1.));
#13454 = DIRECTION('',(-0.,-1.,0.));
#13455 = FACE_BOUND('',#13456,.T.);
#13456 = EDGE_LOOP('',(#13457));
#13457 = ORIENTED_EDGE('',*,*,#13458,.T.);
#13458 = EDGE_CURVE('',#13459,#13459,#13461,.T.);
#13459 = VERTEX_POINT('',#13460);
#13460 = CARTESIAN_POINT('',(156.845,-1.271875,1.6));
#13461 = CIRCLE('',#13462,0.875);
#13462 = AXIS2_PLACEMENT_3D('',#13463,#13464,#13465);
#13463 = CARTESIAN_POINT('',(156.845,-0.396875,1.6));
#13464 = DIRECTION('',(-0.,0.,-1.));
#13465 = DIRECTION('',(-0.,-1.,0.));
#13466 = FACE_BOUND('',#13467,.T.);
#13467 = EDGE_LOOP('',(#13468));
#13468 = ORIENTED_EDGE('',*,*,#13469,.T.);
#13469 = EDGE_CURVE('',#13470,#13470,#13472,.T.);
#13470 = VERTEX_POINT('',#13471);
#13471 = CARTESIAN_POINT('',(165.735,-4.461875,1.6));
#13472 = CIRCLE('',#13473,1.525);
#13473 = AXIS2_PLACEMENT_3D('',#13474,#13475,#13476);
#13474 = CARTESIAN_POINT('',(165.735,-2.936875,1.6));
#13475 = DIRECTION('',(-0.,0.,-1.));
#13476 = DIRECTION('',(-0.,-1.,0.));
#13477 = FACE_BOUND('',#13478,.T.);
#13478 = EDGE_LOOP('',(#13479));
#13479 = ORIENTED_EDGE('',*,*,#13480,.T.);
#13480 = EDGE_CURVE('',#13481,#13481,#13483,.T.);
#13481 = VERTEX_POINT('',#13482);
#13482 = CARTESIAN_POINT('',(161.925,-2.396875,1.6));
#13483 = CIRCLE('',#13484,2.);
#13484 = AXIS2_PLACEMENT_3D('',#13485,#13486,#13487);
#13485 = CARTESIAN_POINT('',(161.925,-0.396875,1.6));
#13486 = DIRECTION('',(-0.,0.,-1.));
#13487 = DIRECTION('',(-0.,-1.,0.));
#13488 = FACE_BOUND('',#13489,.T.);
#13489 = EDGE_LOOP('',(#13490));
#13490 = ORIENTED_EDGE('',*,*,#13491,.T.);
#13491 = EDGE_CURVE('',#13492,#13492,#13494,.T.);
#13492 = VERTEX_POINT('',#13493);
#13493 = CARTESIAN_POINT('',(167.005,-1.271875,1.6));
#13494 = CIRCLE('',#13495,0.875);
#13495 = AXIS2_PLACEMENT_3D('',#13496,#13497,#13498);
#13496 = CARTESIAN_POINT('',(167.005,-0.396875,1.6));
#13497 = DIRECTION('',(-0.,0.,-1.));
#13498 = DIRECTION('',(-0.,-1.,0.));
#13499 = FACE_BOUND('',#13500,.T.);
#13500 = EDGE_LOOP('',(#13501));
#13501 = ORIENTED_EDGE('',*,*,#13502,.T.);
#13502 = EDGE_CURVE('',#13503,#13503,#13505,.T.);
#13503 = VERTEX_POINT('',#13504);
#13504 = CARTESIAN_POINT('',(183.1975,-7.001875,1.6));
#13505 = CIRCLE('',#13506,1.525);
#13506 = AXIS2_PLACEMENT_3D('',#13507,#13508,#13509);
#13507 = CARTESIAN_POINT('',(183.1975,-5.476875,1.6));
#13508 = DIRECTION('',(-0.,0.,-1.));
#13509 = DIRECTION('',(-0.,-1.,0.));
#13510 = FACE_BOUND('',#13511,.T.);
#13511 = EDGE_LOOP('',(#13512));
#13512 = ORIENTED_EDGE('',*,*,#13513,.T.);
#13513 = EDGE_CURVE('',#13514,#13514,#13516,.T.);
#13514 = VERTEX_POINT('',#13515);
#13515 = CARTESIAN_POINT('',(202.2475,-7.001875,1.6));
#13516 = CIRCLE('',#13517,1.525);
#13517 = AXIS2_PLACEMENT_3D('',#13518,#13519,#13520);
#13518 = CARTESIAN_POINT('',(202.2475,-5.476875,1.6));
#13519 = DIRECTION('',(-0.,0.,-1.));
#13520 = DIRECTION('',(-0.,-1.,0.));
#13521 = FACE_BOUND('',#13522,.T.);
#13522 = EDGE_LOOP('',(#13523));
#13523 = ORIENTED_EDGE('',*,*,#13524,.T.);
#13524 = EDGE_CURVE('',#13525,#13525,#13527,.T.);
#13525 = VERTEX_POINT('',#13526);
#13526 = CARTESIAN_POINT('',(189.5475,-4.461875,1.6));
#13527 = CIRCLE('',#13528,1.525);
#13528 = AXIS2_PLACEMENT_3D('',#13529,#13530,#13531);
#13529 = CARTESIAN_POINT('',(189.5475,-2.936875,1.6));
#13530 = DIRECTION('',(-0.,0.,-1.));
#13531 = DIRECTION('',(-0.,-1.,0.));
#13532 = FACE_BOUND('',#13533,.T.);
#13533 = EDGE_LOOP('',(#13534));
#13534 = ORIENTED_EDGE('',*,*,#13535,.T.);
#13535 = EDGE_CURVE('',#13536,#13536,#13538,.T.);
#13536 = VERTEX_POINT('',#13537);
#13537 = CARTESIAN_POINT('',(180.6575,-1.271875,1.6));
#13538 = CIRCLE('',#13539,0.875);
#13539 = AXIS2_PLACEMENT_3D('',#13540,#13541,#13542);
#13540 = CARTESIAN_POINT('',(180.6575,-0.396875,1.6));
#13541 = DIRECTION('',(-0.,0.,-1.));
#13542 = DIRECTION('',(-0.,-1.,0.));
#13543 = FACE_BOUND('',#13544,.T.);
#13544 = EDGE_LOOP('',(#13545));
#13545 = ORIENTED_EDGE('',*,*,#13546,.T.);
#13546 = EDGE_CURVE('',#13547,#13547,#13549,.T.);
#13547 = VERTEX_POINT('',#13548);
#13548 = CARTESIAN_POINT('',(185.7375,-2.396875,1.6));
#13549 = CIRCLE('',#13550,2.);
#13550 = AXIS2_PLACEMENT_3D('',#13551,#13552,#13553);
#13551 = CARTESIAN_POINT('',(185.7375,-0.396875,1.6));
#13552 = DIRECTION('',(-0.,0.,-1.));
#13553 = DIRECTION('',(-0.,-1.,0.));
#13554 = FACE_BOUND('',#13555,.T.);
#13555 = EDGE_LOOP('',(#13556));
#13556 = ORIENTED_EDGE('',*,*,#13557,.T.);
#13557 = EDGE_CURVE('',#13558,#13558,#13560,.T.);
#13558 = VERTEX_POINT('',#13559);
#13559 = CARTESIAN_POINT('',(190.8175,-1.271875,1.6));
#13560 = CIRCLE('',#13561,0.875);
#13561 = AXIS2_PLACEMENT_3D('',#13562,#13563,#13564);
#13562 = CARTESIAN_POINT('',(190.8175,-0.396875,1.6));
#13563 = DIRECTION('',(-0.,0.,-1.));
#13564 = DIRECTION('',(-0.,-1.,0.));
#13565 = FACE_BOUND('',#13566,.T.);
#13566 = EDGE_LOOP('',(#13567));
#13567 = ORIENTED_EDGE('',*,*,#13568,.T.);
#13568 = EDGE_CURVE('',#13569,#13569,#13571,.T.);
#13569 = VERTEX_POINT('',#13570);
#13570 = CARTESIAN_POINT('',(208.5975,-4.461875,1.6));
#13571 = CIRCLE('',#13572,1.525);
#13572 = AXIS2_PLACEMENT_3D('',#13573,#13574,#13575);
#13573 = CARTESIAN_POINT('',(208.5975,-2.936875,1.6));
#13574 = DIRECTION('',(-0.,0.,-1.));
#13575 = DIRECTION('',(-0.,-1.,0.));
#13576 = FACE_BOUND('',#13577,.T.);
#13577 = EDGE_LOOP('',(#13578));
#13578 = ORIENTED_EDGE('',*,*,#13579,.T.);
#13579 = EDGE_CURVE('',#13580,#13580,#13582,.T.);
#13580 = VERTEX_POINT('',#13581);
#13581 = CARTESIAN_POINT('',(199.7075,-1.271875,1.6));
#13582 = CIRCLE('',#13583,0.875);
#13583 = AXIS2_PLACEMENT_3D('',#13584,#13585,#13586);
#13584 = CARTESIAN_POINT('',(199.7075,-0.396875,1.6));
#13585 = DIRECTION('',(-0.,0.,-1.));
#13586 = DIRECTION('',(-0.,-1.,0.));
#13587 = FACE_BOUND('',#13588,.T.);
#13588 = EDGE_LOOP('',(#13589));
#13589 = ORIENTED_EDGE('',*,*,#13590,.T.);
#13590 = EDGE_CURVE('',#13591,#13591,#13593,.T.);
#13591 = VERTEX_POINT('',#13592);
#13592 = CARTESIAN_POINT('',(204.7875,-2.396875,1.6));
#13593 = CIRCLE('',#13594,2.);
#13594 = AXIS2_PLACEMENT_3D('',#13595,#13596,#13597);
#13595 = CARTESIAN_POINT('',(204.7875,-0.396875,1.6));
#13596 = DIRECTION('',(-0.,0.,-1.));
#13597 = DIRECTION('',(-0.,-1.,0.));
#13598 = FACE_BOUND('',#13599,.T.);
#13599 = EDGE_LOOP('',(#13600));
#13600 = ORIENTED_EDGE('',*,*,#13601,.T.);
#13601 = EDGE_CURVE('',#13602,#13602,#13604,.T.);
#13602 = VERTEX_POINT('',#13603);
#13603 = CARTESIAN_POINT('',(209.8675,-1.271875,1.6));
#13604 = CIRCLE('',#13605,0.875);
#13605 = AXIS2_PLACEMENT_3D('',#13606,#13607,#13608);
#13606 = CARTESIAN_POINT('',(209.8675,-0.396875,1.6));
#13607 = DIRECTION('',(-0.,0.,-1.));
#13608 = DIRECTION('',(-0.,-1.,0.));
#13609 = FACE_BOUND('',#13610,.T.);
#13610 = EDGE_LOOP('',(#13611));
#13611 = ORIENTED_EDGE('',*,*,#13612,.T.);
#13612 = EDGE_CURVE('',#13613,#13613,#13615,.T.);
#13613 = VERTEX_POINT('',#13614);
#13614 = CARTESIAN_POINT('',(223.52,-25.084375,1.6));
#13615 = CIRCLE('',#13616,0.875);
#13616 = AXIS2_PLACEMENT_3D('',#13617,#13618,#13619);
#13617 = CARTESIAN_POINT('',(223.52,-24.209375,1.6));
#13618 = DIRECTION('',(-0.,0.,-1.));
#13619 = DIRECTION('',(-0.,-1.,0.));
#13620 = FACE_BOUND('',#13621,.T.);
#13621 = EDGE_LOOP('',(#13622));
#13622 = ORIENTED_EDGE('',*,*,#13623,.T.);
#13623 = EDGE_CURVE('',#13624,#13624,#13626,.T.);
#13624 = VERTEX_POINT('',#13625);
#13625 = CARTESIAN_POINT('',(228.6,-26.209375,1.6));
#13626 = CIRCLE('',#13627,2.);
#13627 = AXIS2_PLACEMENT_3D('',#13628,#13629,#13630);
#13628 = CARTESIAN_POINT('',(228.6,-24.209375,1.6));
#13629 = DIRECTION('',(-0.,0.,-1.));
#13630 = DIRECTION('',(-0.,-1.,0.));
#13631 = FACE_BOUND('',#13632,.T.);
#13632 = EDGE_LOOP('',(#13633));
#13633 = ORIENTED_EDGE('',*,*,#13634,.T.);
#13634 = EDGE_CURVE('',#13635,#13635,#13637,.T.);
#13635 = VERTEX_POINT('',#13636);
#13636 = CARTESIAN_POINT('',(233.68,-25.084375,1.6));
#13637 = CIRCLE('',#13638,0.875);
#13638 = AXIS2_PLACEMENT_3D('',#13639,#13640,#13641);
#13639 = CARTESIAN_POINT('',(233.68,-24.209375,1.6));
#13640 = DIRECTION('',(-0.,0.,-1.));
#13641 = DIRECTION('',(-0.,-1.,0.));
#13642 = FACE_BOUND('',#13643,.T.);
#13643 = EDGE_LOOP('',(#13644));
#13644 = ORIENTED_EDGE('',*,*,#13645,.T.);
#13645 = EDGE_CURVE('',#13646,#13646,#13648,.T.);
#13646 = VERTEX_POINT('',#13647);
#13647 = CARTESIAN_POINT('',(252.095,-25.084375,1.6));
#13648 = CIRCLE('',#13649,0.875);
#13649 = AXIS2_PLACEMENT_3D('',#13650,#13651,#13652);
#13650 = CARTESIAN_POINT('',(252.095,-24.209375,1.6));
#13651 = DIRECTION('',(-0.,0.,-1.));
#13652 = DIRECTION('',(-0.,-1.,0.));
#13653 = FACE_BOUND('',#13654,.T.);
#13654 = EDGE_LOOP('',(#13655));
#13655 = ORIENTED_EDGE('',*,*,#13656,.T.);
#13656 = EDGE_CURVE('',#13657,#13657,#13659,.T.);
#13657 = VERTEX_POINT('',#13658);
#13658 = CARTESIAN_POINT('',(257.175,-26.209375,1.6));
#13659 = CIRCLE('',#13660,2.);
#13660 = AXIS2_PLACEMENT_3D('',#13661,#13662,#13663);
#13661 = CARTESIAN_POINT('',(257.175,-24.209375,1.6));
#13662 = DIRECTION('',(-0.,0.,-1.));
#13663 = DIRECTION('',(-0.,-1.,0.));
#13664 = FACE_BOUND('',#13665,.T.);
#13665 = EDGE_LOOP('',(#13666));
#13666 = ORIENTED_EDGE('',*,*,#13667,.T.);
#13667 = EDGE_CURVE('',#13668,#13668,#13670,.T.);
#13668 = VERTEX_POINT('',#13669);
#13669 = CARTESIAN_POINT('',(262.255,-25.084375,1.6));
#13670 = CIRCLE('',#13671,0.875);
#13671 = AXIS2_PLACEMENT_3D('',#13672,#13673,#13674);
#13672 = CARTESIAN_POINT('',(262.255,-24.209375,1.6));
#13673 = DIRECTION('',(-0.,0.,-1.));
#13674 = DIRECTION('',(-0.,-1.,0.));
#13675 = FACE_BOUND('',#13676,.T.);
#13676 = EDGE_LOOP('',(#13677));
#13677 = ORIENTED_EDGE('',*,*,#13678,.T.);
#13678 = EDGE_CURVE('',#13679,#13679,#13681,.T.);
#13679 = VERTEX_POINT('',#13680);
#13680 = CARTESIAN_POINT('',(280.67,-25.084375,1.6));
#13681 = CIRCLE('',#13682,0.875);
#13682 = AXIS2_PLACEMENT_3D('',#13683,#13684,#13685);
#13683 = CARTESIAN_POINT('',(280.67,-24.209375,1.6));
#13684 = DIRECTION('',(-0.,0.,-1.));
#13685 = DIRECTION('',(-0.,-1.,0.));
#13686 = FACE_BOUND('',#13687,.T.);
#13687 = EDGE_LOOP('',(#13688));
#13688 = ORIENTED_EDGE('',*,*,#13689,.T.);
#13689 = EDGE_CURVE('',#13690,#13690,#13692,.T.);
#13690 = VERTEX_POINT('',#13691);
#13691 = CARTESIAN_POINT('',(285.75,-26.209375,1.6));
#13692 = CIRCLE('',#13693,2.);
#13693 = AXIS2_PLACEMENT_3D('',#13694,#13695,#13696);
#13694 = CARTESIAN_POINT('',(285.75,-24.209375,1.6));
#13695 = DIRECTION('',(-0.,0.,-1.));
#13696 = DIRECTION('',(-0.,-1.,0.));
#13697 = FACE_BOUND('',#13698,.T.);
#13698 = EDGE_LOOP('',(#13699));
#13699 = ORIENTED_EDGE('',*,*,#13700,.T.);
#13700 = EDGE_CURVE('',#13701,#13701,#13703,.T.);
#13701 = VERTEX_POINT('',#13702);
#13702 = CARTESIAN_POINT('',(290.83,-25.084375,1.6));
#13703 = CIRCLE('',#13704,0.875);
#13704 = AXIS2_PLACEMENT_3D('',#13705,#13706,#13707);
#13705 = CARTESIAN_POINT('',(290.83,-24.209375,1.6));
#13706 = DIRECTION('',(-0.,0.,-1.));
#13707 = DIRECTION('',(-0.,-1.,0.));
#13708 = FACE_BOUND('',#13709,.T.);
#13709 = EDGE_LOOP('',(#13710));
#13710 = ORIENTED_EDGE('',*,*,#13711,.T.);
#13711 = EDGE_CURVE('',#13712,#13712,#13714,.T.);
#13712 = VERTEX_POINT('',#13713);
#13713 = CARTESIAN_POINT('',(221.2975,-7.001875,1.6));
#13714 = CIRCLE('',#13715,1.525);
#13715 = AXIS2_PLACEMENT_3D('',#13716,#13717,#13718);
#13716 = CARTESIAN_POINT('',(221.2975,-5.476875,1.6));
#13717 = DIRECTION('',(-0.,0.,-1.));
#13718 = DIRECTION('',(-0.,-1.,0.));
#13719 = FACE_BOUND('',#13720,.T.);
#13720 = EDGE_LOOP('',(#13721));
#13721 = ORIENTED_EDGE('',*,*,#13722,.T.);
#13722 = EDGE_CURVE('',#13723,#13723,#13725,.T.);
#13723 = VERTEX_POINT('',#13724);
#13724 = CARTESIAN_POINT('',(240.3475,-7.001875,1.6));
#13725 = CIRCLE('',#13726,1.525);
#13726 = AXIS2_PLACEMENT_3D('',#13727,#13728,#13729);
#13727 = CARTESIAN_POINT('',(240.3475,-5.476875,1.6));
#13728 = DIRECTION('',(-0.,0.,-1.));
#13729 = DIRECTION('',(-0.,-1.,0.));
#13730 = FACE_BOUND('',#13731,.T.);
#13731 = EDGE_LOOP('',(#13732));
#13732 = ORIENTED_EDGE('',*,*,#13733,.T.);
#13733 = EDGE_CURVE('',#13734,#13734,#13736,.T.);
#13734 = VERTEX_POINT('',#13735);
#13735 = CARTESIAN_POINT('',(227.6475,-4.461875,1.6));
#13736 = CIRCLE('',#13737,1.525);
#13737 = AXIS2_PLACEMENT_3D('',#13738,#13739,#13740);
#13738 = CARTESIAN_POINT('',(227.6475,-2.936875,1.6));
#13739 = DIRECTION('',(-0.,0.,-1.));
#13740 = DIRECTION('',(-0.,-1.,0.));
#13741 = FACE_BOUND('',#13742,.T.);
#13742 = EDGE_LOOP('',(#13743));
#13743 = ORIENTED_EDGE('',*,*,#13744,.T.);
#13744 = EDGE_CURVE('',#13745,#13745,#13747,.T.);
#13745 = VERTEX_POINT('',#13746);
#13746 = CARTESIAN_POINT('',(218.7575,-1.271875,1.6));
#13747 = CIRCLE('',#13748,0.875);
#13748 = AXIS2_PLACEMENT_3D('',#13749,#13750,#13751);
#13749 = CARTESIAN_POINT('',(218.7575,-0.396875,1.6));
#13750 = DIRECTION('',(-0.,0.,-1.));
#13751 = DIRECTION('',(-0.,-1.,0.));
#13752 = FACE_BOUND('',#13753,.T.);
#13753 = EDGE_LOOP('',(#13754));
#13754 = ORIENTED_EDGE('',*,*,#13755,.T.);
#13755 = EDGE_CURVE('',#13756,#13756,#13758,.T.);
#13756 = VERTEX_POINT('',#13757);
#13757 = CARTESIAN_POINT('',(223.8375,-2.396875,1.6));
#13758 = CIRCLE('',#13759,2.);
#13759 = AXIS2_PLACEMENT_3D('',#13760,#13761,#13762);
#13760 = CARTESIAN_POINT('',(223.8375,-0.396875,1.6));
#13761 = DIRECTION('',(-0.,0.,-1.));
#13762 = DIRECTION('',(-0.,-1.,0.));
#13763 = FACE_BOUND('',#13764,.T.);
#13764 = EDGE_LOOP('',(#13765));
#13765 = ORIENTED_EDGE('',*,*,#13766,.T.);
#13766 = EDGE_CURVE('',#13767,#13767,#13769,.T.);
#13767 = VERTEX_POINT('',#13768);
#13768 = CARTESIAN_POINT('',(228.9175,-1.271875,1.6));
#13769 = CIRCLE('',#13770,0.875);
#13770 = AXIS2_PLACEMENT_3D('',#13771,#13772,#13773);
#13771 = CARTESIAN_POINT('',(228.9175,-0.396875,1.6));
#13772 = DIRECTION('',(-0.,0.,-1.));
#13773 = DIRECTION('',(-0.,-1.,0.));
#13774 = FACE_BOUND('',#13775,.T.);
#13775 = EDGE_LOOP('',(#13776));
#13776 = ORIENTED_EDGE('',*,*,#13777,.T.);
#13777 = EDGE_CURVE('',#13778,#13778,#13780,.T.);
#13778 = VERTEX_POINT('',#13779);
#13779 = CARTESIAN_POINT('',(246.6975,-4.461875,1.6));
#13780 = CIRCLE('',#13781,1.525);
#13781 = AXIS2_PLACEMENT_3D('',#13782,#13783,#13784);
#13782 = CARTESIAN_POINT('',(246.6975,-2.936875,1.6));
#13783 = DIRECTION('',(-0.,0.,-1.));
#13784 = DIRECTION('',(-0.,-1.,0.));
#13785 = FACE_BOUND('',#13786,.T.);
#13786 = EDGE_LOOP('',(#13787));
#13787 = ORIENTED_EDGE('',*,*,#13788,.T.);
#13788 = EDGE_CURVE('',#13789,#13789,#13791,.T.);
#13789 = VERTEX_POINT('',#13790);
#13790 = CARTESIAN_POINT('',(237.8075,-1.271875,1.6));
#13791 = CIRCLE('',#13792,0.875);
#13792 = AXIS2_PLACEMENT_3D('',#13793,#13794,#13795);
#13793 = CARTESIAN_POINT('',(237.8075,-0.396875,1.6));
#13794 = DIRECTION('',(-0.,0.,-1.));
#13795 = DIRECTION('',(-0.,-1.,0.));
#13796 = FACE_BOUND('',#13797,.T.);
#13797 = EDGE_LOOP('',(#13798));
#13798 = ORIENTED_EDGE('',*,*,#13799,.T.);
#13799 = EDGE_CURVE('',#13800,#13800,#13802,.T.);
#13800 = VERTEX_POINT('',#13801);
#13801 = CARTESIAN_POINT('',(242.8875,-2.396875,1.6));
#13802 = CIRCLE('',#13803,2.);
#13803 = AXIS2_PLACEMENT_3D('',#13804,#13805,#13806);
#13804 = CARTESIAN_POINT('',(242.8875,-0.396875,1.6));
#13805 = DIRECTION('',(-0.,0.,-1.));
#13806 = DIRECTION('',(-0.,-1.,0.));
#13807 = FACE_BOUND('',#13808,.T.);
#13808 = EDGE_LOOP('',(#13809));
#13809 = ORIENTED_EDGE('',*,*,#13810,.T.);
#13810 = EDGE_CURVE('',#13811,#13811,#13813,.T.);
#13811 = VERTEX_POINT('',#13812);
#13812 = CARTESIAN_POINT('',(247.9675,-1.271875,1.6));
#13813 = CIRCLE('',#13814,0.875);
#13814 = AXIS2_PLACEMENT_3D('',#13815,#13816,#13817);
#13815 = CARTESIAN_POINT('',(247.9675,-0.396875,1.6));
#13816 = DIRECTION('',(-0.,0.,-1.));
#13817 = DIRECTION('',(-0.,-1.,0.));
#13818 = PLANE('',#13819);
#13819 = AXIS2_PLACEMENT_3D('',#13820,#13821,#13822);
#13820 = CARTESIAN_POINT('',(0.,0.,1.6));
#13821 = DIRECTION('',(0.,0.,1.));
#13822 = DIRECTION('',(1.,0.,-0.));
#13823 = ADVANCED_FACE('',(#13824),#13830,.T.);
#13824 = FACE_BOUND('',#13825,.T.);
#13825 = EDGE_LOOP('',(#13826,#13827,#13828,#13829));
#13826 = ORIENTED_EDGE('',*,*,#4971,.T.);
#13827 = ORIENTED_EDGE('',*,*,#9412,.T.);
#13828 = ORIENTED_EDGE('',*,*,#4931,.F.);
#13829 = ORIENTED_EDGE('',*,*,#4995,.F.);
#13830 = PLANE('',#13831);
#13831 = AXIS2_PLACEMENT_3D('',#13832,#13833,#13834);
#13832 = CARTESIAN_POINT('',(-12.446,25.4,0.));
#13833 = DIRECTION('',(0.,1.,0.));
#13834 = DIRECTION('',(1.,0.,0.));
#13835 = ADVANCED_FACE('',(#13836),#13847,.F.);
#13836 = FACE_BOUND('',#13837,.T.);
#13837 = EDGE_LOOP('',(#13838,#13839,#13845,#13846));
#13838 = ORIENTED_EDGE('',*,*,#5004,.T.);
#13839 = ORIENTED_EDGE('',*,*,#13840,.T.);
#13840 = EDGE_CURVE('',#5005,#9422,#13841,.T.);
#13841 = LINE('',#13842,#13843);
#13842 = CARTESIAN_POINT('',(-0.15875,-107.014375,-4.5E-02));
#13843 = VECTOR('',#13844,1.);
#13844 = DIRECTION('',(0.,0.,1.));
#13845 = ORIENTED_EDGE('',*,*,#9421,.F.);
#13846 = ORIENTED_EDGE('',*,*,#13840,.F.);
#13847 = CYLINDRICAL_SURFACE('',#13848,1.525);
#13848 = AXIS2_PLACEMENT_3D('',#13849,#13850,#13851);
#13849 = CARTESIAN_POINT('',(-0.15875,-105.489375,-4.5E-02));
#13850 = DIRECTION('',(-0.,0.,-1.));
#13851 = DIRECTION('',(1.092022647172E-16,-1.,-0.));
#13852 = ADVANCED_FACE('',(#13853),#13864,.F.);
#13853 = FACE_BOUND('',#13854,.T.);
#13854 = EDGE_LOOP('',(#13855,#13856,#13862,#13863));
#13855 = ORIENTED_EDGE('',*,*,#5015,.T.);
#13856 = ORIENTED_EDGE('',*,*,#13857,.T.);
#13857 = EDGE_CURVE('',#5016,#9433,#13858,.T.);
#13858 = LINE('',#13859,#13860);
#13859 = CARTESIAN_POINT('',(-2.69875,-101.284375,-4.5E-02));
#13860 = VECTOR('',#13861,1.);
#13861 = DIRECTION('',(0.,0.,1.));
#13862 = ORIENTED_EDGE('',*,*,#9432,.F.);
#13863 = ORIENTED_EDGE('',*,*,#13857,.F.);
#13864 = CYLINDRICAL_SURFACE('',#13865,0.875);
#13865 = AXIS2_PLACEMENT_3D('',#13866,#13867,#13868);
#13866 = CARTESIAN_POINT('',(-2.69875,-100.409375,-4.5E-02));
#13867 = DIRECTION('',(-0.,-0.,-1.));
#13868 = DIRECTION('',(-0.,-1.,0.));
#13869 = ADVANCED_FACE('',(#13870),#13881,.F.);
#13870 = FACE_BOUND('',#13871,.T.);
#13871 = EDGE_LOOP('',(#13872,#13873,#13879,#13880));
#13872 = ORIENTED_EDGE('',*,*,#5026,.T.);
#13873 = ORIENTED_EDGE('',*,*,#13874,.T.);
#13874 = EDGE_CURVE('',#5027,#9444,#13875,.T.);
#13875 = LINE('',#13876,#13877);
#13876 = CARTESIAN_POINT('',(2.38125,-102.409375,-4.5E-02));
#13877 = VECTOR('',#13878,1.);
#13878 = DIRECTION('',(0.,0.,1.));
#13879 = ORIENTED_EDGE('',*,*,#9443,.F.);
#13880 = ORIENTED_EDGE('',*,*,#13874,.F.);
#13881 = CYLINDRICAL_SURFACE('',#13882,2.);
#13882 = AXIS2_PLACEMENT_3D('',#13883,#13884,#13885);
#13883 = CARTESIAN_POINT('',(2.38125,-100.409375,-4.5E-02));
#13884 = DIRECTION('',(-0.,0.,-1.));
#13885 = DIRECTION('',(2.22044604925E-16,-1.,-0.));
#13886 = ADVANCED_FACE('',(#13887),#13898,.F.);
#13887 = FACE_BOUND('',#13888,.T.);
#13888 = EDGE_LOOP('',(#13889,#13890,#13896,#13897));
#13889 = ORIENTED_EDGE('',*,*,#5037,.T.);
#13890 = ORIENTED_EDGE('',*,*,#13891,.T.);
#13891 = EDGE_CURVE('',#5038,#9455,#13892,.T.);
#13892 = LINE('',#13893,#13894);
#13893 = CARTESIAN_POINT('',(6.19125,-104.474375,-4.5E-02));
#13894 = VECTOR('',#13895,1.);
#13895 = DIRECTION('',(0.,0.,1.));
#13896 = ORIENTED_EDGE('',*,*,#9454,.F.);
#13897 = ORIENTED_EDGE('',*,*,#13891,.F.);
#13898 = CYLINDRICAL_SURFACE('',#13899,1.525);
#13899 = AXIS2_PLACEMENT_3D('',#13900,#13901,#13902);
#13900 = CARTESIAN_POINT('',(6.19125,-102.949375,-4.5E-02));
#13901 = DIRECTION('',(-0.,-0.,-1.));
#13902 = DIRECTION('',(-0.,-1.,0.));
#13903 = ADVANCED_FACE('',(#13904),#13915,.F.);
#13904 = FACE_BOUND('',#13905,.T.);
#13905 = EDGE_LOOP('',(#13906,#13907,#13913,#13914));
#13906 = ORIENTED_EDGE('',*,*,#5048,.T.);
#13907 = ORIENTED_EDGE('',*,*,#13908,.T.);
#13908 = EDGE_CURVE('',#5049,#9466,#13909,.T.);
#13909 = LINE('',#13910,#13911);
#13910 = CARTESIAN_POINT('',(7.46125,-101.284375,-4.5E-02));
#13911 = VECTOR('',#13912,1.);
#13912 = DIRECTION('',(0.,0.,1.));
#13913 = ORIENTED_EDGE('',*,*,#9465,.F.);
#13914 = ORIENTED_EDGE('',*,*,#13908,.F.);
#13915 = CYLINDRICAL_SURFACE('',#13916,0.875);
#13916 = AXIS2_PLACEMENT_3D('',#13917,#13918,#13919);
#13917 = CARTESIAN_POINT('',(7.46125,-100.409375,-4.5E-02));
#13918 = DIRECTION('',(-0.,-0.,-1.));
#13919 = DIRECTION('',(-0.,-1.,0.));
#13920 = ADVANCED_FACE('',(#13921),#13932,.F.);
#13921 = FACE_BOUND('',#13922,.T.);
#13922 = EDGE_LOOP('',(#13923,#13924,#13930,#13931));
#13923 = ORIENTED_EDGE('',*,*,#5059,.T.);
#13924 = ORIENTED_EDGE('',*,*,#13925,.T.);
#13925 = EDGE_CURVE('',#5060,#9477,#13926,.T.);
#13926 = LINE('',#13927,#13928);
#13927 = CARTESIAN_POINT('',(23.65375,-107.014375,-4.5E-02));
#13928 = VECTOR('',#13929,1.);
#13929 = DIRECTION('',(0.,0.,1.));
#13930 = ORIENTED_EDGE('',*,*,#9476,.F.);
#13931 = ORIENTED_EDGE('',*,*,#13925,.F.);
#13932 = CYLINDRICAL_SURFACE('',#13933,1.525);
#13933 = AXIS2_PLACEMENT_3D('',#13934,#13935,#13936);
#13934 = CARTESIAN_POINT('',(23.65375,-105.489375,-4.5E-02));
#13935 = DIRECTION('',(-0.,-0.,-1.));
#13936 = DIRECTION('',(-2.329648313968E-15,-1.,0.));
#13937 = ADVANCED_FACE('',(#13938),#13949,.F.);
#13938 = FACE_BOUND('',#13939,.T.);
#13939 = EDGE_LOOP('',(#13940,#13941,#13947,#13948));
#13940 = ORIENTED_EDGE('',*,*,#5070,.T.);
#13941 = ORIENTED_EDGE('',*,*,#13942,.T.);
#13942 = EDGE_CURVE('',#5071,#9488,#13943,.T.);
#13943 = LINE('',#13944,#13945);
#13944 = CARTESIAN_POINT('',(21.11375,-101.284375,-4.5E-02));
#13945 = VECTOR('',#13946,1.);
#13946 = DIRECTION('',(0.,0.,1.));
#13947 = ORIENTED_EDGE('',*,*,#9487,.F.);
#13948 = ORIENTED_EDGE('',*,*,#13942,.F.);
#13949 = CYLINDRICAL_SURFACE('',#13950,0.875);
#13950 = AXIS2_PLACEMENT_3D('',#13951,#13952,#13953);
#13951 = CARTESIAN_POINT('',(21.11375,-100.409375,-4.5E-02));
#13952 = DIRECTION('',(-0.,-0.,-1.));
#13953 = DIRECTION('',(-0.,-1.,0.));
#13954 = ADVANCED_FACE('',(#13955),#13966,.F.);
#13955 = FACE_BOUND('',#13956,.T.);
#13956 = EDGE_LOOP('',(#13957,#13958,#13964,#13965));
#13957 = ORIENTED_EDGE('',*,*,#5081,.T.);
#13958 = ORIENTED_EDGE('',*,*,#13959,.T.);
#13959 = EDGE_CURVE('',#5082,#9499,#13960,.T.);
#13960 = LINE('',#13961,#13962);
#13961 = CARTESIAN_POINT('',(30.00375,-104.474375,-4.5E-02));
#13962 = VECTOR('',#13963,1.);
#13963 = DIRECTION('',(0.,0.,1.));
#13964 = ORIENTED_EDGE('',*,*,#9498,.F.);
#13965 = ORIENTED_EDGE('',*,*,#13959,.F.);
#13966 = CYLINDRICAL_SURFACE('',#13967,1.525);
#13967 = AXIS2_PLACEMENT_3D('',#13968,#13969,#13970);
#13968 = CARTESIAN_POINT('',(30.00375,-102.949375,-4.5E-02));
#13969 = DIRECTION('',(-0.,-0.,-1.));
#13970 = DIRECTION('',(-0.,-1.,0.));
#13971 = ADVANCED_FACE('',(#13972),#13983,.F.);
#13972 = FACE_BOUND('',#13973,.T.);
#13973 = EDGE_LOOP('',(#13974,#13975,#13981,#13982));
#13974 = ORIENTED_EDGE('',*,*,#5092,.T.);
#13975 = ORIENTED_EDGE('',*,*,#13976,.T.);
#13976 = EDGE_CURVE('',#5093,#9510,#13977,.T.);
#13977 = LINE('',#13978,#13979);
#13978 = CARTESIAN_POINT('',(26.19375,-102.409375,-4.5E-02));
#13979 = VECTOR('',#13980,1.);
#13980 = DIRECTION('',(0.,0.,1.));
#13981 = ORIENTED_EDGE('',*,*,#9509,.F.);
#13982 = ORIENTED_EDGE('',*,*,#13976,.F.);
#13983 = CYLINDRICAL_SURFACE('',#13984,2.);
#13984 = AXIS2_PLACEMENT_3D('',#13985,#13986,#13987);
#13985 = CARTESIAN_POINT('',(26.19375,-100.409375,-4.5E-02));
#13986 = DIRECTION('',(-0.,-0.,-1.));
#13987 = DIRECTION('',(-0.,-1.,0.));
#13988 = ADVANCED_FACE('',(#13989),#14000,.F.);
#13989 = FACE_BOUND('',#13990,.T.);
#13990 = EDGE_LOOP('',(#13991,#13992,#13998,#13999));
#13991 = ORIENTED_EDGE('',*,*,#5103,.T.);
#13992 = ORIENTED_EDGE('',*,*,#13993,.T.);
#13993 = EDGE_CURVE('',#5104,#9521,#13994,.T.);
#13994 = LINE('',#13995,#13996);
#13995 = CARTESIAN_POINT('',(47.46625,-107.014375,-4.5E-02));
#13996 = VECTOR('',#13997,1.);
#13997 = DIRECTION('',(0.,0.,1.));
#13998 = ORIENTED_EDGE('',*,*,#9520,.F.);
#13999 = ORIENTED_EDGE('',*,*,#13993,.F.);
#14000 = CYLINDRICAL_SURFACE('',#14001,1.525);
#14001 = AXIS2_PLACEMENT_3D('',#14002,#14003,#14004);
#14002 = CARTESIAN_POINT('',(47.46625,-105.489375,-4.5E-02));
#14003 = DIRECTION('',(-0.,-0.,-1.));
#14004 = DIRECTION('',(-0.,-1.,0.));
#14005 = ADVANCED_FACE('',(#14006),#14017,.F.);
#14006 = FACE_BOUND('',#14007,.T.);
#14007 = EDGE_LOOP('',(#14008,#14009,#14015,#14016));
#14008 = ORIENTED_EDGE('',*,*,#5114,.T.);
#14009 = ORIENTED_EDGE('',*,*,#14010,.T.);
#14010 = EDGE_CURVE('',#5115,#9532,#14011,.T.);
#14011 = LINE('',#14012,#14013);
#14012 = CARTESIAN_POINT('',(31.27375,-101.284375,-4.5E-02));
#14013 = VECTOR('',#14014,1.);
#14014 = DIRECTION('',(0.,0.,1.));
#14015 = ORIENTED_EDGE('',*,*,#9531,.F.);
#14016 = ORIENTED_EDGE('',*,*,#14010,.F.);
#14017 = CYLINDRICAL_SURFACE('',#14018,0.875);
#14018 = AXIS2_PLACEMENT_3D('',#14019,#14020,#14021);
#14019 = CARTESIAN_POINT('',(31.27375,-100.409375,-4.5E-02));
#14020 = DIRECTION('',(-0.,-0.,-1.));
#14021 = DIRECTION('',(-0.,-1.,0.));
#14022 = ADVANCED_FACE('',(#14023),#14034,.F.);
#14023 = FACE_BOUND('',#14024,.T.);
#14024 = EDGE_LOOP('',(#14025,#14026,#14032,#14033));
#14025 = ORIENTED_EDGE('',*,*,#5125,.T.);
#14026 = ORIENTED_EDGE('',*,*,#14027,.T.);
#14027 = EDGE_CURVE('',#5126,#9543,#14028,.T.);
#14028 = LINE('',#14029,#14030);
#14029 = CARTESIAN_POINT('',(44.92625,-101.284375,-4.5E-02));
#14030 = VECTOR('',#14031,1.);
#14031 = DIRECTION('',(0.,0.,1.));
#14032 = ORIENTED_EDGE('',*,*,#9542,.F.);
#14033 = ORIENTED_EDGE('',*,*,#14027,.F.);
#14034 = CYLINDRICAL_SURFACE('',#14035,0.875);
#14035 = AXIS2_PLACEMENT_3D('',#14036,#14037,#14038);
#14036 = CARTESIAN_POINT('',(44.92625,-100.409375,-4.5E-02));
#14037 = DIRECTION('',(-0.,-0.,-1.));
#14038 = DIRECTION('',(-0.,-1.,0.));
#14039 = ADVANCED_FACE('',(#14040),#14051,.F.);
#14040 = FACE_BOUND('',#14041,.T.);
#14041 = EDGE_LOOP('',(#14042,#14043,#14049,#14050));
#14042 = ORIENTED_EDGE('',*,*,#5136,.T.);
#14043 = ORIENTED_EDGE('',*,*,#14044,.T.);
#14044 = EDGE_CURVE('',#5137,#9554,#14045,.T.);
#14045 = LINE('',#14046,#14047);
#14046 = CARTESIAN_POINT('',(53.81625,-104.474375,-4.5E-02));
#14047 = VECTOR('',#14048,1.);
#14048 = DIRECTION('',(0.,0.,1.));
#14049 = ORIENTED_EDGE('',*,*,#9553,.F.);
#14050 = ORIENTED_EDGE('',*,*,#14044,.F.);
#14051 = CYLINDRICAL_SURFACE('',#14052,1.525);
#14052 = AXIS2_PLACEMENT_3D('',#14053,#14054,#14055);
#14053 = CARTESIAN_POINT('',(53.81625,-102.949375,-4.5E-02));
#14054 = DIRECTION('',(-0.,-0.,-1.));
#14055 = DIRECTION('',(-0.,-1.,0.));
#14056 = ADVANCED_FACE('',(#14057),#14068,.F.);
#14057 = FACE_BOUND('',#14058,.T.);
#14058 = EDGE_LOOP('',(#14059,#14060,#14066,#14067));
#14059 = ORIENTED_EDGE('',*,*,#5147,.T.);
#14060 = ORIENTED_EDGE('',*,*,#14061,.T.);
#14061 = EDGE_CURVE('',#5148,#9565,#14062,.T.);
#14062 = LINE('',#14063,#14064);
#14063 = CARTESIAN_POINT('',(50.00625,-102.409375,-4.5E-02));
#14064 = VECTOR('',#14065,1.);
#14065 = DIRECTION('',(0.,0.,1.));
#14066 = ORIENTED_EDGE('',*,*,#9564,.F.);
#14067 = ORIENTED_EDGE('',*,*,#14061,.F.);
#14068 = CYLINDRICAL_SURFACE('',#14069,2.);
#14069 = AXIS2_PLACEMENT_3D('',#14070,#14071,#14072);
#14070 = CARTESIAN_POINT('',(50.00625,-100.409375,-4.5E-02));
#14071 = DIRECTION('',(-0.,-0.,-1.));
#14072 = DIRECTION('',(-0.,-1.,0.));
#14073 = ADVANCED_FACE('',(#14074),#14085,.F.);
#14074 = FACE_BOUND('',#14075,.T.);
#14075 = EDGE_LOOP('',(#14076,#14077,#14083,#14084));
#14076 = ORIENTED_EDGE('',*,*,#5158,.T.);
#14077 = ORIENTED_EDGE('',*,*,#14078,.T.);
#14078 = EDGE_CURVE('',#5159,#9576,#14079,.T.);
#14079 = LINE('',#14080,#14081);
#14080 = CARTESIAN_POINT('',(55.08625,-101.284375,-4.5E-02));
#14081 = VECTOR('',#14082,1.);
#14082 = DIRECTION('',(0.,0.,1.));
#14083 = ORIENTED_EDGE('',*,*,#9575,.F.);
#14084 = ORIENTED_EDGE('',*,*,#14078,.F.);
#14085 = CYLINDRICAL_SURFACE('',#14086,0.875);
#14086 = AXIS2_PLACEMENT_3D('',#14087,#14088,#14089);
#14087 = CARTESIAN_POINT('',(55.08625,-100.409375,-4.5E-02));
#14088 = DIRECTION('',(-0.,-0.,-1.));
#14089 = DIRECTION('',(-0.,-1.,0.));
#14090 = ADVANCED_FACE('',(#14091),#14102,.F.);
#14091 = FACE_BOUND('',#14092,.T.);
#14092 = EDGE_LOOP('',(#14093,#14094,#14100,#14101));
#14093 = ORIENTED_EDGE('',*,*,#5169,.T.);
#14094 = ORIENTED_EDGE('',*,*,#14095,.T.);
#14095 = EDGE_CURVE('',#5170,#9587,#14096,.T.);
#14096 = LINE('',#14097,#14098);
#14097 = CARTESIAN_POINT('',(9.36625,-87.964375,-4.5E-02));
#14098 = VECTOR('',#14099,1.);
#14099 = DIRECTION('',(0.,0.,1.));
#14100 = ORIENTED_EDGE('',*,*,#9586,.F.);
#14101 = ORIENTED_EDGE('',*,*,#14095,.F.);
#14102 = CYLINDRICAL_SURFACE('',#14103,1.525);
#14103 = AXIS2_PLACEMENT_3D('',#14104,#14105,#14106);
#14104 = CARTESIAN_POINT('',(9.36625,-86.439375,-4.5E-02));
#14105 = DIRECTION('',(-0.,0.,-1.));
#14106 = DIRECTION('',(1.164824156984E-15,-1.,-0.));
#14107 = ADVANCED_FACE('',(#14108),#14119,.F.);
#14108 = FACE_BOUND('',#14109,.T.);
#14109 = EDGE_LOOP('',(#14110,#14111,#14117,#14118));
#14110 = ORIENTED_EDGE('',*,*,#5180,.T.);
#14111 = ORIENTED_EDGE('',*,*,#14112,.T.);
#14112 = EDGE_CURVE('',#5181,#9598,#14113,.T.);
#14113 = LINE('',#14114,#14115);
#14114 = CARTESIAN_POINT('',(6.82625,-82.234375,-4.5E-02));
#14115 = VECTOR('',#14116,1.);
#14116 = DIRECTION('',(0.,0.,1.));
#14117 = ORIENTED_EDGE('',*,*,#9597,.F.);
#14118 = ORIENTED_EDGE('',*,*,#14112,.F.);
#14119 = CYLINDRICAL_SURFACE('',#14120,0.875);
#14120 = AXIS2_PLACEMENT_3D('',#14121,#14122,#14123);
#14121 = CARTESIAN_POINT('',(6.82625,-81.359375,-4.5E-02));
#14122 = DIRECTION('',(-0.,-0.,-1.));
#14123 = DIRECTION('',(-0.,-1.,0.));
#14124 = ADVANCED_FACE('',(#14125),#14136,.F.);
#14125 = FACE_BOUND('',#14126,.T.);
#14126 = EDGE_LOOP('',(#14127,#14128,#14134,#14135));
#14127 = ORIENTED_EDGE('',*,*,#5191,.T.);
#14128 = ORIENTED_EDGE('',*,*,#14129,.T.);
#14129 = EDGE_CURVE('',#5192,#9609,#14130,.T.);
#14130 = LINE('',#14131,#14132);
#14131 = CARTESIAN_POINT('',(11.90625,-83.359375,-4.5E-02));
#14132 = VECTOR('',#14133,1.);
#14133 = DIRECTION('',(0.,0.,1.));
#14134 = ORIENTED_EDGE('',*,*,#9608,.F.);
#14135 = ORIENTED_EDGE('',*,*,#14129,.F.);
#14136 = CYLINDRICAL_SURFACE('',#14137,2.);
#14137 = AXIS2_PLACEMENT_3D('',#14138,#14139,#14140);
#14138 = CARTESIAN_POINT('',(11.90625,-81.359375,-4.5E-02));
#14139 = DIRECTION('',(-0.,-0.,-1.));
#14140 = DIRECTION('',(-0.,-1.,0.));
#14141 = ADVANCED_FACE('',(#14142),#14153,.F.);
#14142 = FACE_BOUND('',#14143,.T.);
#14143 = EDGE_LOOP('',(#14144,#14145,#14151,#14152));
#14144 = ORIENTED_EDGE('',*,*,#5202,.T.);
#14145 = ORIENTED_EDGE('',*,*,#14146,.T.);
#14146 = EDGE_CURVE('',#5203,#9620,#14147,.T.);
#14147 = LINE('',#14148,#14149);
#14148 = CARTESIAN_POINT('',(15.71625,-85.424375,-4.5E-02));
#14149 = VECTOR('',#14150,1.);
#14150 = DIRECTION('',(0.,0.,1.));
#14151 = ORIENTED_EDGE('',*,*,#9619,.F.);
#14152 = ORIENTED_EDGE('',*,*,#14146,.F.);
#14153 = CYLINDRICAL_SURFACE('',#14154,1.525);
#14154 = AXIS2_PLACEMENT_3D('',#14155,#14156,#14157);
#14155 = CARTESIAN_POINT('',(15.71625,-83.899375,-4.5E-02));
#14156 = DIRECTION('',(-0.,-0.,-1.));
#14157 = DIRECTION('',(-0.,-1.,0.));
#14158 = ADVANCED_FACE('',(#14159),#14170,.F.);
#14159 = FACE_BOUND('',#14160,.T.);
#14160 = EDGE_LOOP('',(#14161,#14162,#14168,#14169));
#14161 = ORIENTED_EDGE('',*,*,#5213,.T.);
#14162 = ORIENTED_EDGE('',*,*,#14163,.T.);
#14163 = EDGE_CURVE('',#5214,#9631,#14164,.T.);
#14164 = LINE('',#14165,#14166);
#14165 = CARTESIAN_POINT('',(16.98625,-82.234375,-4.5E-02));
#14166 = VECTOR('',#14167,1.);
#14167 = DIRECTION('',(0.,0.,1.));
#14168 = ORIENTED_EDGE('',*,*,#9630,.F.);
#14169 = ORIENTED_EDGE('',*,*,#14163,.F.);
#14170 = CYLINDRICAL_SURFACE('',#14171,0.875);
#14171 = AXIS2_PLACEMENT_3D('',#14172,#14173,#14174);
#14172 = CARTESIAN_POINT('',(16.98625,-81.359375,-4.5E-02));
#14173 = DIRECTION('',(-0.,-0.,-1.));
#14174 = DIRECTION('',(-0.,-1.,0.));
#14175 = ADVANCED_FACE('',(#14176),#14187,.F.);
#14176 = FACE_BOUND('',#14177,.T.);
#14177 = EDGE_LOOP('',(#14178,#14179,#14185,#14186));
#14178 = ORIENTED_EDGE('',*,*,#5224,.T.);
#14179 = ORIENTED_EDGE('',*,*,#14180,.T.);
#14180 = EDGE_CURVE('',#5225,#9642,#14181,.T.);
#14181 = LINE('',#14182,#14183);
#14182 = CARTESIAN_POINT('',(40.3225,-87.964375,-4.5E-02));
#14183 = VECTOR('',#14184,1.);
#14184 = DIRECTION('',(0.,0.,1.));
#14185 = ORIENTED_EDGE('',*,*,#9641,.F.);
#14186 = ORIENTED_EDGE('',*,*,#14180,.F.);
#14187 = CYLINDRICAL_SURFACE('',#14188,1.525);
#14188 = AXIS2_PLACEMENT_3D('',#14189,#14190,#14191);
#14189 = CARTESIAN_POINT('',(40.3225,-86.439375,-4.5E-02));
#14190 = DIRECTION('',(-0.,-0.,-1.));
#14191 = DIRECTION('',(-0.,-1.,0.));
#14192 = ADVANCED_FACE('',(#14193),#14204,.F.);
#14193 = FACE_BOUND('',#14194,.T.);
#14194 = EDGE_LOOP('',(#14195,#14196,#14202,#14203));
#14195 = ORIENTED_EDGE('',*,*,#5235,.T.);
#14196 = ORIENTED_EDGE('',*,*,#14197,.T.);
#14197 = EDGE_CURVE('',#5236,#9653,#14198,.T.);
#14198 = LINE('',#14199,#14200);
#14199 = CARTESIAN_POINT('',(46.6725,-85.424375,-4.5E-02));
#14200 = VECTOR('',#14201,1.);
#14201 = DIRECTION('',(0.,0.,1.));
#14202 = ORIENTED_EDGE('',*,*,#9652,.F.);
#14203 = ORIENTED_EDGE('',*,*,#14197,.F.);
#14204 = CYLINDRICAL_SURFACE('',#14205,1.525);
#14205 = AXIS2_PLACEMENT_3D('',#14206,#14207,#14208);
#14206 = CARTESIAN_POINT('',(46.6725,-83.899375,-4.5E-02));
#14207 = DIRECTION('',(-0.,-0.,-1.));
#14208 = DIRECTION('',(-0.,-1.,0.));
#14209 = ADVANCED_FACE('',(#14210),#14221,.F.);
#14210 = FACE_BOUND('',#14211,.T.);
#14211 = EDGE_LOOP('',(#14212,#14213,#14219,#14220));
#14212 = ORIENTED_EDGE('',*,*,#5246,.T.);
#14213 = ORIENTED_EDGE('',*,*,#14214,.T.);
#14214 = EDGE_CURVE('',#5247,#9664,#14215,.T.);
#14215 = LINE('',#14216,#14217);
#14216 = CARTESIAN_POINT('',(37.7825,-82.234375,-4.5E-02));
#14217 = VECTOR('',#14218,1.);
#14218 = DIRECTION('',(0.,0.,1.));
#14219 = ORIENTED_EDGE('',*,*,#9663,.F.);
#14220 = ORIENTED_EDGE('',*,*,#14214,.F.);
#14221 = CYLINDRICAL_SURFACE('',#14222,0.875);
#14222 = AXIS2_PLACEMENT_3D('',#14223,#14224,#14225);
#14223 = CARTESIAN_POINT('',(37.7825,-81.359375,-4.5E-02));
#14224 = DIRECTION('',(-0.,-0.,-1.));
#14225 = DIRECTION('',(-0.,-1.,0.));
#14226 = ADVANCED_FACE('',(#14227),#14238,.F.);
#14227 = FACE_BOUND('',#14228,.T.);
#14228 = EDGE_LOOP('',(#14229,#14230,#14236,#14237));
#14229 = ORIENTED_EDGE('',*,*,#5257,.T.);
#14230 = ORIENTED_EDGE('',*,*,#14231,.T.);
#14231 = EDGE_CURVE('',#5258,#9675,#14232,.T.);
#14232 = LINE('',#14233,#14234);
#14233 = CARTESIAN_POINT('',(42.8625,-83.359375,-4.5E-02));
#14234 = VECTOR('',#14235,1.);
#14235 = DIRECTION('',(0.,0.,1.));
#14236 = ORIENTED_EDGE('',*,*,#9674,.F.);
#14237 = ORIENTED_EDGE('',*,*,#14231,.F.);
#14238 = CYLINDRICAL_SURFACE('',#14239,2.);
#14239 = AXIS2_PLACEMENT_3D('',#14240,#14241,#14242);
#14240 = CARTESIAN_POINT('',(42.8625,-81.359375,-4.5E-02));
#14241 = DIRECTION('',(-0.,-0.,-1.));
#14242 = DIRECTION('',(-0.,-1.,0.));
#14243 = ADVANCED_FACE('',(#14244),#14255,.F.);
#14244 = FACE_BOUND('',#14245,.T.);
#14245 = EDGE_LOOP('',(#14246,#14247,#14253,#14254));
#14246 = ORIENTED_EDGE('',*,*,#5268,.T.);
#14247 = ORIENTED_EDGE('',*,*,#14248,.T.);
#14248 = EDGE_CURVE('',#5269,#9686,#14249,.T.);
#14249 = LINE('',#14250,#14251);
#14250 = CARTESIAN_POINT('',(47.9425,-82.234375,-4.5E-02));
#14251 = VECTOR('',#14252,1.);
#14252 = DIRECTION('',(0.,0.,1.));
#14253 = ORIENTED_EDGE('',*,*,#9685,.F.);
#14254 = ORIENTED_EDGE('',*,*,#14248,.F.);
#14255 = CYLINDRICAL_SURFACE('',#14256,0.875);
#14256 = AXIS2_PLACEMENT_3D('',#14257,#14258,#14259);
#14257 = CARTESIAN_POINT('',(47.9425,-81.359375,-4.5E-02));
#14258 = DIRECTION('',(-0.,-0.,-1.));
#14259 = DIRECTION('',(-0.,-1.,0.));
#14260 = ADVANCED_FACE('',(#14261),#14272,.F.);
#14261 = FACE_BOUND('',#14262,.T.);
#14262 = EDGE_LOOP('',(#14263,#14264,#14270,#14271));
#14263 = ORIENTED_EDGE('',*,*,#5279,.T.);
#14264 = ORIENTED_EDGE('',*,*,#14265,.T.);
#14265 = EDGE_CURVE('',#5280,#9697,#14266,.T.);
#14266 = LINE('',#14267,#14268);
#14267 = CARTESIAN_POINT('',(59.3725,-87.964375,-4.5E-02));
#14268 = VECTOR('',#14269,1.);
#14269 = DIRECTION('',(0.,0.,1.));
#14270 = ORIENTED_EDGE('',*,*,#9696,.F.);
#14271 = ORIENTED_EDGE('',*,*,#14265,.F.);
#14272 = CYLINDRICAL_SURFACE('',#14273,1.525);
#14273 = AXIS2_PLACEMENT_3D('',#14274,#14275,#14276);
#14274 = CARTESIAN_POINT('',(59.3725,-86.439375,-4.5E-02));
#14275 = DIRECTION('',(-0.,-0.,-1.));
#14276 = DIRECTION('',(-0.,-1.,0.));
#14277 = ADVANCED_FACE('',(#14278),#14289,.F.);
#14278 = FACE_BOUND('',#14279,.T.);
#14279 = EDGE_LOOP('',(#14280,#14281,#14287,#14288));
#14280 = ORIENTED_EDGE('',*,*,#5290,.T.);
#14281 = ORIENTED_EDGE('',*,*,#14282,.T.);
#14282 = EDGE_CURVE('',#5291,#9708,#14283,.T.);
#14283 = LINE('',#14284,#14285);
#14284 = CARTESIAN_POINT('',(65.7225,-85.424375,-4.5E-02));
#14285 = VECTOR('',#14286,1.);
#14286 = DIRECTION('',(0.,0.,1.));
#14287 = ORIENTED_EDGE('',*,*,#9707,.F.);
#14288 = ORIENTED_EDGE('',*,*,#14282,.F.);
#14289 = CYLINDRICAL_SURFACE('',#14290,1.525);
#14290 = AXIS2_PLACEMENT_3D('',#14291,#14292,#14293);
#14291 = CARTESIAN_POINT('',(65.7225,-83.899375,-4.5E-02));
#14292 = DIRECTION('',(-0.,-0.,-1.));
#14293 = DIRECTION('',(-0.,-1.,0.));
#14294 = ADVANCED_FACE('',(#14295),#14306,.F.);
#14295 = FACE_BOUND('',#14296,.T.);
#14296 = EDGE_LOOP('',(#14297,#14298,#14304,#14305));
#14297 = ORIENTED_EDGE('',*,*,#5301,.T.);
#14298 = ORIENTED_EDGE('',*,*,#14299,.T.);
#14299 = EDGE_CURVE('',#5302,#9719,#14300,.T.);
#14300 = LINE('',#14301,#14302);
#14301 = CARTESIAN_POINT('',(56.8325,-82.234375,-4.5E-02));
#14302 = VECTOR('',#14303,1.);
#14303 = DIRECTION('',(0.,0.,1.));
#14304 = ORIENTED_EDGE('',*,*,#9718,.F.);
#14305 = ORIENTED_EDGE('',*,*,#14299,.F.);
#14306 = CYLINDRICAL_SURFACE('',#14307,0.875);
#14307 = AXIS2_PLACEMENT_3D('',#14308,#14309,#14310);
#14308 = CARTESIAN_POINT('',(56.8325,-81.359375,-4.5E-02));
#14309 = DIRECTION('',(-0.,-0.,-1.));
#14310 = DIRECTION('',(-0.,-1.,0.));
#14311 = ADVANCED_FACE('',(#14312),#14323,.F.);
#14312 = FACE_BOUND('',#14313,.T.);
#14313 = EDGE_LOOP('',(#14314,#14315,#14321,#14322));
#14314 = ORIENTED_EDGE('',*,*,#5312,.T.);
#14315 = ORIENTED_EDGE('',*,*,#14316,.T.);
#14316 = EDGE_CURVE('',#5313,#9730,#14317,.T.);
#14317 = LINE('',#14318,#14319);
#14318 = CARTESIAN_POINT('',(61.9125,-83.359375,-4.5E-02));
#14319 = VECTOR('',#14320,1.);
#14320 = DIRECTION('',(0.,0.,1.));
#14321 = ORIENTED_EDGE('',*,*,#9729,.F.);
#14322 = ORIENTED_EDGE('',*,*,#14316,.F.);
#14323 = CYLINDRICAL_SURFACE('',#14324,2.);
#14324 = AXIS2_PLACEMENT_3D('',#14325,#14326,#14327);
#14325 = CARTESIAN_POINT('',(61.9125,-81.359375,-4.5E-02));
#14326 = DIRECTION('',(-0.,-0.,-1.));
#14327 = DIRECTION('',(-0.,-1.,0.));
#14328 = ADVANCED_FACE('',(#14329),#14340,.F.);
#14329 = FACE_BOUND('',#14330,.T.);
#14330 = EDGE_LOOP('',(#14331,#14332,#14338,#14339));
#14331 = ORIENTED_EDGE('',*,*,#5323,.T.);
#14332 = ORIENTED_EDGE('',*,*,#14333,.T.);
#14333 = EDGE_CURVE('',#5324,#9741,#14334,.T.);
#14334 = LINE('',#14335,#14336);
#14335 = CARTESIAN_POINT('',(66.9925,-82.234375,-4.5E-02));
#14336 = VECTOR('',#14337,1.);
#14337 = DIRECTION('',(0.,0.,1.));
#14338 = ORIENTED_EDGE('',*,*,#9740,.F.);
#14339 = ORIENTED_EDGE('',*,*,#14333,.F.);
#14340 = CYLINDRICAL_SURFACE('',#14341,0.875);
#14341 = AXIS2_PLACEMENT_3D('',#14342,#14343,#14344);
#14342 = CARTESIAN_POINT('',(66.9925,-81.359375,-4.5E-02));
#14343 = DIRECTION('',(-0.,-0.,-1.));
#14344 = DIRECTION('',(-0.,-1.,0.));
#14345 = ADVANCED_FACE('',(#14346),#14357,.F.);
#14346 = FACE_BOUND('',#14347,.T.);
#14347 = EDGE_LOOP('',(#14348,#14349,#14355,#14356));
#14348 = ORIENTED_EDGE('',*,*,#5334,.T.);
#14349 = ORIENTED_EDGE('',*,*,#14350,.T.);
#14350 = EDGE_CURVE('',#5335,#9752,#14351,.T.);
#14351 = LINE('',#14352,#14353);
#14352 = CARTESIAN_POINT('',(118.90375,-107.014375,-4.5E-02));
#14353 = VECTOR('',#14354,1.);
#14354 = DIRECTION('',(0.,0.,1.));
#14355 = ORIENTED_EDGE('',*,*,#9751,.F.);
#14356 = ORIENTED_EDGE('',*,*,#14350,.F.);
#14357 = CYLINDRICAL_SURFACE('',#14358,1.525);
#14358 = AXIS2_PLACEMENT_3D('',#14359,#14360,#14361);
#14359 = CARTESIAN_POINT('',(118.90375,-105.489375,-4.5E-02));
#14360 = DIRECTION('',(-0.,-0.,-1.));
#14361 = DIRECTION('',(-0.,-1.,0.));
#14362 = ADVANCED_FACE('',(#14363),#14374,.F.);
#14363 = FACE_BOUND('',#14364,.T.);
#14364 = EDGE_LOOP('',(#14365,#14366,#14372,#14373));
#14365 = ORIENTED_EDGE('',*,*,#5345,.T.);
#14366 = ORIENTED_EDGE('',*,*,#14367,.T.);
#14367 = EDGE_CURVE('',#5346,#9763,#14368,.T.);
#14368 = LINE('',#14369,#14370);
#14369 = CARTESIAN_POINT('',(116.36375,-101.284375,-4.5E-02));
#14370 = VECTOR('',#14371,1.);
#14371 = DIRECTION('',(0.,0.,1.));
#14372 = ORIENTED_EDGE('',*,*,#9762,.F.);
#14373 = ORIENTED_EDGE('',*,*,#14367,.F.);
#14374 = CYLINDRICAL_SURFACE('',#14375,0.875);
#14375 = AXIS2_PLACEMENT_3D('',#14376,#14377,#14378);
#14376 = CARTESIAN_POINT('',(116.36375,-100.409375,-4.5E-02));
#14377 = DIRECTION('',(-0.,-0.,-1.));
#14378 = DIRECTION('',(-0.,-1.,0.));
#14379 = ADVANCED_FACE('',(#14380),#14391,.F.);
#14380 = FACE_BOUND('',#14381,.T.);
#14381 = EDGE_LOOP('',(#14382,#14383,#14389,#14390));
#14382 = ORIENTED_EDGE('',*,*,#5356,.T.);
#14383 = ORIENTED_EDGE('',*,*,#14384,.T.);
#14384 = EDGE_CURVE('',#5357,#9774,#14385,.T.);
#14385 = LINE('',#14386,#14387);
#14386 = CARTESIAN_POINT('',(121.44375,-102.409375,-4.5E-02));
#14387 = VECTOR('',#14388,1.);
#14388 = DIRECTION('',(0.,0.,1.));
#14389 = ORIENTED_EDGE('',*,*,#9773,.F.);
#14390 = ORIENTED_EDGE('',*,*,#14384,.F.);
#14391 = CYLINDRICAL_SURFACE('',#14392,2.);
#14392 = AXIS2_PLACEMENT_3D('',#14393,#14394,#14395);
#14393 = CARTESIAN_POINT('',(121.44375,-100.409375,-4.5E-02));
#14394 = DIRECTION('',(-0.,-0.,-1.));
#14395 = DIRECTION('',(-0.,-1.,0.));
#14396 = ADVANCED_FACE('',(#14397),#14408,.F.);
#14397 = FACE_BOUND('',#14398,.T.);
#14398 = EDGE_LOOP('',(#14399,#14400,#14406,#14407));
#14399 = ORIENTED_EDGE('',*,*,#5367,.T.);
#14400 = ORIENTED_EDGE('',*,*,#14401,.T.);
#14401 = EDGE_CURVE('',#5368,#9785,#14402,.T.);
#14402 = LINE('',#14403,#14404);
#14403 = CARTESIAN_POINT('',(125.25375,-104.474375,-4.5E-02));
#14404 = VECTOR('',#14405,1.);
#14405 = DIRECTION('',(0.,0.,1.));
#14406 = ORIENTED_EDGE('',*,*,#9784,.F.);
#14407 = ORIENTED_EDGE('',*,*,#14401,.F.);
#14408 = CYLINDRICAL_SURFACE('',#14409,1.525);
#14409 = AXIS2_PLACEMENT_3D('',#14410,#14411,#14412);
#14410 = CARTESIAN_POINT('',(125.25375,-102.949375,-4.5E-02));
#14411 = DIRECTION('',(-0.,-0.,-1.));
#14412 = DIRECTION('',(-0.,-1.,0.));
#14413 = ADVANCED_FACE('',(#14414),#14425,.F.);
#14414 = FACE_BOUND('',#14415,.T.);
#14415 = EDGE_LOOP('',(#14416,#14417,#14423,#14424));
#14416 = ORIENTED_EDGE('',*,*,#5378,.T.);
#14417 = ORIENTED_EDGE('',*,*,#14418,.T.);
#14418 = EDGE_CURVE('',#5379,#9796,#14419,.T.);
#14419 = LINE('',#14420,#14421);
#14420 = CARTESIAN_POINT('',(126.52375,-101.284375,-4.5E-02));
#14421 = VECTOR('',#14422,1.);
#14422 = DIRECTION('',(0.,0.,1.));
#14423 = ORIENTED_EDGE('',*,*,#9795,.F.);
#14424 = ORIENTED_EDGE('',*,*,#14418,.F.);
#14425 = CYLINDRICAL_SURFACE('',#14426,0.875);
#14426 = AXIS2_PLACEMENT_3D('',#14427,#14428,#14429);
#14427 = CARTESIAN_POINT('',(126.52375,-100.409375,-4.5E-02));
#14428 = DIRECTION('',(-0.,-0.,-1.));
#14429 = DIRECTION('',(-0.,-1.,0.));
#14430 = ADVANCED_FACE('',(#14431),#14442,.F.);
#14431 = FACE_BOUND('',#14432,.T.);
#14432 = EDGE_LOOP('',(#14433,#14434,#14440,#14441));
#14433 = ORIENTED_EDGE('',*,*,#5389,.T.);
#14434 = ORIENTED_EDGE('',*,*,#14435,.T.);
#14435 = EDGE_CURVE('',#5390,#9807,#14436,.T.);
#14436 = LINE('',#14437,#14438);
#14437 = CARTESIAN_POINT('',(78.4225,-87.964375,-4.5E-02));
#14438 = VECTOR('',#14439,1.);
#14439 = DIRECTION('',(0.,0.,1.));
#14440 = ORIENTED_EDGE('',*,*,#9806,.F.);
#14441 = ORIENTED_EDGE('',*,*,#14435,.F.);
#14442 = CYLINDRICAL_SURFACE('',#14443,1.525);
#14443 = AXIS2_PLACEMENT_3D('',#14444,#14445,#14446);
#14444 = CARTESIAN_POINT('',(78.4225,-86.439375,-4.5E-02));
#14445 = DIRECTION('',(-0.,-0.,-1.));
#14446 = DIRECTION('',(-0.,-1.,0.));
#14447 = ADVANCED_FACE('',(#14448),#14459,.F.);
#14448 = FACE_BOUND('',#14449,.T.);
#14449 = EDGE_LOOP('',(#14450,#14451,#14457,#14458));
#14450 = ORIENTED_EDGE('',*,*,#5400,.T.);
#14451 = ORIENTED_EDGE('',*,*,#14452,.T.);
#14452 = EDGE_CURVE('',#5401,#9818,#14453,.T.);
#14453 = LINE('',#14454,#14455);
#14454 = CARTESIAN_POINT('',(84.7725,-85.424375,-4.5E-02));
#14455 = VECTOR('',#14456,1.);
#14456 = DIRECTION('',(0.,0.,1.));
#14457 = ORIENTED_EDGE('',*,*,#9817,.F.);
#14458 = ORIENTED_EDGE('',*,*,#14452,.F.);
#14459 = CYLINDRICAL_SURFACE('',#14460,1.525);
#14460 = AXIS2_PLACEMENT_3D('',#14461,#14462,#14463);
#14461 = CARTESIAN_POINT('',(84.7725,-83.899375,-4.5E-02));
#14462 = DIRECTION('',(-0.,-0.,-1.));
#14463 = DIRECTION('',(-9.31859325587E-15,-1.,0.));
#14464 = ADVANCED_FACE('',(#14465),#14476,.F.);
#14465 = FACE_BOUND('',#14466,.T.);
#14466 = EDGE_LOOP('',(#14467,#14468,#14474,#14475));
#14467 = ORIENTED_EDGE('',*,*,#5411,.T.);
#14468 = ORIENTED_EDGE('',*,*,#14469,.T.);
#14469 = EDGE_CURVE('',#5412,#9829,#14470,.T.);
#14470 = LINE('',#14471,#14472);
#14471 = CARTESIAN_POINT('',(75.8825,-82.234375,-4.5E-02));
#14472 = VECTOR('',#14473,1.);
#14473 = DIRECTION('',(0.,0.,1.));
#14474 = ORIENTED_EDGE('',*,*,#9828,.F.);
#14475 = ORIENTED_EDGE('',*,*,#14469,.F.);
#14476 = CYLINDRICAL_SURFACE('',#14477,0.875);
#14477 = AXIS2_PLACEMENT_3D('',#14478,#14479,#14480);
#14478 = CARTESIAN_POINT('',(75.8825,-81.359375,-4.5E-02));
#14479 = DIRECTION('',(-0.,-0.,-1.));
#14480 = DIRECTION('',(-0.,-1.,0.));
#14481 = ADVANCED_FACE('',(#14482),#14493,.F.);
#14482 = FACE_BOUND('',#14483,.T.);
#14483 = EDGE_LOOP('',(#14484,#14485,#14491,#14492));
#14484 = ORIENTED_EDGE('',*,*,#5422,.T.);
#14485 = ORIENTED_EDGE('',*,*,#14486,.T.);
#14486 = EDGE_CURVE('',#5423,#9840,#14487,.T.);
#14487 = LINE('',#14488,#14489);
#14488 = CARTESIAN_POINT('',(80.9625,-83.359375,-4.5E-02));
#14489 = VECTOR('',#14490,1.);
#14490 = DIRECTION('',(0.,0.,1.));
#14491 = ORIENTED_EDGE('',*,*,#9839,.F.);
#14492 = ORIENTED_EDGE('',*,*,#14486,.F.);
#14493 = CYLINDRICAL_SURFACE('',#14494,2.);
#14494 = AXIS2_PLACEMENT_3D('',#14495,#14496,#14497);
#14495 = CARTESIAN_POINT('',(80.9625,-81.359375,-4.5E-02));
#14496 = DIRECTION('',(-0.,-0.,-1.));
#14497 = DIRECTION('',(-0.,-1.,0.));
#14498 = ADVANCED_FACE('',(#14499),#14510,.F.);
#14499 = FACE_BOUND('',#14500,.T.);
#14500 = EDGE_LOOP('',(#14501,#14502,#14508,#14509));
#14501 = ORIENTED_EDGE('',*,*,#5433,.T.);
#14502 = ORIENTED_EDGE('',*,*,#14503,.T.);
#14503 = EDGE_CURVE('',#5434,#9851,#14504,.T.);
#14504 = LINE('',#14505,#14506);
#14505 = CARTESIAN_POINT('',(86.0425,-82.234375,-4.5E-02));
#14506 = VECTOR('',#14507,1.);
#14507 = DIRECTION('',(0.,0.,1.));
#14508 = ORIENTED_EDGE('',*,*,#9850,.F.);
#14509 = ORIENTED_EDGE('',*,*,#14503,.F.);
#14510 = CYLINDRICAL_SURFACE('',#14511,0.875);
#14511 = AXIS2_PLACEMENT_3D('',#14512,#14513,#14514);
#14512 = CARTESIAN_POINT('',(86.0425,-81.359375,-4.5E-02));
#14513 = DIRECTION('',(-0.,-0.,-1.));
#14514 = DIRECTION('',(-0.,-1.,0.));
#14515 = ADVANCED_FACE('',(#14516),#14527,.F.);
#14516 = FACE_BOUND('',#14517,.T.);
#14517 = EDGE_LOOP('',(#14518,#14519,#14525,#14526));
#14518 = ORIENTED_EDGE('',*,*,#5444,.T.);
#14519 = ORIENTED_EDGE('',*,*,#14520,.T.);
#14520 = EDGE_CURVE('',#5445,#9862,#14521,.T.);
#14521 = LINE('',#14522,#14523);
#14522 = CARTESIAN_POINT('',(97.4725,-87.964375,-4.5E-02));
#14523 = VECTOR('',#14524,1.);
#14524 = DIRECTION('',(0.,0.,1.));
#14525 = ORIENTED_EDGE('',*,*,#9861,.F.);
#14526 = ORIENTED_EDGE('',*,*,#14520,.F.);
#14527 = CYLINDRICAL_SURFACE('',#14528,1.525);
#14528 = AXIS2_PLACEMENT_3D('',#14529,#14530,#14531);
#14529 = CARTESIAN_POINT('',(97.4725,-86.439375,-4.5E-02));
#14530 = DIRECTION('',(-0.,-0.,-1.));
#14531 = DIRECTION('',(-0.,-1.,0.));
#14532 = ADVANCED_FACE('',(#14533),#14544,.F.);
#14533 = FACE_BOUND('',#14534,.T.);
#14534 = EDGE_LOOP('',(#14535,#14536,#14542,#14543));
#14535 = ORIENTED_EDGE('',*,*,#5455,.T.);
#14536 = ORIENTED_EDGE('',*,*,#14537,.T.);
#14537 = EDGE_CURVE('',#5456,#9873,#14538,.T.);
#14538 = LINE('',#14539,#14540);
#14539 = CARTESIAN_POINT('',(103.8225,-85.424375,-4.5E-02));
#14540 = VECTOR('',#14541,1.);
#14541 = DIRECTION('',(0.,0.,1.));
#14542 = ORIENTED_EDGE('',*,*,#9872,.F.);
#14543 = ORIENTED_EDGE('',*,*,#14537,.F.);
#14544 = CYLINDRICAL_SURFACE('',#14545,1.525);
#14545 = AXIS2_PLACEMENT_3D('',#14546,#14547,#14548);
#14546 = CARTESIAN_POINT('',(103.8225,-83.899375,-4.5E-02));
#14547 = DIRECTION('',(-0.,0.,-1.));
#14548 = DIRECTION('',(9.31859325587E-15,-1.,-0.));
#14549 = ADVANCED_FACE('',(#14550),#14561,.F.);
#14550 = FACE_BOUND('',#14551,.T.);
#14551 = EDGE_LOOP('',(#14552,#14553,#14559,#14560));
#14552 = ORIENTED_EDGE('',*,*,#5466,.T.);
#14553 = ORIENTED_EDGE('',*,*,#14554,.T.);
#14554 = EDGE_CURVE('',#5467,#9884,#14555,.T.);
#14555 = LINE('',#14556,#14557);
#14556 = CARTESIAN_POINT('',(94.9325,-82.234375,-4.5E-02));
#14557 = VECTOR('',#14558,1.);
#14558 = DIRECTION('',(0.,0.,1.));
#14559 = ORIENTED_EDGE('',*,*,#9883,.F.);
#14560 = ORIENTED_EDGE('',*,*,#14554,.F.);
#14561 = CYLINDRICAL_SURFACE('',#14562,0.875);
#14562 = AXIS2_PLACEMENT_3D('',#14563,#14564,#14565);
#14563 = CARTESIAN_POINT('',(94.9325,-81.359375,-4.5E-02));
#14564 = DIRECTION('',(-0.,-0.,-1.));
#14565 = DIRECTION('',(-0.,-1.,0.));
#14566 = ADVANCED_FACE('',(#14567),#14578,.F.);
#14567 = FACE_BOUND('',#14568,.T.);
#14568 = EDGE_LOOP('',(#14569,#14570,#14576,#14577));
#14569 = ORIENTED_EDGE('',*,*,#5477,.T.);
#14570 = ORIENTED_EDGE('',*,*,#14571,.T.);
#14571 = EDGE_CURVE('',#5478,#9895,#14572,.T.);
#14572 = LINE('',#14573,#14574);
#14573 = CARTESIAN_POINT('',(100.0125,-83.359375,-4.5E-02));
#14574 = VECTOR('',#14575,1.);
#14575 = DIRECTION('',(0.,0.,1.));
#14576 = ORIENTED_EDGE('',*,*,#9894,.F.);
#14577 = ORIENTED_EDGE('',*,*,#14571,.F.);
#14578 = CYLINDRICAL_SURFACE('',#14579,2.);
#14579 = AXIS2_PLACEMENT_3D('',#14580,#14581,#14582);
#14580 = CARTESIAN_POINT('',(100.0125,-81.359375,-4.5E-02));
#14581 = DIRECTION('',(-0.,-0.,-1.));
#14582 = DIRECTION('',(-0.,-1.,0.));
#14583 = ADVANCED_FACE('',(#14584),#14595,.F.);
#14584 = FACE_BOUND('',#14585,.T.);
#14585 = EDGE_LOOP('',(#14586,#14587,#14593,#14594));
#14586 = ORIENTED_EDGE('',*,*,#5488,.T.);
#14587 = ORIENTED_EDGE('',*,*,#14588,.T.);
#14588 = EDGE_CURVE('',#5489,#9906,#14589,.T.);
#14589 = LINE('',#14590,#14591);
#14590 = CARTESIAN_POINT('',(105.0925,-82.234375,-4.5E-02));
#14591 = VECTOR('',#14592,1.);
#14592 = DIRECTION('',(0.,0.,1.));
#14593 = ORIENTED_EDGE('',*,*,#9905,.F.);
#14594 = ORIENTED_EDGE('',*,*,#14588,.F.);
#14595 = CYLINDRICAL_SURFACE('',#14596,0.875);
#14596 = AXIS2_PLACEMENT_3D('',#14597,#14598,#14599);
#14597 = CARTESIAN_POINT('',(105.0925,-81.359375,-4.5E-02));
#14598 = DIRECTION('',(-0.,-0.,-1.));
#14599 = DIRECTION('',(-0.,-1.,0.));
#14600 = ADVANCED_FACE('',(#14601),#14612,.F.);
#14601 = FACE_BOUND('',#14602,.T.);
#14602 = EDGE_LOOP('',(#14603,#14604,#14610,#14611));
#14603 = ORIENTED_EDGE('',*,*,#5499,.T.);
#14604 = ORIENTED_EDGE('',*,*,#14605,.T.);
#14605 = EDGE_CURVE('',#5500,#9917,#14606,.T.);
#14606 = LINE('',#14607,#14608);
#14607 = CARTESIAN_POINT('',(116.5225,-87.964375,-4.5E-02));
#14608 = VECTOR('',#14609,1.);
#14609 = DIRECTION('',(0.,0.,1.));
#14610 = ORIENTED_EDGE('',*,*,#9916,.F.);
#14611 = ORIENTED_EDGE('',*,*,#14605,.F.);
#14612 = CYLINDRICAL_SURFACE('',#14613,1.525);
#14613 = AXIS2_PLACEMENT_3D('',#14614,#14615,#14616);
#14614 = CARTESIAN_POINT('',(116.5225,-86.439375,-4.5E-02));
#14615 = DIRECTION('',(-0.,-0.,-1.));
#14616 = DIRECTION('',(-9.31859325587E-15,-1.,0.));
#14617 = ADVANCED_FACE('',(#14618),#14629,.F.);
#14618 = FACE_BOUND('',#14619,.T.);
#14619 = EDGE_LOOP('',(#14620,#14621,#14627,#14628));
#14620 = ORIENTED_EDGE('',*,*,#5510,.T.);
#14621 = ORIENTED_EDGE('',*,*,#14622,.T.);
#14622 = EDGE_CURVE('',#5511,#9928,#14623,.T.);
#14623 = LINE('',#14624,#14625);
#14624 = CARTESIAN_POINT('',(122.8725,-85.424375,-4.5E-02));
#14625 = VECTOR('',#14626,1.);
#14626 = DIRECTION('',(0.,0.,1.));
#14627 = ORIENTED_EDGE('',*,*,#9927,.F.);
#14628 = ORIENTED_EDGE('',*,*,#14622,.F.);
#14629 = CYLINDRICAL_SURFACE('',#14630,1.525);
#14630 = AXIS2_PLACEMENT_3D('',#14631,#14632,#14633);
#14631 = CARTESIAN_POINT('',(122.8725,-83.899375,-4.5E-02));
#14632 = DIRECTION('',(-0.,-0.,-1.));
#14633 = DIRECTION('',(-0.,-1.,0.));
#14634 = ADVANCED_FACE('',(#14635),#14646,.F.);
#14635 = FACE_BOUND('',#14636,.T.);
#14636 = EDGE_LOOP('',(#14637,#14638,#14644,#14645));
#14637 = ORIENTED_EDGE('',*,*,#5521,.T.);
#14638 = ORIENTED_EDGE('',*,*,#14639,.T.);
#14639 = EDGE_CURVE('',#5522,#9939,#14640,.T.);
#14640 = LINE('',#14641,#14642);
#14641 = CARTESIAN_POINT('',(113.9825,-82.234375,-4.5E-02));
#14642 = VECTOR('',#14643,1.);
#14643 = DIRECTION('',(0.,0.,1.));
#14644 = ORIENTED_EDGE('',*,*,#9938,.F.);
#14645 = ORIENTED_EDGE('',*,*,#14639,.F.);
#14646 = CYLINDRICAL_SURFACE('',#14647,0.875);
#14647 = AXIS2_PLACEMENT_3D('',#14648,#14649,#14650);
#14648 = CARTESIAN_POINT('',(113.9825,-81.359375,-4.5E-02));
#14649 = DIRECTION('',(-0.,-0.,-1.));
#14650 = DIRECTION('',(-0.,-1.,0.));
#14651 = ADVANCED_FACE('',(#14652),#14663,.F.);
#14652 = FACE_BOUND('',#14653,.T.);
#14653 = EDGE_LOOP('',(#14654,#14655,#14661,#14662));
#14654 = ORIENTED_EDGE('',*,*,#5532,.T.);
#14655 = ORIENTED_EDGE('',*,*,#14656,.T.);
#14656 = EDGE_CURVE('',#5533,#9950,#14657,.T.);
#14657 = LINE('',#14658,#14659);
#14658 = CARTESIAN_POINT('',(119.0625,-83.359375,-4.5E-02));
#14659 = VECTOR('',#14660,1.);
#14660 = DIRECTION('',(0.,0.,1.));
#14661 = ORIENTED_EDGE('',*,*,#9949,.F.);
#14662 = ORIENTED_EDGE('',*,*,#14656,.F.);
#14663 = CYLINDRICAL_SURFACE('',#14664,2.);
#14664 = AXIS2_PLACEMENT_3D('',#14665,#14666,#14667);
#14665 = CARTESIAN_POINT('',(119.0625,-81.359375,-4.5E-02));
#14666 = DIRECTION('',(-0.,-0.,-1.));
#14667 = DIRECTION('',(-0.,-1.,0.));
#14668 = ADVANCED_FACE('',(#14669),#14680,.F.);
#14669 = FACE_BOUND('',#14670,.T.);
#14670 = EDGE_LOOP('',(#14671,#14672,#14678,#14679));
#14671 = ORIENTED_EDGE('',*,*,#5543,.T.);
#14672 = ORIENTED_EDGE('',*,*,#14673,.T.);
#14673 = EDGE_CURVE('',#5544,#9961,#14674,.T.);
#14674 = LINE('',#14675,#14676);
#14675 = CARTESIAN_POINT('',(124.1425,-82.234375,-4.5E-02));
#14676 = VECTOR('',#14677,1.);
#14677 = DIRECTION('',(0.,0.,1.));
#14678 = ORIENTED_EDGE('',*,*,#9960,.F.);
#14679 = ORIENTED_EDGE('',*,*,#14673,.F.);
#14680 = CYLINDRICAL_SURFACE('',#14681,0.875);
#14681 = AXIS2_PLACEMENT_3D('',#14682,#14683,#14684);
#14682 = CARTESIAN_POINT('',(124.1425,-81.359375,-4.5E-02));
#14683 = DIRECTION('',(-0.,-0.,-1.));
#14684 = DIRECTION('',(-0.,-1.,0.));
#14685 = ADVANCED_FACE('',(#14686),#14697,.F.);
#14686 = FACE_BOUND('',#14687,.T.);
#14687 = EDGE_LOOP('',(#14688,#14689,#14695,#14696));
#14688 = ORIENTED_EDGE('',*,*,#5554,.T.);
#14689 = ORIENTED_EDGE('',*,*,#14690,.T.);
#14690 = EDGE_CURVE('',#5555,#9972,#14691,.T.);
#14691 = LINE('',#14692,#14693);
#14692 = CARTESIAN_POINT('',(135.5725,-87.964375,-4.5E-02));
#14693 = VECTOR('',#14694,1.);
#14694 = DIRECTION('',(0.,0.,1.));
#14695 = ORIENTED_EDGE('',*,*,#9971,.F.);
#14696 = ORIENTED_EDGE('',*,*,#14690,.F.);
#14697 = CYLINDRICAL_SURFACE('',#14698,1.525);
#14698 = AXIS2_PLACEMENT_3D('',#14699,#14700,#14701);
#14699 = CARTESIAN_POINT('',(135.5725,-86.439375,-4.5E-02));
#14700 = DIRECTION('',(-0.,-0.,-1.));
#14701 = DIRECTION('',(-0.,-1.,0.));
#14702 = ADVANCED_FACE('',(#14703),#14714,.F.);
#14703 = FACE_BOUND('',#14704,.T.);
#14704 = EDGE_LOOP('',(#14705,#14706,#14712,#14713));
#14705 = ORIENTED_EDGE('',*,*,#5565,.T.);
#14706 = ORIENTED_EDGE('',*,*,#14707,.T.);
#14707 = EDGE_CURVE('',#5566,#9983,#14708,.T.);
#14708 = LINE('',#14709,#14710);
#14709 = CARTESIAN_POINT('',(141.9225,-85.424375,-4.5E-02));
#14710 = VECTOR('',#14711,1.);
#14711 = DIRECTION('',(0.,0.,1.));
#14712 = ORIENTED_EDGE('',*,*,#9982,.F.);
#14713 = ORIENTED_EDGE('',*,*,#14707,.F.);
#14714 = CYLINDRICAL_SURFACE('',#14715,1.525);
#14715 = AXIS2_PLACEMENT_3D('',#14716,#14717,#14718);
#14716 = CARTESIAN_POINT('',(141.9225,-83.899375,-4.5E-02));
#14717 = DIRECTION('',(-0.,-0.,-1.));
#14718 = DIRECTION('',(-0.,-1.,0.));
#14719 = ADVANCED_FACE('',(#14720),#14731,.F.);
#14720 = FACE_BOUND('',#14721,.T.);
#14721 = EDGE_LOOP('',(#14722,#14723,#14729,#14730));
#14722 = ORIENTED_EDGE('',*,*,#5576,.T.);
#14723 = ORIENTED_EDGE('',*,*,#14724,.T.);
#14724 = EDGE_CURVE('',#5577,#9994,#14725,.T.);
#14725 = LINE('',#14726,#14727);
#14726 = CARTESIAN_POINT('',(133.0325,-82.234375,-4.5E-02));
#14727 = VECTOR('',#14728,1.);
#14728 = DIRECTION('',(0.,0.,1.));
#14729 = ORIENTED_EDGE('',*,*,#9993,.F.);
#14730 = ORIENTED_EDGE('',*,*,#14724,.F.);
#14731 = CYLINDRICAL_SURFACE('',#14732,0.875);
#14732 = AXIS2_PLACEMENT_3D('',#14733,#14734,#14735);
#14733 = CARTESIAN_POINT('',(133.0325,-81.359375,-4.5E-02));
#14734 = DIRECTION('',(-0.,-0.,-1.));
#14735 = DIRECTION('',(-0.,-1.,0.));
#14736 = ADVANCED_FACE('',(#14737),#14748,.F.);
#14737 = FACE_BOUND('',#14738,.T.);
#14738 = EDGE_LOOP('',(#14739,#14740,#14746,#14747));
#14739 = ORIENTED_EDGE('',*,*,#5587,.T.);
#14740 = ORIENTED_EDGE('',*,*,#14741,.T.);
#14741 = EDGE_CURVE('',#5588,#10005,#14742,.T.);
#14742 = LINE('',#14743,#14744);
#14743 = CARTESIAN_POINT('',(138.1125,-83.359375,-4.5E-02));
#14744 = VECTOR('',#14745,1.);
#14745 = DIRECTION('',(0.,0.,1.));
#14746 = ORIENTED_EDGE('',*,*,#10004,.F.);
#14747 = ORIENTED_EDGE('',*,*,#14741,.F.);
#14748 = CYLINDRICAL_SURFACE('',#14749,2.);
#14749 = AXIS2_PLACEMENT_3D('',#14750,#14751,#14752);
#14750 = CARTESIAN_POINT('',(138.1125,-81.359375,-4.5E-02));
#14751 = DIRECTION('',(-0.,-0.,-1.));
#14752 = DIRECTION('',(-0.,-1.,0.));
#14753 = ADVANCED_FACE('',(#14754),#14765,.F.);
#14754 = FACE_BOUND('',#14755,.T.);
#14755 = EDGE_LOOP('',(#14756,#14757,#14763,#14764));
#14756 = ORIENTED_EDGE('',*,*,#5598,.T.);
#14757 = ORIENTED_EDGE('',*,*,#14758,.T.);
#14758 = EDGE_CURVE('',#5599,#10016,#14759,.T.);
#14759 = LINE('',#14760,#14761);
#14760 = CARTESIAN_POINT('',(4.60375,-68.914375,-4.5E-02));
#14761 = VECTOR('',#14762,1.);
#14762 = DIRECTION('',(0.,0.,1.));
#14763 = ORIENTED_EDGE('',*,*,#10015,.F.);
#14764 = ORIENTED_EDGE('',*,*,#14758,.F.);
#14765 = CYLINDRICAL_SURFACE('',#14766,1.525);
#14766 = AXIS2_PLACEMENT_3D('',#14767,#14768,#14769);
#14767 = CARTESIAN_POINT('',(4.60375,-67.389375,-4.5E-02));
#14768 = DIRECTION('',(-0.,-0.,-1.));
#14769 = DIRECTION('',(-0.,-1.,0.));
#14770 = ADVANCED_FACE('',(#14771),#14782,.F.);
#14771 = FACE_BOUND('',#14772,.T.);
#14772 = EDGE_LOOP('',(#14773,#14774,#14780,#14781));
#14773 = ORIENTED_EDGE('',*,*,#5609,.T.);
#14774 = ORIENTED_EDGE('',*,*,#14775,.T.);
#14775 = EDGE_CURVE('',#5610,#10027,#14776,.T.);
#14776 = LINE('',#14777,#14778);
#14777 = CARTESIAN_POINT('',(30.7975,-68.914375,-4.5E-02));
#14778 = VECTOR('',#14779,1.);
#14779 = DIRECTION('',(0.,0.,1.));
#14780 = ORIENTED_EDGE('',*,*,#10026,.F.);
#14781 = ORIENTED_EDGE('',*,*,#14775,.F.);
#14782 = CYLINDRICAL_SURFACE('',#14783,1.525);
#14783 = AXIS2_PLACEMENT_3D('',#14784,#14785,#14786);
#14784 = CARTESIAN_POINT('',(30.7975,-67.389375,-4.5E-02));
#14785 = DIRECTION('',(-0.,-0.,-1.));
#14786 = DIRECTION('',(-0.,-1.,0.));
#14787 = ADVANCED_FACE('',(#14788),#14799,.F.);
#14788 = FACE_BOUND('',#14789,.T.);
#14789 = EDGE_LOOP('',(#14790,#14791,#14797,#14798));
#14790 = ORIENTED_EDGE('',*,*,#5620,.T.);
#14791 = ORIENTED_EDGE('',*,*,#14792,.T.);
#14792 = EDGE_CURVE('',#5621,#10038,#14793,.T.);
#14793 = LINE('',#14794,#14795);
#14794 = CARTESIAN_POINT('',(49.8475,-68.914375,-4.5E-02));
#14795 = VECTOR('',#14796,1.);
#14796 = DIRECTION('',(0.,0.,1.));
#14797 = ORIENTED_EDGE('',*,*,#10037,.F.);
#14798 = ORIENTED_EDGE('',*,*,#14792,.F.);
#14799 = CYLINDRICAL_SURFACE('',#14800,1.525);
#14800 = AXIS2_PLACEMENT_3D('',#14801,#14802,#14803);
#14801 = CARTESIAN_POINT('',(49.8475,-67.389375,-4.5E-02));
#14802 = DIRECTION('',(-0.,-0.,-1.));
#14803 = DIRECTION('',(-0.,-1.,0.));
#14804 = ADVANCED_FACE('',(#14805),#14816,.F.);
#14805 = FACE_BOUND('',#14806,.T.);
#14806 = EDGE_LOOP('',(#14807,#14808,#14814,#14815));
#14807 = ORIENTED_EDGE('',*,*,#5631,.T.);
#14808 = ORIENTED_EDGE('',*,*,#14809,.T.);
#14809 = EDGE_CURVE('',#5632,#10049,#14810,.T.);
#14810 = LINE('',#14811,#14812);
#14811 = CARTESIAN_POINT('',(10.95375,-66.374375,-4.5E-02));
#14812 = VECTOR('',#14813,1.);
#14813 = DIRECTION('',(0.,0.,1.));
#14814 = ORIENTED_EDGE('',*,*,#10048,.F.);
#14815 = ORIENTED_EDGE('',*,*,#14809,.F.);
#14816 = CYLINDRICAL_SURFACE('',#14817,1.525);
#14817 = AXIS2_PLACEMENT_3D('',#14818,#14819,#14820);
#14818 = CARTESIAN_POINT('',(10.95375,-64.849375,-4.5E-02));
#14819 = DIRECTION('',(-0.,-0.,-1.));
#14820 = DIRECTION('',(-0.,-1.,0.));
#14821 = ADVANCED_FACE('',(#14822),#14833,.F.);
#14822 = FACE_BOUND('',#14823,.T.);
#14823 = EDGE_LOOP('',(#14824,#14825,#14831,#14832));
#14824 = ORIENTED_EDGE('',*,*,#5642,.T.);
#14825 = ORIENTED_EDGE('',*,*,#14826,.T.);
#14826 = EDGE_CURVE('',#5643,#10060,#14827,.T.);
#14827 = LINE('',#14828,#14829);
#14828 = CARTESIAN_POINT('',(2.06375,-63.184375,-4.5E-02));
#14829 = VECTOR('',#14830,1.);
#14830 = DIRECTION('',(0.,0.,1.));
#14831 = ORIENTED_EDGE('',*,*,#10059,.F.);
#14832 = ORIENTED_EDGE('',*,*,#14826,.F.);
#14833 = CYLINDRICAL_SURFACE('',#14834,0.875);
#14834 = AXIS2_PLACEMENT_3D('',#14835,#14836,#14837);
#14835 = CARTESIAN_POINT('',(2.06375,-62.309375,-4.5E-02));
#14836 = DIRECTION('',(-0.,-0.,-1.));
#14837 = DIRECTION('',(-0.,-1.,0.));
#14838 = ADVANCED_FACE('',(#14839),#14850,.F.);
#14839 = FACE_BOUND('',#14840,.T.);
#14840 = EDGE_LOOP('',(#14841,#14842,#14848,#14849));
#14841 = ORIENTED_EDGE('',*,*,#5653,.T.);
#14842 = ORIENTED_EDGE('',*,*,#14843,.T.);
#14843 = EDGE_CURVE('',#5654,#10071,#14844,.T.);
#14844 = LINE('',#14845,#14846);
#14845 = CARTESIAN_POINT('',(7.14375,-64.309375,-4.5E-02));
#14846 = VECTOR('',#14847,1.);
#14847 = DIRECTION('',(0.,0.,1.));
#14848 = ORIENTED_EDGE('',*,*,#10070,.F.);
#14849 = ORIENTED_EDGE('',*,*,#14843,.F.);
#14850 = CYLINDRICAL_SURFACE('',#14851,2.);
#14851 = AXIS2_PLACEMENT_3D('',#14852,#14853,#14854);
#14852 = CARTESIAN_POINT('',(7.14375,-62.309375,-4.5E-02));
#14853 = DIRECTION('',(-0.,-0.,-1.));
#14854 = DIRECTION('',(-4.440892098501E-16,-1.,0.));
#14855 = ADVANCED_FACE('',(#14856),#14867,.F.);
#14856 = FACE_BOUND('',#14857,.T.);
#14857 = EDGE_LOOP('',(#14858,#14859,#14865,#14866));
#14858 = ORIENTED_EDGE('',*,*,#5664,.T.);
#14859 = ORIENTED_EDGE('',*,*,#14860,.T.);
#14860 = EDGE_CURVE('',#5665,#10082,#14861,.T.);
#14861 = LINE('',#14862,#14863);
#14862 = CARTESIAN_POINT('',(12.22375,-63.184375,-4.5E-02));
#14863 = VECTOR('',#14864,1.);
#14864 = DIRECTION('',(0.,0.,1.));
#14865 = ORIENTED_EDGE('',*,*,#10081,.F.);
#14866 = ORIENTED_EDGE('',*,*,#14860,.F.);
#14867 = CYLINDRICAL_SURFACE('',#14868,0.875);
#14868 = AXIS2_PLACEMENT_3D('',#14869,#14870,#14871);
#14869 = CARTESIAN_POINT('',(12.22375,-62.309375,-4.5E-02));
#14870 = DIRECTION('',(-0.,-0.,-1.));
#14871 = DIRECTION('',(-0.,-1.,0.));
#14872 = ADVANCED_FACE('',(#14873),#14884,.F.);
#14873 = FACE_BOUND('',#14874,.T.);
#14874 = EDGE_LOOP('',(#14875,#14876,#14882,#14883));
#14875 = ORIENTED_EDGE('',*,*,#5675,.T.);
#14876 = ORIENTED_EDGE('',*,*,#14877,.T.);
#14877 = EDGE_CURVE('',#5676,#10093,#14878,.T.);
#14878 = LINE('',#14879,#14880);
#14879 = CARTESIAN_POINT('',(28.2575,-63.184375,-4.5E-02));
#14880 = VECTOR('',#14881,1.);
#14881 = DIRECTION('',(0.,0.,1.));
#14882 = ORIENTED_EDGE('',*,*,#10092,.F.);
#14883 = ORIENTED_EDGE('',*,*,#14877,.F.);
#14884 = CYLINDRICAL_SURFACE('',#14885,0.875);
#14885 = AXIS2_PLACEMENT_3D('',#14886,#14887,#14888);
#14886 = CARTESIAN_POINT('',(28.2575,-62.309375,-4.5E-02));
#14887 = DIRECTION('',(-0.,-0.,-1.));
#14888 = DIRECTION('',(-0.,-1.,0.));
#14889 = ADVANCED_FACE('',(#14890),#14901,.F.);
#14890 = FACE_BOUND('',#14891,.T.);
#14891 = EDGE_LOOP('',(#14892,#14893,#14899,#14900));
#14892 = ORIENTED_EDGE('',*,*,#5686,.T.);
#14893 = ORIENTED_EDGE('',*,*,#14894,.T.);
#14894 = EDGE_CURVE('',#5687,#10104,#14895,.T.);
#14895 = LINE('',#14896,#14897);
#14896 = CARTESIAN_POINT('',(37.1475,-66.374375,-4.5E-02));
#14897 = VECTOR('',#14898,1.);
#14898 = DIRECTION('',(0.,0.,1.));
#14899 = ORIENTED_EDGE('',*,*,#10103,.F.);
#14900 = ORIENTED_EDGE('',*,*,#14894,.F.);
#14901 = CYLINDRICAL_SURFACE('',#14902,1.525);
#14902 = AXIS2_PLACEMENT_3D('',#14903,#14904,#14905);
#14903 = CARTESIAN_POINT('',(37.1475,-64.849375,-4.5E-02));
#14904 = DIRECTION('',(-0.,-0.,-1.));
#14905 = DIRECTION('',(-0.,-1.,0.));
#14906 = ADVANCED_FACE('',(#14907),#14918,.F.);
#14907 = FACE_BOUND('',#14908,.T.);
#14908 = EDGE_LOOP('',(#14909,#14910,#14916,#14917));
#14909 = ORIENTED_EDGE('',*,*,#5697,.T.);
#14910 = ORIENTED_EDGE('',*,*,#14911,.T.);
#14911 = EDGE_CURVE('',#5698,#10115,#14912,.T.);
#14912 = LINE('',#14913,#14914);
#14913 = CARTESIAN_POINT('',(33.3375,-64.309375,-4.5E-02));
#14914 = VECTOR('',#14915,1.);
#14915 = DIRECTION('',(0.,0.,1.));
#14916 = ORIENTED_EDGE('',*,*,#10114,.F.);
#14917 = ORIENTED_EDGE('',*,*,#14911,.F.);
#14918 = CYLINDRICAL_SURFACE('',#14919,2.);
#14919 = AXIS2_PLACEMENT_3D('',#14920,#14921,#14922);
#14920 = CARTESIAN_POINT('',(33.3375,-62.309375,-4.5E-02));
#14921 = DIRECTION('',(-0.,-0.,-1.));
#14922 = DIRECTION('',(-0.,-1.,0.));
#14923 = ADVANCED_FACE('',(#14924),#14935,.F.);
#14924 = FACE_BOUND('',#14925,.T.);
#14925 = EDGE_LOOP('',(#14926,#14927,#14933,#14934));
#14926 = ORIENTED_EDGE('',*,*,#5708,.T.);
#14927 = ORIENTED_EDGE('',*,*,#14928,.T.);
#14928 = EDGE_CURVE('',#5709,#10126,#14929,.T.);
#14929 = LINE('',#14930,#14931);
#14930 = CARTESIAN_POINT('',(38.4175,-63.184375,-4.5E-02));
#14931 = VECTOR('',#14932,1.);
#14932 = DIRECTION('',(0.,0.,1.));
#14933 = ORIENTED_EDGE('',*,*,#10125,.F.);
#14934 = ORIENTED_EDGE('',*,*,#14928,.F.);
#14935 = CYLINDRICAL_SURFACE('',#14936,0.875);
#14936 = AXIS2_PLACEMENT_3D('',#14937,#14938,#14939);
#14937 = CARTESIAN_POINT('',(38.4175,-62.309375,-4.5E-02));
#14938 = DIRECTION('',(-0.,-0.,-1.));
#14939 = DIRECTION('',(-0.,-1.,0.));
#14940 = ADVANCED_FACE('',(#14941),#14952,.F.);
#14941 = FACE_BOUND('',#14942,.T.);
#14942 = EDGE_LOOP('',(#14943,#14944,#14950,#14951));
#14943 = ORIENTED_EDGE('',*,*,#5719,.T.);
#14944 = ORIENTED_EDGE('',*,*,#14945,.T.);
#14945 = EDGE_CURVE('',#5720,#10137,#14946,.T.);
#14946 = LINE('',#14947,#14948);
#14947 = CARTESIAN_POINT('',(47.3075,-63.184375,-4.5E-02));
#14948 = VECTOR('',#14949,1.);
#14949 = DIRECTION('',(0.,0.,1.));
#14950 = ORIENTED_EDGE('',*,*,#10136,.F.);
#14951 = ORIENTED_EDGE('',*,*,#14945,.F.);
#14952 = CYLINDRICAL_SURFACE('',#14953,0.875);
#14953 = AXIS2_PLACEMENT_3D('',#14954,#14955,#14956);
#14954 = CARTESIAN_POINT('',(47.3075,-62.309375,-4.5E-02));
#14955 = DIRECTION('',(-0.,-0.,-1.));
#14956 = DIRECTION('',(-0.,-1.,0.));
#14957 = ADVANCED_FACE('',(#14958),#14969,.F.);
#14958 = FACE_BOUND('',#14959,.T.);
#14959 = EDGE_LOOP('',(#14960,#14961,#14967,#14968));
#14960 = ORIENTED_EDGE('',*,*,#5730,.T.);
#14961 = ORIENTED_EDGE('',*,*,#14962,.T.);
#14962 = EDGE_CURVE('',#5731,#10148,#14963,.T.);
#14963 = LINE('',#14964,#14965);
#14964 = CARTESIAN_POINT('',(56.1975,-66.374375,-4.5E-02));
#14965 = VECTOR('',#14966,1.);
#14966 = DIRECTION('',(0.,0.,1.));
#14967 = ORIENTED_EDGE('',*,*,#10147,.F.);
#14968 = ORIENTED_EDGE('',*,*,#14962,.F.);
#14969 = CYLINDRICAL_SURFACE('',#14970,1.525);
#14970 = AXIS2_PLACEMENT_3D('',#14971,#14972,#14973);
#14971 = CARTESIAN_POINT('',(56.1975,-64.849375,-4.5E-02));
#14972 = DIRECTION('',(-0.,-0.,-1.));
#14973 = DIRECTION('',(-0.,-1.,0.));
#14974 = ADVANCED_FACE('',(#14975),#14986,.F.);
#14975 = FACE_BOUND('',#14976,.T.);
#14976 = EDGE_LOOP('',(#14977,#14978,#14984,#14985));
#14977 = ORIENTED_EDGE('',*,*,#5741,.T.);
#14978 = ORIENTED_EDGE('',*,*,#14979,.T.);
#14979 = EDGE_CURVE('',#5742,#10159,#14980,.T.);
#14980 = LINE('',#14981,#14982);
#14981 = CARTESIAN_POINT('',(52.3875,-64.309375,-4.5E-02));
#14982 = VECTOR('',#14983,1.);
#14983 = DIRECTION('',(0.,0.,1.));
#14984 = ORIENTED_EDGE('',*,*,#10158,.F.);
#14985 = ORIENTED_EDGE('',*,*,#14979,.F.);
#14986 = CYLINDRICAL_SURFACE('',#14987,2.);
#14987 = AXIS2_PLACEMENT_3D('',#14988,#14989,#14990);
#14988 = CARTESIAN_POINT('',(52.3875,-62.309375,-4.5E-02));
#14989 = DIRECTION('',(-0.,-0.,-1.));
#14990 = DIRECTION('',(-0.,-1.,0.));
#14991 = ADVANCED_FACE('',(#14992),#15003,.F.);
#14992 = FACE_BOUND('',#14993,.T.);
#14993 = EDGE_LOOP('',(#14994,#14995,#15001,#15002));
#14994 = ORIENTED_EDGE('',*,*,#5752,.T.);
#14995 = ORIENTED_EDGE('',*,*,#14996,.T.);
#14996 = EDGE_CURVE('',#5753,#10170,#14997,.T.);
#14997 = LINE('',#14998,#14999);
#14998 = CARTESIAN_POINT('',(57.4675,-63.184375,-4.5E-02));
#14999 = VECTOR('',#15000,1.);
#15000 = DIRECTION('',(0.,0.,1.));
#15001 = ORIENTED_EDGE('',*,*,#10169,.F.);
#15002 = ORIENTED_EDGE('',*,*,#14996,.F.);
#15003 = CYLINDRICAL_SURFACE('',#15004,0.875);
#15004 = AXIS2_PLACEMENT_3D('',#15005,#15006,#15007);
#15005 = CARTESIAN_POINT('',(57.4675,-62.309375,-4.5E-02));
#15006 = DIRECTION('',(-0.,-0.,-1.));
#15007 = DIRECTION('',(-0.,-1.,0.));
#15008 = ADVANCED_FACE('',(#15009),#15020,.F.);
#15009 = FACE_BOUND('',#15010,.T.);
#15010 = EDGE_LOOP('',(#15011,#15012,#15018,#15019));
#15011 = ORIENTED_EDGE('',*,*,#5763,.T.);
#15012 = ORIENTED_EDGE('',*,*,#15013,.T.);
#15013 = EDGE_CURVE('',#5764,#10181,#15014,.T.);
#15014 = LINE('',#15015,#15016);
#15015 = CARTESIAN_POINT('',(66.3575,-63.184375,-4.5E-02));
#15016 = VECTOR('',#15017,1.);
#15017 = DIRECTION('',(0.,0.,1.));
#15018 = ORIENTED_EDGE('',*,*,#10180,.F.);
#15019 = ORIENTED_EDGE('',*,*,#15013,.F.);
#15020 = CYLINDRICAL_SURFACE('',#15021,0.875);
#15021 = AXIS2_PLACEMENT_3D('',#15022,#15023,#15024);
#15022 = CARTESIAN_POINT('',(66.3575,-62.309375,-4.5E-02));
#15023 = DIRECTION('',(-0.,-0.,-1.));
#15024 = DIRECTION('',(-0.,-1.,0.));
#15025 = ADVANCED_FACE('',(#15026),#15037,.F.);
#15026 = FACE_BOUND('',#15027,.T.);
#15027 = EDGE_LOOP('',(#15028,#15029,#15035,#15036));
#15028 = ORIENTED_EDGE('',*,*,#5774,.T.);
#15029 = ORIENTED_EDGE('',*,*,#15030,.T.);
#15030 = EDGE_CURVE('',#5775,#10192,#15031,.T.);
#15031 = LINE('',#15032,#15033);
#15032 = CARTESIAN_POINT('',(68.8975,-68.914375,-4.5E-02));
#15033 = VECTOR('',#15034,1.);
#15034 = DIRECTION('',(0.,0.,1.));
#15035 = ORIENTED_EDGE('',*,*,#10191,.F.);
#15036 = ORIENTED_EDGE('',*,*,#15030,.F.);
#15037 = CYLINDRICAL_SURFACE('',#15038,1.525);
#15038 = AXIS2_PLACEMENT_3D('',#15039,#15040,#15041);
#15039 = CARTESIAN_POINT('',(68.8975,-67.389375,-4.5E-02));
#15040 = DIRECTION('',(-0.,-0.,-1.));
#15041 = DIRECTION('',(-9.31859325587E-15,-1.,0.));
#15042 = ADVANCED_FACE('',(#15043),#15054,.F.);
#15043 = FACE_BOUND('',#15044,.T.);
#15044 = EDGE_LOOP('',(#15045,#15046,#15052,#15053));
#15045 = ORIENTED_EDGE('',*,*,#5785,.T.);
#15046 = ORIENTED_EDGE('',*,*,#15047,.T.);
#15047 = EDGE_CURVE('',#5786,#10203,#15048,.T.);
#15048 = LINE('',#15049,#15050);
#15049 = CARTESIAN_POINT('',(87.9475,-68.914375,-4.5E-02));
#15050 = VECTOR('',#15051,1.);
#15051 = DIRECTION('',(0.,0.,1.));
#15052 = ORIENTED_EDGE('',*,*,#10202,.F.);
#15053 = ORIENTED_EDGE('',*,*,#15047,.F.);
#15054 = CYLINDRICAL_SURFACE('',#15055,1.525);
#15055 = AXIS2_PLACEMENT_3D('',#15056,#15057,#15058);
#15056 = CARTESIAN_POINT('',(87.9475,-67.389375,-4.5E-02));
#15057 = DIRECTION('',(-0.,0.,-1.));
#15058 = DIRECTION('',(9.31859325587E-15,-1.,-0.));
#15059 = ADVANCED_FACE('',(#15060),#15071,.F.);
#15060 = FACE_BOUND('',#15061,.T.);
#15061 = EDGE_LOOP('',(#15062,#15063,#15069,#15070));
#15062 = ORIENTED_EDGE('',*,*,#5796,.T.);
#15063 = ORIENTED_EDGE('',*,*,#15064,.T.);
#15064 = EDGE_CURVE('',#5797,#10214,#15065,.T.);
#15065 = LINE('',#15066,#15067);
#15066 = CARTESIAN_POINT('',(106.9975,-68.914375,-4.5E-02));
#15067 = VECTOR('',#15068,1.);
#15068 = DIRECTION('',(0.,0.,1.));
#15069 = ORIENTED_EDGE('',*,*,#10213,.F.);
#15070 = ORIENTED_EDGE('',*,*,#15064,.F.);
#15071 = CYLINDRICAL_SURFACE('',#15072,1.525);
#15072 = AXIS2_PLACEMENT_3D('',#15073,#15074,#15075);
#15073 = CARTESIAN_POINT('',(106.9975,-67.389375,-4.5E-02));
#15074 = DIRECTION('',(-0.,-0.,-1.));
#15075 = DIRECTION('',(-0.,-1.,0.));
#15076 = ADVANCED_FACE('',(#15077),#15088,.F.);
#15077 = FACE_BOUND('',#15078,.T.);
#15078 = EDGE_LOOP('',(#15079,#15080,#15086,#15087));
#15079 = ORIENTED_EDGE('',*,*,#5807,.T.);
#15080 = ORIENTED_EDGE('',*,*,#15081,.T.);
#15081 = EDGE_CURVE('',#5808,#10225,#15082,.T.);
#15082 = LINE('',#15083,#15084);
#15083 = CARTESIAN_POINT('',(126.0475,-68.914375,-4.5E-02));
#15084 = VECTOR('',#15085,1.);
#15085 = DIRECTION('',(0.,0.,1.));
#15086 = ORIENTED_EDGE('',*,*,#10224,.F.);
#15087 = ORIENTED_EDGE('',*,*,#15081,.F.);
#15088 = CYLINDRICAL_SURFACE('',#15089,1.525);
#15089 = AXIS2_PLACEMENT_3D('',#15090,#15091,#15092);
#15090 = CARTESIAN_POINT('',(126.0475,-67.389375,-4.5E-02));
#15091 = DIRECTION('',(-0.,-0.,-1.));
#15092 = DIRECTION('',(-0.,-1.,0.));
#15093 = ADVANCED_FACE('',(#15094),#15105,.F.);
#15094 = FACE_BOUND('',#15095,.T.);
#15095 = EDGE_LOOP('',(#15096,#15097,#15103,#15104));
#15096 = ORIENTED_EDGE('',*,*,#5818,.T.);
#15097 = ORIENTED_EDGE('',*,*,#15098,.T.);
#15098 = EDGE_CURVE('',#5819,#10236,#15099,.T.);
#15099 = LINE('',#15100,#15101);
#15100 = CARTESIAN_POINT('',(75.2475,-66.374375,-4.5E-02));
#15101 = VECTOR('',#15102,1.);
#15102 = DIRECTION('',(0.,0.,1.));
#15103 = ORIENTED_EDGE('',*,*,#10235,.F.);
#15104 = ORIENTED_EDGE('',*,*,#15098,.F.);
#15105 = CYLINDRICAL_SURFACE('',#15106,1.525);
#15106 = AXIS2_PLACEMENT_3D('',#15107,#15108,#15109);
#15107 = CARTESIAN_POINT('',(75.2475,-64.849375,-4.5E-02));
#15108 = DIRECTION('',(-0.,-0.,-1.));
#15109 = DIRECTION('',(-0.,-1.,0.));
#15110 = ADVANCED_FACE('',(#15111),#15122,.F.);
#15111 = FACE_BOUND('',#15112,.T.);
#15112 = EDGE_LOOP('',(#15113,#15114,#15120,#15121));
#15113 = ORIENTED_EDGE('',*,*,#5829,.T.);
#15114 = ORIENTED_EDGE('',*,*,#15115,.T.);
#15115 = EDGE_CURVE('',#5830,#10247,#15116,.T.);
#15116 = LINE('',#15117,#15118);
#15117 = CARTESIAN_POINT('',(71.4375,-64.309375,-4.5E-02));
#15118 = VECTOR('',#15119,1.);
#15119 = DIRECTION('',(0.,0.,1.));
#15120 = ORIENTED_EDGE('',*,*,#10246,.F.);
#15121 = ORIENTED_EDGE('',*,*,#15115,.F.);
#15122 = CYLINDRICAL_SURFACE('',#15123,2.);
#15123 = AXIS2_PLACEMENT_3D('',#15124,#15125,#15126);
#15124 = CARTESIAN_POINT('',(71.4375,-62.309375,-4.5E-02));
#15125 = DIRECTION('',(-0.,-0.,-1.));
#15126 = DIRECTION('',(-0.,-1.,0.));
#15127 = ADVANCED_FACE('',(#15128),#15139,.F.);
#15128 = FACE_BOUND('',#15129,.T.);
#15129 = EDGE_LOOP('',(#15130,#15131,#15137,#15138));
#15130 = ORIENTED_EDGE('',*,*,#5840,.T.);
#15131 = ORIENTED_EDGE('',*,*,#15132,.T.);
#15132 = EDGE_CURVE('',#5841,#10258,#15133,.T.);
#15133 = LINE('',#15134,#15135);
#15134 = CARTESIAN_POINT('',(76.5175,-63.184375,-4.5E-02));
#15135 = VECTOR('',#15136,1.);
#15136 = DIRECTION('',(0.,0.,1.));
#15137 = ORIENTED_EDGE('',*,*,#10257,.F.);
#15138 = ORIENTED_EDGE('',*,*,#15132,.F.);
#15139 = CYLINDRICAL_SURFACE('',#15140,0.875);
#15140 = AXIS2_PLACEMENT_3D('',#15141,#15142,#15143);
#15141 = CARTESIAN_POINT('',(76.5175,-62.309375,-4.5E-02));
#15142 = DIRECTION('',(-0.,-0.,-1.));
#15143 = DIRECTION('',(-0.,-1.,0.));
#15144 = ADVANCED_FACE('',(#15145),#15156,.F.);
#15145 = FACE_BOUND('',#15146,.T.);
#15146 = EDGE_LOOP('',(#15147,#15148,#15154,#15155));
#15147 = ORIENTED_EDGE('',*,*,#5851,.T.);
#15148 = ORIENTED_EDGE('',*,*,#15149,.T.);
#15149 = EDGE_CURVE('',#5852,#10269,#15150,.T.);
#15150 = LINE('',#15151,#15152);
#15151 = CARTESIAN_POINT('',(85.4075,-63.184375,-4.5E-02));
#15152 = VECTOR('',#15153,1.);
#15153 = DIRECTION('',(0.,0.,1.));
#15154 = ORIENTED_EDGE('',*,*,#10268,.F.);
#15155 = ORIENTED_EDGE('',*,*,#15149,.F.);
#15156 = CYLINDRICAL_SURFACE('',#15157,0.875);
#15157 = AXIS2_PLACEMENT_3D('',#15158,#15159,#15160);
#15158 = CARTESIAN_POINT('',(85.4075,-62.309375,-4.5E-02));
#15159 = DIRECTION('',(-0.,-0.,-1.));
#15160 = DIRECTION('',(-0.,-1.,0.));
#15161 = ADVANCED_FACE('',(#15162),#15173,.F.);
#15162 = FACE_BOUND('',#15163,.T.);
#15163 = EDGE_LOOP('',(#15164,#15165,#15171,#15172));
#15164 = ORIENTED_EDGE('',*,*,#5862,.T.);
#15165 = ORIENTED_EDGE('',*,*,#15166,.T.);
#15166 = EDGE_CURVE('',#5863,#10280,#15167,.T.);
#15167 = LINE('',#15168,#15169);
#15168 = CARTESIAN_POINT('',(94.2975,-66.374375,-4.5E-02));
#15169 = VECTOR('',#15170,1.);
#15170 = DIRECTION('',(0.,0.,1.));
#15171 = ORIENTED_EDGE('',*,*,#10279,.F.);
#15172 = ORIENTED_EDGE('',*,*,#15166,.F.);
#15173 = CYLINDRICAL_SURFACE('',#15174,1.525);
#15174 = AXIS2_PLACEMENT_3D('',#15175,#15176,#15177);
#15175 = CARTESIAN_POINT('',(94.2975,-64.849375,-4.5E-02));
#15176 = DIRECTION('',(-0.,-0.,-1.));
#15177 = DIRECTION('',(-0.,-1.,0.));
#15178 = ADVANCED_FACE('',(#15179),#15190,.F.);
#15179 = FACE_BOUND('',#15180,.T.);
#15180 = EDGE_LOOP('',(#15181,#15182,#15188,#15189));
#15181 = ORIENTED_EDGE('',*,*,#5873,.T.);
#15182 = ORIENTED_EDGE('',*,*,#15183,.T.);
#15183 = EDGE_CURVE('',#5874,#10291,#15184,.T.);
#15184 = LINE('',#15185,#15186);
#15185 = CARTESIAN_POINT('',(90.4875,-64.309375,-4.5E-02));
#15186 = VECTOR('',#15187,1.);
#15187 = DIRECTION('',(0.,0.,1.));
#15188 = ORIENTED_EDGE('',*,*,#10290,.F.);
#15189 = ORIENTED_EDGE('',*,*,#15183,.F.);
#15190 = CYLINDRICAL_SURFACE('',#15191,2.);
#15191 = AXIS2_PLACEMENT_3D('',#15192,#15193,#15194);
#15192 = CARTESIAN_POINT('',(90.4875,-62.309375,-4.5E-02));
#15193 = DIRECTION('',(-0.,-0.,-1.));
#15194 = DIRECTION('',(-0.,-1.,0.));
#15195 = ADVANCED_FACE('',(#15196),#15207,.F.);
#15196 = FACE_BOUND('',#15197,.T.);
#15197 = EDGE_LOOP('',(#15198,#15199,#15205,#15206));
#15198 = ORIENTED_EDGE('',*,*,#5884,.T.);
#15199 = ORIENTED_EDGE('',*,*,#15200,.T.);
#15200 = EDGE_CURVE('',#5885,#10302,#15201,.T.);
#15201 = LINE('',#15202,#15203);
#15202 = CARTESIAN_POINT('',(95.5675,-63.184375,-4.5E-02));
#15203 = VECTOR('',#15204,1.);
#15204 = DIRECTION('',(0.,0.,1.));
#15205 = ORIENTED_EDGE('',*,*,#10301,.F.);
#15206 = ORIENTED_EDGE('',*,*,#15200,.F.);
#15207 = CYLINDRICAL_SURFACE('',#15208,0.875);
#15208 = AXIS2_PLACEMENT_3D('',#15209,#15210,#15211);
#15209 = CARTESIAN_POINT('',(95.5675,-62.309375,-4.5E-02));
#15210 = DIRECTION('',(-0.,-0.,-1.));
#15211 = DIRECTION('',(-0.,-1.,0.));
#15212 = ADVANCED_FACE('',(#15213),#15224,.F.);
#15213 = FACE_BOUND('',#15214,.T.);
#15214 = EDGE_LOOP('',(#15215,#15216,#15222,#15223));
#15215 = ORIENTED_EDGE('',*,*,#5895,.T.);
#15216 = ORIENTED_EDGE('',*,*,#15217,.T.);
#15217 = EDGE_CURVE('',#5896,#10313,#15218,.T.);
#15218 = LINE('',#15219,#15220);
#15219 = CARTESIAN_POINT('',(104.4575,-63.184375,-4.5E-02));
#15220 = VECTOR('',#15221,1.);
#15221 = DIRECTION('',(0.,0.,1.));
#15222 = ORIENTED_EDGE('',*,*,#10312,.F.);
#15223 = ORIENTED_EDGE('',*,*,#15217,.F.);
#15224 = CYLINDRICAL_SURFACE('',#15225,0.875);
#15225 = AXIS2_PLACEMENT_3D('',#15226,#15227,#15228);
#15226 = CARTESIAN_POINT('',(104.4575,-62.309375,-4.5E-02));
#15227 = DIRECTION('',(-0.,-0.,-1.));
#15228 = DIRECTION('',(-0.,-1.,0.));
#15229 = ADVANCED_FACE('',(#15230),#15241,.F.);
#15230 = FACE_BOUND('',#15231,.T.);
#15231 = EDGE_LOOP('',(#15232,#15233,#15239,#15240));
#15232 = ORIENTED_EDGE('',*,*,#5906,.T.);
#15233 = ORIENTED_EDGE('',*,*,#15234,.T.);
#15234 = EDGE_CURVE('',#5907,#10324,#15235,.T.);
#15235 = LINE('',#15236,#15237);
#15236 = CARTESIAN_POINT('',(113.3475,-66.374375,-4.5E-02));
#15237 = VECTOR('',#15238,1.);
#15238 = DIRECTION('',(0.,0.,1.));
#15239 = ORIENTED_EDGE('',*,*,#10323,.F.);
#15240 = ORIENTED_EDGE('',*,*,#15234,.F.);
#15241 = CYLINDRICAL_SURFACE('',#15242,1.525);
#15242 = AXIS2_PLACEMENT_3D('',#15243,#15244,#15245);
#15243 = CARTESIAN_POINT('',(113.3475,-64.849375,-4.5E-02));
#15244 = DIRECTION('',(-0.,-0.,-1.));
#15245 = DIRECTION('',(-0.,-1.,0.));
#15246 = ADVANCED_FACE('',(#15247),#15258,.F.);
#15247 = FACE_BOUND('',#15248,.T.);
#15248 = EDGE_LOOP('',(#15249,#15250,#15256,#15257));
#15249 = ORIENTED_EDGE('',*,*,#5917,.T.);
#15250 = ORIENTED_EDGE('',*,*,#15251,.T.);
#15251 = EDGE_CURVE('',#5918,#10335,#15252,.T.);
#15252 = LINE('',#15253,#15254);
#15253 = CARTESIAN_POINT('',(109.5375,-64.309375,-4.5E-02));
#15254 = VECTOR('',#15255,1.);
#15255 = DIRECTION('',(0.,0.,1.));
#15256 = ORIENTED_EDGE('',*,*,#10334,.F.);
#15257 = ORIENTED_EDGE('',*,*,#15251,.F.);
#15258 = CYLINDRICAL_SURFACE('',#15259,2.);
#15259 = AXIS2_PLACEMENT_3D('',#15260,#15261,#15262);
#15260 = CARTESIAN_POINT('',(109.5375,-62.309375,-4.5E-02));
#15261 = DIRECTION('',(-0.,-0.,-1.));
#15262 = DIRECTION('',(-0.,-1.,0.));
#15263 = ADVANCED_FACE('',(#15264),#15275,.F.);
#15264 = FACE_BOUND('',#15265,.T.);
#15265 = EDGE_LOOP('',(#15266,#15267,#15273,#15274));
#15266 = ORIENTED_EDGE('',*,*,#5928,.T.);
#15267 = ORIENTED_EDGE('',*,*,#15268,.T.);
#15268 = EDGE_CURVE('',#5929,#10346,#15269,.T.);
#15269 = LINE('',#15270,#15271);
#15270 = CARTESIAN_POINT('',(114.6175,-63.184375,-4.5E-02));
#15271 = VECTOR('',#15272,1.);
#15272 = DIRECTION('',(0.,0.,1.));
#15273 = ORIENTED_EDGE('',*,*,#10345,.F.);
#15274 = ORIENTED_EDGE('',*,*,#15268,.F.);
#15275 = CYLINDRICAL_SURFACE('',#15276,0.875);
#15276 = AXIS2_PLACEMENT_3D('',#15277,#15278,#15279);
#15277 = CARTESIAN_POINT('',(114.6175,-62.309375,-4.5E-02));
#15278 = DIRECTION('',(-0.,-0.,-1.));
#15279 = DIRECTION('',(-0.,-1.,0.));
#15280 = ADVANCED_FACE('',(#15281),#15292,.F.);
#15281 = FACE_BOUND('',#15282,.T.);
#15282 = EDGE_LOOP('',(#15283,#15284,#15290,#15291));
#15283 = ORIENTED_EDGE('',*,*,#5939,.T.);
#15284 = ORIENTED_EDGE('',*,*,#15285,.T.);
#15285 = EDGE_CURVE('',#5940,#10357,#15286,.T.);
#15286 = LINE('',#15287,#15288);
#15287 = CARTESIAN_POINT('',(123.5075,-63.184375,-4.5E-02));
#15288 = VECTOR('',#15289,1.);
#15289 = DIRECTION('',(0.,0.,1.));
#15290 = ORIENTED_EDGE('',*,*,#10356,.F.);
#15291 = ORIENTED_EDGE('',*,*,#15285,.F.);
#15292 = CYLINDRICAL_SURFACE('',#15293,0.875);
#15293 = AXIS2_PLACEMENT_3D('',#15294,#15295,#15296);
#15294 = CARTESIAN_POINT('',(123.5075,-62.309375,-4.5E-02));
#15295 = DIRECTION('',(-0.,-0.,-1.));
#15296 = DIRECTION('',(-0.,-1.,0.));
#15297 = ADVANCED_FACE('',(#15298),#15309,.F.);
#15298 = FACE_BOUND('',#15299,.T.);
#15299 = EDGE_LOOP('',(#15300,#15301,#15307,#15308));
#15300 = ORIENTED_EDGE('',*,*,#5950,.T.);
#15301 = ORIENTED_EDGE('',*,*,#15302,.T.);
#15302 = EDGE_CURVE('',#5951,#10368,#15303,.T.);
#15303 = LINE('',#15304,#15305);
#15304 = CARTESIAN_POINT('',(132.3975,-66.374375,-4.5E-02));
#15305 = VECTOR('',#15306,1.);
#15306 = DIRECTION('',(0.,0.,1.));
#15307 = ORIENTED_EDGE('',*,*,#10367,.F.);
#15308 = ORIENTED_EDGE('',*,*,#15302,.F.);
#15309 = CYLINDRICAL_SURFACE('',#15310,1.525);
#15310 = AXIS2_PLACEMENT_3D('',#15311,#15312,#15313);
#15311 = CARTESIAN_POINT('',(132.3975,-64.849375,-4.5E-02));
#15312 = DIRECTION('',(-0.,-0.,-1.));
#15313 = DIRECTION('',(-0.,-1.,0.));
#15314 = ADVANCED_FACE('',(#15315),#15326,.F.);
#15315 = FACE_BOUND('',#15316,.T.);
#15316 = EDGE_LOOP('',(#15317,#15318,#15324,#15325));
#15317 = ORIENTED_EDGE('',*,*,#5961,.T.);
#15318 = ORIENTED_EDGE('',*,*,#15319,.T.);
#15319 = EDGE_CURVE('',#5962,#10379,#15320,.T.);
#15320 = LINE('',#15321,#15322);
#15321 = CARTESIAN_POINT('',(128.5875,-64.309375,-4.5E-02));
#15322 = VECTOR('',#15323,1.);
#15323 = DIRECTION('',(0.,0.,1.));
#15324 = ORIENTED_EDGE('',*,*,#10378,.F.);
#15325 = ORIENTED_EDGE('',*,*,#15319,.F.);
#15326 = CYLINDRICAL_SURFACE('',#15327,2.);
#15327 = AXIS2_PLACEMENT_3D('',#15328,#15329,#15330);
#15328 = CARTESIAN_POINT('',(128.5875,-62.309375,-4.5E-02));
#15329 = DIRECTION('',(-0.,-0.,-1.));
#15330 = DIRECTION('',(-0.,-1.,0.));
#15331 = ADVANCED_FACE('',(#15332),#15343,.F.);
#15332 = FACE_BOUND('',#15333,.T.);
#15333 = EDGE_LOOP('',(#15334,#15335,#15341,#15342));
#15334 = ORIENTED_EDGE('',*,*,#5972,.T.);
#15335 = ORIENTED_EDGE('',*,*,#15336,.T.);
#15336 = EDGE_CURVE('',#5973,#10390,#15337,.T.);
#15337 = LINE('',#15338,#15339);
#15338 = CARTESIAN_POINT('',(133.6675,-63.184375,-4.5E-02));
#15339 = VECTOR('',#15340,1.);
#15340 = DIRECTION('',(0.,0.,1.));
#15341 = ORIENTED_EDGE('',*,*,#10389,.F.);
#15342 = ORIENTED_EDGE('',*,*,#15336,.F.);
#15343 = CYLINDRICAL_SURFACE('',#15344,0.875);
#15344 = AXIS2_PLACEMENT_3D('',#15345,#15346,#15347);
#15345 = CARTESIAN_POINT('',(133.6675,-62.309375,-4.5E-02));
#15346 = DIRECTION('',(-0.,-0.,-1.));
#15347 = DIRECTION('',(-0.,-1.,0.));
#15348 = ADVANCED_FACE('',(#15349),#15360,.F.);
#15349 = FACE_BOUND('',#15350,.T.);
#15350 = EDGE_LOOP('',(#15351,#15352,#15358,#15359));
#15351 = ORIENTED_EDGE('',*,*,#5983,.T.);
#15352 = ORIENTED_EDGE('',*,*,#15353,.T.);
#15353 = EDGE_CURVE('',#5984,#10401,#15354,.T.);
#15354 = LINE('',#15355,#15356);
#15355 = CARTESIAN_POINT('',(142.5575,-63.184375,-4.5E-02));
#15356 = VECTOR('',#15357,1.);
#15357 = DIRECTION('',(0.,0.,1.));
#15358 = ORIENTED_EDGE('',*,*,#10400,.F.);
#15359 = ORIENTED_EDGE('',*,*,#15353,.F.);
#15360 = CYLINDRICAL_SURFACE('',#15361,0.875);
#15361 = AXIS2_PLACEMENT_3D('',#15362,#15363,#15364);
#15362 = CARTESIAN_POINT('',(142.5575,-62.309375,-4.5E-02));
#15363 = DIRECTION('',(-0.,-0.,-1.));
#15364 = DIRECTION('',(-0.,-1.,0.));
#15365 = ADVANCED_FACE('',(#15366),#15377,.F.);
#15366 = FACE_BOUND('',#15367,.T.);
#15367 = EDGE_LOOP('',(#15368,#15369,#15375,#15376));
#15368 = ORIENTED_EDGE('',*,*,#5994,.T.);
#15369 = ORIENTED_EDGE('',*,*,#15370,.T.);
#15370 = EDGE_CURVE('',#5995,#10412,#15371,.T.);
#15371 = LINE('',#15372,#15373);
#15372 = CARTESIAN_POINT('',(190.34125,-107.014375,-4.5E-02));
#15373 = VECTOR('',#15374,1.);
#15374 = DIRECTION('',(0.,0.,1.));
#15375 = ORIENTED_EDGE('',*,*,#10411,.F.);
#15376 = ORIENTED_EDGE('',*,*,#15370,.F.);
#15377 = CYLINDRICAL_SURFACE('',#15378,1.525);
#15378 = AXIS2_PLACEMENT_3D('',#15379,#15380,#15381);
#15379 = CARTESIAN_POINT('',(190.34125,-105.489375,-4.5E-02));
#15380 = DIRECTION('',(-0.,-0.,-1.));
#15381 = DIRECTION('',(-0.,-1.,0.));
#15382 = ADVANCED_FACE('',(#15383),#15394,.F.);
#15383 = FACE_BOUND('',#15384,.T.);
#15384 = EDGE_LOOP('',(#15385,#15386,#15392,#15393));
#15385 = ORIENTED_EDGE('',*,*,#6005,.T.);
#15386 = ORIENTED_EDGE('',*,*,#15387,.T.);
#15387 = EDGE_CURVE('',#6006,#10423,#15388,.T.);
#15388 = LINE('',#15389,#15390);
#15389 = CARTESIAN_POINT('',(187.80125,-101.284375,-4.5E-02));
#15390 = VECTOR('',#15391,1.);
#15391 = DIRECTION('',(0.,0.,1.));
#15392 = ORIENTED_EDGE('',*,*,#10422,.F.);
#15393 = ORIENTED_EDGE('',*,*,#15387,.F.);
#15394 = CYLINDRICAL_SURFACE('',#15395,0.875);
#15395 = AXIS2_PLACEMENT_3D('',#15396,#15397,#15398);
#15396 = CARTESIAN_POINT('',(187.80125,-100.409375,-4.5E-02));
#15397 = DIRECTION('',(-0.,-0.,-1.));
#15398 = DIRECTION('',(-0.,-1.,0.));
#15399 = ADVANCED_FACE('',(#15400),#15411,.F.);
#15400 = FACE_BOUND('',#15401,.T.);
#15401 = EDGE_LOOP('',(#15402,#15403,#15409,#15410));
#15402 = ORIENTED_EDGE('',*,*,#6016,.T.);
#15403 = ORIENTED_EDGE('',*,*,#15404,.T.);
#15404 = EDGE_CURVE('',#6017,#10434,#15405,.T.);
#15405 = LINE('',#15406,#15407);
#15406 = CARTESIAN_POINT('',(196.69125,-104.474375,-4.5E-02));
#15407 = VECTOR('',#15408,1.);
#15408 = DIRECTION('',(0.,0.,1.));
#15409 = ORIENTED_EDGE('',*,*,#10433,.F.);
#15410 = ORIENTED_EDGE('',*,*,#15404,.F.);
#15411 = CYLINDRICAL_SURFACE('',#15412,1.525);
#15412 = AXIS2_PLACEMENT_3D('',#15413,#15414,#15415);
#15413 = CARTESIAN_POINT('',(196.69125,-102.949375,-4.5E-02));
#15414 = DIRECTION('',(-0.,-0.,-1.));
#15415 = DIRECTION('',(-0.,-1.,0.));
#15416 = ADVANCED_FACE('',(#15417),#15428,.F.);
#15417 = FACE_BOUND('',#15418,.T.);
#15418 = EDGE_LOOP('',(#15419,#15420,#15426,#15427));
#15419 = ORIENTED_EDGE('',*,*,#6027,.T.);
#15420 = ORIENTED_EDGE('',*,*,#15421,.T.);
#15421 = EDGE_CURVE('',#6028,#10445,#15422,.T.);
#15422 = LINE('',#15423,#15424);
#15423 = CARTESIAN_POINT('',(192.88125,-102.409375,-4.5E-02));
#15424 = VECTOR('',#15425,1.);
#15425 = DIRECTION('',(0.,0.,1.));
#15426 = ORIENTED_EDGE('',*,*,#10444,.F.);
#15427 = ORIENTED_EDGE('',*,*,#15421,.F.);
#15428 = CYLINDRICAL_SURFACE('',#15429,2.);
#15429 = AXIS2_PLACEMENT_3D('',#15430,#15431,#15432);
#15430 = CARTESIAN_POINT('',(192.88125,-100.409375,-4.5E-02));
#15431 = DIRECTION('',(-0.,-0.,-1.));
#15432 = DIRECTION('',(-0.,-1.,0.));
#15433 = ADVANCED_FACE('',(#15434),#15445,.F.);
#15434 = FACE_BOUND('',#15435,.T.);
#15435 = EDGE_LOOP('',(#15436,#15437,#15443,#15444));
#15436 = ORIENTED_EDGE('',*,*,#6038,.T.);
#15437 = ORIENTED_EDGE('',*,*,#15438,.T.);
#15438 = EDGE_CURVE('',#6039,#10456,#15439,.T.);
#15439 = LINE('',#15440,#15441);
#15440 = CARTESIAN_POINT('',(197.96125,-101.284375,-4.5E-02));
#15441 = VECTOR('',#15442,1.);
#15442 = DIRECTION('',(0.,0.,1.));
#15443 = ORIENTED_EDGE('',*,*,#10455,.F.);
#15444 = ORIENTED_EDGE('',*,*,#15438,.F.);
#15445 = CYLINDRICAL_SURFACE('',#15446,0.875);
#15446 = AXIS2_PLACEMENT_3D('',#15447,#15448,#15449);
#15447 = CARTESIAN_POINT('',(197.96125,-100.409375,-4.5E-02));
#15448 = DIRECTION('',(-0.,-0.,-1.));
#15449 = DIRECTION('',(-0.,-1.,0.));
#15450 = ADVANCED_FACE('',(#15451),#15462,.F.);
#15451 = FACE_BOUND('',#15452,.T.);
#15452 = EDGE_LOOP('',(#15453,#15454,#15460,#15461));
#15453 = ORIENTED_EDGE('',*,*,#6049,.T.);
#15454 = ORIENTED_EDGE('',*,*,#15455,.T.);
#15455 = EDGE_CURVE('',#6050,#10467,#15456,.T.);
#15456 = LINE('',#15457,#15458);
#15457 = CARTESIAN_POINT('',(214.15375,-107.014375,-4.5E-02));
#15458 = VECTOR('',#15459,1.);
#15459 = DIRECTION('',(0.,0.,1.));
#15460 = ORIENTED_EDGE('',*,*,#10466,.F.);
#15461 = ORIENTED_EDGE('',*,*,#15455,.F.);
#15462 = CYLINDRICAL_SURFACE('',#15463,1.525);
#15463 = AXIS2_PLACEMENT_3D('',#15464,#15465,#15466);
#15464 = CARTESIAN_POINT('',(214.15375,-105.489375,-4.5E-02));
#15465 = DIRECTION('',(-0.,-0.,-1.));
#15466 = DIRECTION('',(-0.,-1.,0.));
#15467 = ADVANCED_FACE('',(#15468),#15479,.F.);
#15468 = FACE_BOUND('',#15469,.T.);
#15469 = EDGE_LOOP('',(#15470,#15471,#15477,#15478));
#15470 = ORIENTED_EDGE('',*,*,#6060,.T.);
#15471 = ORIENTED_EDGE('',*,*,#15472,.T.);
#15472 = EDGE_CURVE('',#6061,#10478,#15473,.T.);
#15473 = LINE('',#15474,#15475);
#15474 = CARTESIAN_POINT('',(211.61375,-101.284375,-4.5E-02));
#15475 = VECTOR('',#15476,1.);
#15476 = DIRECTION('',(0.,0.,1.));
#15477 = ORIENTED_EDGE('',*,*,#10477,.F.);
#15478 = ORIENTED_EDGE('',*,*,#15472,.F.);
#15479 = CYLINDRICAL_SURFACE('',#15480,0.875);
#15480 = AXIS2_PLACEMENT_3D('',#15481,#15482,#15483);
#15481 = CARTESIAN_POINT('',(211.61375,-100.409375,-4.5E-02));
#15482 = DIRECTION('',(-0.,-0.,-1.));
#15483 = DIRECTION('',(-0.,-1.,0.));
#15484 = ADVANCED_FACE('',(#15485),#15496,.F.);
#15485 = FACE_BOUND('',#15486,.T.);
#15486 = EDGE_LOOP('',(#15487,#15488,#15494,#15495));
#15487 = ORIENTED_EDGE('',*,*,#6071,.T.);
#15488 = ORIENTED_EDGE('',*,*,#15489,.T.);
#15489 = EDGE_CURVE('',#6072,#10489,#15490,.T.);
#15490 = LINE('',#15491,#15492);
#15491 = CARTESIAN_POINT('',(216.69375,-102.409375,-4.5E-02));
#15492 = VECTOR('',#15493,1.);
#15493 = DIRECTION('',(0.,0.,1.));
#15494 = ORIENTED_EDGE('',*,*,#10488,.F.);
#15495 = ORIENTED_EDGE('',*,*,#15489,.F.);
#15496 = CYLINDRICAL_SURFACE('',#15497,2.);
#15497 = AXIS2_PLACEMENT_3D('',#15498,#15499,#15500);
#15498 = CARTESIAN_POINT('',(216.69375,-100.409375,-4.5E-02));
#15499 = DIRECTION('',(-0.,-0.,-1.));
#15500 = DIRECTION('',(-0.,-1.,0.));
#15501 = ADVANCED_FACE('',(#15502),#15513,.F.);
#15502 = FACE_BOUND('',#15503,.T.);
#15503 = EDGE_LOOP('',(#15504,#15505,#15511,#15512));
#15504 = ORIENTED_EDGE('',*,*,#6082,.T.);
#15505 = ORIENTED_EDGE('',*,*,#15506,.T.);
#15506 = EDGE_CURVE('',#6083,#10500,#15507,.T.);
#15507 = LINE('',#15508,#15509);
#15508 = CARTESIAN_POINT('',(154.6225,-87.964375,-4.5E-02));
#15509 = VECTOR('',#15510,1.);
#15510 = DIRECTION('',(0.,0.,1.));
#15511 = ORIENTED_EDGE('',*,*,#10499,.F.);
#15512 = ORIENTED_EDGE('',*,*,#15506,.F.);
#15513 = CYLINDRICAL_SURFACE('',#15514,1.525);
#15514 = AXIS2_PLACEMENT_3D('',#15515,#15516,#15517);
#15515 = CARTESIAN_POINT('',(154.6225,-86.439375,-4.5E-02));
#15516 = DIRECTION('',(-0.,-0.,-1.));
#15517 = DIRECTION('',(-0.,-1.,0.));
#15518 = ADVANCED_FACE('',(#15519),#15530,.F.);
#15519 = FACE_BOUND('',#15520,.T.);
#15520 = EDGE_LOOP('',(#15521,#15522,#15528,#15529));
#15521 = ORIENTED_EDGE('',*,*,#6093,.T.);
#15522 = ORIENTED_EDGE('',*,*,#15523,.T.);
#15523 = EDGE_CURVE('',#6094,#10511,#15524,.T.);
#15524 = LINE('',#15525,#15526);
#15525 = CARTESIAN_POINT('',(160.9725,-85.424375,-4.5E-02));
#15526 = VECTOR('',#15527,1.);
#15527 = DIRECTION('',(0.,0.,1.));
#15528 = ORIENTED_EDGE('',*,*,#10510,.F.);
#15529 = ORIENTED_EDGE('',*,*,#15523,.F.);
#15530 = CYLINDRICAL_SURFACE('',#15531,1.525);
#15531 = AXIS2_PLACEMENT_3D('',#15532,#15533,#15534);
#15532 = CARTESIAN_POINT('',(160.9725,-83.899375,-4.5E-02));
#15533 = DIRECTION('',(-0.,-0.,-1.));
#15534 = DIRECTION('',(-0.,-1.,0.));
#15535 = ADVANCED_FACE('',(#15536),#15547,.F.);
#15536 = FACE_BOUND('',#15537,.T.);
#15537 = EDGE_LOOP('',(#15538,#15539,#15545,#15546));
#15538 = ORIENTED_EDGE('',*,*,#6104,.T.);
#15539 = ORIENTED_EDGE('',*,*,#15540,.T.);
#15540 = EDGE_CURVE('',#6105,#10522,#15541,.T.);
#15541 = LINE('',#15542,#15543);
#15542 = CARTESIAN_POINT('',(143.1925,-82.234375,-4.5E-02));
#15543 = VECTOR('',#15544,1.);
#15544 = DIRECTION('',(0.,0.,1.));
#15545 = ORIENTED_EDGE('',*,*,#10521,.F.);
#15546 = ORIENTED_EDGE('',*,*,#15540,.F.);
#15547 = CYLINDRICAL_SURFACE('',#15548,0.875);
#15548 = AXIS2_PLACEMENT_3D('',#15549,#15550,#15551);
#15549 = CARTESIAN_POINT('',(143.1925,-81.359375,-4.5E-02));
#15550 = DIRECTION('',(-0.,-0.,-1.));
#15551 = DIRECTION('',(-0.,-1.,0.));
#15552 = ADVANCED_FACE('',(#15553),#15564,.F.);
#15553 = FACE_BOUND('',#15554,.T.);
#15554 = EDGE_LOOP('',(#15555,#15556,#15562,#15563));
#15555 = ORIENTED_EDGE('',*,*,#6115,.T.);
#15556 = ORIENTED_EDGE('',*,*,#15557,.T.);
#15557 = EDGE_CURVE('',#6116,#10533,#15558,.T.);
#15558 = LINE('',#15559,#15560);
#15559 = CARTESIAN_POINT('',(152.0825,-82.234375,-4.5E-02));
#15560 = VECTOR('',#15561,1.);
#15561 = DIRECTION('',(0.,0.,1.));
#15562 = ORIENTED_EDGE('',*,*,#10532,.F.);
#15563 = ORIENTED_EDGE('',*,*,#15557,.F.);
#15564 = CYLINDRICAL_SURFACE('',#15565,0.875);
#15565 = AXIS2_PLACEMENT_3D('',#15566,#15567,#15568);
#15566 = CARTESIAN_POINT('',(152.0825,-81.359375,-4.5E-02));
#15567 = DIRECTION('',(-0.,-0.,-1.));
#15568 = DIRECTION('',(-0.,-1.,0.));
#15569 = ADVANCED_FACE('',(#15570),#15581,.F.);
#15570 = FACE_BOUND('',#15571,.T.);
#15571 = EDGE_LOOP('',(#15572,#15573,#15579,#15580));
#15572 = ORIENTED_EDGE('',*,*,#6126,.T.);
#15573 = ORIENTED_EDGE('',*,*,#15574,.T.);
#15574 = EDGE_CURVE('',#6127,#10544,#15575,.T.);
#15575 = LINE('',#15576,#15577);
#15576 = CARTESIAN_POINT('',(157.1625,-83.359375,-4.5E-02));
#15577 = VECTOR('',#15578,1.);
#15578 = DIRECTION('',(0.,0.,1.));
#15579 = ORIENTED_EDGE('',*,*,#10543,.F.);
#15580 = ORIENTED_EDGE('',*,*,#15574,.F.);
#15581 = CYLINDRICAL_SURFACE('',#15582,2.);
#15582 = AXIS2_PLACEMENT_3D('',#15583,#15584,#15585);
#15583 = CARTESIAN_POINT('',(157.1625,-81.359375,-4.5E-02));
#15584 = DIRECTION('',(-0.,-0.,-1.));
#15585 = DIRECTION('',(-0.,-1.,0.));
#15586 = ADVANCED_FACE('',(#15587),#15598,.F.);
#15587 = FACE_BOUND('',#15588,.T.);
#15588 = EDGE_LOOP('',(#15589,#15590,#15596,#15597));
#15589 = ORIENTED_EDGE('',*,*,#6137,.T.);
#15590 = ORIENTED_EDGE('',*,*,#15591,.T.);
#15591 = EDGE_CURVE('',#6138,#10555,#15592,.T.);
#15592 = LINE('',#15593,#15594);
#15593 = CARTESIAN_POINT('',(173.6725,-87.964375,-4.5E-02));
#15594 = VECTOR('',#15595,1.);
#15595 = DIRECTION('',(0.,0.,1.));
#15596 = ORIENTED_EDGE('',*,*,#10554,.F.);
#15597 = ORIENTED_EDGE('',*,*,#15591,.F.);
#15598 = CYLINDRICAL_SURFACE('',#15599,1.525);
#15599 = AXIS2_PLACEMENT_3D('',#15600,#15601,#15602);
#15600 = CARTESIAN_POINT('',(173.6725,-86.439375,-4.5E-02));
#15601 = DIRECTION('',(-0.,-0.,-1.));
#15602 = DIRECTION('',(-0.,-1.,0.));
#15603 = ADVANCED_FACE('',(#15604),#15615,.F.);
#15604 = FACE_BOUND('',#15605,.T.);
#15605 = EDGE_LOOP('',(#15606,#15607,#15613,#15614));
#15606 = ORIENTED_EDGE('',*,*,#6148,.T.);
#15607 = ORIENTED_EDGE('',*,*,#15608,.T.);
#15608 = EDGE_CURVE('',#6149,#10566,#15609,.T.);
#15609 = LINE('',#15610,#15611);
#15610 = CARTESIAN_POINT('',(180.0225,-85.424375,-4.5E-02));
#15611 = VECTOR('',#15612,1.);
#15612 = DIRECTION('',(0.,0.,1.));
#15613 = ORIENTED_EDGE('',*,*,#10565,.F.);
#15614 = ORIENTED_EDGE('',*,*,#15608,.F.);
#15615 = CYLINDRICAL_SURFACE('',#15616,1.525);
#15616 = AXIS2_PLACEMENT_3D('',#15617,#15618,#15619);
#15617 = CARTESIAN_POINT('',(180.0225,-83.899375,-4.5E-02));
#15618 = DIRECTION('',(-0.,-0.,-1.));
#15619 = DIRECTION('',(-0.,-1.,0.));
#15620 = ADVANCED_FACE('',(#15621),#15632,.F.);
#15621 = FACE_BOUND('',#15622,.T.);
#15622 = EDGE_LOOP('',(#15623,#15624,#15630,#15631));
#15623 = ORIENTED_EDGE('',*,*,#6159,.T.);
#15624 = ORIENTED_EDGE('',*,*,#15625,.T.);
#15625 = EDGE_CURVE('',#6160,#10577,#15626,.T.);
#15626 = LINE('',#15627,#15628);
#15627 = CARTESIAN_POINT('',(162.2425,-82.234375,-4.5E-02));
#15628 = VECTOR('',#15629,1.);
#15629 = DIRECTION('',(0.,0.,1.));
#15630 = ORIENTED_EDGE('',*,*,#10576,.F.);
#15631 = ORIENTED_EDGE('',*,*,#15625,.F.);
#15632 = CYLINDRICAL_SURFACE('',#15633,0.875);
#15633 = AXIS2_PLACEMENT_3D('',#15634,#15635,#15636);
#15634 = CARTESIAN_POINT('',(162.2425,-81.359375,-4.5E-02));
#15635 = DIRECTION('',(-0.,-0.,-1.));
#15636 = DIRECTION('',(-0.,-1.,0.));
#15637 = ADVANCED_FACE('',(#15638),#15649,.F.);
#15638 = FACE_BOUND('',#15639,.T.);
#15639 = EDGE_LOOP('',(#15640,#15641,#15647,#15648));
#15640 = ORIENTED_EDGE('',*,*,#6170,.T.);
#15641 = ORIENTED_EDGE('',*,*,#15642,.T.);
#15642 = EDGE_CURVE('',#6171,#10588,#15643,.T.);
#15643 = LINE('',#15644,#15645);
#15644 = CARTESIAN_POINT('',(171.1325,-82.234375,-4.5E-02));
#15645 = VECTOR('',#15646,1.);
#15646 = DIRECTION('',(0.,0.,1.));
#15647 = ORIENTED_EDGE('',*,*,#10587,.F.);
#15648 = ORIENTED_EDGE('',*,*,#15642,.F.);
#15649 = CYLINDRICAL_SURFACE('',#15650,0.875);
#15650 = AXIS2_PLACEMENT_3D('',#15651,#15652,#15653);
#15651 = CARTESIAN_POINT('',(171.1325,-81.359375,-4.5E-02));
#15652 = DIRECTION('',(-0.,-0.,-1.));
#15653 = DIRECTION('',(-0.,-1.,0.));
#15654 = ADVANCED_FACE('',(#15655),#15666,.F.);
#15655 = FACE_BOUND('',#15656,.T.);
#15656 = EDGE_LOOP('',(#15657,#15658,#15664,#15665));
#15657 = ORIENTED_EDGE('',*,*,#6181,.T.);
#15658 = ORIENTED_EDGE('',*,*,#15659,.T.);
#15659 = EDGE_CURVE('',#6182,#10599,#15660,.T.);
#15660 = LINE('',#15661,#15662);
#15661 = CARTESIAN_POINT('',(176.2125,-83.359375,-4.5E-02));
#15662 = VECTOR('',#15663,1.);
#15663 = DIRECTION('',(0.,0.,1.));
#15664 = ORIENTED_EDGE('',*,*,#10598,.F.);
#15665 = ORIENTED_EDGE('',*,*,#15659,.F.);
#15666 = CYLINDRICAL_SURFACE('',#15667,2.);
#15667 = AXIS2_PLACEMENT_3D('',#15668,#15669,#15670);
#15668 = CARTESIAN_POINT('',(176.2125,-81.359375,-4.5E-02));
#15669 = DIRECTION('',(-0.,-0.,-1.));
#15670 = DIRECTION('',(-0.,-1.,0.));
#15671 = ADVANCED_FACE('',(#15672),#15683,.F.);
#15672 = FACE_BOUND('',#15673,.T.);
#15673 = EDGE_LOOP('',(#15674,#15675,#15681,#15682));
#15674 = ORIENTED_EDGE('',*,*,#6192,.T.);
#15675 = ORIENTED_EDGE('',*,*,#15676,.T.);
#15676 = EDGE_CURVE('',#6193,#10610,#15677,.T.);
#15677 = LINE('',#15678,#15679);
#15678 = CARTESIAN_POINT('',(192.7225,-87.964375,-4.5E-02));
#15679 = VECTOR('',#15680,1.);
#15680 = DIRECTION('',(0.,0.,1.));
#15681 = ORIENTED_EDGE('',*,*,#10609,.F.);
#15682 = ORIENTED_EDGE('',*,*,#15676,.F.);
#15683 = CYLINDRICAL_SURFACE('',#15684,1.525);
#15684 = AXIS2_PLACEMENT_3D('',#15685,#15686,#15687);
#15685 = CARTESIAN_POINT('',(192.7225,-86.439375,-4.5E-02));
#15686 = DIRECTION('',(-0.,-0.,-1.));
#15687 = DIRECTION('',(-0.,-1.,0.));
#15688 = ADVANCED_FACE('',(#15689),#15700,.F.);
#15689 = FACE_BOUND('',#15690,.T.);
#15690 = EDGE_LOOP('',(#15691,#15692,#15698,#15699));
#15691 = ORIENTED_EDGE('',*,*,#6203,.T.);
#15692 = ORIENTED_EDGE('',*,*,#15693,.T.);
#15693 = EDGE_CURVE('',#6204,#10621,#15694,.T.);
#15694 = LINE('',#15695,#15696);
#15695 = CARTESIAN_POINT('',(181.2925,-82.234375,-4.5E-02));
#15696 = VECTOR('',#15697,1.);
#15697 = DIRECTION('',(0.,0.,1.));
#15698 = ORIENTED_EDGE('',*,*,#10620,.F.);
#15699 = ORIENTED_EDGE('',*,*,#15693,.F.);
#15700 = CYLINDRICAL_SURFACE('',#15701,0.875);
#15701 = AXIS2_PLACEMENT_3D('',#15702,#15703,#15704);
#15702 = CARTESIAN_POINT('',(181.2925,-81.359375,-4.5E-02));
#15703 = DIRECTION('',(-0.,-0.,-1.));
#15704 = DIRECTION('',(-0.,-1.,0.));
#15705 = ADVANCED_FACE('',(#15706),#15717,.F.);
#15706 = FACE_BOUND('',#15707,.T.);
#15707 = EDGE_LOOP('',(#15708,#15709,#15715,#15716));
#15708 = ORIENTED_EDGE('',*,*,#6214,.T.);
#15709 = ORIENTED_EDGE('',*,*,#15710,.T.);
#15710 = EDGE_CURVE('',#6215,#10632,#15711,.T.);
#15711 = LINE('',#15712,#15713);
#15712 = CARTESIAN_POINT('',(190.1825,-82.234375,-4.5E-02));
#15713 = VECTOR('',#15714,1.);
#15714 = DIRECTION('',(0.,0.,1.));
#15715 = ORIENTED_EDGE('',*,*,#10631,.F.);
#15716 = ORIENTED_EDGE('',*,*,#15710,.F.);
#15717 = CYLINDRICAL_SURFACE('',#15718,0.875);
#15718 = AXIS2_PLACEMENT_3D('',#15719,#15720,#15721);
#15719 = CARTESIAN_POINT('',(190.1825,-81.359375,-4.5E-02));
#15720 = DIRECTION('',(-0.,-0.,-1.));
#15721 = DIRECTION('',(-0.,-1.,0.));
#15722 = ADVANCED_FACE('',(#15723),#15734,.F.);
#15723 = FACE_BOUND('',#15724,.T.);
#15724 = EDGE_LOOP('',(#15725,#15726,#15732,#15733));
#15725 = ORIENTED_EDGE('',*,*,#6225,.T.);
#15726 = ORIENTED_EDGE('',*,*,#15727,.T.);
#15727 = EDGE_CURVE('',#6226,#10643,#15728,.T.);
#15728 = LINE('',#15729,#15730);
#15729 = CARTESIAN_POINT('',(195.2625,-83.359375,-4.5E-02));
#15730 = VECTOR('',#15731,1.);
#15731 = DIRECTION('',(0.,0.,1.));
#15732 = ORIENTED_EDGE('',*,*,#10642,.F.);
#15733 = ORIENTED_EDGE('',*,*,#15727,.F.);
#15734 = CYLINDRICAL_SURFACE('',#15735,2.);
#15735 = AXIS2_PLACEMENT_3D('',#15736,#15737,#15738);
#15736 = CARTESIAN_POINT('',(195.2625,-81.359375,-4.5E-02));
#15737 = DIRECTION('',(-0.,-0.,-1.));
#15738 = DIRECTION('',(-0.,-1.,0.));
#15739 = ADVANCED_FACE('',(#15740),#15751,.F.);
#15740 = FACE_BOUND('',#15741,.T.);
#15741 = EDGE_LOOP('',(#15742,#15743,#15749,#15750));
#15742 = ORIENTED_EDGE('',*,*,#6236,.T.);
#15743 = ORIENTED_EDGE('',*,*,#15744,.T.);
#15744 = EDGE_CURVE('',#6237,#10654,#15745,.T.);
#15745 = LINE('',#15746,#15747);
#15746 = CARTESIAN_POINT('',(199.0725,-85.424375,-4.5E-02));
#15747 = VECTOR('',#15748,1.);
#15748 = DIRECTION('',(0.,0.,1.));
#15749 = ORIENTED_EDGE('',*,*,#10653,.F.);
#15750 = ORIENTED_EDGE('',*,*,#15744,.F.);
#15751 = CYLINDRICAL_SURFACE('',#15752,1.525);
#15752 = AXIS2_PLACEMENT_3D('',#15753,#15754,#15755);
#15753 = CARTESIAN_POINT('',(199.0725,-83.899375,-4.5E-02));
#15754 = DIRECTION('',(-0.,-0.,-1.));
#15755 = DIRECTION('',(-0.,-1.,0.));
#15756 = ADVANCED_FACE('',(#15757),#15768,.F.);
#15757 = FACE_BOUND('',#15758,.T.);
#15758 = EDGE_LOOP('',(#15759,#15760,#15766,#15767));
#15759 = ORIENTED_EDGE('',*,*,#6247,.T.);
#15760 = ORIENTED_EDGE('',*,*,#15761,.T.);
#15761 = EDGE_CURVE('',#6248,#10665,#15762,.T.);
#15762 = LINE('',#15763,#15764);
#15763 = CARTESIAN_POINT('',(211.7725,-87.964375,-4.5E-02));
#15764 = VECTOR('',#15765,1.);
#15765 = DIRECTION('',(0.,0.,1.));
#15766 = ORIENTED_EDGE('',*,*,#10664,.F.);
#15767 = ORIENTED_EDGE('',*,*,#15761,.F.);
#15768 = CYLINDRICAL_SURFACE('',#15769,1.525);
#15769 = AXIS2_PLACEMENT_3D('',#15770,#15771,#15772);
#15770 = CARTESIAN_POINT('',(211.7725,-86.439375,-4.5E-02));
#15771 = DIRECTION('',(-0.,-0.,-1.));
#15772 = DIRECTION('',(-0.,-1.,0.));
#15773 = ADVANCED_FACE('',(#15774),#15785,.F.);
#15774 = FACE_BOUND('',#15775,.T.);
#15775 = EDGE_LOOP('',(#15776,#15777,#15783,#15784));
#15776 = ORIENTED_EDGE('',*,*,#6258,.T.);
#15777 = ORIENTED_EDGE('',*,*,#15778,.T.);
#15778 = EDGE_CURVE('',#6259,#10676,#15779,.T.);
#15779 = LINE('',#15780,#15781);
#15780 = CARTESIAN_POINT('',(200.3425,-82.234375,-4.5E-02));
#15781 = VECTOR('',#15782,1.);
#15782 = DIRECTION('',(0.,0.,1.));
#15783 = ORIENTED_EDGE('',*,*,#10675,.F.);
#15784 = ORIENTED_EDGE('',*,*,#15778,.F.);
#15785 = CYLINDRICAL_SURFACE('',#15786,0.875);
#15786 = AXIS2_PLACEMENT_3D('',#15787,#15788,#15789);
#15787 = CARTESIAN_POINT('',(200.3425,-81.359375,-4.5E-02));
#15788 = DIRECTION('',(-0.,-0.,-1.));
#15789 = DIRECTION('',(-0.,-1.,0.));
#15790 = ADVANCED_FACE('',(#15791),#15802,.F.);
#15791 = FACE_BOUND('',#15792,.T.);
#15792 = EDGE_LOOP('',(#15793,#15794,#15800,#15801));
#15793 = ORIENTED_EDGE('',*,*,#6269,.T.);
#15794 = ORIENTED_EDGE('',*,*,#15795,.T.);
#15795 = EDGE_CURVE('',#6270,#10687,#15796,.T.);
#15796 = LINE('',#15797,#15798);
#15797 = CARTESIAN_POINT('',(209.2325,-82.234375,-4.5E-02));
#15798 = VECTOR('',#15799,1.);
#15799 = DIRECTION('',(0.,0.,1.));
#15800 = ORIENTED_EDGE('',*,*,#10686,.F.);
#15801 = ORIENTED_EDGE('',*,*,#15795,.F.);
#15802 = CYLINDRICAL_SURFACE('',#15803,0.875);
#15803 = AXIS2_PLACEMENT_3D('',#15804,#15805,#15806);
#15804 = CARTESIAN_POINT('',(209.2325,-81.359375,-4.5E-02));
#15805 = DIRECTION('',(-0.,-0.,-1.));
#15806 = DIRECTION('',(-0.,-1.,0.));
#15807 = ADVANCED_FACE('',(#15808),#15819,.F.);
#15808 = FACE_BOUND('',#15809,.T.);
#15809 = EDGE_LOOP('',(#15810,#15811,#15817,#15818));
#15810 = ORIENTED_EDGE('',*,*,#6280,.T.);
#15811 = ORIENTED_EDGE('',*,*,#15812,.T.);
#15812 = EDGE_CURVE('',#6281,#10698,#15813,.T.);
#15813 = LINE('',#15814,#15815);
#15814 = CARTESIAN_POINT('',(214.3125,-83.359375,-4.5E-02));
#15815 = VECTOR('',#15816,1.);
#15816 = DIRECTION('',(0.,0.,1.));
#15817 = ORIENTED_EDGE('',*,*,#10697,.F.);
#15818 = ORIENTED_EDGE('',*,*,#15812,.F.);
#15819 = CYLINDRICAL_SURFACE('',#15820,2.);
#15820 = AXIS2_PLACEMENT_3D('',#15821,#15822,#15823);
#15821 = CARTESIAN_POINT('',(214.3125,-81.359375,-4.5E-02));
#15822 = DIRECTION('',(-0.,-0.,-1.));
#15823 = DIRECTION('',(-0.,-1.,0.));
#15824 = ADVANCED_FACE('',(#15825),#15836,.F.);
#15825 = FACE_BOUND('',#15826,.T.);
#15826 = EDGE_LOOP('',(#15827,#15828,#15834,#15835));
#15827 = ORIENTED_EDGE('',*,*,#6291,.T.);
#15828 = ORIENTED_EDGE('',*,*,#15829,.T.);
#15829 = EDGE_CURVE('',#6292,#10709,#15830,.T.);
#15830 = LINE('',#15831,#15832);
#15831 = CARTESIAN_POINT('',(220.50375,-104.474375,-4.5E-02));
#15832 = VECTOR('',#15833,1.);
#15833 = DIRECTION('',(0.,0.,1.));
#15834 = ORIENTED_EDGE('',*,*,#10708,.F.);
#15835 = ORIENTED_EDGE('',*,*,#15829,.F.);
#15836 = CYLINDRICAL_SURFACE('',#15837,1.525);
#15837 = AXIS2_PLACEMENT_3D('',#15838,#15839,#15840);
#15838 = CARTESIAN_POINT('',(220.50375,-102.949375,-4.5E-02));
#15839 = DIRECTION('',(-0.,-0.,-1.));
#15840 = DIRECTION('',(-0.,-1.,0.));
#15841 = ADVANCED_FACE('',(#15842),#15853,.F.);
#15842 = FACE_BOUND('',#15843,.T.);
#15843 = EDGE_LOOP('',(#15844,#15845,#15851,#15852));
#15844 = ORIENTED_EDGE('',*,*,#6302,.T.);
#15845 = ORIENTED_EDGE('',*,*,#15846,.T.);
#15846 = EDGE_CURVE('',#6303,#10720,#15847,.T.);
#15847 = LINE('',#15848,#15849);
#15848 = CARTESIAN_POINT('',(221.77375,-101.284375,-4.5E-02));
#15849 = VECTOR('',#15850,1.);
#15850 = DIRECTION('',(0.,0.,1.));
#15851 = ORIENTED_EDGE('',*,*,#10719,.F.);
#15852 = ORIENTED_EDGE('',*,*,#15846,.F.);
#15853 = CYLINDRICAL_SURFACE('',#15854,0.875);
#15854 = AXIS2_PLACEMENT_3D('',#15855,#15856,#15857);
#15855 = CARTESIAN_POINT('',(221.77375,-100.409375,-4.5E-02));
#15856 = DIRECTION('',(-0.,-0.,-1.));
#15857 = DIRECTION('',(-0.,-1.,0.));
#15858 = ADVANCED_FACE('',(#15859),#15870,.F.);
#15859 = FACE_BOUND('',#15860,.T.);
#15860 = EDGE_LOOP('',(#15861,#15862,#15868,#15869));
#15861 = ORIENTED_EDGE('',*,*,#6313,.T.);
#15862 = ORIENTED_EDGE('',*,*,#15863,.T.);
#15863 = EDGE_CURVE('',#6314,#10731,#15864,.T.);
#15864 = LINE('',#15865,#15866);
#15865 = CARTESIAN_POINT('',(245.11,-107.014375,-4.5E-02));
#15866 = VECTOR('',#15867,1.);
#15867 = DIRECTION('',(0.,0.,1.));
#15868 = ORIENTED_EDGE('',*,*,#10730,.F.);
#15869 = ORIENTED_EDGE('',*,*,#15863,.F.);
#15870 = CYLINDRICAL_SURFACE('',#15871,1.525);
#15871 = AXIS2_PLACEMENT_3D('',#15872,#15873,#15874);
#15872 = CARTESIAN_POINT('',(245.11,-105.489375,-4.5E-02));
#15873 = DIRECTION('',(-0.,-0.,-1.));
#15874 = DIRECTION('',(-0.,-1.,0.));
#15875 = ADVANCED_FACE('',(#15876),#15887,.F.);
#15876 = FACE_BOUND('',#15877,.T.);
#15877 = EDGE_LOOP('',(#15878,#15879,#15885,#15886));
#15878 = ORIENTED_EDGE('',*,*,#6324,.T.);
#15879 = ORIENTED_EDGE('',*,*,#15880,.T.);
#15880 = EDGE_CURVE('',#6325,#10742,#15881,.T.);
#15881 = LINE('',#15882,#15883);
#15882 = CARTESIAN_POINT('',(242.57,-101.284375,-4.5E-02));
#15883 = VECTOR('',#15884,1.);
#15884 = DIRECTION('',(0.,0.,1.));
#15885 = ORIENTED_EDGE('',*,*,#10741,.F.);
#15886 = ORIENTED_EDGE('',*,*,#15880,.F.);
#15887 = CYLINDRICAL_SURFACE('',#15888,0.875);
#15888 = AXIS2_PLACEMENT_3D('',#15889,#15890,#15891);
#15889 = CARTESIAN_POINT('',(242.57,-100.409375,-4.5E-02));
#15890 = DIRECTION('',(-0.,-0.,-1.));
#15891 = DIRECTION('',(-0.,-1.,0.));
#15892 = ADVANCED_FACE('',(#15893),#15904,.F.);
#15893 = FACE_BOUND('',#15894,.T.);
#15894 = EDGE_LOOP('',(#15895,#15896,#15902,#15903));
#15895 = ORIENTED_EDGE('',*,*,#6335,.T.);
#15896 = ORIENTED_EDGE('',*,*,#15897,.T.);
#15897 = EDGE_CURVE('',#6336,#10753,#15898,.T.);
#15898 = LINE('',#15899,#15900);
#15899 = CARTESIAN_POINT('',(251.46,-104.474375,-4.5E-02));
#15900 = VECTOR('',#15901,1.);
#15901 = DIRECTION('',(0.,0.,1.));
#15902 = ORIENTED_EDGE('',*,*,#10752,.F.);
#15903 = ORIENTED_EDGE('',*,*,#15897,.F.);
#15904 = CYLINDRICAL_SURFACE('',#15905,1.525);
#15905 = AXIS2_PLACEMENT_3D('',#15906,#15907,#15908);
#15906 = CARTESIAN_POINT('',(251.46,-102.949375,-4.5E-02));
#15907 = DIRECTION('',(-0.,-0.,-1.));
#15908 = DIRECTION('',(-0.,-1.,0.));
#15909 = ADVANCED_FACE('',(#15910),#15921,.F.);
#15910 = FACE_BOUND('',#15911,.T.);
#15911 = EDGE_LOOP('',(#15912,#15913,#15919,#15920));
#15912 = ORIENTED_EDGE('',*,*,#6346,.T.);
#15913 = ORIENTED_EDGE('',*,*,#15914,.T.);
#15914 = EDGE_CURVE('',#6347,#10764,#15915,.T.);
#15915 = LINE('',#15916,#15917);
#15916 = CARTESIAN_POINT('',(247.65,-102.409375,-4.5E-02));
#15917 = VECTOR('',#15918,1.);
#15918 = DIRECTION('',(0.,0.,1.));
#15919 = ORIENTED_EDGE('',*,*,#10763,.F.);
#15920 = ORIENTED_EDGE('',*,*,#15914,.F.);
#15921 = CYLINDRICAL_SURFACE('',#15922,2.);
#15922 = AXIS2_PLACEMENT_3D('',#15923,#15924,#15925);
#15923 = CARTESIAN_POINT('',(247.65,-100.409375,-4.5E-02));
#15924 = DIRECTION('',(-0.,-0.,-1.));
#15925 = DIRECTION('',(-0.,-1.,0.));
#15926 = ADVANCED_FACE('',(#15927),#15938,.F.);
#15927 = FACE_BOUND('',#15928,.T.);
#15928 = EDGE_LOOP('',(#15929,#15930,#15936,#15937));
#15929 = ORIENTED_EDGE('',*,*,#6357,.T.);
#15930 = ORIENTED_EDGE('',*,*,#15931,.T.);
#15931 = EDGE_CURVE('',#6358,#10775,#15932,.T.);
#15932 = LINE('',#15933,#15934);
#15933 = CARTESIAN_POINT('',(252.73,-101.284375,-4.5E-02));
#15934 = VECTOR('',#15935,1.);
#15935 = DIRECTION('',(0.,0.,1.));
#15936 = ORIENTED_EDGE('',*,*,#10774,.F.);
#15937 = ORIENTED_EDGE('',*,*,#15931,.F.);
#15938 = CYLINDRICAL_SURFACE('',#15939,0.875);
#15939 = AXIS2_PLACEMENT_3D('',#15940,#15941,#15942);
#15940 = CARTESIAN_POINT('',(252.73,-100.409375,-4.5E-02));
#15941 = DIRECTION('',(-0.,-0.,-1.));
#15942 = DIRECTION('',(-0.,-1.,0.));
#15943 = ADVANCED_FACE('',(#15944),#15955,.F.);
#15944 = FACE_BOUND('',#15945,.T.);
#15945 = EDGE_LOOP('',(#15946,#15947,#15953,#15954));
#15946 = ORIENTED_EDGE('',*,*,#6368,.T.);
#15947 = ORIENTED_EDGE('',*,*,#15948,.T.);
#15948 = EDGE_CURVE('',#6369,#10786,#15949,.T.);
#15949 = LINE('',#15950,#15951);
#15950 = CARTESIAN_POINT('',(264.16,-107.014375,-4.5E-02));
#15951 = VECTOR('',#15952,1.);
#15952 = DIRECTION('',(0.,0.,1.));
#15953 = ORIENTED_EDGE('',*,*,#10785,.F.);
#15954 = ORIENTED_EDGE('',*,*,#15948,.F.);
#15955 = CYLINDRICAL_SURFACE('',#15956,1.525);
#15956 = AXIS2_PLACEMENT_3D('',#15957,#15958,#15959);
#15957 = CARTESIAN_POINT('',(264.16,-105.489375,-4.5E-02));
#15958 = DIRECTION('',(-0.,0.,-1.));
#15959 = DIRECTION('',(3.727437302348E-14,-1.,-0.));
#15960 = ADVANCED_FACE('',(#15961),#15972,.F.);
#15961 = FACE_BOUND('',#15962,.T.);
#15962 = EDGE_LOOP('',(#15963,#15964,#15970,#15971));
#15963 = ORIENTED_EDGE('',*,*,#6379,.T.);
#15964 = ORIENTED_EDGE('',*,*,#15965,.T.);
#15965 = EDGE_CURVE('',#6380,#10797,#15966,.T.);
#15966 = LINE('',#15967,#15968);
#15967 = CARTESIAN_POINT('',(261.62,-101.284375,-4.5E-02));
#15968 = VECTOR('',#15969,1.);
#15969 = DIRECTION('',(0.,0.,1.));
#15970 = ORIENTED_EDGE('',*,*,#10796,.F.);
#15971 = ORIENTED_EDGE('',*,*,#15965,.F.);
#15972 = CYLINDRICAL_SURFACE('',#15973,0.875);
#15973 = AXIS2_PLACEMENT_3D('',#15974,#15975,#15976);
#15974 = CARTESIAN_POINT('',(261.62,-100.409375,-4.5E-02));
#15975 = DIRECTION('',(-0.,-0.,-1.));
#15976 = DIRECTION('',(-0.,-1.,0.));
#15977 = ADVANCED_FACE('',(#15978),#15989,.F.);
#15978 = FACE_BOUND('',#15979,.T.);
#15979 = EDGE_LOOP('',(#15980,#15981,#15987,#15988));
#15980 = ORIENTED_EDGE('',*,*,#6390,.T.);
#15981 = ORIENTED_EDGE('',*,*,#15982,.T.);
#15982 = EDGE_CURVE('',#6391,#10808,#15983,.T.);
#15983 = LINE('',#15984,#15985);
#15984 = CARTESIAN_POINT('',(270.51,-104.474375,-4.5E-02));
#15985 = VECTOR('',#15986,1.);
#15986 = DIRECTION('',(0.,0.,1.));
#15987 = ORIENTED_EDGE('',*,*,#10807,.F.);
#15988 = ORIENTED_EDGE('',*,*,#15982,.F.);
#15989 = CYLINDRICAL_SURFACE('',#15990,1.525);
#15990 = AXIS2_PLACEMENT_3D('',#15991,#15992,#15993);
#15991 = CARTESIAN_POINT('',(270.51,-102.949375,-4.5E-02));
#15992 = DIRECTION('',(-0.,-0.,-1.));
#15993 = DIRECTION('',(-0.,-1.,0.));
#15994 = ADVANCED_FACE('',(#15995),#16006,.F.);
#15995 = FACE_BOUND('',#15996,.T.);
#15996 = EDGE_LOOP('',(#15997,#15998,#16004,#16005));
#15997 = ORIENTED_EDGE('',*,*,#6401,.T.);
#15998 = ORIENTED_EDGE('',*,*,#15999,.T.);
#15999 = EDGE_CURVE('',#6402,#10819,#16000,.T.);
#16000 = LINE('',#16001,#16002);
#16001 = CARTESIAN_POINT('',(266.7,-102.409375,-4.5E-02));
#16002 = VECTOR('',#16003,1.);
#16003 = DIRECTION('',(0.,0.,1.));
#16004 = ORIENTED_EDGE('',*,*,#10818,.F.);
#16005 = ORIENTED_EDGE('',*,*,#15999,.F.);
#16006 = CYLINDRICAL_SURFACE('',#16007,2.);
#16007 = AXIS2_PLACEMENT_3D('',#16008,#16009,#16010);
#16008 = CARTESIAN_POINT('',(266.7,-100.409375,-4.5E-02));
#16009 = DIRECTION('',(-0.,-0.,-1.));
#16010 = DIRECTION('',(-0.,-1.,0.));
#16011 = ADVANCED_FACE('',(#16012),#16023,.F.);
#16012 = FACE_BOUND('',#16013,.T.);
#16013 = EDGE_LOOP('',(#16014,#16015,#16021,#16022));
#16014 = ORIENTED_EDGE('',*,*,#6412,.T.);
#16015 = ORIENTED_EDGE('',*,*,#16016,.T.);
#16016 = EDGE_CURVE('',#6413,#10830,#16017,.T.);
#16017 = LINE('',#16018,#16019);
#16018 = CARTESIAN_POINT('',(271.78,-101.284375,-4.5E-02));
#16019 = VECTOR('',#16020,1.);
#16020 = DIRECTION('',(0.,0.,1.));
#16021 = ORIENTED_EDGE('',*,*,#10829,.F.);
#16022 = ORIENTED_EDGE('',*,*,#16016,.F.);
#16023 = CYLINDRICAL_SURFACE('',#16024,0.875);
#16024 = AXIS2_PLACEMENT_3D('',#16025,#16026,#16027);
#16025 = CARTESIAN_POINT('',(271.78,-100.409375,-4.5E-02));
#16026 = DIRECTION('',(-0.,-0.,-1.));
#16027 = DIRECTION('',(-0.,-1.,0.));
#16028 = ADVANCED_FACE('',(#16029),#16040,.F.);
#16029 = FACE_BOUND('',#16030,.T.);
#16030 = EDGE_LOOP('',(#16031,#16032,#16038,#16039));
#16031 = ORIENTED_EDGE('',*,*,#6423,.T.);
#16032 = ORIENTED_EDGE('',*,*,#16033,.T.);
#16033 = EDGE_CURVE('',#6424,#10841,#16034,.T.);
#16034 = LINE('',#16035,#16036);
#16035 = CARTESIAN_POINT('',(283.21,-107.014375,-4.5E-02));
#16036 = VECTOR('',#16037,1.);
#16037 = DIRECTION('',(0.,0.,1.));
#16038 = ORIENTED_EDGE('',*,*,#10840,.F.);
#16039 = ORIENTED_EDGE('',*,*,#16033,.F.);
#16040 = CYLINDRICAL_SURFACE('',#16041,1.525);
#16041 = AXIS2_PLACEMENT_3D('',#16042,#16043,#16044);
#16042 = CARTESIAN_POINT('',(283.21,-105.489375,-4.5E-02));
#16043 = DIRECTION('',(-0.,-0.,-1.));
#16044 = DIRECTION('',(-3.727437302348E-14,-1.,0.));
#16045 = ADVANCED_FACE('',(#16046),#16057,.F.);
#16046 = FACE_BOUND('',#16047,.T.);
#16047 = EDGE_LOOP('',(#16048,#16049,#16055,#16056));
#16048 = ORIENTED_EDGE('',*,*,#6434,.T.);
#16049 = ORIENTED_EDGE('',*,*,#16050,.T.);
#16050 = EDGE_CURVE('',#6435,#10852,#16051,.T.);
#16051 = LINE('',#16052,#16053);
#16052 = CARTESIAN_POINT('',(280.67,-101.284375,-4.5E-02));
#16053 = VECTOR('',#16054,1.);
#16054 = DIRECTION('',(0.,0.,1.));
#16055 = ORIENTED_EDGE('',*,*,#10851,.F.);
#16056 = ORIENTED_EDGE('',*,*,#16050,.F.);
#16057 = CYLINDRICAL_SURFACE('',#16058,0.875);
#16058 = AXIS2_PLACEMENT_3D('',#16059,#16060,#16061);
#16059 = CARTESIAN_POINT('',(280.67,-100.409375,-4.5E-02));
#16060 = DIRECTION('',(-0.,-0.,-1.));
#16061 = DIRECTION('',(-0.,-1.,0.));
#16062 = ADVANCED_FACE('',(#16063),#16074,.F.);
#16063 = FACE_BOUND('',#16064,.T.);
#16064 = EDGE_LOOP('',(#16065,#16066,#16072,#16073));
#16065 = ORIENTED_EDGE('',*,*,#6445,.T.);
#16066 = ORIENTED_EDGE('',*,*,#16067,.T.);
#16067 = EDGE_CURVE('',#6446,#10863,#16068,.T.);
#16068 = LINE('',#16069,#16070);
#16069 = CARTESIAN_POINT('',(289.56,-104.474375,-4.5E-02));
#16070 = VECTOR('',#16071,1.);
#16071 = DIRECTION('',(0.,0.,1.));
#16072 = ORIENTED_EDGE('',*,*,#10862,.F.);
#16073 = ORIENTED_EDGE('',*,*,#16067,.F.);
#16074 = CYLINDRICAL_SURFACE('',#16075,1.525);
#16075 = AXIS2_PLACEMENT_3D('',#16076,#16077,#16078);
#16076 = CARTESIAN_POINT('',(289.56,-102.949375,-4.5E-02));
#16077 = DIRECTION('',(-0.,-0.,-1.));
#16078 = DIRECTION('',(-0.,-1.,0.));
#16079 = ADVANCED_FACE('',(#16080),#16091,.F.);
#16080 = FACE_BOUND('',#16081,.T.);
#16081 = EDGE_LOOP('',(#16082,#16083,#16089,#16090));
#16082 = ORIENTED_EDGE('',*,*,#6456,.T.);
#16083 = ORIENTED_EDGE('',*,*,#16084,.T.);
#16084 = EDGE_CURVE('',#6457,#10874,#16085,.T.);
#16085 = LINE('',#16086,#16087);
#16086 = CARTESIAN_POINT('',(285.75,-102.409375,-4.5E-02));
#16087 = VECTOR('',#16088,1.);
#16088 = DIRECTION('',(0.,0.,1.));
#16089 = ORIENTED_EDGE('',*,*,#10873,.F.);
#16090 = ORIENTED_EDGE('',*,*,#16084,.F.);
#16091 = CYLINDRICAL_SURFACE('',#16092,2.);
#16092 = AXIS2_PLACEMENT_3D('',#16093,#16094,#16095);
#16093 = CARTESIAN_POINT('',(285.75,-100.409375,-4.5E-02));
#16094 = DIRECTION('',(-0.,-0.,-1.));
#16095 = DIRECTION('',(-0.,-1.,0.));
#16096 = ADVANCED_FACE('',(#16097),#16108,.F.);
#16097 = FACE_BOUND('',#16098,.T.);
#16098 = EDGE_LOOP('',(#16099,#16100,#16106,#16107));
#16099 = ORIENTED_EDGE('',*,*,#6467,.T.);
#16100 = ORIENTED_EDGE('',*,*,#16101,.T.);
#16101 = EDGE_CURVE('',#6468,#10885,#16102,.T.);
#16102 = LINE('',#16103,#16104);
#16103 = CARTESIAN_POINT('',(290.83,-101.284375,-4.5E-02));
#16104 = VECTOR('',#16105,1.);
#16105 = DIRECTION('',(0.,0.,1.));
#16106 = ORIENTED_EDGE('',*,*,#10884,.F.);
#16107 = ORIENTED_EDGE('',*,*,#16101,.F.);
#16108 = CYLINDRICAL_SURFACE('',#16109,0.875);
#16109 = AXIS2_PLACEMENT_3D('',#16110,#16111,#16112);
#16110 = CARTESIAN_POINT('',(290.83,-100.409375,-4.5E-02));
#16111 = DIRECTION('',(-0.,-0.,-1.));
#16112 = DIRECTION('',(-0.,-1.,0.));
#16113 = ADVANCED_FACE('',(#16114),#16125,.F.);
#16114 = FACE_BOUND('',#16115,.T.);
#16115 = EDGE_LOOP('',(#16116,#16117,#16123,#16124));
#16116 = ORIENTED_EDGE('',*,*,#6478,.T.);
#16117 = ORIENTED_EDGE('',*,*,#16118,.T.);
#16118 = EDGE_CURVE('',#6479,#10896,#16119,.T.);
#16119 = LINE('',#16120,#16121);
#16120 = CARTESIAN_POINT('',(218.1225,-85.424375,-4.5E-02));
#16121 = VECTOR('',#16122,1.);
#16122 = DIRECTION('',(0.,0.,1.));
#16123 = ORIENTED_EDGE('',*,*,#10895,.F.);
#16124 = ORIENTED_EDGE('',*,*,#16118,.F.);
#16125 = CYLINDRICAL_SURFACE('',#16126,1.525);
#16126 = AXIS2_PLACEMENT_3D('',#16127,#16128,#16129);
#16127 = CARTESIAN_POINT('',(218.1225,-83.899375,-4.5E-02));
#16128 = DIRECTION('',(-0.,-0.,-1.));
#16129 = DIRECTION('',(-0.,-1.,0.));
#16130 = ADVANCED_FACE('',(#16131),#16142,.F.);
#16131 = FACE_BOUND('',#16132,.T.);
#16132 = EDGE_LOOP('',(#16133,#16134,#16140,#16141));
#16133 = ORIENTED_EDGE('',*,*,#6489,.T.);
#16134 = ORIENTED_EDGE('',*,*,#16135,.T.);
#16135 = EDGE_CURVE('',#6490,#10907,#16136,.T.);
#16136 = LINE('',#16137,#16138);
#16137 = CARTESIAN_POINT('',(219.3925,-82.234375,-4.5E-02));
#16138 = VECTOR('',#16139,1.);
#16139 = DIRECTION('',(0.,0.,1.));
#16140 = ORIENTED_EDGE('',*,*,#10906,.F.);
#16141 = ORIENTED_EDGE('',*,*,#16135,.F.);
#16142 = CYLINDRICAL_SURFACE('',#16143,0.875);
#16143 = AXIS2_PLACEMENT_3D('',#16144,#16145,#16146);
#16144 = CARTESIAN_POINT('',(219.3925,-81.359375,-4.5E-02));
#16145 = DIRECTION('',(-0.,-0.,-1.));
#16146 = DIRECTION('',(-0.,-1.,0.));
#16147 = ADVANCED_FACE('',(#16148),#16159,.F.);
#16148 = FACE_BOUND('',#16149,.T.);
#16149 = EDGE_LOOP('',(#16150,#16151,#16157,#16158));
#16150 = ORIENTED_EDGE('',*,*,#6500,.T.);
#16151 = ORIENTED_EDGE('',*,*,#16152,.T.);
#16152 = EDGE_CURVE('',#6501,#10918,#16153,.T.);
#16153 = LINE('',#16154,#16155);
#16154 = CARTESIAN_POINT('',(235.42625,-82.234375,-4.5E-02));
#16155 = VECTOR('',#16156,1.);
#16156 = DIRECTION('',(0.,0.,1.));
#16157 = ORIENTED_EDGE('',*,*,#10917,.F.);
#16158 = ORIENTED_EDGE('',*,*,#16152,.F.);
#16159 = CYLINDRICAL_SURFACE('',#16160,0.875);
#16160 = AXIS2_PLACEMENT_3D('',#16161,#16162,#16163);
#16161 = CARTESIAN_POINT('',(235.42625,-81.359375,-4.5E-02));
#16162 = DIRECTION('',(-0.,-0.,-1.));
#16163 = DIRECTION('',(-0.,-1.,0.));
#16164 = ADVANCED_FACE('',(#16165),#16176,.F.);
#16165 = FACE_BOUND('',#16166,.T.);
#16166 = EDGE_LOOP('',(#16167,#16168,#16174,#16175));
#16167 = ORIENTED_EDGE('',*,*,#6511,.T.);
#16168 = ORIENTED_EDGE('',*,*,#16169,.T.);
#16169 = EDGE_CURVE('',#6512,#10929,#16170,.T.);
#16170 = LINE('',#16171,#16172);
#16171 = CARTESIAN_POINT('',(237.96625,-87.964375,-4.5E-02));
#16172 = VECTOR('',#16173,1.);
#16173 = DIRECTION('',(0.,0.,1.));
#16174 = ORIENTED_EDGE('',*,*,#10928,.F.);
#16175 = ORIENTED_EDGE('',*,*,#16169,.F.);
#16176 = CYLINDRICAL_SURFACE('',#16177,1.525);
#16177 = AXIS2_PLACEMENT_3D('',#16178,#16179,#16180);
#16178 = CARTESIAN_POINT('',(237.96625,-86.439375,-4.5E-02));
#16179 = DIRECTION('',(-0.,-0.,-1.));
#16180 = DIRECTION('',(-0.,-1.,0.));
#16181 = ADVANCED_FACE('',(#16182),#16193,.F.);
#16182 = FACE_BOUND('',#16183,.T.);
#16183 = EDGE_LOOP('',(#16184,#16185,#16191,#16192));
#16184 = ORIENTED_EDGE('',*,*,#6522,.T.);
#16185 = ORIENTED_EDGE('',*,*,#16186,.T.);
#16186 = EDGE_CURVE('',#6523,#10940,#16187,.T.);
#16187 = LINE('',#16188,#16189);
#16188 = CARTESIAN_POINT('',(244.31625,-85.424375,-4.5E-02));
#16189 = VECTOR('',#16190,1.);
#16190 = DIRECTION('',(0.,0.,1.));
#16191 = ORIENTED_EDGE('',*,*,#10939,.F.);
#16192 = ORIENTED_EDGE('',*,*,#16186,.F.);
#16193 = CYLINDRICAL_SURFACE('',#16194,1.525);
#16194 = AXIS2_PLACEMENT_3D('',#16195,#16196,#16197);
#16195 = CARTESIAN_POINT('',(244.31625,-83.899375,-4.5E-02));
#16196 = DIRECTION('',(-0.,-0.,-1.));
#16197 = DIRECTION('',(-0.,-1.,0.));
#16198 = ADVANCED_FACE('',(#16199),#16210,.F.);
#16199 = FACE_BOUND('',#16200,.T.);
#16200 = EDGE_LOOP('',(#16201,#16202,#16208,#16209));
#16201 = ORIENTED_EDGE('',*,*,#6533,.T.);
#16202 = ORIENTED_EDGE('',*,*,#16203,.T.);
#16203 = EDGE_CURVE('',#6534,#10951,#16204,.T.);
#16204 = LINE('',#16205,#16206);
#16205 = CARTESIAN_POINT('',(240.50625,-83.359375,-4.5E-02));
#16206 = VECTOR('',#16207,1.);
#16207 = DIRECTION('',(0.,0.,1.));
#16208 = ORIENTED_EDGE('',*,*,#10950,.F.);
#16209 = ORIENTED_EDGE('',*,*,#16203,.F.);
#16210 = CYLINDRICAL_SURFACE('',#16211,2.);
#16211 = AXIS2_PLACEMENT_3D('',#16212,#16213,#16214);
#16212 = CARTESIAN_POINT('',(240.50625,-81.359375,-4.5E-02));
#16213 = DIRECTION('',(-0.,-0.,-1.));
#16214 = DIRECTION('',(-0.,-1.,0.));
#16215 = ADVANCED_FACE('',(#16216),#16227,.F.);
#16216 = FACE_BOUND('',#16217,.T.);
#16217 = EDGE_LOOP('',(#16218,#16219,#16225,#16226));
#16218 = ORIENTED_EDGE('',*,*,#6544,.T.);
#16219 = ORIENTED_EDGE('',*,*,#16220,.T.);
#16220 = EDGE_CURVE('',#6545,#10962,#16221,.T.);
#16221 = LINE('',#16222,#16223);
#16222 = CARTESIAN_POINT('',(245.58625,-82.234375,-4.5E-02));
#16223 = VECTOR('',#16224,1.);
#16224 = DIRECTION('',(0.,0.,1.));
#16225 = ORIENTED_EDGE('',*,*,#10961,.F.);
#16226 = ORIENTED_EDGE('',*,*,#16220,.F.);
#16227 = CYLINDRICAL_SURFACE('',#16228,0.875);
#16228 = AXIS2_PLACEMENT_3D('',#16229,#16230,#16231);
#16229 = CARTESIAN_POINT('',(245.58625,-81.359375,-4.5E-02));
#16230 = DIRECTION('',(-0.,-0.,-1.));
#16231 = DIRECTION('',(-0.,-1.,0.));
#16232 = ADVANCED_FACE('',(#16233),#16244,.F.);
#16233 = FACE_BOUND('',#16234,.T.);
#16234 = EDGE_LOOP('',(#16235,#16236,#16242,#16243));
#16235 = ORIENTED_EDGE('',*,*,#6555,.T.);
#16236 = ORIENTED_EDGE('',*,*,#16237,.T.);
#16237 = EDGE_CURVE('',#6556,#10973,#16238,.T.);
#16238 = LINE('',#16239,#16240);
#16239 = CARTESIAN_POINT('',(264.16,-87.964375,-4.5E-02));
#16240 = VECTOR('',#16241,1.);
#16241 = DIRECTION('',(0.,0.,1.));
#16242 = ORIENTED_EDGE('',*,*,#10972,.F.);
#16243 = ORIENTED_EDGE('',*,*,#16237,.F.);
#16244 = CYLINDRICAL_SURFACE('',#16245,1.525);
#16245 = AXIS2_PLACEMENT_3D('',#16246,#16247,#16248);
#16246 = CARTESIAN_POINT('',(264.16,-86.439375,-4.5E-02));
#16247 = DIRECTION('',(-0.,0.,-1.));
#16248 = DIRECTION('',(3.727437302348E-14,-1.,-0.));
#16249 = ADVANCED_FACE('',(#16250),#16261,.F.);
#16250 = FACE_BOUND('',#16251,.T.);
#16251 = EDGE_LOOP('',(#16252,#16253,#16259,#16260));
#16252 = ORIENTED_EDGE('',*,*,#6566,.T.);
#16253 = ORIENTED_EDGE('',*,*,#16254,.T.);
#16254 = EDGE_CURVE('',#6567,#10984,#16255,.T.);
#16255 = LINE('',#16256,#16257);
#16256 = CARTESIAN_POINT('',(270.51,-85.424375,-4.5E-02));
#16257 = VECTOR('',#16258,1.);
#16258 = DIRECTION('',(0.,0.,1.));
#16259 = ORIENTED_EDGE('',*,*,#10983,.F.);
#16260 = ORIENTED_EDGE('',*,*,#16254,.F.);
#16261 = CYLINDRICAL_SURFACE('',#16262,1.525);
#16262 = AXIS2_PLACEMENT_3D('',#16263,#16264,#16265);
#16263 = CARTESIAN_POINT('',(270.51,-83.899375,-4.5E-02));
#16264 = DIRECTION('',(-0.,-0.,-1.));
#16265 = DIRECTION('',(-0.,-1.,0.));
#16266 = ADVANCED_FACE('',(#16267),#16278,.F.);
#16267 = FACE_BOUND('',#16268,.T.);
#16268 = EDGE_LOOP('',(#16269,#16270,#16276,#16277));
#16269 = ORIENTED_EDGE('',*,*,#6577,.T.);
#16270 = ORIENTED_EDGE('',*,*,#16271,.T.);
#16271 = EDGE_CURVE('',#6578,#10995,#16272,.T.);
#16272 = LINE('',#16273,#16274);
#16273 = CARTESIAN_POINT('',(261.62,-82.234375,-4.5E-02));
#16274 = VECTOR('',#16275,1.);
#16275 = DIRECTION('',(0.,0.,1.));
#16276 = ORIENTED_EDGE('',*,*,#10994,.F.);
#16277 = ORIENTED_EDGE('',*,*,#16271,.F.);
#16278 = CYLINDRICAL_SURFACE('',#16279,0.875);
#16279 = AXIS2_PLACEMENT_3D('',#16280,#16281,#16282);
#16280 = CARTESIAN_POINT('',(261.62,-81.359375,-4.5E-02));
#16281 = DIRECTION('',(-0.,-0.,-1.));
#16282 = DIRECTION('',(-0.,-1.,0.));
#16283 = ADVANCED_FACE('',(#16284),#16295,.F.);
#16284 = FACE_BOUND('',#16285,.T.);
#16285 = EDGE_LOOP('',(#16286,#16287,#16293,#16294));
#16286 = ORIENTED_EDGE('',*,*,#6588,.T.);
#16287 = ORIENTED_EDGE('',*,*,#16288,.T.);
#16288 = EDGE_CURVE('',#6589,#11006,#16289,.T.);
#16289 = LINE('',#16290,#16291);
#16290 = CARTESIAN_POINT('',(266.7,-83.359375,-4.5E-02));
#16291 = VECTOR('',#16292,1.);
#16292 = DIRECTION('',(0.,0.,1.));
#16293 = ORIENTED_EDGE('',*,*,#11005,.F.);
#16294 = ORIENTED_EDGE('',*,*,#16288,.F.);
#16295 = CYLINDRICAL_SURFACE('',#16296,2.);
#16296 = AXIS2_PLACEMENT_3D('',#16297,#16298,#16299);
#16297 = CARTESIAN_POINT('',(266.7,-81.359375,-4.5E-02));
#16298 = DIRECTION('',(-0.,-0.,-1.));
#16299 = DIRECTION('',(-0.,-1.,0.));
#16300 = ADVANCED_FACE('',(#16301),#16312,.F.);
#16301 = FACE_BOUND('',#16302,.T.);
#16302 = EDGE_LOOP('',(#16303,#16304,#16310,#16311));
#16303 = ORIENTED_EDGE('',*,*,#6599,.T.);
#16304 = ORIENTED_EDGE('',*,*,#16305,.T.);
#16305 = EDGE_CURVE('',#6600,#11017,#16306,.T.);
#16306 = LINE('',#16307,#16308);
#16307 = CARTESIAN_POINT('',(271.78,-82.234375,-4.5E-02));
#16308 = VECTOR('',#16309,1.);
#16309 = DIRECTION('',(0.,0.,1.));
#16310 = ORIENTED_EDGE('',*,*,#11016,.F.);
#16311 = ORIENTED_EDGE('',*,*,#16305,.F.);
#16312 = CYLINDRICAL_SURFACE('',#16313,0.875);
#16313 = AXIS2_PLACEMENT_3D('',#16314,#16315,#16316);
#16314 = CARTESIAN_POINT('',(271.78,-81.359375,-4.5E-02));
#16315 = DIRECTION('',(-0.,-0.,-1.));
#16316 = DIRECTION('',(-0.,-1.,0.));
#16317 = ADVANCED_FACE('',(#16318),#16329,.F.);
#16318 = FACE_BOUND('',#16319,.T.);
#16319 = EDGE_LOOP('',(#16320,#16321,#16327,#16328));
#16320 = ORIENTED_EDGE('',*,*,#6610,.T.);
#16321 = ORIENTED_EDGE('',*,*,#16322,.T.);
#16322 = EDGE_CURVE('',#6611,#11028,#16323,.T.);
#16323 = LINE('',#16324,#16325);
#16324 = CARTESIAN_POINT('',(283.21,-87.964375,-4.5E-02));
#16325 = VECTOR('',#16326,1.);
#16326 = DIRECTION('',(0.,0.,1.));
#16327 = ORIENTED_EDGE('',*,*,#11027,.F.);
#16328 = ORIENTED_EDGE('',*,*,#16322,.F.);
#16329 = CYLINDRICAL_SURFACE('',#16330,1.525);
#16330 = AXIS2_PLACEMENT_3D('',#16331,#16332,#16333);
#16331 = CARTESIAN_POINT('',(283.21,-86.439375,-4.5E-02));
#16332 = DIRECTION('',(-0.,-0.,-1.));
#16333 = DIRECTION('',(-3.727437302348E-14,-1.,0.));
#16334 = ADVANCED_FACE('',(#16335),#16346,.F.);
#16335 = FACE_BOUND('',#16336,.T.);
#16336 = EDGE_LOOP('',(#16337,#16338,#16344,#16345));
#16337 = ORIENTED_EDGE('',*,*,#6621,.T.);
#16338 = ORIENTED_EDGE('',*,*,#16339,.T.);
#16339 = EDGE_CURVE('',#6622,#11039,#16340,.T.);
#16340 = LINE('',#16341,#16342);
#16341 = CARTESIAN_POINT('',(289.56,-85.424375,-4.5E-02));
#16342 = VECTOR('',#16343,1.);
#16343 = DIRECTION('',(0.,0.,1.));
#16344 = ORIENTED_EDGE('',*,*,#11038,.F.);
#16345 = ORIENTED_EDGE('',*,*,#16339,.F.);
#16346 = CYLINDRICAL_SURFACE('',#16347,1.525);
#16347 = AXIS2_PLACEMENT_3D('',#16348,#16349,#16350);
#16348 = CARTESIAN_POINT('',(289.56,-83.899375,-4.5E-02));
#16349 = DIRECTION('',(-0.,-0.,-1.));
#16350 = DIRECTION('',(-0.,-1.,0.));
#16351 = ADVANCED_FACE('',(#16352),#16363,.F.);
#16352 = FACE_BOUND('',#16353,.T.);
#16353 = EDGE_LOOP('',(#16354,#16355,#16361,#16362));
#16354 = ORIENTED_EDGE('',*,*,#6632,.T.);
#16355 = ORIENTED_EDGE('',*,*,#16356,.T.);
#16356 = EDGE_CURVE('',#6633,#11050,#16357,.T.);
#16357 = LINE('',#16358,#16359);
#16358 = CARTESIAN_POINT('',(280.67,-82.234375,-4.5E-02));
#16359 = VECTOR('',#16360,1.);
#16360 = DIRECTION('',(0.,0.,1.));
#16361 = ORIENTED_EDGE('',*,*,#11049,.F.);
#16362 = ORIENTED_EDGE('',*,*,#16356,.F.);
#16363 = CYLINDRICAL_SURFACE('',#16364,0.875);
#16364 = AXIS2_PLACEMENT_3D('',#16365,#16366,#16367);
#16365 = CARTESIAN_POINT('',(280.67,-81.359375,-4.5E-02));
#16366 = DIRECTION('',(-0.,-0.,-1.));
#16367 = DIRECTION('',(-0.,-1.,0.));
#16368 = ADVANCED_FACE('',(#16369),#16380,.F.);
#16369 = FACE_BOUND('',#16370,.T.);
#16370 = EDGE_LOOP('',(#16371,#16372,#16378,#16379));
#16371 = ORIENTED_EDGE('',*,*,#6643,.T.);
#16372 = ORIENTED_EDGE('',*,*,#16373,.T.);
#16373 = EDGE_CURVE('',#6644,#11061,#16374,.T.);
#16374 = LINE('',#16375,#16376);
#16375 = CARTESIAN_POINT('',(285.75,-83.359375,-4.5E-02));
#16376 = VECTOR('',#16377,1.);
#16377 = DIRECTION('',(0.,0.,1.));
#16378 = ORIENTED_EDGE('',*,*,#11060,.F.);
#16379 = ORIENTED_EDGE('',*,*,#16373,.F.);
#16380 = CYLINDRICAL_SURFACE('',#16381,2.);
#16381 = AXIS2_PLACEMENT_3D('',#16382,#16383,#16384);
#16382 = CARTESIAN_POINT('',(285.75,-81.359375,-4.5E-02));
#16383 = DIRECTION('',(-0.,-0.,-1.));
#16384 = DIRECTION('',(-0.,-1.,0.));
#16385 = ADVANCED_FACE('',(#16386),#16397,.F.);
#16386 = FACE_BOUND('',#16387,.T.);
#16387 = EDGE_LOOP('',(#16388,#16389,#16395,#16396));
#16388 = ORIENTED_EDGE('',*,*,#6654,.T.);
#16389 = ORIENTED_EDGE('',*,*,#16390,.T.);
#16390 = EDGE_CURVE('',#6655,#11072,#16391,.T.);
#16391 = LINE('',#16392,#16393);
#16392 = CARTESIAN_POINT('',(290.83,-82.234375,-4.5E-02));
#16393 = VECTOR('',#16394,1.);
#16394 = DIRECTION('',(0.,0.,1.));
#16395 = ORIENTED_EDGE('',*,*,#11071,.F.);
#16396 = ORIENTED_EDGE('',*,*,#16390,.F.);
#16397 = CYLINDRICAL_SURFACE('',#16398,0.875);
#16398 = AXIS2_PLACEMENT_3D('',#16399,#16400,#16401);
#16399 = CARTESIAN_POINT('',(290.83,-81.359375,-4.5E-02));
#16400 = DIRECTION('',(-0.,-0.,-1.));
#16401 = DIRECTION('',(-0.,-1.,0.));
#16402 = ADVANCED_FACE('',(#16403),#16414,.F.);
#16403 = FACE_BOUND('',#16404,.T.);
#16404 = EDGE_LOOP('',(#16405,#16406,#16412,#16413));
#16405 = ORIENTED_EDGE('',*,*,#6665,.T.);
#16406 = ORIENTED_EDGE('',*,*,#16407,.T.);
#16407 = EDGE_CURVE('',#6666,#11083,#16408,.T.);
#16408 = LINE('',#16409,#16410);
#16409 = CARTESIAN_POINT('',(145.0975,-68.914375,-4.5E-02));
#16410 = VECTOR('',#16411,1.);
#16411 = DIRECTION('',(0.,0.,1.));
#16412 = ORIENTED_EDGE('',*,*,#11082,.F.);
#16413 = ORIENTED_EDGE('',*,*,#16407,.F.);
#16414 = CYLINDRICAL_SURFACE('',#16415,1.525);
#16415 = AXIS2_PLACEMENT_3D('',#16416,#16417,#16418);
#16416 = CARTESIAN_POINT('',(145.0975,-67.389375,-4.5E-02));
#16417 = DIRECTION('',(-0.,-0.,-1.));
#16418 = DIRECTION('',(-0.,-1.,0.));
#16419 = ADVANCED_FACE('',(#16420),#16431,.F.);
#16420 = FACE_BOUND('',#16421,.T.);
#16421 = EDGE_LOOP('',(#16422,#16423,#16429,#16430));
#16422 = ORIENTED_EDGE('',*,*,#6676,.T.);
#16423 = ORIENTED_EDGE('',*,*,#16424,.T.);
#16424 = EDGE_CURVE('',#6677,#11094,#16425,.T.);
#16425 = LINE('',#16426,#16427);
#16426 = CARTESIAN_POINT('',(164.1475,-68.914375,-4.5E-02));
#16427 = VECTOR('',#16428,1.);
#16428 = DIRECTION('',(0.,0.,1.));
#16429 = ORIENTED_EDGE('',*,*,#11093,.F.);
#16430 = ORIENTED_EDGE('',*,*,#16424,.F.);
#16431 = CYLINDRICAL_SURFACE('',#16432,1.525);
#16432 = AXIS2_PLACEMENT_3D('',#16433,#16434,#16435);
#16433 = CARTESIAN_POINT('',(164.1475,-67.389375,-4.5E-02));
#16434 = DIRECTION('',(-0.,-0.,-1.));
#16435 = DIRECTION('',(-0.,-1.,0.));
#16436 = ADVANCED_FACE('',(#16437),#16448,.F.);
#16437 = FACE_BOUND('',#16438,.T.);
#16438 = EDGE_LOOP('',(#16439,#16440,#16446,#16447));
#16439 = ORIENTED_EDGE('',*,*,#6687,.T.);
#16440 = ORIENTED_EDGE('',*,*,#16441,.T.);
#16441 = EDGE_CURVE('',#6688,#11105,#16442,.T.);
#16442 = LINE('',#16443,#16444);
#16443 = CARTESIAN_POINT('',(183.1975,-68.914375,-4.5E-02));
#16444 = VECTOR('',#16445,1.);
#16445 = DIRECTION('',(0.,0.,1.));
#16446 = ORIENTED_EDGE('',*,*,#11104,.F.);
#16447 = ORIENTED_EDGE('',*,*,#16441,.F.);
#16448 = CYLINDRICAL_SURFACE('',#16449,1.525);
#16449 = AXIS2_PLACEMENT_3D('',#16450,#16451,#16452);
#16450 = CARTESIAN_POINT('',(183.1975,-67.389375,-4.5E-02));
#16451 = DIRECTION('',(-0.,-0.,-1.));
#16452 = DIRECTION('',(-0.,-1.,0.));
#16453 = ADVANCED_FACE('',(#16454),#16465,.F.);
#16454 = FACE_BOUND('',#16455,.T.);
#16455 = EDGE_LOOP('',(#16456,#16457,#16463,#16464));
#16456 = ORIENTED_EDGE('',*,*,#6698,.T.);
#16457 = ORIENTED_EDGE('',*,*,#16458,.T.);
#16458 = EDGE_CURVE('',#6699,#11116,#16459,.T.);
#16459 = LINE('',#16460,#16461);
#16460 = CARTESIAN_POINT('',(202.2475,-68.914375,-4.5E-02));
#16461 = VECTOR('',#16462,1.);
#16462 = DIRECTION('',(0.,0.,1.));
#16463 = ORIENTED_EDGE('',*,*,#11115,.F.);
#16464 = ORIENTED_EDGE('',*,*,#16458,.F.);
#16465 = CYLINDRICAL_SURFACE('',#16466,1.525);
#16466 = AXIS2_PLACEMENT_3D('',#16467,#16468,#16469);
#16467 = CARTESIAN_POINT('',(202.2475,-67.389375,-4.5E-02));
#16468 = DIRECTION('',(-0.,-0.,-1.));
#16469 = DIRECTION('',(-0.,-1.,0.));
#16470 = ADVANCED_FACE('',(#16471),#16482,.F.);
#16471 = FACE_BOUND('',#16472,.T.);
#16472 = EDGE_LOOP('',(#16473,#16474,#16480,#16481));
#16473 = ORIENTED_EDGE('',*,*,#6709,.T.);
#16474 = ORIENTED_EDGE('',*,*,#16475,.T.);
#16475 = EDGE_CURVE('',#6710,#11127,#16476,.T.);
#16476 = LINE('',#16477,#16478);
#16477 = CARTESIAN_POINT('',(151.4475,-66.374375,-4.5E-02));
#16478 = VECTOR('',#16479,1.);
#16479 = DIRECTION('',(0.,0.,1.));
#16480 = ORIENTED_EDGE('',*,*,#11126,.F.);
#16481 = ORIENTED_EDGE('',*,*,#16475,.F.);
#16482 = CYLINDRICAL_SURFACE('',#16483,1.525);
#16483 = AXIS2_PLACEMENT_3D('',#16484,#16485,#16486);
#16484 = CARTESIAN_POINT('',(151.4475,-64.849375,-4.5E-02));
#16485 = DIRECTION('',(-0.,-0.,-1.));
#16486 = DIRECTION('',(-0.,-1.,0.));
#16487 = ADVANCED_FACE('',(#16488),#16499,.F.);
#16488 = FACE_BOUND('',#16489,.T.);
#16489 = EDGE_LOOP('',(#16490,#16491,#16497,#16498));
#16490 = ORIENTED_EDGE('',*,*,#6720,.T.);
#16491 = ORIENTED_EDGE('',*,*,#16492,.T.);
#16492 = EDGE_CURVE('',#6721,#11138,#16493,.T.);
#16493 = LINE('',#16494,#16495);
#16494 = CARTESIAN_POINT('',(147.6375,-64.309375,-4.5E-02));
#16495 = VECTOR('',#16496,1.);
#16496 = DIRECTION('',(0.,0.,1.));
#16497 = ORIENTED_EDGE('',*,*,#11137,.F.);
#16498 = ORIENTED_EDGE('',*,*,#16492,.F.);
#16499 = CYLINDRICAL_SURFACE('',#16500,2.);
#16500 = AXIS2_PLACEMENT_3D('',#16501,#16502,#16503);
#16501 = CARTESIAN_POINT('',(147.6375,-62.309375,-4.5E-02));
#16502 = DIRECTION('',(-0.,-0.,-1.));
#16503 = DIRECTION('',(-0.,-1.,0.));
#16504 = ADVANCED_FACE('',(#16505),#16516,.F.);
#16505 = FACE_BOUND('',#16506,.T.);
#16506 = EDGE_LOOP('',(#16507,#16508,#16514,#16515));
#16507 = ORIENTED_EDGE('',*,*,#6731,.T.);
#16508 = ORIENTED_EDGE('',*,*,#16509,.T.);
#16509 = EDGE_CURVE('',#6732,#11149,#16510,.T.);
#16510 = LINE('',#16511,#16512);
#16511 = CARTESIAN_POINT('',(152.7175,-63.184375,-4.5E-02));
#16512 = VECTOR('',#16513,1.);
#16513 = DIRECTION('',(0.,0.,1.));
#16514 = ORIENTED_EDGE('',*,*,#11148,.F.);
#16515 = ORIENTED_EDGE('',*,*,#16509,.F.);
#16516 = CYLINDRICAL_SURFACE('',#16517,0.875);
#16517 = AXIS2_PLACEMENT_3D('',#16518,#16519,#16520);
#16518 = CARTESIAN_POINT('',(152.7175,-62.309375,-4.5E-02));
#16519 = DIRECTION('',(-0.,-0.,-1.));
#16520 = DIRECTION('',(-0.,-1.,0.));
#16521 = ADVANCED_FACE('',(#16522),#16533,.F.);
#16522 = FACE_BOUND('',#16523,.T.);
#16523 = EDGE_LOOP('',(#16524,#16525,#16531,#16532));
#16524 = ORIENTED_EDGE('',*,*,#6742,.T.);
#16525 = ORIENTED_EDGE('',*,*,#16526,.T.);
#16526 = EDGE_CURVE('',#6743,#11160,#16527,.T.);
#16527 = LINE('',#16528,#16529);
#16528 = CARTESIAN_POINT('',(170.4975,-66.374375,-4.5E-02));
#16529 = VECTOR('',#16530,1.);
#16530 = DIRECTION('',(0.,0.,1.));
#16531 = ORIENTED_EDGE('',*,*,#11159,.F.);
#16532 = ORIENTED_EDGE('',*,*,#16526,.F.);
#16533 = CYLINDRICAL_SURFACE('',#16534,1.525);
#16534 = AXIS2_PLACEMENT_3D('',#16535,#16536,#16537);
#16535 = CARTESIAN_POINT('',(170.4975,-64.849375,-4.5E-02));
#16536 = DIRECTION('',(-0.,-0.,-1.));
#16537 = DIRECTION('',(-0.,-1.,0.));
#16538 = ADVANCED_FACE('',(#16539),#16550,.F.);
#16539 = FACE_BOUND('',#16540,.T.);
#16540 = EDGE_LOOP('',(#16541,#16542,#16548,#16549));
#16541 = ORIENTED_EDGE('',*,*,#6753,.T.);
#16542 = ORIENTED_EDGE('',*,*,#16543,.T.);
#16543 = EDGE_CURVE('',#6754,#11171,#16544,.T.);
#16544 = LINE('',#16545,#16546);
#16545 = CARTESIAN_POINT('',(161.6075,-63.184375,-4.5E-02));
#16546 = VECTOR('',#16547,1.);
#16547 = DIRECTION('',(0.,0.,1.));
#16548 = ORIENTED_EDGE('',*,*,#11170,.F.);
#16549 = ORIENTED_EDGE('',*,*,#16543,.F.);
#16550 = CYLINDRICAL_SURFACE('',#16551,0.875);
#16551 = AXIS2_PLACEMENT_3D('',#16552,#16553,#16554);
#16552 = CARTESIAN_POINT('',(161.6075,-62.309375,-4.5E-02));
#16553 = DIRECTION('',(-0.,-0.,-1.));
#16554 = DIRECTION('',(-0.,-1.,0.));
#16555 = ADVANCED_FACE('',(#16556),#16567,.F.);
#16556 = FACE_BOUND('',#16557,.T.);
#16557 = EDGE_LOOP('',(#16558,#16559,#16565,#16566));
#16558 = ORIENTED_EDGE('',*,*,#6764,.T.);
#16559 = ORIENTED_EDGE('',*,*,#16560,.T.);
#16560 = EDGE_CURVE('',#6765,#11182,#16561,.T.);
#16561 = LINE('',#16562,#16563);
#16562 = CARTESIAN_POINT('',(166.6875,-64.309375,-4.5E-02));
#16563 = VECTOR('',#16564,1.);
#16564 = DIRECTION('',(0.,0.,1.));
#16565 = ORIENTED_EDGE('',*,*,#11181,.F.);
#16566 = ORIENTED_EDGE('',*,*,#16560,.F.);
#16567 = CYLINDRICAL_SURFACE('',#16568,2.);
#16568 = AXIS2_PLACEMENT_3D('',#16569,#16570,#16571);
#16569 = CARTESIAN_POINT('',(166.6875,-62.309375,-4.5E-02));
#16570 = DIRECTION('',(-0.,-0.,-1.));
#16571 = DIRECTION('',(-0.,-1.,0.));
#16572 = ADVANCED_FACE('',(#16573),#16584,.F.);
#16573 = FACE_BOUND('',#16574,.T.);
#16574 = EDGE_LOOP('',(#16575,#16576,#16582,#16583));
#16575 = ORIENTED_EDGE('',*,*,#6775,.T.);
#16576 = ORIENTED_EDGE('',*,*,#16577,.T.);
#16577 = EDGE_CURVE('',#6776,#11193,#16578,.T.);
#16578 = LINE('',#16579,#16580);
#16579 = CARTESIAN_POINT('',(171.7675,-63.184375,-4.5E-02));
#16580 = VECTOR('',#16581,1.);
#16581 = DIRECTION('',(0.,0.,1.));
#16582 = ORIENTED_EDGE('',*,*,#11192,.F.);
#16583 = ORIENTED_EDGE('',*,*,#16577,.F.);
#16584 = CYLINDRICAL_SURFACE('',#16585,0.875);
#16585 = AXIS2_PLACEMENT_3D('',#16586,#16587,#16588);
#16586 = CARTESIAN_POINT('',(171.7675,-62.309375,-4.5E-02));
#16587 = DIRECTION('',(-0.,-0.,-1.));
#16588 = DIRECTION('',(-0.,-1.,0.));
#16589 = ADVANCED_FACE('',(#16590),#16601,.F.);
#16590 = FACE_BOUND('',#16591,.T.);
#16591 = EDGE_LOOP('',(#16592,#16593,#16599,#16600));
#16592 = ORIENTED_EDGE('',*,*,#6786,.T.);
#16593 = ORIENTED_EDGE('',*,*,#16594,.T.);
#16594 = EDGE_CURVE('',#6787,#11204,#16595,.T.);
#16595 = LINE('',#16596,#16597);
#16596 = CARTESIAN_POINT('',(189.5475,-66.374375,-4.5E-02));
#16597 = VECTOR('',#16598,1.);
#16598 = DIRECTION('',(0.,0.,1.));
#16599 = ORIENTED_EDGE('',*,*,#11203,.F.);
#16600 = ORIENTED_EDGE('',*,*,#16594,.F.);
#16601 = CYLINDRICAL_SURFACE('',#16602,1.525);
#16602 = AXIS2_PLACEMENT_3D('',#16603,#16604,#16605);
#16603 = CARTESIAN_POINT('',(189.5475,-64.849375,-4.5E-02));
#16604 = DIRECTION('',(-0.,-0.,-1.));
#16605 = DIRECTION('',(-0.,-1.,0.));
#16606 = ADVANCED_FACE('',(#16607),#16618,.F.);
#16607 = FACE_BOUND('',#16608,.T.);
#16608 = EDGE_LOOP('',(#16609,#16610,#16616,#16617));
#16609 = ORIENTED_EDGE('',*,*,#6797,.T.);
#16610 = ORIENTED_EDGE('',*,*,#16611,.T.);
#16611 = EDGE_CURVE('',#6798,#11215,#16612,.T.);
#16612 = LINE('',#16613,#16614);
#16613 = CARTESIAN_POINT('',(180.6575,-63.184375,-4.5E-02));
#16614 = VECTOR('',#16615,1.);
#16615 = DIRECTION('',(0.,0.,1.));
#16616 = ORIENTED_EDGE('',*,*,#11214,.F.);
#16617 = ORIENTED_EDGE('',*,*,#16611,.F.);
#16618 = CYLINDRICAL_SURFACE('',#16619,0.875);
#16619 = AXIS2_PLACEMENT_3D('',#16620,#16621,#16622);
#16620 = CARTESIAN_POINT('',(180.6575,-62.309375,-4.5E-02));
#16621 = DIRECTION('',(-0.,-0.,-1.));
#16622 = DIRECTION('',(-0.,-1.,0.));
#16623 = ADVANCED_FACE('',(#16624),#16635,.F.);
#16624 = FACE_BOUND('',#16625,.T.);
#16625 = EDGE_LOOP('',(#16626,#16627,#16633,#16634));
#16626 = ORIENTED_EDGE('',*,*,#6808,.T.);
#16627 = ORIENTED_EDGE('',*,*,#16628,.T.);
#16628 = EDGE_CURVE('',#6809,#11226,#16629,.T.);
#16629 = LINE('',#16630,#16631);
#16630 = CARTESIAN_POINT('',(185.7375,-64.309375,-4.5E-02));
#16631 = VECTOR('',#16632,1.);
#16632 = DIRECTION('',(0.,0.,1.));
#16633 = ORIENTED_EDGE('',*,*,#11225,.F.);
#16634 = ORIENTED_EDGE('',*,*,#16628,.F.);
#16635 = CYLINDRICAL_SURFACE('',#16636,2.);
#16636 = AXIS2_PLACEMENT_3D('',#16637,#16638,#16639);
#16637 = CARTESIAN_POINT('',(185.7375,-62.309375,-4.5E-02));
#16638 = DIRECTION('',(-0.,-0.,-1.));
#16639 = DIRECTION('',(-0.,-1.,0.));
#16640 = ADVANCED_FACE('',(#16641),#16652,.F.);
#16641 = FACE_BOUND('',#16642,.T.);
#16642 = EDGE_LOOP('',(#16643,#16644,#16650,#16651));
#16643 = ORIENTED_EDGE('',*,*,#6819,.T.);
#16644 = ORIENTED_EDGE('',*,*,#16645,.T.);
#16645 = EDGE_CURVE('',#6820,#11237,#16646,.T.);
#16646 = LINE('',#16647,#16648);
#16647 = CARTESIAN_POINT('',(190.8175,-63.184375,-4.5E-02));
#16648 = VECTOR('',#16649,1.);
#16649 = DIRECTION('',(0.,0.,1.));
#16650 = ORIENTED_EDGE('',*,*,#11236,.F.);
#16651 = ORIENTED_EDGE('',*,*,#16645,.F.);
#16652 = CYLINDRICAL_SURFACE('',#16653,0.875);
#16653 = AXIS2_PLACEMENT_3D('',#16654,#16655,#16656);
#16654 = CARTESIAN_POINT('',(190.8175,-62.309375,-4.5E-02));
#16655 = DIRECTION('',(-0.,-0.,-1.));
#16656 = DIRECTION('',(-0.,-1.,0.));
#16657 = ADVANCED_FACE('',(#16658),#16669,.F.);
#16658 = FACE_BOUND('',#16659,.T.);
#16659 = EDGE_LOOP('',(#16660,#16661,#16667,#16668));
#16660 = ORIENTED_EDGE('',*,*,#6830,.T.);
#16661 = ORIENTED_EDGE('',*,*,#16662,.T.);
#16662 = EDGE_CURVE('',#6831,#11248,#16663,.T.);
#16663 = LINE('',#16664,#16665);
#16664 = CARTESIAN_POINT('',(208.5975,-66.374375,-4.5E-02));
#16665 = VECTOR('',#16666,1.);
#16666 = DIRECTION('',(0.,0.,1.));
#16667 = ORIENTED_EDGE('',*,*,#11247,.F.);
#16668 = ORIENTED_EDGE('',*,*,#16662,.F.);
#16669 = CYLINDRICAL_SURFACE('',#16670,1.525);
#16670 = AXIS2_PLACEMENT_3D('',#16671,#16672,#16673);
#16671 = CARTESIAN_POINT('',(208.5975,-64.849375,-4.5E-02));
#16672 = DIRECTION('',(-0.,-0.,-1.));
#16673 = DIRECTION('',(-0.,-1.,0.));
#16674 = ADVANCED_FACE('',(#16675),#16686,.F.);
#16675 = FACE_BOUND('',#16676,.T.);
#16676 = EDGE_LOOP('',(#16677,#16678,#16684,#16685));
#16677 = ORIENTED_EDGE('',*,*,#6841,.T.);
#16678 = ORIENTED_EDGE('',*,*,#16679,.T.);
#16679 = EDGE_CURVE('',#6842,#11259,#16680,.T.);
#16680 = LINE('',#16681,#16682);
#16681 = CARTESIAN_POINT('',(199.7075,-63.184375,-4.5E-02));
#16682 = VECTOR('',#16683,1.);
#16683 = DIRECTION('',(0.,0.,1.));
#16684 = ORIENTED_EDGE('',*,*,#11258,.F.);
#16685 = ORIENTED_EDGE('',*,*,#16679,.F.);
#16686 = CYLINDRICAL_SURFACE('',#16687,0.875);
#16687 = AXIS2_PLACEMENT_3D('',#16688,#16689,#16690);
#16688 = CARTESIAN_POINT('',(199.7075,-62.309375,-4.5E-02));
#16689 = DIRECTION('',(-0.,-0.,-1.));
#16690 = DIRECTION('',(-0.,-1.,0.));
#16691 = ADVANCED_FACE('',(#16692),#16703,.F.);
#16692 = FACE_BOUND('',#16693,.T.);
#16693 = EDGE_LOOP('',(#16694,#16695,#16701,#16702));
#16694 = ORIENTED_EDGE('',*,*,#6852,.T.);
#16695 = ORIENTED_EDGE('',*,*,#16696,.T.);
#16696 = EDGE_CURVE('',#6853,#11270,#16697,.T.);
#16697 = LINE('',#16698,#16699);
#16698 = CARTESIAN_POINT('',(204.7875,-64.309375,-4.5E-02));
#16699 = VECTOR('',#16700,1.);
#16700 = DIRECTION('',(0.,0.,1.));
#16701 = ORIENTED_EDGE('',*,*,#11269,.F.);
#16702 = ORIENTED_EDGE('',*,*,#16696,.F.);
#16703 = CYLINDRICAL_SURFACE('',#16704,2.);
#16704 = AXIS2_PLACEMENT_3D('',#16705,#16706,#16707);
#16705 = CARTESIAN_POINT('',(204.7875,-62.309375,-4.5E-02));
#16706 = DIRECTION('',(-0.,-0.,-1.));
#16707 = DIRECTION('',(-0.,-1.,0.));
#16708 = ADVANCED_FACE('',(#16709),#16720,.F.);
#16709 = FACE_BOUND('',#16710,.T.);
#16710 = EDGE_LOOP('',(#16711,#16712,#16718,#16719));
#16711 = ORIENTED_EDGE('',*,*,#6863,.T.);
#16712 = ORIENTED_EDGE('',*,*,#16713,.T.);
#16713 = EDGE_CURVE('',#6864,#11281,#16714,.T.);
#16714 = LINE('',#16715,#16716);
#16715 = CARTESIAN_POINT('',(209.8675,-63.184375,-4.5E-02));
#16716 = VECTOR('',#16717,1.);
#16717 = DIRECTION('',(0.,0.,1.));
#16718 = ORIENTED_EDGE('',*,*,#11280,.F.);
#16719 = ORIENTED_EDGE('',*,*,#16713,.F.);
#16720 = CYLINDRICAL_SURFACE('',#16721,0.875);
#16721 = AXIS2_PLACEMENT_3D('',#16722,#16723,#16724);
#16722 = CARTESIAN_POINT('',(209.8675,-62.309375,-4.5E-02));
#16723 = DIRECTION('',(-0.,-0.,-1.));
#16724 = DIRECTION('',(-0.,-1.,0.));
#16725 = ADVANCED_FACE('',(#16726),#16737,.F.);
#16726 = FACE_BOUND('',#16727,.T.);
#16727 = EDGE_LOOP('',(#16728,#16729,#16735,#16736));
#16728 = ORIENTED_EDGE('',*,*,#6874,.T.);
#16729 = ORIENTED_EDGE('',*,*,#16730,.T.);
#16730 = EDGE_CURVE('',#6875,#11292,#16731,.T.);
#16731 = LINE('',#16732,#16733);
#16732 = CARTESIAN_POINT('',(221.2975,-68.914375,-4.5E-02));
#16733 = VECTOR('',#16734,1.);
#16734 = DIRECTION('',(0.,0.,1.));
#16735 = ORIENTED_EDGE('',*,*,#11291,.F.);
#16736 = ORIENTED_EDGE('',*,*,#16730,.F.);
#16737 = CYLINDRICAL_SURFACE('',#16738,1.525);
#16738 = AXIS2_PLACEMENT_3D('',#16739,#16740,#16741);
#16739 = CARTESIAN_POINT('',(221.2975,-67.389375,-4.5E-02));
#16740 = DIRECTION('',(-0.,-0.,-1.));
#16741 = DIRECTION('',(-0.,-1.,0.));
#16742 = ADVANCED_FACE('',(#16743),#16754,.F.);
#16743 = FACE_BOUND('',#16744,.T.);
#16744 = EDGE_LOOP('',(#16745,#16746,#16752,#16753));
#16745 = ORIENTED_EDGE('',*,*,#6885,.T.);
#16746 = ORIENTED_EDGE('',*,*,#16747,.T.);
#16747 = EDGE_CURVE('',#6886,#11303,#16748,.T.);
#16748 = LINE('',#16749,#16750);
#16749 = CARTESIAN_POINT('',(252.25375,-68.914375,-4.5E-02));
#16750 = VECTOR('',#16751,1.);
#16751 = DIRECTION('',(0.,0.,1.));
#16752 = ORIENTED_EDGE('',*,*,#11302,.F.);
#16753 = ORIENTED_EDGE('',*,*,#16747,.F.);
#16754 = CYLINDRICAL_SURFACE('',#16755,1.525);
#16755 = AXIS2_PLACEMENT_3D('',#16756,#16757,#16758);
#16756 = CARTESIAN_POINT('',(252.25375,-67.389375,-4.5E-02));
#16757 = DIRECTION('',(-0.,-0.,-1.));
#16758 = DIRECTION('',(-0.,-1.,0.));
#16759 = ADVANCED_FACE('',(#16760),#16771,.F.);
#16760 = FACE_BOUND('',#16761,.T.);
#16761 = EDGE_LOOP('',(#16762,#16763,#16769,#16770));
#16762 = ORIENTED_EDGE('',*,*,#6896,.T.);
#16763 = ORIENTED_EDGE('',*,*,#16764,.T.);
#16764 = EDGE_CURVE('',#6897,#11314,#16765,.T.);
#16765 = LINE('',#16766,#16767);
#16766 = CARTESIAN_POINT('',(283.21,-68.914375,-4.5E-02));
#16767 = VECTOR('',#16768,1.);
#16768 = DIRECTION('',(0.,0.,1.));
#16769 = ORIENTED_EDGE('',*,*,#11313,.F.);
#16770 = ORIENTED_EDGE('',*,*,#16764,.F.);
#16771 = CYLINDRICAL_SURFACE('',#16772,1.525);
#16772 = AXIS2_PLACEMENT_3D('',#16773,#16774,#16775);
#16773 = CARTESIAN_POINT('',(283.21,-67.389375,-4.5E-02));
#16774 = DIRECTION('',(-0.,-0.,-1.));
#16775 = DIRECTION('',(-3.727437302348E-14,-1.,0.));
#16776 = ADVANCED_FACE('',(#16777),#16788,.F.);
#16777 = FACE_BOUND('',#16778,.T.);
#16778 = EDGE_LOOP('',(#16779,#16780,#16786,#16787));
#16779 = ORIENTED_EDGE('',*,*,#6907,.T.);
#16780 = ORIENTED_EDGE('',*,*,#16781,.T.);
#16781 = EDGE_CURVE('',#6908,#11325,#16782,.T.);
#16782 = LINE('',#16783,#16784);
#16783 = CARTESIAN_POINT('',(227.6475,-66.374375,-4.5E-02));
#16784 = VECTOR('',#16785,1.);
#16785 = DIRECTION('',(0.,0.,1.));
#16786 = ORIENTED_EDGE('',*,*,#11324,.F.);
#16787 = ORIENTED_EDGE('',*,*,#16781,.F.);
#16788 = CYLINDRICAL_SURFACE('',#16789,1.525);
#16789 = AXIS2_PLACEMENT_3D('',#16790,#16791,#16792);
#16790 = CARTESIAN_POINT('',(227.6475,-64.849375,-4.5E-02));
#16791 = DIRECTION('',(-0.,-0.,-1.));
#16792 = DIRECTION('',(-0.,-1.,0.));
#16793 = ADVANCED_FACE('',(#16794),#16805,.F.);
#16794 = FACE_BOUND('',#16795,.T.);
#16795 = EDGE_LOOP('',(#16796,#16797,#16803,#16804));
#16796 = ORIENTED_EDGE('',*,*,#6918,.T.);
#16797 = ORIENTED_EDGE('',*,*,#16798,.T.);
#16798 = EDGE_CURVE('',#6919,#11336,#16799,.T.);
#16799 = LINE('',#16800,#16801);
#16800 = CARTESIAN_POINT('',(218.7575,-63.184375,-4.5E-02));
#16801 = VECTOR('',#16802,1.);
#16802 = DIRECTION('',(0.,0.,1.));
#16803 = ORIENTED_EDGE('',*,*,#11335,.F.);
#16804 = ORIENTED_EDGE('',*,*,#16798,.F.);
#16805 = CYLINDRICAL_SURFACE('',#16806,0.875);
#16806 = AXIS2_PLACEMENT_3D('',#16807,#16808,#16809);
#16807 = CARTESIAN_POINT('',(218.7575,-62.309375,-4.5E-02));
#16808 = DIRECTION('',(-0.,-0.,-1.));
#16809 = DIRECTION('',(-0.,-1.,0.));
#16810 = ADVANCED_FACE('',(#16811),#16822,.F.);
#16811 = FACE_BOUND('',#16812,.T.);
#16812 = EDGE_LOOP('',(#16813,#16814,#16820,#16821));
#16813 = ORIENTED_EDGE('',*,*,#6929,.T.);
#16814 = ORIENTED_EDGE('',*,*,#16815,.T.);
#16815 = EDGE_CURVE('',#6930,#11347,#16816,.T.);
#16816 = LINE('',#16817,#16818);
#16817 = CARTESIAN_POINT('',(223.8375,-64.309375,-4.5E-02));
#16818 = VECTOR('',#16819,1.);
#16819 = DIRECTION('',(0.,0.,1.));
#16820 = ORIENTED_EDGE('',*,*,#11346,.F.);
#16821 = ORIENTED_EDGE('',*,*,#16815,.F.);
#16822 = CYLINDRICAL_SURFACE('',#16823,2.);
#16823 = AXIS2_PLACEMENT_3D('',#16824,#16825,#16826);
#16824 = CARTESIAN_POINT('',(223.8375,-62.309375,-4.5E-02));
#16825 = DIRECTION('',(-0.,-0.,-1.));
#16826 = DIRECTION('',(-0.,-1.,0.));
#16827 = ADVANCED_FACE('',(#16828),#16839,.F.);
#16828 = FACE_BOUND('',#16829,.T.);
#16829 = EDGE_LOOP('',(#16830,#16831,#16837,#16838));
#16830 = ORIENTED_EDGE('',*,*,#6940,.T.);
#16831 = ORIENTED_EDGE('',*,*,#16832,.T.);
#16832 = EDGE_CURVE('',#6941,#11358,#16833,.T.);
#16833 = LINE('',#16834,#16835);
#16834 = CARTESIAN_POINT('',(228.9175,-63.184375,-4.5E-02));
#16835 = VECTOR('',#16836,1.);
#16836 = DIRECTION('',(0.,0.,1.));
#16837 = ORIENTED_EDGE('',*,*,#11357,.F.);
#16838 = ORIENTED_EDGE('',*,*,#16832,.F.);
#16839 = CYLINDRICAL_SURFACE('',#16840,0.875);
#16840 = AXIS2_PLACEMENT_3D('',#16841,#16842,#16843);
#16841 = CARTESIAN_POINT('',(228.9175,-62.309375,-4.5E-02));
#16842 = DIRECTION('',(-0.,-0.,-1.));
#16843 = DIRECTION('',(-0.,-1.,0.));
#16844 = ADVANCED_FACE('',(#16845),#16856,.F.);
#16845 = FACE_BOUND('',#16846,.T.);
#16846 = EDGE_LOOP('',(#16847,#16848,#16854,#16855));
#16847 = ORIENTED_EDGE('',*,*,#6951,.T.);
#16848 = ORIENTED_EDGE('',*,*,#16849,.T.);
#16849 = EDGE_CURVE('',#6952,#11369,#16850,.T.);
#16850 = LINE('',#16851,#16852);
#16851 = CARTESIAN_POINT('',(249.71375,-63.184375,-4.5E-02));
#16852 = VECTOR('',#16853,1.);
#16853 = DIRECTION('',(0.,0.,1.));
#16854 = ORIENTED_EDGE('',*,*,#11368,.F.);
#16855 = ORIENTED_EDGE('',*,*,#16849,.F.);
#16856 = CYLINDRICAL_SURFACE('',#16857,0.875);
#16857 = AXIS2_PLACEMENT_3D('',#16858,#16859,#16860);
#16858 = CARTESIAN_POINT('',(249.71375,-62.309375,-4.5E-02));
#16859 = DIRECTION('',(-0.,-0.,-1.));
#16860 = DIRECTION('',(-0.,-1.,0.));
#16861 = ADVANCED_FACE('',(#16862),#16873,.F.);
#16862 = FACE_BOUND('',#16863,.T.);
#16863 = EDGE_LOOP('',(#16864,#16865,#16871,#16872));
#16864 = ORIENTED_EDGE('',*,*,#6962,.T.);
#16865 = ORIENTED_EDGE('',*,*,#16866,.T.);
#16866 = EDGE_CURVE('',#6963,#11380,#16867,.T.);
#16867 = LINE('',#16868,#16869);
#16868 = CARTESIAN_POINT('',(258.60375,-66.374375,-4.5E-02));
#16869 = VECTOR('',#16870,1.);
#16870 = DIRECTION('',(0.,0.,1.));
#16871 = ORIENTED_EDGE('',*,*,#11379,.F.);
#16872 = ORIENTED_EDGE('',*,*,#16866,.F.);
#16873 = CYLINDRICAL_SURFACE('',#16874,1.525);
#16874 = AXIS2_PLACEMENT_3D('',#16875,#16876,#16877);
#16875 = CARTESIAN_POINT('',(258.60375,-64.849375,-4.5E-02));
#16876 = DIRECTION('',(-0.,-0.,-1.));
#16877 = DIRECTION('',(-0.,-1.,0.));
#16878 = ADVANCED_FACE('',(#16879),#16890,.F.);
#16879 = FACE_BOUND('',#16880,.T.);
#16880 = EDGE_LOOP('',(#16881,#16882,#16888,#16889));
#16881 = ORIENTED_EDGE('',*,*,#6973,.T.);
#16882 = ORIENTED_EDGE('',*,*,#16883,.T.);
#16883 = EDGE_CURVE('',#6974,#11391,#16884,.T.);
#16884 = LINE('',#16885,#16886);
#16885 = CARTESIAN_POINT('',(254.79375,-64.309375,-4.5E-02));
#16886 = VECTOR('',#16887,1.);
#16887 = DIRECTION('',(0.,0.,1.));
#16888 = ORIENTED_EDGE('',*,*,#11390,.F.);
#16889 = ORIENTED_EDGE('',*,*,#16883,.F.);
#16890 = CYLINDRICAL_SURFACE('',#16891,2.);
#16891 = AXIS2_PLACEMENT_3D('',#16892,#16893,#16894);
#16892 = CARTESIAN_POINT('',(254.79375,-62.309375,-4.5E-02));
#16893 = DIRECTION('',(-0.,-0.,-1.));
#16894 = DIRECTION('',(-0.,-1.,0.));
#16895 = ADVANCED_FACE('',(#16896),#16907,.F.);
#16896 = FACE_BOUND('',#16897,.T.);
#16897 = EDGE_LOOP('',(#16898,#16899,#16905,#16906));
#16898 = ORIENTED_EDGE('',*,*,#6984,.T.);
#16899 = ORIENTED_EDGE('',*,*,#16900,.T.);
#16900 = EDGE_CURVE('',#6985,#11402,#16901,.T.);
#16901 = LINE('',#16902,#16903);
#16902 = CARTESIAN_POINT('',(259.87375,-63.184375,-4.5E-02));
#16903 = VECTOR('',#16904,1.);
#16904 = DIRECTION('',(0.,0.,1.));
#16905 = ORIENTED_EDGE('',*,*,#11401,.F.);
#16906 = ORIENTED_EDGE('',*,*,#16900,.F.);
#16907 = CYLINDRICAL_SURFACE('',#16908,0.875);
#16908 = AXIS2_PLACEMENT_3D('',#16909,#16910,#16911);
#16909 = CARTESIAN_POINT('',(259.87375,-62.309375,-4.5E-02));
#16910 = DIRECTION('',(-0.,-0.,-1.));
#16911 = DIRECTION('',(-0.,-1.,0.));
#16912 = ADVANCED_FACE('',(#16913),#16924,.F.);
#16913 = FACE_BOUND('',#16914,.T.);
#16914 = EDGE_LOOP('',(#16915,#16916,#16922,#16923));
#16915 = ORIENTED_EDGE('',*,*,#6995,.T.);
#16916 = ORIENTED_EDGE('',*,*,#16917,.T.);
#16917 = EDGE_CURVE('',#6996,#11413,#16918,.T.);
#16918 = LINE('',#16919,#16920);
#16919 = CARTESIAN_POINT('',(289.56,-66.374375,-4.5E-02));
#16920 = VECTOR('',#16921,1.);
#16921 = DIRECTION('',(0.,0.,1.));
#16922 = ORIENTED_EDGE('',*,*,#11412,.F.);
#16923 = ORIENTED_EDGE('',*,*,#16917,.F.);
#16924 = CYLINDRICAL_SURFACE('',#16925,1.525);
#16925 = AXIS2_PLACEMENT_3D('',#16926,#16927,#16928);
#16926 = CARTESIAN_POINT('',(289.56,-64.849375,-4.5E-02));
#16927 = DIRECTION('',(-0.,-0.,-1.));
#16928 = DIRECTION('',(-0.,-1.,0.));
#16929 = ADVANCED_FACE('',(#16930),#16941,.F.);
#16930 = FACE_BOUND('',#16931,.T.);
#16931 = EDGE_LOOP('',(#16932,#16933,#16939,#16940));
#16932 = ORIENTED_EDGE('',*,*,#7006,.T.);
#16933 = ORIENTED_EDGE('',*,*,#16934,.T.);
#16934 = EDGE_CURVE('',#7007,#11424,#16935,.T.);
#16935 = LINE('',#16936,#16937);
#16936 = CARTESIAN_POINT('',(280.67,-63.184375,-4.5E-02));
#16937 = VECTOR('',#16938,1.);
#16938 = DIRECTION('',(0.,0.,1.));
#16939 = ORIENTED_EDGE('',*,*,#11423,.F.);
#16940 = ORIENTED_EDGE('',*,*,#16934,.F.);
#16941 = CYLINDRICAL_SURFACE('',#16942,0.875);
#16942 = AXIS2_PLACEMENT_3D('',#16943,#16944,#16945);
#16943 = CARTESIAN_POINT('',(280.67,-62.309375,-4.5E-02));
#16944 = DIRECTION('',(-0.,-0.,-1.));
#16945 = DIRECTION('',(-0.,-1.,0.));
#16946 = ADVANCED_FACE('',(#16947),#16958,.F.);
#16947 = FACE_BOUND('',#16948,.T.);
#16948 = EDGE_LOOP('',(#16949,#16950,#16956,#16957));
#16949 = ORIENTED_EDGE('',*,*,#7017,.T.);
#16950 = ORIENTED_EDGE('',*,*,#16951,.T.);
#16951 = EDGE_CURVE('',#7018,#11435,#16952,.T.);
#16952 = LINE('',#16953,#16954);
#16953 = CARTESIAN_POINT('',(285.75,-64.309375,-4.5E-02));
#16954 = VECTOR('',#16955,1.);
#16955 = DIRECTION('',(0.,0.,1.));
#16956 = ORIENTED_EDGE('',*,*,#11434,.F.);
#16957 = ORIENTED_EDGE('',*,*,#16951,.F.);
#16958 = CYLINDRICAL_SURFACE('',#16959,2.);
#16959 = AXIS2_PLACEMENT_3D('',#16960,#16961,#16962);
#16960 = CARTESIAN_POINT('',(285.75,-62.309375,-4.5E-02));
#16961 = DIRECTION('',(-0.,-0.,-1.));
#16962 = DIRECTION('',(-0.,-1.,0.));
#16963 = ADVANCED_FACE('',(#16964),#16975,.F.);
#16964 = FACE_BOUND('',#16965,.T.);
#16965 = EDGE_LOOP('',(#16966,#16967,#16973,#16974));
#16966 = ORIENTED_EDGE('',*,*,#7028,.T.);
#16967 = ORIENTED_EDGE('',*,*,#16968,.T.);
#16968 = EDGE_CURVE('',#7029,#11446,#16969,.T.);
#16969 = LINE('',#16970,#16971);
#16970 = CARTESIAN_POINT('',(290.83,-63.184375,-4.5E-02));
#16971 = VECTOR('',#16972,1.);
#16972 = DIRECTION('',(0.,0.,1.));
#16973 = ORIENTED_EDGE('',*,*,#11445,.F.);
#16974 = ORIENTED_EDGE('',*,*,#16968,.F.);
#16975 = CYLINDRICAL_SURFACE('',#16976,0.875);
#16976 = AXIS2_PLACEMENT_3D('',#16977,#16978,#16979);
#16977 = CARTESIAN_POINT('',(290.83,-62.309375,-4.5E-02));
#16978 = DIRECTION('',(-0.,-0.,-1.));
#16979 = DIRECTION('',(-0.,-1.,0.));
#16980 = ADVANCED_FACE('',(#16981),#16992,.F.);
#16981 = FACE_BOUND('',#16982,.T.);
#16982 = EDGE_LOOP('',(#16983,#16984,#16990,#16991));
#16983 = ORIENTED_EDGE('',*,*,#7039,.T.);
#16984 = ORIENTED_EDGE('',*,*,#16985,.T.);
#16985 = EDGE_CURVE('',#7040,#11457,#16986,.T.);
#16986 = LINE('',#16987,#16988);
#16987 = CARTESIAN_POINT('',(2.2225,-49.864375,-4.5E-02));
#16988 = VECTOR('',#16989,1.);
#16989 = DIRECTION('',(0.,0.,1.));
#16990 = ORIENTED_EDGE('',*,*,#11456,.F.);
#16991 = ORIENTED_EDGE('',*,*,#16985,.F.);
#16992 = CYLINDRICAL_SURFACE('',#16993,1.525);
#16993 = AXIS2_PLACEMENT_3D('',#16994,#16995,#16996);
#16994 = CARTESIAN_POINT('',(2.2225,-48.339375,-4.5E-02));
#16995 = DIRECTION('',(-0.,-0.,-1.));
#16996 = DIRECTION('',(-0.,-1.,0.));
#16997 = ADVANCED_FACE('',(#16998),#17009,.F.);
#16998 = FACE_BOUND('',#16999,.T.);
#16999 = EDGE_LOOP('',(#17000,#17001,#17007,#17008));
#17000 = ORIENTED_EDGE('',*,*,#7050,.T.);
#17001 = ORIENTED_EDGE('',*,*,#17002,.T.);
#17002 = EDGE_CURVE('',#7051,#11468,#17003,.T.);
#17003 = LINE('',#17004,#17005);
#17004 = CARTESIAN_POINT('',(26.035,-49.864375,-4.5E-02));
#17005 = VECTOR('',#17006,1.);
#17006 = DIRECTION('',(0.,0.,1.));
#17007 = ORIENTED_EDGE('',*,*,#11467,.F.);
#17008 = ORIENTED_EDGE('',*,*,#17002,.F.);
#17009 = CYLINDRICAL_SURFACE('',#17010,1.525);
#17010 = AXIS2_PLACEMENT_3D('',#17011,#17012,#17013);
#17011 = CARTESIAN_POINT('',(26.035,-48.339375,-4.5E-02));
#17012 = DIRECTION('',(-0.,-0.,-1.));
#17013 = DIRECTION('',(-0.,-1.,0.));
#17014 = ADVANCED_FACE('',(#17015),#17026,.F.);
#17015 = FACE_BOUND('',#17016,.T.);
#17016 = EDGE_LOOP('',(#17017,#17018,#17024,#17025));
#17017 = ORIENTED_EDGE('',*,*,#7061,.T.);
#17018 = ORIENTED_EDGE('',*,*,#17019,.T.);
#17019 = EDGE_CURVE('',#7062,#11479,#17020,.T.);
#17020 = LINE('',#17021,#17022);
#17021 = CARTESIAN_POINT('',(-0.3175,-44.134375,-4.5E-02));
#17022 = VECTOR('',#17023,1.);
#17023 = DIRECTION('',(0.,0.,1.));
#17024 = ORIENTED_EDGE('',*,*,#11478,.F.);
#17025 = ORIENTED_EDGE('',*,*,#17019,.F.);
#17026 = CYLINDRICAL_SURFACE('',#17027,0.875);
#17027 = AXIS2_PLACEMENT_3D('',#17028,#17029,#17030);
#17028 = CARTESIAN_POINT('',(-0.3175,-43.259375,-4.5E-02));
#17029 = DIRECTION('',(-0.,-0.,-1.));
#17030 = DIRECTION('',(-0.,-1.,0.));
#17031 = ADVANCED_FACE('',(#17032),#17043,.F.);
#17032 = FACE_BOUND('',#17033,.T.);
#17033 = EDGE_LOOP('',(#17034,#17035,#17041,#17042));
#17034 = ORIENTED_EDGE('',*,*,#7072,.T.);
#17035 = ORIENTED_EDGE('',*,*,#17036,.T.);
#17036 = EDGE_CURVE('',#7073,#11490,#17037,.T.);
#17037 = LINE('',#17038,#17039);
#17038 = CARTESIAN_POINT('',(8.5725,-47.324375,-4.5E-02));
#17039 = VECTOR('',#17040,1.);
#17040 = DIRECTION('',(0.,0.,1.));
#17041 = ORIENTED_EDGE('',*,*,#11489,.F.);
#17042 = ORIENTED_EDGE('',*,*,#17036,.F.);
#17043 = CYLINDRICAL_SURFACE('',#17044,1.525);
#17044 = AXIS2_PLACEMENT_3D('',#17045,#17046,#17047);
#17045 = CARTESIAN_POINT('',(8.5725,-45.799375,-4.5E-02));
#17046 = DIRECTION('',(-0.,-0.,-1.));
#17047 = DIRECTION('',(-0.,-1.,0.));
#17048 = ADVANCED_FACE('',(#17049),#17060,.F.);
#17049 = FACE_BOUND('',#17050,.T.);
#17050 = EDGE_LOOP('',(#17051,#17052,#17058,#17059));
#17051 = ORIENTED_EDGE('',*,*,#7083,.T.);
#17052 = ORIENTED_EDGE('',*,*,#17053,.T.);
#17053 = EDGE_CURVE('',#7084,#11501,#17054,.T.);
#17054 = LINE('',#17055,#17056);
#17055 = CARTESIAN_POINT('',(4.7625,-45.259375,-4.5E-02));
#17056 = VECTOR('',#17057,1.);
#17057 = DIRECTION('',(0.,0.,1.));
#17058 = ORIENTED_EDGE('',*,*,#11500,.F.);
#17059 = ORIENTED_EDGE('',*,*,#17053,.F.);
#17060 = CYLINDRICAL_SURFACE('',#17061,2.);
#17061 = AXIS2_PLACEMENT_3D('',#17062,#17063,#17064);
#17062 = CARTESIAN_POINT('',(4.7625,-43.259375,-4.5E-02));
#17063 = DIRECTION('',(-0.,-0.,-1.));
#17064 = DIRECTION('',(-0.,-1.,0.));
#17065 = ADVANCED_FACE('',(#17066),#17077,.F.);
#17066 = FACE_BOUND('',#17067,.T.);
#17067 = EDGE_LOOP('',(#17068,#17069,#17075,#17076));
#17068 = ORIENTED_EDGE('',*,*,#7094,.T.);
#17069 = ORIENTED_EDGE('',*,*,#17070,.T.);
#17070 = EDGE_CURVE('',#7095,#11512,#17071,.T.);
#17071 = LINE('',#17072,#17073);
#17072 = CARTESIAN_POINT('',(9.8425,-44.134375,-4.5E-02));
#17073 = VECTOR('',#17074,1.);
#17074 = DIRECTION('',(0.,0.,1.));
#17075 = ORIENTED_EDGE('',*,*,#11511,.F.);
#17076 = ORIENTED_EDGE('',*,*,#17070,.F.);
#17077 = CYLINDRICAL_SURFACE('',#17078,0.875);
#17078 = AXIS2_PLACEMENT_3D('',#17079,#17080,#17081);
#17079 = CARTESIAN_POINT('',(9.8425,-43.259375,-4.5E-02));
#17080 = DIRECTION('',(-0.,-0.,-1.));
#17081 = DIRECTION('',(-0.,-1.,0.));
#17082 = ADVANCED_FACE('',(#17083),#17094,.F.);
#17083 = FACE_BOUND('',#17084,.T.);
#17084 = EDGE_LOOP('',(#17085,#17086,#17092,#17093));
#17085 = ORIENTED_EDGE('',*,*,#7105,.T.);
#17086 = ORIENTED_EDGE('',*,*,#17087,.T.);
#17087 = EDGE_CURVE('',#7106,#11523,#17088,.T.);
#17088 = LINE('',#17089,#17090);
#17089 = CARTESIAN_POINT('',(23.495,-44.134375,-4.5E-02));
#17090 = VECTOR('',#17091,1.);
#17091 = DIRECTION('',(0.,0.,1.));
#17092 = ORIENTED_EDGE('',*,*,#11522,.F.);
#17093 = ORIENTED_EDGE('',*,*,#17087,.F.);
#17094 = CYLINDRICAL_SURFACE('',#17095,0.875);
#17095 = AXIS2_PLACEMENT_3D('',#17096,#17097,#17098);
#17096 = CARTESIAN_POINT('',(23.495,-43.259375,-4.5E-02));
#17097 = DIRECTION('',(-0.,-0.,-1.));
#17098 = DIRECTION('',(-0.,-1.,0.));
#17099 = ADVANCED_FACE('',(#17100),#17111,.F.);
#17100 = FACE_BOUND('',#17101,.T.);
#17101 = EDGE_LOOP('',(#17102,#17103,#17109,#17110));
#17102 = ORIENTED_EDGE('',*,*,#7116,.T.);
#17103 = ORIENTED_EDGE('',*,*,#17104,.T.);
#17104 = EDGE_CURVE('',#7117,#11534,#17105,.T.);
#17105 = LINE('',#17106,#17107);
#17106 = CARTESIAN_POINT('',(28.575,-45.259375,-4.5E-02));
#17107 = VECTOR('',#17108,1.);
#17108 = DIRECTION('',(0.,0.,1.));
#17109 = ORIENTED_EDGE('',*,*,#11533,.F.);
#17110 = ORIENTED_EDGE('',*,*,#17104,.F.);
#17111 = CYLINDRICAL_SURFACE('',#17112,2.);
#17112 = AXIS2_PLACEMENT_3D('',#17113,#17114,#17115);
#17113 = CARTESIAN_POINT('',(28.575,-43.259375,-4.5E-02));
#17114 = DIRECTION('',(-0.,-0.,-1.));
#17115 = DIRECTION('',(-0.,-1.,0.));
#17116 = ADVANCED_FACE('',(#17117),#17128,.F.);
#17117 = FACE_BOUND('',#17118,.T.);
#17118 = EDGE_LOOP('',(#17119,#17120,#17126,#17127));
#17119 = ORIENTED_EDGE('',*,*,#7127,.T.);
#17120 = ORIENTED_EDGE('',*,*,#17121,.T.);
#17121 = EDGE_CURVE('',#7128,#11545,#17122,.T.);
#17122 = LINE('',#17123,#17124);
#17123 = CARTESIAN_POINT('',(45.085,-49.864375,-4.5E-02));
#17124 = VECTOR('',#17125,1.);
#17125 = DIRECTION('',(0.,0.,1.));
#17126 = ORIENTED_EDGE('',*,*,#11544,.F.);
#17127 = ORIENTED_EDGE('',*,*,#17121,.F.);
#17128 = CYLINDRICAL_SURFACE('',#17129,1.525);
#17129 = AXIS2_PLACEMENT_3D('',#17130,#17131,#17132);
#17130 = CARTESIAN_POINT('',(45.085,-48.339375,-4.5E-02));
#17131 = DIRECTION('',(-0.,-0.,-1.));
#17132 = DIRECTION('',(-0.,-1.,0.));
#17133 = ADVANCED_FACE('',(#17134),#17145,.F.);
#17134 = FACE_BOUND('',#17135,.T.);
#17135 = EDGE_LOOP('',(#17136,#17137,#17143,#17144));
#17136 = ORIENTED_EDGE('',*,*,#7138,.T.);
#17137 = ORIENTED_EDGE('',*,*,#17138,.T.);
#17138 = EDGE_CURVE('',#7139,#11556,#17139,.T.);
#17139 = LINE('',#17140,#17141);
#17140 = CARTESIAN_POINT('',(64.135,-49.864375,-4.5E-02));
#17141 = VECTOR('',#17142,1.);
#17142 = DIRECTION('',(0.,0.,1.));
#17143 = ORIENTED_EDGE('',*,*,#11555,.F.);
#17144 = ORIENTED_EDGE('',*,*,#17138,.F.);
#17145 = CYLINDRICAL_SURFACE('',#17146,1.525);
#17146 = AXIS2_PLACEMENT_3D('',#17147,#17148,#17149);
#17147 = CARTESIAN_POINT('',(64.135,-48.339375,-4.5E-02));
#17148 = DIRECTION('',(-0.,0.,-1.));
#17149 = DIRECTION('',(9.31859325587E-15,-1.,-0.));
#17150 = ADVANCED_FACE('',(#17151),#17162,.F.);
#17151 = FACE_BOUND('',#17152,.T.);
#17152 = EDGE_LOOP('',(#17153,#17154,#17160,#17161));
#17153 = ORIENTED_EDGE('',*,*,#7149,.T.);
#17154 = ORIENTED_EDGE('',*,*,#17155,.T.);
#17155 = EDGE_CURVE('',#7150,#11567,#17156,.T.);
#17156 = LINE('',#17157,#17158);
#17157 = CARTESIAN_POINT('',(32.385,-47.324375,-4.5E-02));
#17158 = VECTOR('',#17159,1.);
#17159 = DIRECTION('',(0.,0.,1.));
#17160 = ORIENTED_EDGE('',*,*,#11566,.F.);
#17161 = ORIENTED_EDGE('',*,*,#17155,.F.);
#17162 = CYLINDRICAL_SURFACE('',#17163,1.525);
#17163 = AXIS2_PLACEMENT_3D('',#17164,#17165,#17166);
#17164 = CARTESIAN_POINT('',(32.385,-45.799375,-4.5E-02));
#17165 = DIRECTION('',(-0.,-0.,-1.));
#17166 = DIRECTION('',(-0.,-1.,0.));
#17167 = ADVANCED_FACE('',(#17168),#17179,.F.);
#17168 = FACE_BOUND('',#17169,.T.);
#17169 = EDGE_LOOP('',(#17170,#17171,#17177,#17178));
#17170 = ORIENTED_EDGE('',*,*,#7160,.T.);
#17171 = ORIENTED_EDGE('',*,*,#17172,.T.);
#17172 = EDGE_CURVE('',#7161,#11578,#17173,.T.);
#17173 = LINE('',#17174,#17175);
#17174 = CARTESIAN_POINT('',(33.655,-44.134375,-4.5E-02));
#17175 = VECTOR('',#17176,1.);
#17176 = DIRECTION('',(0.,0.,1.));
#17177 = ORIENTED_EDGE('',*,*,#11577,.F.);
#17178 = ORIENTED_EDGE('',*,*,#17172,.F.);
#17179 = CYLINDRICAL_SURFACE('',#17180,0.875);
#17180 = AXIS2_PLACEMENT_3D('',#17181,#17182,#17183);
#17181 = CARTESIAN_POINT('',(33.655,-43.259375,-4.5E-02));
#17182 = DIRECTION('',(-0.,-0.,-1.));
#17183 = DIRECTION('',(-0.,-1.,0.));
#17184 = ADVANCED_FACE('',(#17185),#17196,.F.);
#17185 = FACE_BOUND('',#17186,.T.);
#17186 = EDGE_LOOP('',(#17187,#17188,#17194,#17195));
#17187 = ORIENTED_EDGE('',*,*,#7171,.T.);
#17188 = ORIENTED_EDGE('',*,*,#17189,.T.);
#17189 = EDGE_CURVE('',#7172,#11589,#17190,.T.);
#17190 = LINE('',#17191,#17192);
#17191 = CARTESIAN_POINT('',(42.545,-44.134375,-4.5E-02));
#17192 = VECTOR('',#17193,1.);
#17193 = DIRECTION('',(0.,0.,1.));
#17194 = ORIENTED_EDGE('',*,*,#11588,.F.);
#17195 = ORIENTED_EDGE('',*,*,#17189,.F.);
#17196 = CYLINDRICAL_SURFACE('',#17197,0.875);
#17197 = AXIS2_PLACEMENT_3D('',#17198,#17199,#17200);
#17198 = CARTESIAN_POINT('',(42.545,-43.259375,-4.5E-02));
#17199 = DIRECTION('',(-0.,-0.,-1.));
#17200 = DIRECTION('',(-0.,-1.,0.));
#17201 = ADVANCED_FACE('',(#17202),#17213,.F.);
#17202 = FACE_BOUND('',#17203,.T.);
#17203 = EDGE_LOOP('',(#17204,#17205,#17211,#17212));
#17204 = ORIENTED_EDGE('',*,*,#7182,.T.);
#17205 = ORIENTED_EDGE('',*,*,#17206,.T.);
#17206 = EDGE_CURVE('',#7183,#11600,#17207,.T.);
#17207 = LINE('',#17208,#17209);
#17208 = CARTESIAN_POINT('',(47.625,-45.259375,-4.5E-02));
#17209 = VECTOR('',#17210,1.);
#17210 = DIRECTION('',(0.,0.,1.));
#17211 = ORIENTED_EDGE('',*,*,#11599,.F.);
#17212 = ORIENTED_EDGE('',*,*,#17206,.F.);
#17213 = CYLINDRICAL_SURFACE('',#17214,2.);
#17214 = AXIS2_PLACEMENT_3D('',#17215,#17216,#17217);
#17215 = CARTESIAN_POINT('',(47.625,-43.259375,-4.5E-02));
#17216 = DIRECTION('',(-0.,-0.,-1.));
#17217 = DIRECTION('',(-0.,-1.,0.));
#17218 = ADVANCED_FACE('',(#17219),#17230,.F.);
#17219 = FACE_BOUND('',#17220,.T.);
#17220 = EDGE_LOOP('',(#17221,#17222,#17228,#17229));
#17221 = ORIENTED_EDGE('',*,*,#7193,.T.);
#17222 = ORIENTED_EDGE('',*,*,#17223,.T.);
#17223 = EDGE_CURVE('',#7194,#11611,#17224,.T.);
#17224 = LINE('',#17225,#17226);
#17225 = CARTESIAN_POINT('',(51.435,-47.324375,-4.5E-02));
#17226 = VECTOR('',#17227,1.);
#17227 = DIRECTION('',(0.,0.,1.));
#17228 = ORIENTED_EDGE('',*,*,#11610,.F.);
#17229 = ORIENTED_EDGE('',*,*,#17223,.F.);
#17230 = CYLINDRICAL_SURFACE('',#17231,1.525);
#17231 = AXIS2_PLACEMENT_3D('',#17232,#17233,#17234);
#17232 = CARTESIAN_POINT('',(51.435,-45.799375,-4.5E-02));
#17233 = DIRECTION('',(-0.,-0.,-1.));
#17234 = DIRECTION('',(-0.,-1.,0.));
#17235 = ADVANCED_FACE('',(#17236),#17247,.F.);
#17236 = FACE_BOUND('',#17237,.T.);
#17237 = EDGE_LOOP('',(#17238,#17239,#17245,#17246));
#17238 = ORIENTED_EDGE('',*,*,#7204,.T.);
#17239 = ORIENTED_EDGE('',*,*,#17240,.T.);
#17240 = EDGE_CURVE('',#7205,#11622,#17241,.T.);
#17241 = LINE('',#17242,#17243);
#17242 = CARTESIAN_POINT('',(52.705,-44.134375,-4.5E-02));
#17243 = VECTOR('',#17244,1.);
#17244 = DIRECTION('',(0.,0.,1.));
#17245 = ORIENTED_EDGE('',*,*,#11621,.F.);
#17246 = ORIENTED_EDGE('',*,*,#17240,.F.);
#17247 = CYLINDRICAL_SURFACE('',#17248,0.875);
#17248 = AXIS2_PLACEMENT_3D('',#17249,#17250,#17251);
#17249 = CARTESIAN_POINT('',(52.705,-43.259375,-4.5E-02));
#17250 = DIRECTION('',(-0.,-0.,-1.));
#17251 = DIRECTION('',(-0.,-1.,0.));
#17252 = ADVANCED_FACE('',(#17253),#17264,.F.);
#17253 = FACE_BOUND('',#17254,.T.);
#17254 = EDGE_LOOP('',(#17255,#17256,#17262,#17263));
#17255 = ORIENTED_EDGE('',*,*,#7215,.T.);
#17256 = ORIENTED_EDGE('',*,*,#17257,.T.);
#17257 = EDGE_CURVE('',#7216,#11633,#17258,.T.);
#17258 = LINE('',#17259,#17260);
#17259 = CARTESIAN_POINT('',(61.595,-44.134375,-4.5E-02));
#17260 = VECTOR('',#17261,1.);
#17261 = DIRECTION('',(0.,0.,1.));
#17262 = ORIENTED_EDGE('',*,*,#11632,.F.);
#17263 = ORIENTED_EDGE('',*,*,#17257,.F.);
#17264 = CYLINDRICAL_SURFACE('',#17265,0.875);
#17265 = AXIS2_PLACEMENT_3D('',#17266,#17267,#17268);
#17266 = CARTESIAN_POINT('',(61.595,-43.259375,-4.5E-02));
#17267 = DIRECTION('',(-0.,-0.,-1.));
#17268 = DIRECTION('',(-0.,-1.,0.));
#17269 = ADVANCED_FACE('',(#17270),#17281,.F.);
#17270 = FACE_BOUND('',#17271,.T.);
#17271 = EDGE_LOOP('',(#17272,#17273,#17279,#17280));
#17272 = ORIENTED_EDGE('',*,*,#7226,.T.);
#17273 = ORIENTED_EDGE('',*,*,#17274,.T.);
#17274 = EDGE_CURVE('',#7227,#11644,#17275,.T.);
#17275 = LINE('',#17276,#17277);
#17276 = CARTESIAN_POINT('',(66.675,-45.259375,-4.5E-02));
#17277 = VECTOR('',#17278,1.);
#17278 = DIRECTION('',(0.,0.,1.));
#17279 = ORIENTED_EDGE('',*,*,#11643,.F.);
#17280 = ORIENTED_EDGE('',*,*,#17274,.F.);
#17281 = CYLINDRICAL_SURFACE('',#17282,2.);
#17282 = AXIS2_PLACEMENT_3D('',#17283,#17284,#17285);
#17283 = CARTESIAN_POINT('',(66.675,-43.259375,-4.5E-02));
#17284 = DIRECTION('',(-0.,-0.,-1.));
#17285 = DIRECTION('',(-0.,-1.,0.));
#17286 = ADVANCED_FACE('',(#17287),#17298,.F.);
#17287 = FACE_BOUND('',#17288,.T.);
#17288 = EDGE_LOOP('',(#17289,#17290,#17296,#17297));
#17289 = ORIENTED_EDGE('',*,*,#7237,.T.);
#17290 = ORIENTED_EDGE('',*,*,#17291,.T.);
#17291 = EDGE_CURVE('',#7238,#11655,#17292,.T.);
#17292 = LINE('',#17293,#17294);
#17293 = CARTESIAN_POINT('',(-2.54,-30.814375,-4.5E-02));
#17294 = VECTOR('',#17295,1.);
#17295 = DIRECTION('',(0.,0.,1.));
#17296 = ORIENTED_EDGE('',*,*,#11654,.F.);
#17297 = ORIENTED_EDGE('',*,*,#17291,.F.);
#17298 = CYLINDRICAL_SURFACE('',#17299,1.525);
#17299 = AXIS2_PLACEMENT_3D('',#17300,#17301,#17302);
#17300 = CARTESIAN_POINT('',(-2.54,-29.289375,-4.5E-02));
#17301 = DIRECTION('',(-0.,-0.,-1.));
#17302 = DIRECTION('',(-0.,-1.,0.));
#17303 = ADVANCED_FACE('',(#17304),#17315,.F.);
#17304 = FACE_BOUND('',#17305,.T.);
#17305 = EDGE_LOOP('',(#17306,#17307,#17313,#17314));
#17306 = ORIENTED_EDGE('',*,*,#7248,.T.);
#17307 = ORIENTED_EDGE('',*,*,#17308,.T.);
#17308 = EDGE_CURVE('',#7249,#11666,#17309,.T.);
#17309 = LINE('',#17310,#17311);
#17310 = CARTESIAN_POINT('',(3.81,-28.274375,-4.5E-02));
#17311 = VECTOR('',#17312,1.);
#17312 = DIRECTION('',(0.,0.,1.));
#17313 = ORIENTED_EDGE('',*,*,#11665,.F.);
#17314 = ORIENTED_EDGE('',*,*,#17308,.F.);
#17315 = CYLINDRICAL_SURFACE('',#17316,1.525);
#17316 = AXIS2_PLACEMENT_3D('',#17317,#17318,#17319);
#17317 = CARTESIAN_POINT('',(3.81,-26.749375,-4.5E-02));
#17318 = DIRECTION('',(-0.,0.,-1.));
#17319 = DIRECTION('',(2.912060392459E-16,-1.,-0.));
#17320 = ADVANCED_FACE('',(#17321),#17332,.F.);
#17321 = FACE_BOUND('',#17322,.T.);
#17322 = EDGE_LOOP('',(#17323,#17324,#17330,#17331));
#17323 = ORIENTED_EDGE('',*,*,#7259,.T.);
#17324 = ORIENTED_EDGE('',*,*,#17325,.T.);
#17325 = EDGE_CURVE('',#7260,#11677,#17326,.T.);
#17326 = LINE('',#17327,#17328);
#17327 = CARTESIAN_POINT('',(16.51,-30.814375,-4.5E-02));
#17328 = VECTOR('',#17329,1.);
#17329 = DIRECTION('',(0.,0.,1.));
#17330 = ORIENTED_EDGE('',*,*,#11676,.F.);
#17331 = ORIENTED_EDGE('',*,*,#17325,.F.);
#17332 = CYLINDRICAL_SURFACE('',#17333,1.525);
#17333 = AXIS2_PLACEMENT_3D('',#17334,#17335,#17336);
#17334 = CARTESIAN_POINT('',(16.51,-29.289375,-4.5E-02));
#17335 = DIRECTION('',(-0.,0.,-1.));
#17336 = DIRECTION('',(2.329648313968E-15,-1.,-0.));
#17337 = ADVANCED_FACE('',(#17338),#17349,.F.);
#17338 = FACE_BOUND('',#17339,.T.);
#17339 = EDGE_LOOP('',(#17340,#17341,#17347,#17348));
#17340 = ORIENTED_EDGE('',*,*,#7270,.T.);
#17341 = ORIENTED_EDGE('',*,*,#17342,.T.);
#17342 = EDGE_CURVE('',#7271,#11688,#17343,.T.);
#17343 = LINE('',#17344,#17345);
#17344 = CARTESIAN_POINT('',(22.86,-28.274375,-4.5E-02));
#17345 = VECTOR('',#17346,1.);
#17346 = DIRECTION('',(0.,0.,1.));
#17347 = ORIENTED_EDGE('',*,*,#11687,.F.);
#17348 = ORIENTED_EDGE('',*,*,#17342,.F.);
#17349 = CYLINDRICAL_SURFACE('',#17350,1.525);
#17350 = AXIS2_PLACEMENT_3D('',#17351,#17352,#17353);
#17351 = CARTESIAN_POINT('',(22.86,-26.749375,-4.5E-02));
#17352 = DIRECTION('',(-0.,-0.,-1.));
#17353 = DIRECTION('',(-0.,-1.,0.));
#17354 = ADVANCED_FACE('',(#17355),#17366,.F.);
#17355 = FACE_BOUND('',#17356,.T.);
#17356 = EDGE_LOOP('',(#17357,#17358,#17364,#17365));
#17357 = ORIENTED_EDGE('',*,*,#7281,.T.);
#17358 = ORIENTED_EDGE('',*,*,#17359,.T.);
#17359 = EDGE_CURVE('',#7282,#11699,#17360,.T.);
#17360 = LINE('',#17361,#17362);
#17361 = CARTESIAN_POINT('',(35.56,-30.814375,-4.5E-02));
#17362 = VECTOR('',#17363,1.);
#17363 = DIRECTION('',(0.,0.,1.));
#17364 = ORIENTED_EDGE('',*,*,#11698,.F.);
#17365 = ORIENTED_EDGE('',*,*,#17359,.F.);
#17366 = CYLINDRICAL_SURFACE('',#17367,1.525);
#17367 = AXIS2_PLACEMENT_3D('',#17368,#17369,#17370);
#17368 = CARTESIAN_POINT('',(35.56,-29.289375,-4.5E-02));
#17369 = DIRECTION('',(-0.,-0.,-1.));
#17370 = DIRECTION('',(-0.,-1.,0.));
#17371 = ADVANCED_FACE('',(#17372),#17383,.F.);
#17372 = FACE_BOUND('',#17373,.T.);
#17373 = EDGE_LOOP('',(#17374,#17375,#17381,#17382));
#17374 = ORIENTED_EDGE('',*,*,#7292,.T.);
#17375 = ORIENTED_EDGE('',*,*,#17376,.T.);
#17376 = EDGE_CURVE('',#7293,#11710,#17377,.T.);
#17377 = LINE('',#17378,#17379);
#17378 = CARTESIAN_POINT('',(41.91,-28.274375,-4.5E-02));
#17379 = VECTOR('',#17380,1.);
#17380 = DIRECTION('',(0.,0.,1.));
#17381 = ORIENTED_EDGE('',*,*,#11709,.F.);
#17382 = ORIENTED_EDGE('',*,*,#17376,.F.);
#17383 = CYLINDRICAL_SURFACE('',#17384,1.525);
#17384 = AXIS2_PLACEMENT_3D('',#17385,#17386,#17387);
#17385 = CARTESIAN_POINT('',(41.91,-26.749375,-4.5E-02));
#17386 = DIRECTION('',(-0.,-0.,-1.));
#17387 = DIRECTION('',(-0.,-1.,0.));
#17388 = ADVANCED_FACE('',(#17389),#17400,.F.);
#17389 = FACE_BOUND('',#17390,.T.);
#17390 = EDGE_LOOP('',(#17391,#17392,#17398,#17399));
#17391 = ORIENTED_EDGE('',*,*,#7303,.T.);
#17392 = ORIENTED_EDGE('',*,*,#17393,.T.);
#17393 = EDGE_CURVE('',#7304,#11721,#17394,.T.);
#17394 = LINE('',#17395,#17396);
#17395 = CARTESIAN_POINT('',(54.61,-30.814375,-4.5E-02));
#17396 = VECTOR('',#17397,1.);
#17397 = DIRECTION('',(0.,0.,1.));
#17398 = ORIENTED_EDGE('',*,*,#11720,.F.);
#17399 = ORIENTED_EDGE('',*,*,#17393,.F.);
#17400 = CYLINDRICAL_SURFACE('',#17401,1.525);
#17401 = AXIS2_PLACEMENT_3D('',#17402,#17403,#17404);
#17402 = CARTESIAN_POINT('',(54.61,-29.289375,-4.5E-02));
#17403 = DIRECTION('',(-0.,-0.,-1.));
#17404 = DIRECTION('',(-0.,-1.,0.));
#17405 = ADVANCED_FACE('',(#17406),#17417,.F.);
#17406 = FACE_BOUND('',#17407,.T.);
#17407 = EDGE_LOOP('',(#17408,#17409,#17415,#17416));
#17408 = ORIENTED_EDGE('',*,*,#7314,.T.);
#17409 = ORIENTED_EDGE('',*,*,#17410,.T.);
#17410 = EDGE_CURVE('',#7315,#11732,#17411,.T.);
#17411 = LINE('',#17412,#17413);
#17412 = CARTESIAN_POINT('',(60.96,-28.274375,-4.5E-02));
#17413 = VECTOR('',#17414,1.);
#17414 = DIRECTION('',(0.,0.,1.));
#17415 = ORIENTED_EDGE('',*,*,#11731,.F.);
#17416 = ORIENTED_EDGE('',*,*,#17410,.F.);
#17417 = CYLINDRICAL_SURFACE('',#17418,1.525);
#17418 = AXIS2_PLACEMENT_3D('',#17419,#17420,#17421);
#17419 = CARTESIAN_POINT('',(60.96,-26.749375,-4.5E-02));
#17420 = DIRECTION('',(-0.,-0.,-1.));
#17421 = DIRECTION('',(-0.,-1.,0.));
#17422 = ADVANCED_FACE('',(#17423),#17434,.F.);
#17423 = FACE_BOUND('',#17424,.T.);
#17424 = EDGE_LOOP('',(#17425,#17426,#17432,#17433));
#17425 = ORIENTED_EDGE('',*,*,#7325,.T.);
#17426 = ORIENTED_EDGE('',*,*,#17427,.T.);
#17427 = EDGE_CURVE('',#7326,#11743,#17428,.T.);
#17428 = LINE('',#17429,#17430);
#17429 = CARTESIAN_POINT('',(83.185,-49.864375,-4.5E-02));
#17430 = VECTOR('',#17431,1.);
#17431 = DIRECTION('',(0.,0.,1.));
#17432 = ORIENTED_EDGE('',*,*,#11742,.F.);
#17433 = ORIENTED_EDGE('',*,*,#17427,.F.);
#17434 = CYLINDRICAL_SURFACE('',#17435,1.525);
#17435 = AXIS2_PLACEMENT_3D('',#17436,#17437,#17438);
#17436 = CARTESIAN_POINT('',(83.185,-48.339375,-4.5E-02));
#17437 = DIRECTION('',(-0.,-0.,-1.));
#17438 = DIRECTION('',(-0.,-1.,0.));
#17439 = ADVANCED_FACE('',(#17440),#17451,.F.);
#17440 = FACE_BOUND('',#17441,.T.);
#17441 = EDGE_LOOP('',(#17442,#17443,#17449,#17450));
#17442 = ORIENTED_EDGE('',*,*,#7336,.T.);
#17443 = ORIENTED_EDGE('',*,*,#17444,.T.);
#17444 = EDGE_CURVE('',#7337,#11754,#17445,.T.);
#17445 = LINE('',#17446,#17447);
#17446 = CARTESIAN_POINT('',(102.235,-49.864375,-4.5E-02));
#17447 = VECTOR('',#17448,1.);
#17448 = DIRECTION('',(0.,0.,1.));
#17449 = ORIENTED_EDGE('',*,*,#11753,.F.);
#17450 = ORIENTED_EDGE('',*,*,#17444,.F.);
#17451 = CYLINDRICAL_SURFACE('',#17452,1.525);
#17452 = AXIS2_PLACEMENT_3D('',#17453,#17454,#17455);
#17453 = CARTESIAN_POINT('',(102.235,-48.339375,-4.5E-02));
#17454 = DIRECTION('',(-0.,-0.,-1.));
#17455 = DIRECTION('',(-0.,-1.,0.));
#17456 = ADVANCED_FACE('',(#17457),#17468,.F.);
#17457 = FACE_BOUND('',#17458,.T.);
#17458 = EDGE_LOOP('',(#17459,#17460,#17466,#17467));
#17459 = ORIENTED_EDGE('',*,*,#7347,.T.);
#17460 = ORIENTED_EDGE('',*,*,#17461,.T.);
#17461 = EDGE_CURVE('',#7348,#11765,#17462,.T.);
#17462 = LINE('',#17463,#17464);
#17463 = CARTESIAN_POINT('',(70.485,-47.324375,-4.5E-02));
#17464 = VECTOR('',#17465,1.);
#17465 = DIRECTION('',(0.,0.,1.));
#17466 = ORIENTED_EDGE('',*,*,#11764,.F.);
#17467 = ORIENTED_EDGE('',*,*,#17461,.F.);
#17468 = CYLINDRICAL_SURFACE('',#17469,1.525);
#17469 = AXIS2_PLACEMENT_3D('',#17470,#17471,#17472);
#17470 = CARTESIAN_POINT('',(70.485,-45.799375,-4.5E-02));
#17471 = DIRECTION('',(-0.,-0.,-1.));
#17472 = DIRECTION('',(-0.,-1.,0.));
#17473 = ADVANCED_FACE('',(#17474),#17485,.F.);
#17474 = FACE_BOUND('',#17475,.T.);
#17475 = EDGE_LOOP('',(#17476,#17477,#17483,#17484));
#17476 = ORIENTED_EDGE('',*,*,#7358,.T.);
#17477 = ORIENTED_EDGE('',*,*,#17478,.T.);
#17478 = EDGE_CURVE('',#7359,#11776,#17479,.T.);
#17479 = LINE('',#17480,#17481);
#17480 = CARTESIAN_POINT('',(71.755,-44.134375,-4.5E-02));
#17481 = VECTOR('',#17482,1.);
#17482 = DIRECTION('',(0.,0.,1.));
#17483 = ORIENTED_EDGE('',*,*,#11775,.F.);
#17484 = ORIENTED_EDGE('',*,*,#17478,.F.);
#17485 = CYLINDRICAL_SURFACE('',#17486,0.875);
#17486 = AXIS2_PLACEMENT_3D('',#17487,#17488,#17489);
#17487 = CARTESIAN_POINT('',(71.755,-43.259375,-4.5E-02));
#17488 = DIRECTION('',(-0.,-0.,-1.));
#17489 = DIRECTION('',(-0.,-1.,0.));
#17490 = ADVANCED_FACE('',(#17491),#17502,.F.);
#17491 = FACE_BOUND('',#17492,.T.);
#17492 = EDGE_LOOP('',(#17493,#17494,#17500,#17501));
#17493 = ORIENTED_EDGE('',*,*,#7369,.T.);
#17494 = ORIENTED_EDGE('',*,*,#17495,.T.);
#17495 = EDGE_CURVE('',#7370,#11787,#17496,.T.);
#17496 = LINE('',#17497,#17498);
#17497 = CARTESIAN_POINT('',(80.645,-44.134375,-4.5E-02));
#17498 = VECTOR('',#17499,1.);
#17499 = DIRECTION('',(0.,0.,1.));
#17500 = ORIENTED_EDGE('',*,*,#11786,.F.);
#17501 = ORIENTED_EDGE('',*,*,#17495,.F.);
#17502 = CYLINDRICAL_SURFACE('',#17503,0.875);
#17503 = AXIS2_PLACEMENT_3D('',#17504,#17505,#17506);
#17504 = CARTESIAN_POINT('',(80.645,-43.259375,-4.5E-02));
#17505 = DIRECTION('',(-0.,-0.,-1.));
#17506 = DIRECTION('',(-0.,-1.,0.));
#17507 = ADVANCED_FACE('',(#17508),#17519,.F.);
#17508 = FACE_BOUND('',#17509,.T.);
#17509 = EDGE_LOOP('',(#17510,#17511,#17517,#17518));
#17510 = ORIENTED_EDGE('',*,*,#7380,.T.);
#17511 = ORIENTED_EDGE('',*,*,#17512,.T.);
#17512 = EDGE_CURVE('',#7381,#11798,#17513,.T.);
#17513 = LINE('',#17514,#17515);
#17514 = CARTESIAN_POINT('',(85.725,-45.259375,-4.5E-02));
#17515 = VECTOR('',#17516,1.);
#17516 = DIRECTION('',(0.,0.,1.));
#17517 = ORIENTED_EDGE('',*,*,#11797,.F.);
#17518 = ORIENTED_EDGE('',*,*,#17512,.F.);
#17519 = CYLINDRICAL_SURFACE('',#17520,2.);
#17520 = AXIS2_PLACEMENT_3D('',#17521,#17522,#17523);
#17521 = CARTESIAN_POINT('',(85.725,-43.259375,-4.5E-02));
#17522 = DIRECTION('',(-0.,-0.,-1.));
#17523 = DIRECTION('',(-0.,-1.,0.));
#17524 = ADVANCED_FACE('',(#17525),#17536,.F.);
#17525 = FACE_BOUND('',#17526,.T.);
#17526 = EDGE_LOOP('',(#17527,#17528,#17534,#17535));
#17527 = ORIENTED_EDGE('',*,*,#7391,.T.);
#17528 = ORIENTED_EDGE('',*,*,#17529,.T.);
#17529 = EDGE_CURVE('',#7392,#11809,#17530,.T.);
#17530 = LINE('',#17531,#17532);
#17531 = CARTESIAN_POINT('',(89.535,-47.324375,-4.5E-02));
#17532 = VECTOR('',#17533,1.);
#17533 = DIRECTION('',(0.,0.,1.));
#17534 = ORIENTED_EDGE('',*,*,#11808,.F.);
#17535 = ORIENTED_EDGE('',*,*,#17529,.F.);
#17536 = CYLINDRICAL_SURFACE('',#17537,1.525);
#17537 = AXIS2_PLACEMENT_3D('',#17538,#17539,#17540);
#17538 = CARTESIAN_POINT('',(89.535,-45.799375,-4.5E-02));
#17539 = DIRECTION('',(-0.,-0.,-1.));
#17540 = DIRECTION('',(-0.,-1.,0.));
#17541 = ADVANCED_FACE('',(#17542),#17553,.F.);
#17542 = FACE_BOUND('',#17543,.T.);
#17543 = EDGE_LOOP('',(#17544,#17545,#17551,#17552));
#17544 = ORIENTED_EDGE('',*,*,#7402,.T.);
#17545 = ORIENTED_EDGE('',*,*,#17546,.T.);
#17546 = EDGE_CURVE('',#7403,#11820,#17547,.T.);
#17547 = LINE('',#17548,#17549);
#17548 = CARTESIAN_POINT('',(90.805,-44.134375,-4.5E-02));
#17549 = VECTOR('',#17550,1.);
#17550 = DIRECTION('',(0.,0.,1.));
#17551 = ORIENTED_EDGE('',*,*,#11819,.F.);
#17552 = ORIENTED_EDGE('',*,*,#17546,.F.);
#17553 = CYLINDRICAL_SURFACE('',#17554,0.875);
#17554 = AXIS2_PLACEMENT_3D('',#17555,#17556,#17557);
#17555 = CARTESIAN_POINT('',(90.805,-43.259375,-4.5E-02));
#17556 = DIRECTION('',(-0.,-0.,-1.));
#17557 = DIRECTION('',(-0.,-1.,0.));
#17558 = ADVANCED_FACE('',(#17559),#17570,.F.);
#17559 = FACE_BOUND('',#17560,.T.);
#17560 = EDGE_LOOP('',(#17561,#17562,#17568,#17569));
#17561 = ORIENTED_EDGE('',*,*,#7413,.T.);
#17562 = ORIENTED_EDGE('',*,*,#17563,.T.);
#17563 = EDGE_CURVE('',#7414,#11831,#17564,.T.);
#17564 = LINE('',#17565,#17566);
#17565 = CARTESIAN_POINT('',(99.695,-44.134375,-4.5E-02));
#17566 = VECTOR('',#17567,1.);
#17567 = DIRECTION('',(0.,0.,1.));
#17568 = ORIENTED_EDGE('',*,*,#11830,.F.);
#17569 = ORIENTED_EDGE('',*,*,#17563,.F.);
#17570 = CYLINDRICAL_SURFACE('',#17571,0.875);
#17571 = AXIS2_PLACEMENT_3D('',#17572,#17573,#17574);
#17572 = CARTESIAN_POINT('',(99.695,-43.259375,-4.5E-02));
#17573 = DIRECTION('',(-0.,-0.,-1.));
#17574 = DIRECTION('',(-0.,-1.,0.));
#17575 = ADVANCED_FACE('',(#17576),#17587,.F.);
#17576 = FACE_BOUND('',#17577,.T.);
#17577 = EDGE_LOOP('',(#17578,#17579,#17585,#17586));
#17578 = ORIENTED_EDGE('',*,*,#7424,.T.);
#17579 = ORIENTED_EDGE('',*,*,#17580,.T.);
#17580 = EDGE_CURVE('',#7425,#11842,#17581,.T.);
#17581 = LINE('',#17582,#17583);
#17582 = CARTESIAN_POINT('',(104.775,-45.259375,-4.5E-02));
#17583 = VECTOR('',#17584,1.);
#17584 = DIRECTION('',(0.,0.,1.));
#17585 = ORIENTED_EDGE('',*,*,#11841,.F.);
#17586 = ORIENTED_EDGE('',*,*,#17580,.F.);
#17587 = CYLINDRICAL_SURFACE('',#17588,2.);
#17588 = AXIS2_PLACEMENT_3D('',#17589,#17590,#17591);
#17589 = CARTESIAN_POINT('',(104.775,-43.259375,-4.5E-02));
#17590 = DIRECTION('',(-0.,-0.,-1.));
#17591 = DIRECTION('',(-0.,-1.,0.));
#17592 = ADVANCED_FACE('',(#17593),#17604,.F.);
#17593 = FACE_BOUND('',#17594,.T.);
#17594 = EDGE_LOOP('',(#17595,#17596,#17602,#17603));
#17595 = ORIENTED_EDGE('',*,*,#7435,.T.);
#17596 = ORIENTED_EDGE('',*,*,#17597,.T.);
#17597 = EDGE_CURVE('',#7436,#11853,#17598,.T.);
#17598 = LINE('',#17599,#17600);
#17599 = CARTESIAN_POINT('',(121.285,-49.864375,-4.5E-02));
#17600 = VECTOR('',#17601,1.);
#17601 = DIRECTION('',(0.,0.,1.));
#17602 = ORIENTED_EDGE('',*,*,#11852,.F.);
#17603 = ORIENTED_EDGE('',*,*,#17597,.F.);
#17604 = CYLINDRICAL_SURFACE('',#17605,1.525);
#17605 = AXIS2_PLACEMENT_3D('',#17606,#17607,#17608);
#17606 = CARTESIAN_POINT('',(121.285,-48.339375,-4.5E-02));
#17607 = DIRECTION('',(-0.,-0.,-1.));
#17608 = DIRECTION('',(-0.,-1.,0.));
#17609 = ADVANCED_FACE('',(#17610),#17621,.F.);
#17610 = FACE_BOUND('',#17611,.T.);
#17611 = EDGE_LOOP('',(#17612,#17613,#17619,#17620));
#17612 = ORIENTED_EDGE('',*,*,#7446,.T.);
#17613 = ORIENTED_EDGE('',*,*,#17614,.T.);
#17614 = EDGE_CURVE('',#7447,#11864,#17615,.T.);
#17615 = LINE('',#17616,#17617);
#17616 = CARTESIAN_POINT('',(140.335,-49.864375,-4.5E-02));
#17617 = VECTOR('',#17618,1.);
#17618 = DIRECTION('',(0.,0.,1.));
#17619 = ORIENTED_EDGE('',*,*,#11863,.F.);
#17620 = ORIENTED_EDGE('',*,*,#17614,.F.);
#17621 = CYLINDRICAL_SURFACE('',#17622,1.525);
#17622 = AXIS2_PLACEMENT_3D('',#17623,#17624,#17625);
#17623 = CARTESIAN_POINT('',(140.335,-48.339375,-4.5E-02));
#17624 = DIRECTION('',(-0.,-0.,-1.));
#17625 = DIRECTION('',(-0.,-1.,0.));
#17626 = ADVANCED_FACE('',(#17627),#17638,.F.);
#17627 = FACE_BOUND('',#17628,.T.);
#17628 = EDGE_LOOP('',(#17629,#17630,#17636,#17637));
#17629 = ORIENTED_EDGE('',*,*,#7457,.T.);
#17630 = ORIENTED_EDGE('',*,*,#17631,.T.);
#17631 = EDGE_CURVE('',#7458,#11875,#17632,.T.);
#17632 = LINE('',#17633,#17634);
#17633 = CARTESIAN_POINT('',(108.585,-47.324375,-4.5E-02));
#17634 = VECTOR('',#17635,1.);
#17635 = DIRECTION('',(0.,0.,1.));
#17636 = ORIENTED_EDGE('',*,*,#11874,.F.);
#17637 = ORIENTED_EDGE('',*,*,#17631,.F.);
#17638 = CYLINDRICAL_SURFACE('',#17639,1.525);
#17639 = AXIS2_PLACEMENT_3D('',#17640,#17641,#17642);
#17640 = CARTESIAN_POINT('',(108.585,-45.799375,-4.5E-02));
#17641 = DIRECTION('',(-0.,-0.,-1.));
#17642 = DIRECTION('',(-9.31859325587E-15,-1.,0.));
#17643 = ADVANCED_FACE('',(#17644),#17655,.F.);
#17644 = FACE_BOUND('',#17645,.T.);
#17645 = EDGE_LOOP('',(#17646,#17647,#17653,#17654));
#17646 = ORIENTED_EDGE('',*,*,#7468,.T.);
#17647 = ORIENTED_EDGE('',*,*,#17648,.T.);
#17648 = EDGE_CURVE('',#7469,#11886,#17649,.T.);
#17649 = LINE('',#17650,#17651);
#17650 = CARTESIAN_POINT('',(109.855,-44.134375,-4.5E-02));
#17651 = VECTOR('',#17652,1.);
#17652 = DIRECTION('',(0.,0.,1.));
#17653 = ORIENTED_EDGE('',*,*,#11885,.F.);
#17654 = ORIENTED_EDGE('',*,*,#17648,.F.);
#17655 = CYLINDRICAL_SURFACE('',#17656,0.875);
#17656 = AXIS2_PLACEMENT_3D('',#17657,#17658,#17659);
#17657 = CARTESIAN_POINT('',(109.855,-43.259375,-4.5E-02));
#17658 = DIRECTION('',(-0.,-0.,-1.));
#17659 = DIRECTION('',(-0.,-1.,0.));
#17660 = ADVANCED_FACE('',(#17661),#17672,.F.);
#17661 = FACE_BOUND('',#17662,.T.);
#17662 = EDGE_LOOP('',(#17663,#17664,#17670,#17671));
#17663 = ORIENTED_EDGE('',*,*,#7479,.T.);
#17664 = ORIENTED_EDGE('',*,*,#17665,.T.);
#17665 = EDGE_CURVE('',#7480,#11897,#17666,.T.);
#17666 = LINE('',#17667,#17668);
#17667 = CARTESIAN_POINT('',(118.745,-44.134375,-4.5E-02));
#17668 = VECTOR('',#17669,1.);
#17669 = DIRECTION('',(0.,0.,1.));
#17670 = ORIENTED_EDGE('',*,*,#11896,.F.);
#17671 = ORIENTED_EDGE('',*,*,#17665,.F.);
#17672 = CYLINDRICAL_SURFACE('',#17673,0.875);
#17673 = AXIS2_PLACEMENT_3D('',#17674,#17675,#17676);
#17674 = CARTESIAN_POINT('',(118.745,-43.259375,-4.5E-02));
#17675 = DIRECTION('',(-0.,-0.,-1.));
#17676 = DIRECTION('',(-0.,-1.,0.));
#17677 = ADVANCED_FACE('',(#17678),#17689,.F.);
#17678 = FACE_BOUND('',#17679,.T.);
#17679 = EDGE_LOOP('',(#17680,#17681,#17687,#17688));
#17680 = ORIENTED_EDGE('',*,*,#7490,.T.);
#17681 = ORIENTED_EDGE('',*,*,#17682,.T.);
#17682 = EDGE_CURVE('',#7491,#11908,#17683,.T.);
#17683 = LINE('',#17684,#17685);
#17684 = CARTESIAN_POINT('',(123.825,-45.259375,-4.5E-02));
#17685 = VECTOR('',#17686,1.);
#17686 = DIRECTION('',(0.,0.,1.));
#17687 = ORIENTED_EDGE('',*,*,#11907,.F.);
#17688 = ORIENTED_EDGE('',*,*,#17682,.F.);
#17689 = CYLINDRICAL_SURFACE('',#17690,2.);
#17690 = AXIS2_PLACEMENT_3D('',#17691,#17692,#17693);
#17691 = CARTESIAN_POINT('',(123.825,-43.259375,-4.5E-02));
#17692 = DIRECTION('',(-0.,-0.,-1.));
#17693 = DIRECTION('',(-0.,-1.,0.));
#17694 = ADVANCED_FACE('',(#17695),#17706,.F.);
#17695 = FACE_BOUND('',#17696,.T.);
#17696 = EDGE_LOOP('',(#17697,#17698,#17704,#17705));
#17697 = ORIENTED_EDGE('',*,*,#7501,.T.);
#17698 = ORIENTED_EDGE('',*,*,#17699,.T.);
#17699 = EDGE_CURVE('',#7502,#11919,#17700,.T.);
#17700 = LINE('',#17701,#17702);
#17701 = CARTESIAN_POINT('',(127.635,-47.324375,-4.5E-02));
#17702 = VECTOR('',#17703,1.);
#17703 = DIRECTION('',(0.,0.,1.));
#17704 = ORIENTED_EDGE('',*,*,#11918,.F.);
#17705 = ORIENTED_EDGE('',*,*,#17699,.F.);
#17706 = CYLINDRICAL_SURFACE('',#17707,1.525);
#17707 = AXIS2_PLACEMENT_3D('',#17708,#17709,#17710);
#17708 = CARTESIAN_POINT('',(127.635,-45.799375,-4.5E-02));
#17709 = DIRECTION('',(-0.,0.,-1.));
#17710 = DIRECTION('',(9.31859325587E-15,-1.,-0.));
#17711 = ADVANCED_FACE('',(#17712),#17723,.F.);
#17712 = FACE_BOUND('',#17713,.T.);
#17713 = EDGE_LOOP('',(#17714,#17715,#17721,#17722));
#17714 = ORIENTED_EDGE('',*,*,#7512,.T.);
#17715 = ORIENTED_EDGE('',*,*,#17716,.T.);
#17716 = EDGE_CURVE('',#7513,#11930,#17717,.T.);
#17717 = LINE('',#17718,#17719);
#17718 = CARTESIAN_POINT('',(128.905,-44.134375,-4.5E-02));
#17719 = VECTOR('',#17720,1.);
#17720 = DIRECTION('',(0.,0.,1.));
#17721 = ORIENTED_EDGE('',*,*,#11929,.F.);
#17722 = ORIENTED_EDGE('',*,*,#17716,.F.);
#17723 = CYLINDRICAL_SURFACE('',#17724,0.875);
#17724 = AXIS2_PLACEMENT_3D('',#17725,#17726,#17727);
#17725 = CARTESIAN_POINT('',(128.905,-43.259375,-4.5E-02));
#17726 = DIRECTION('',(-0.,-0.,-1.));
#17727 = DIRECTION('',(-0.,-1.,0.));
#17728 = ADVANCED_FACE('',(#17729),#17740,.F.);
#17729 = FACE_BOUND('',#17730,.T.);
#17730 = EDGE_LOOP('',(#17731,#17732,#17738,#17739));
#17731 = ORIENTED_EDGE('',*,*,#7523,.T.);
#17732 = ORIENTED_EDGE('',*,*,#17733,.T.);
#17733 = EDGE_CURVE('',#7524,#11941,#17734,.T.);
#17734 = LINE('',#17735,#17736);
#17735 = CARTESIAN_POINT('',(137.795,-44.134375,-4.5E-02));
#17736 = VECTOR('',#17737,1.);
#17737 = DIRECTION('',(0.,0.,1.));
#17738 = ORIENTED_EDGE('',*,*,#11940,.F.);
#17739 = ORIENTED_EDGE('',*,*,#17733,.F.);
#17740 = CYLINDRICAL_SURFACE('',#17741,0.875);
#17741 = AXIS2_PLACEMENT_3D('',#17742,#17743,#17744);
#17742 = CARTESIAN_POINT('',(137.795,-43.259375,-4.5E-02));
#17743 = DIRECTION('',(-0.,-0.,-1.));
#17744 = DIRECTION('',(-0.,-1.,0.));
#17745 = ADVANCED_FACE('',(#17746),#17757,.F.);
#17746 = FACE_BOUND('',#17747,.T.);
#17747 = EDGE_LOOP('',(#17748,#17749,#17755,#17756));
#17748 = ORIENTED_EDGE('',*,*,#7534,.T.);
#17749 = ORIENTED_EDGE('',*,*,#17750,.T.);
#17750 = EDGE_CURVE('',#7535,#11952,#17751,.T.);
#17751 = LINE('',#17752,#17753);
#17752 = CARTESIAN_POINT('',(73.66,-30.814375,-4.5E-02));
#17753 = VECTOR('',#17754,1.);
#17754 = DIRECTION('',(0.,0.,1.));
#17755 = ORIENTED_EDGE('',*,*,#11951,.F.);
#17756 = ORIENTED_EDGE('',*,*,#17750,.F.);
#17757 = CYLINDRICAL_SURFACE('',#17758,1.525);
#17758 = AXIS2_PLACEMENT_3D('',#17759,#17760,#17761);
#17759 = CARTESIAN_POINT('',(73.66,-29.289375,-4.5E-02));
#17760 = DIRECTION('',(-0.,-0.,-1.));
#17761 = DIRECTION('',(-0.,-1.,0.));
#17762 = ADVANCED_FACE('',(#17763),#17774,.F.);
#17763 = FACE_BOUND('',#17764,.T.);
#17764 = EDGE_LOOP('',(#17765,#17766,#17772,#17773));
#17765 = ORIENTED_EDGE('',*,*,#7545,.T.);
#17766 = ORIENTED_EDGE('',*,*,#17767,.T.);
#17767 = EDGE_CURVE('',#7546,#11963,#17768,.T.);
#17768 = LINE('',#17769,#17770);
#17769 = CARTESIAN_POINT('',(80.01,-28.274375,-4.5E-02));
#17770 = VECTOR('',#17771,1.);
#17771 = DIRECTION('',(0.,0.,1.));
#17772 = ORIENTED_EDGE('',*,*,#11962,.F.);
#17773 = ORIENTED_EDGE('',*,*,#17767,.F.);
#17774 = CYLINDRICAL_SURFACE('',#17775,1.525);
#17775 = AXIS2_PLACEMENT_3D('',#17776,#17777,#17778);
#17776 = CARTESIAN_POINT('',(80.01,-26.749375,-4.5E-02));
#17777 = DIRECTION('',(-0.,0.,-1.));
#17778 = DIRECTION('',(9.31859325587E-15,-1.,-0.));
#17779 = ADVANCED_FACE('',(#17780),#17791,.F.);
#17780 = FACE_BOUND('',#17781,.T.);
#17781 = EDGE_LOOP('',(#17782,#17783,#17789,#17790));
#17782 = ORIENTED_EDGE('',*,*,#7556,.T.);
#17783 = ORIENTED_EDGE('',*,*,#17784,.T.);
#17784 = EDGE_CURVE('',#7557,#11974,#17785,.T.);
#17785 = LINE('',#17786,#17787);
#17786 = CARTESIAN_POINT('',(92.71,-30.814375,-4.5E-02));
#17787 = VECTOR('',#17788,1.);
#17788 = DIRECTION('',(0.,0.,1.));
#17789 = ORIENTED_EDGE('',*,*,#11973,.F.);
#17790 = ORIENTED_EDGE('',*,*,#17784,.F.);
#17791 = CYLINDRICAL_SURFACE('',#17792,1.525);
#17792 = AXIS2_PLACEMENT_3D('',#17793,#17794,#17795);
#17793 = CARTESIAN_POINT('',(92.71,-29.289375,-4.5E-02));
#17794 = DIRECTION('',(-0.,-0.,-1.));
#17795 = DIRECTION('',(-9.31859325587E-15,-1.,0.));
#17796 = ADVANCED_FACE('',(#17797),#17808,.F.);
#17797 = FACE_BOUND('',#17798,.T.);
#17798 = EDGE_LOOP('',(#17799,#17800,#17806,#17807));
#17799 = ORIENTED_EDGE('',*,*,#7567,.T.);
#17800 = ORIENTED_EDGE('',*,*,#17801,.T.);
#17801 = EDGE_CURVE('',#7568,#11985,#17802,.T.);
#17802 = LINE('',#17803,#17804);
#17803 = CARTESIAN_POINT('',(99.06,-28.274375,-4.5E-02));
#17804 = VECTOR('',#17805,1.);
#17805 = DIRECTION('',(0.,0.,1.));
#17806 = ORIENTED_EDGE('',*,*,#11984,.F.);
#17807 = ORIENTED_EDGE('',*,*,#17801,.F.);
#17808 = CYLINDRICAL_SURFACE('',#17809,1.525);
#17809 = AXIS2_PLACEMENT_3D('',#17810,#17811,#17812);
#17810 = CARTESIAN_POINT('',(99.06,-26.749375,-4.5E-02));
#17811 = DIRECTION('',(-0.,-0.,-1.));
#17812 = DIRECTION('',(-0.,-1.,0.));
#17813 = ADVANCED_FACE('',(#17814),#17825,.F.);
#17814 = FACE_BOUND('',#17815,.T.);
#17815 = EDGE_LOOP('',(#17816,#17817,#17823,#17824));
#17816 = ORIENTED_EDGE('',*,*,#7578,.T.);
#17817 = ORIENTED_EDGE('',*,*,#17818,.T.);
#17818 = EDGE_CURVE('',#7579,#11996,#17819,.T.);
#17819 = LINE('',#17820,#17821);
#17820 = CARTESIAN_POINT('',(111.76,-30.814375,-4.5E-02));
#17821 = VECTOR('',#17822,1.);
#17822 = DIRECTION('',(0.,0.,1.));
#17823 = ORIENTED_EDGE('',*,*,#11995,.F.);
#17824 = ORIENTED_EDGE('',*,*,#17818,.F.);
#17825 = CYLINDRICAL_SURFACE('',#17826,1.525);
#17826 = AXIS2_PLACEMENT_3D('',#17827,#17828,#17829);
#17827 = CARTESIAN_POINT('',(111.76,-29.289375,-4.5E-02));
#17828 = DIRECTION('',(-0.,0.,-1.));
#17829 = DIRECTION('',(9.31859325587E-15,-1.,-0.));
#17830 = ADVANCED_FACE('',(#17831),#17842,.F.);
#17831 = FACE_BOUND('',#17832,.T.);
#17832 = EDGE_LOOP('',(#17833,#17834,#17840,#17841));
#17833 = ORIENTED_EDGE('',*,*,#7589,.T.);
#17834 = ORIENTED_EDGE('',*,*,#17835,.T.);
#17835 = EDGE_CURVE('',#7590,#12007,#17836,.T.);
#17836 = LINE('',#17837,#17838);
#17837 = CARTESIAN_POINT('',(118.11,-28.274375,-4.5E-02));
#17838 = VECTOR('',#17839,1.);
#17839 = DIRECTION('',(0.,0.,1.));
#17840 = ORIENTED_EDGE('',*,*,#12006,.F.);
#17841 = ORIENTED_EDGE('',*,*,#17835,.F.);
#17842 = CYLINDRICAL_SURFACE('',#17843,1.525);
#17843 = AXIS2_PLACEMENT_3D('',#17844,#17845,#17846);
#17844 = CARTESIAN_POINT('',(118.11,-26.749375,-4.5E-02));
#17845 = DIRECTION('',(-0.,-0.,-1.));
#17846 = DIRECTION('',(-0.,-1.,0.));
#17847 = ADVANCED_FACE('',(#17848),#17859,.F.);
#17848 = FACE_BOUND('',#17849,.T.);
#17849 = EDGE_LOOP('',(#17850,#17851,#17857,#17858));
#17850 = ORIENTED_EDGE('',*,*,#7600,.T.);
#17851 = ORIENTED_EDGE('',*,*,#17852,.T.);
#17852 = EDGE_CURVE('',#7601,#12018,#17853,.T.);
#17853 = LINE('',#17854,#17855);
#17854 = CARTESIAN_POINT('',(130.81,-30.814375,-4.5E-02));
#17855 = VECTOR('',#17856,1.);
#17856 = DIRECTION('',(0.,0.,1.));
#17857 = ORIENTED_EDGE('',*,*,#12017,.F.);
#17858 = ORIENTED_EDGE('',*,*,#17852,.F.);
#17859 = CYLINDRICAL_SURFACE('',#17860,1.525);
#17860 = AXIS2_PLACEMENT_3D('',#17861,#17862,#17863);
#17861 = CARTESIAN_POINT('',(130.81,-29.289375,-4.5E-02));
#17862 = DIRECTION('',(-0.,-0.,-1.));
#17863 = DIRECTION('',(-0.,-1.,0.));
#17864 = ADVANCED_FACE('',(#17865),#17876,.F.);
#17865 = FACE_BOUND('',#17866,.T.);
#17866 = EDGE_LOOP('',(#17867,#17868,#17874,#17875));
#17867 = ORIENTED_EDGE('',*,*,#7611,.T.);
#17868 = ORIENTED_EDGE('',*,*,#17869,.T.);
#17869 = EDGE_CURVE('',#7612,#12029,#17870,.T.);
#17870 = LINE('',#17871,#17872);
#17871 = CARTESIAN_POINT('',(137.16,-28.274375,-4.5E-02));
#17872 = VECTOR('',#17873,1.);
#17873 = DIRECTION('',(0.,0.,1.));
#17874 = ORIENTED_EDGE('',*,*,#12028,.F.);
#17875 = ORIENTED_EDGE('',*,*,#17869,.F.);
#17876 = CYLINDRICAL_SURFACE('',#17877,1.525);
#17877 = AXIS2_PLACEMENT_3D('',#17878,#17879,#17880);
#17878 = CARTESIAN_POINT('',(137.16,-26.749375,-4.5E-02));
#17879 = DIRECTION('',(-0.,-0.,-1.));
#17880 = DIRECTION('',(-0.,-1.,0.));
#17881 = ADVANCED_FACE('',(#17882),#17893,.F.);
#17882 = FACE_BOUND('',#17883,.T.);
#17883 = EDGE_LOOP('',(#17884,#17885,#17891,#17892));
#17884 = ORIENTED_EDGE('',*,*,#7622,.T.);
#17885 = ORIENTED_EDGE('',*,*,#17886,.T.);
#17886 = EDGE_CURVE('',#7623,#12040,#17887,.T.);
#17887 = LINE('',#17888,#17889);
#17888 = CARTESIAN_POINT('',(-5.08,-25.084375,-4.5E-02));
#17889 = VECTOR('',#17890,1.);
#17890 = DIRECTION('',(0.,0.,1.));
#17891 = ORIENTED_EDGE('',*,*,#12039,.F.);
#17892 = ORIENTED_EDGE('',*,*,#17886,.F.);
#17893 = CYLINDRICAL_SURFACE('',#17894,0.875);
#17894 = AXIS2_PLACEMENT_3D('',#17895,#17896,#17897);
#17895 = CARTESIAN_POINT('',(-5.08,-24.209375,-4.5E-02));
#17896 = DIRECTION('',(-0.,-0.,-1.));
#17897 = DIRECTION('',(-0.,-1.,0.));
#17898 = ADVANCED_FACE('',(#17899),#17910,.F.);
#17899 = FACE_BOUND('',#17900,.T.);
#17900 = EDGE_LOOP('',(#17901,#17902,#17908,#17909));
#17901 = ORIENTED_EDGE('',*,*,#7633,.T.);
#17902 = ORIENTED_EDGE('',*,*,#17903,.T.);
#17903 = EDGE_CURVE('',#7634,#12051,#17904,.T.);
#17904 = LINE('',#17905,#17906);
#17905 = CARTESIAN_POINT('',(0.,-26.209375,-4.5E-02));
#17906 = VECTOR('',#17907,1.);
#17907 = DIRECTION('',(0.,0.,1.));
#17908 = ORIENTED_EDGE('',*,*,#12050,.F.);
#17909 = ORIENTED_EDGE('',*,*,#17903,.F.);
#17910 = CYLINDRICAL_SURFACE('',#17911,2.);
#17911 = AXIS2_PLACEMENT_3D('',#17912,#17913,#17914);
#17912 = CARTESIAN_POINT('',(-1.110223024625E-16,-24.209375,-4.5E-02));
#17913 = DIRECTION('',(-0.,0.,-1.));
#17914 = DIRECTION('',(5.551115123126E-17,-1.,-0.));
#17915 = ADVANCED_FACE('',(#17916),#17927,.F.);
#17916 = FACE_BOUND('',#17917,.T.);
#17917 = EDGE_LOOP('',(#17918,#17919,#17925,#17926));
#17918 = ORIENTED_EDGE('',*,*,#7644,.T.);
#17919 = ORIENTED_EDGE('',*,*,#17920,.T.);
#17920 = EDGE_CURVE('',#7645,#12062,#17921,.T.);
#17921 = LINE('',#17922,#17923);
#17922 = CARTESIAN_POINT('',(5.08,-25.084375,-4.5E-02));
#17923 = VECTOR('',#17924,1.);
#17924 = DIRECTION('',(0.,0.,1.));
#17925 = ORIENTED_EDGE('',*,*,#12061,.F.);
#17926 = ORIENTED_EDGE('',*,*,#17920,.F.);
#17927 = CYLINDRICAL_SURFACE('',#17928,0.875);
#17928 = AXIS2_PLACEMENT_3D('',#17929,#17930,#17931);
#17929 = CARTESIAN_POINT('',(5.08,-24.209375,-4.5E-02));
#17930 = DIRECTION('',(-0.,-0.,-1.));
#17931 = DIRECTION('',(-0.,-1.,0.));
#17932 = ADVANCED_FACE('',(#17933),#17944,.F.);
#17933 = FACE_BOUND('',#17934,.T.);
#17934 = EDGE_LOOP('',(#17935,#17936,#17942,#17943));
#17935 = ORIENTED_EDGE('',*,*,#7655,.T.);
#17936 = ORIENTED_EDGE('',*,*,#17937,.T.);
#17937 = EDGE_CURVE('',#7656,#12073,#17938,.T.);
#17938 = LINE('',#17939,#17940);
#17939 = CARTESIAN_POINT('',(13.97,-25.084375,-4.5E-02));
#17940 = VECTOR('',#17941,1.);
#17941 = DIRECTION('',(0.,0.,1.));
#17942 = ORIENTED_EDGE('',*,*,#12072,.F.);
#17943 = ORIENTED_EDGE('',*,*,#17937,.F.);
#17944 = CYLINDRICAL_SURFACE('',#17945,0.875);
#17945 = AXIS2_PLACEMENT_3D('',#17946,#17947,#17948);
#17946 = CARTESIAN_POINT('',(13.97,-24.209375,-4.5E-02));
#17947 = DIRECTION('',(-0.,-0.,-1.));
#17948 = DIRECTION('',(-0.,-1.,0.));
#17949 = ADVANCED_FACE('',(#17950),#17961,.F.);
#17950 = FACE_BOUND('',#17951,.T.);
#17951 = EDGE_LOOP('',(#17952,#17953,#17959,#17960));
#17952 = ORIENTED_EDGE('',*,*,#7666,.T.);
#17953 = ORIENTED_EDGE('',*,*,#17954,.T.);
#17954 = EDGE_CURVE('',#7667,#12084,#17955,.T.);
#17955 = LINE('',#17956,#17957);
#17956 = CARTESIAN_POINT('',(19.05,-26.209375,-4.5E-02));
#17957 = VECTOR('',#17958,1.);
#17958 = DIRECTION('',(0.,0.,1.));
#17959 = ORIENTED_EDGE('',*,*,#12083,.F.);
#17960 = ORIENTED_EDGE('',*,*,#17954,.F.);
#17961 = CYLINDRICAL_SURFACE('',#17962,2.);
#17962 = AXIS2_PLACEMENT_3D('',#17963,#17964,#17965);
#17963 = CARTESIAN_POINT('',(19.05,-24.209375,-4.5E-02));
#17964 = DIRECTION('',(-0.,-0.,-1.));
#17965 = DIRECTION('',(-0.,-1.,0.));
#17966 = ADVANCED_FACE('',(#17967),#17978,.F.);
#17967 = FACE_BOUND('',#17968,.T.);
#17968 = EDGE_LOOP('',(#17969,#17970,#17976,#17977));
#17969 = ORIENTED_EDGE('',*,*,#7677,.T.);
#17970 = ORIENTED_EDGE('',*,*,#17971,.T.);
#17971 = EDGE_CURVE('',#7678,#12095,#17972,.T.);
#17972 = LINE('',#17973,#17974);
#17973 = CARTESIAN_POINT('',(24.13,-25.084375,-4.5E-02));
#17974 = VECTOR('',#17975,1.);
#17975 = DIRECTION('',(0.,0.,1.));
#17976 = ORIENTED_EDGE('',*,*,#12094,.F.);
#17977 = ORIENTED_EDGE('',*,*,#17971,.F.);
#17978 = CYLINDRICAL_SURFACE('',#17979,0.875);
#17979 = AXIS2_PLACEMENT_3D('',#17980,#17981,#17982);
#17980 = CARTESIAN_POINT('',(24.13,-24.209375,-4.5E-02));
#17981 = DIRECTION('',(-0.,-0.,-1.));
#17982 = DIRECTION('',(-0.,-1.,0.));
#17983 = ADVANCED_FACE('',(#17984),#17995,.F.);
#17984 = FACE_BOUND('',#17985,.T.);
#17985 = EDGE_LOOP('',(#17986,#17987,#17993,#17994));
#17986 = ORIENTED_EDGE('',*,*,#7688,.T.);
#17987 = ORIENTED_EDGE('',*,*,#17988,.T.);
#17988 = EDGE_CURVE('',#7689,#12106,#17989,.T.);
#17989 = LINE('',#17990,#17991);
#17990 = CARTESIAN_POINT('',(33.02,-25.084375,-4.5E-02));
#17991 = VECTOR('',#17992,1.);
#17992 = DIRECTION('',(0.,0.,1.));
#17993 = ORIENTED_EDGE('',*,*,#12105,.F.);
#17994 = ORIENTED_EDGE('',*,*,#17988,.F.);
#17995 = CYLINDRICAL_SURFACE('',#17996,0.875);
#17996 = AXIS2_PLACEMENT_3D('',#17997,#17998,#17999);
#17997 = CARTESIAN_POINT('',(33.02,-24.209375,-4.5E-02));
#17998 = DIRECTION('',(-0.,-0.,-1.));
#17999 = DIRECTION('',(-0.,-1.,0.));
#18000 = ADVANCED_FACE('',(#18001),#18012,.F.);
#18001 = FACE_BOUND('',#18002,.T.);
#18002 = EDGE_LOOP('',(#18003,#18004,#18010,#18011));
#18003 = ORIENTED_EDGE('',*,*,#7699,.T.);
#18004 = ORIENTED_EDGE('',*,*,#18005,.T.);
#18005 = EDGE_CURVE('',#7700,#12117,#18006,.T.);
#18006 = LINE('',#18007,#18008);
#18007 = CARTESIAN_POINT('',(38.1,-26.209375,-4.5E-02));
#18008 = VECTOR('',#18009,1.);
#18009 = DIRECTION('',(0.,0.,1.));
#18010 = ORIENTED_EDGE('',*,*,#12116,.F.);
#18011 = ORIENTED_EDGE('',*,*,#18005,.F.);
#18012 = CYLINDRICAL_SURFACE('',#18013,2.);
#18013 = AXIS2_PLACEMENT_3D('',#18014,#18015,#18016);
#18014 = CARTESIAN_POINT('',(38.1,-24.209375,-4.5E-02));
#18015 = DIRECTION('',(-0.,-0.,-1.));
#18016 = DIRECTION('',(-0.,-1.,0.));
#18017 = ADVANCED_FACE('',(#18018),#18029,.F.);
#18018 = FACE_BOUND('',#18019,.T.);
#18019 = EDGE_LOOP('',(#18020,#18021,#18027,#18028));
#18020 = ORIENTED_EDGE('',*,*,#7710,.T.);
#18021 = ORIENTED_EDGE('',*,*,#18022,.T.);
#18022 = EDGE_CURVE('',#7711,#12128,#18023,.T.);
#18023 = LINE('',#18024,#18025);
#18024 = CARTESIAN_POINT('',(43.18,-25.084375,-4.5E-02));
#18025 = VECTOR('',#18026,1.);
#18026 = DIRECTION('',(0.,0.,1.));
#18027 = ORIENTED_EDGE('',*,*,#12127,.F.);
#18028 = ORIENTED_EDGE('',*,*,#18022,.F.);
#18029 = CYLINDRICAL_SURFACE('',#18030,0.875);
#18030 = AXIS2_PLACEMENT_3D('',#18031,#18032,#18033);
#18031 = CARTESIAN_POINT('',(43.18,-24.209375,-4.5E-02));
#18032 = DIRECTION('',(-0.,-0.,-1.));
#18033 = DIRECTION('',(-0.,-1.,0.));
#18034 = ADVANCED_FACE('',(#18035),#18046,.F.);
#18035 = FACE_BOUND('',#18036,.T.);
#18036 = EDGE_LOOP('',(#18037,#18038,#18044,#18045));
#18037 = ORIENTED_EDGE('',*,*,#7721,.T.);
#18038 = ORIENTED_EDGE('',*,*,#18039,.T.);
#18039 = EDGE_CURVE('',#7722,#12139,#18040,.T.);
#18040 = LINE('',#18041,#18042);
#18041 = CARTESIAN_POINT('',(52.07,-25.084375,-4.5E-02));
#18042 = VECTOR('',#18043,1.);
#18043 = DIRECTION('',(0.,0.,1.));
#18044 = ORIENTED_EDGE('',*,*,#12138,.F.);
#18045 = ORIENTED_EDGE('',*,*,#18039,.F.);
#18046 = CYLINDRICAL_SURFACE('',#18047,0.875);
#18047 = AXIS2_PLACEMENT_3D('',#18048,#18049,#18050);
#18048 = CARTESIAN_POINT('',(52.07,-24.209375,-4.5E-02));
#18049 = DIRECTION('',(-0.,-0.,-1.));
#18050 = DIRECTION('',(-0.,-1.,0.));
#18051 = ADVANCED_FACE('',(#18052),#18063,.F.);
#18052 = FACE_BOUND('',#18053,.T.);
#18053 = EDGE_LOOP('',(#18054,#18055,#18061,#18062));
#18054 = ORIENTED_EDGE('',*,*,#7732,.T.);
#18055 = ORIENTED_EDGE('',*,*,#18056,.T.);
#18056 = EDGE_CURVE('',#7733,#12150,#18057,.T.);
#18057 = LINE('',#18058,#18059);
#18058 = CARTESIAN_POINT('',(57.15,-26.209375,-4.5E-02));
#18059 = VECTOR('',#18060,1.);
#18060 = DIRECTION('',(0.,0.,1.));
#18061 = ORIENTED_EDGE('',*,*,#12149,.F.);
#18062 = ORIENTED_EDGE('',*,*,#18056,.F.);
#18063 = CYLINDRICAL_SURFACE('',#18064,2.);
#18064 = AXIS2_PLACEMENT_3D('',#18065,#18066,#18067);
#18065 = CARTESIAN_POINT('',(57.15,-24.209375,-4.5E-02));
#18066 = DIRECTION('',(-0.,-0.,-1.));
#18067 = DIRECTION('',(-0.,-1.,0.));
#18068 = ADVANCED_FACE('',(#18069),#18080,.F.);
#18069 = FACE_BOUND('',#18070,.T.);
#18070 = EDGE_LOOP('',(#18071,#18072,#18078,#18079));
#18071 = ORIENTED_EDGE('',*,*,#7743,.T.);
#18072 = ORIENTED_EDGE('',*,*,#18073,.T.);
#18073 = EDGE_CURVE('',#7744,#12161,#18074,.T.);
#18074 = LINE('',#18075,#18076);
#18075 = CARTESIAN_POINT('',(62.23,-25.084375,-4.5E-02));
#18076 = VECTOR('',#18077,1.);
#18077 = DIRECTION('',(0.,0.,1.));
#18078 = ORIENTED_EDGE('',*,*,#12160,.F.);
#18079 = ORIENTED_EDGE('',*,*,#18073,.F.);
#18080 = CYLINDRICAL_SURFACE('',#18081,0.875);
#18081 = AXIS2_PLACEMENT_3D('',#18082,#18083,#18084);
#18082 = CARTESIAN_POINT('',(62.23,-24.209375,-4.5E-02));
#18083 = DIRECTION('',(-0.,-0.,-1.));
#18084 = DIRECTION('',(-0.,-1.,0.));
#18085 = ADVANCED_FACE('',(#18086),#18097,.F.);
#18086 = FACE_BOUND('',#18087,.T.);
#18087 = EDGE_LOOP('',(#18088,#18089,#18095,#18096));
#18088 = ORIENTED_EDGE('',*,*,#7754,.T.);
#18089 = ORIENTED_EDGE('',*,*,#18090,.T.);
#18090 = EDGE_CURVE('',#7755,#12172,#18091,.T.);
#18091 = LINE('',#18092,#18093);
#18092 = CARTESIAN_POINT('',(-2.54,-7.001875,-4.5E-02));
#18093 = VECTOR('',#18094,1.);
#18094 = DIRECTION('',(0.,0.,1.));
#18095 = ORIENTED_EDGE('',*,*,#12171,.F.);
#18096 = ORIENTED_EDGE('',*,*,#18090,.F.);
#18097 = CYLINDRICAL_SURFACE('',#18098,1.525);
#18098 = AXIS2_PLACEMENT_3D('',#18099,#18100,#18101);
#18099 = CARTESIAN_POINT('',(-2.54,-5.476875,-4.5E-02));
#18100 = DIRECTION('',(-0.,-0.,-1.));
#18101 = DIRECTION('',(-0.,-1.,0.));
#18102 = ADVANCED_FACE('',(#18103),#18114,.F.);
#18103 = FACE_BOUND('',#18104,.T.);
#18104 = EDGE_LOOP('',(#18105,#18106,#18112,#18113));
#18105 = ORIENTED_EDGE('',*,*,#7765,.T.);
#18106 = ORIENTED_EDGE('',*,*,#18107,.T.);
#18107 = EDGE_CURVE('',#7766,#12183,#18108,.T.);
#18108 = LINE('',#18109,#18110);
#18109 = CARTESIAN_POINT('',(21.2725,-7.001875,-4.5E-02));
#18110 = VECTOR('',#18111,1.);
#18111 = DIRECTION('',(0.,0.,1.));
#18112 = ORIENTED_EDGE('',*,*,#12182,.F.);
#18113 = ORIENTED_EDGE('',*,*,#18107,.F.);
#18114 = CYLINDRICAL_SURFACE('',#18115,1.525);
#18115 = AXIS2_PLACEMENT_3D('',#18116,#18117,#18118);
#18116 = CARTESIAN_POINT('',(21.2725,-5.476875,-4.5E-02));
#18117 = DIRECTION('',(-0.,-0.,-1.));
#18118 = DIRECTION('',(-0.,-1.,0.));
#18119 = ADVANCED_FACE('',(#18120),#18131,.F.);
#18120 = FACE_BOUND('',#18121,.T.);
#18121 = EDGE_LOOP('',(#18122,#18123,#18129,#18130));
#18122 = ORIENTED_EDGE('',*,*,#7776,.T.);
#18123 = ORIENTED_EDGE('',*,*,#18124,.T.);
#18124 = EDGE_CURVE('',#7777,#12194,#18125,.T.);
#18125 = LINE('',#18126,#18127);
#18126 = CARTESIAN_POINT('',(3.81,-4.461875,-4.5E-02));
#18127 = VECTOR('',#18128,1.);
#18128 = DIRECTION('',(0.,0.,1.));
#18129 = ORIENTED_EDGE('',*,*,#12193,.F.);
#18130 = ORIENTED_EDGE('',*,*,#18124,.F.);
#18131 = CYLINDRICAL_SURFACE('',#18132,1.525);
#18132 = AXIS2_PLACEMENT_3D('',#18133,#18134,#18135);
#18133 = CARTESIAN_POINT('',(3.81,-2.936875,-4.5E-02));
#18134 = DIRECTION('',(-0.,0.,-1.));
#18135 = DIRECTION('',(2.912060392459E-16,-1.,-0.));
#18136 = ADVANCED_FACE('',(#18137),#18148,.F.);
#18137 = FACE_BOUND('',#18138,.T.);
#18138 = EDGE_LOOP('',(#18139,#18140,#18146,#18147));
#18139 = ORIENTED_EDGE('',*,*,#7787,.T.);
#18140 = ORIENTED_EDGE('',*,*,#18141,.T.);
#18141 = EDGE_CURVE('',#7788,#12205,#18142,.T.);
#18142 = LINE('',#18143,#18144);
#18143 = CARTESIAN_POINT('',(-5.08,-1.271875,-4.5E-02));
#18144 = VECTOR('',#18145,1.);
#18145 = DIRECTION('',(0.,0.,1.));
#18146 = ORIENTED_EDGE('',*,*,#12204,.F.);
#18147 = ORIENTED_EDGE('',*,*,#18141,.F.);
#18148 = CYLINDRICAL_SURFACE('',#18149,0.875);
#18149 = AXIS2_PLACEMENT_3D('',#18150,#18151,#18152);
#18150 = CARTESIAN_POINT('',(-5.08,-0.396875,-4.5E-02));
#18151 = DIRECTION('',(-0.,-0.,-1.));
#18152 = DIRECTION('',(-0.,-1.,0.));
#18153 = ADVANCED_FACE('',(#18154),#18165,.F.);
#18154 = FACE_BOUND('',#18155,.T.);
#18155 = EDGE_LOOP('',(#18156,#18157,#18163,#18164));
#18156 = ORIENTED_EDGE('',*,*,#7798,.T.);
#18157 = ORIENTED_EDGE('',*,*,#18158,.T.);
#18158 = EDGE_CURVE('',#7799,#12216,#18159,.T.);
#18159 = LINE('',#18160,#18161);
#18160 = CARTESIAN_POINT('',(-2.465190328816E-32,-2.396875,-4.5E-02));
#18161 = VECTOR('',#18162,1.);
#18162 = DIRECTION('',(0.,0.,1.));
#18163 = ORIENTED_EDGE('',*,*,#12215,.F.);
#18164 = ORIENTED_EDGE('',*,*,#18158,.F.);
#18165 = CYLINDRICAL_SURFACE('',#18166,2.);
#18166 = AXIS2_PLACEMENT_3D('',#18167,#18168,#18169);
#18167 = CARTESIAN_POINT('',(-1.110223024625E-16,-0.396875,-4.5E-02));
#18168 = DIRECTION('',(-0.,0.,-1.));
#18169 = DIRECTION('',(5.551115123126E-17,-1.,-0.));
#18170 = ADVANCED_FACE('',(#18171),#18182,.F.);
#18171 = FACE_BOUND('',#18172,.T.);
#18172 = EDGE_LOOP('',(#18173,#18174,#18180,#18181));
#18173 = ORIENTED_EDGE('',*,*,#7809,.T.);
#18174 = ORIENTED_EDGE('',*,*,#18175,.T.);
#18175 = EDGE_CURVE('',#7810,#12227,#18176,.T.);
#18176 = LINE('',#18177,#18178);
#18177 = CARTESIAN_POINT('',(5.08,-1.271875,-4.5E-02));
#18178 = VECTOR('',#18179,1.);
#18179 = DIRECTION('',(0.,0.,1.));
#18180 = ORIENTED_EDGE('',*,*,#12226,.F.);
#18181 = ORIENTED_EDGE('',*,*,#18175,.F.);
#18182 = CYLINDRICAL_SURFACE('',#18183,0.875);
#18183 = AXIS2_PLACEMENT_3D('',#18184,#18185,#18186);
#18184 = CARTESIAN_POINT('',(5.08,-0.396875,-4.5E-02));
#18185 = DIRECTION('',(-0.,-0.,-1.));
#18186 = DIRECTION('',(-0.,-1.,0.));
#18187 = ADVANCED_FACE('',(#18188),#18199,.F.);
#18188 = FACE_BOUND('',#18189,.T.);
#18189 = EDGE_LOOP('',(#18190,#18191,#18197,#18198));
#18190 = ORIENTED_EDGE('',*,*,#7820,.T.);
#18191 = ORIENTED_EDGE('',*,*,#18192,.T.);
#18192 = EDGE_CURVE('',#7821,#12238,#18193,.T.);
#18193 = LINE('',#18194,#18195);
#18194 = CARTESIAN_POINT('',(27.6225,-4.461875,-4.5E-02));
#18195 = VECTOR('',#18196,1.);
#18196 = DIRECTION('',(0.,0.,1.));
#18197 = ORIENTED_EDGE('',*,*,#12237,.F.);
#18198 = ORIENTED_EDGE('',*,*,#18192,.F.);
#18199 = CYLINDRICAL_SURFACE('',#18200,1.525);
#18200 = AXIS2_PLACEMENT_3D('',#18201,#18202,#18203);
#18201 = CARTESIAN_POINT('',(27.6225,-2.936875,-4.5E-02));
#18202 = DIRECTION('',(-0.,-0.,-1.));
#18203 = DIRECTION('',(-2.329648313968E-15,-1.,0.));
#18204 = ADVANCED_FACE('',(#18205),#18216,.F.);
#18205 = FACE_BOUND('',#18206,.T.);
#18206 = EDGE_LOOP('',(#18207,#18208,#18214,#18215));
#18207 = ORIENTED_EDGE('',*,*,#7831,.T.);
#18208 = ORIENTED_EDGE('',*,*,#18209,.T.);
#18209 = EDGE_CURVE('',#7832,#12249,#18210,.T.);
#18210 = LINE('',#18211,#18212);
#18211 = CARTESIAN_POINT('',(18.7325,-1.271875,-4.5E-02));
#18212 = VECTOR('',#18213,1.);
#18213 = DIRECTION('',(0.,0.,1.));
#18214 = ORIENTED_EDGE('',*,*,#12248,.F.);
#18215 = ORIENTED_EDGE('',*,*,#18209,.F.);
#18216 = CYLINDRICAL_SURFACE('',#18217,0.875);
#18217 = AXIS2_PLACEMENT_3D('',#18218,#18219,#18220);
#18218 = CARTESIAN_POINT('',(18.7325,-0.396875,-4.5E-02));
#18219 = DIRECTION('',(-0.,-0.,-1.));
#18220 = DIRECTION('',(-0.,-1.,0.));
#18221 = ADVANCED_FACE('',(#18222),#18233,.F.);
#18222 = FACE_BOUND('',#18223,.T.);
#18223 = EDGE_LOOP('',(#18224,#18225,#18231,#18232));
#18224 = ORIENTED_EDGE('',*,*,#7842,.T.);
#18225 = ORIENTED_EDGE('',*,*,#18226,.T.);
#18226 = EDGE_CURVE('',#7843,#12260,#18227,.T.);
#18227 = LINE('',#18228,#18229);
#18228 = CARTESIAN_POINT('',(23.8125,-2.396875,-4.5E-02));
#18229 = VECTOR('',#18230,1.);
#18230 = DIRECTION('',(0.,0.,1.));
#18231 = ORIENTED_EDGE('',*,*,#12259,.F.);
#18232 = ORIENTED_EDGE('',*,*,#18226,.F.);
#18233 = CYLINDRICAL_SURFACE('',#18234,2.);
#18234 = AXIS2_PLACEMENT_3D('',#18235,#18236,#18237);
#18235 = CARTESIAN_POINT('',(23.8125,-0.396875,-4.5E-02));
#18236 = DIRECTION('',(-0.,-0.,-1.));
#18237 = DIRECTION('',(-0.,-1.,0.));
#18238 = ADVANCED_FACE('',(#18239),#18250,.F.);
#18239 = FACE_BOUND('',#18240,.T.);
#18240 = EDGE_LOOP('',(#18241,#18242,#18248,#18249));
#18241 = ORIENTED_EDGE('',*,*,#7853,.T.);
#18242 = ORIENTED_EDGE('',*,*,#18243,.T.);
#18243 = EDGE_CURVE('',#7854,#12271,#18244,.T.);
#18244 = LINE('',#18245,#18246);
#18245 = CARTESIAN_POINT('',(28.8925,-1.271875,-4.5E-02));
#18246 = VECTOR('',#18247,1.);
#18247 = DIRECTION('',(0.,0.,1.));
#18248 = ORIENTED_EDGE('',*,*,#12270,.F.);
#18249 = ORIENTED_EDGE('',*,*,#18243,.F.);
#18250 = CYLINDRICAL_SURFACE('',#18251,0.875);
#18251 = AXIS2_PLACEMENT_3D('',#18252,#18253,#18254);
#18252 = CARTESIAN_POINT('',(28.8925,-0.396875,-4.5E-02));
#18253 = DIRECTION('',(-0.,-0.,-1.));
#18254 = DIRECTION('',(-0.,-1.,0.));
#18255 = ADVANCED_FACE('',(#18256),#18267,.F.);
#18256 = FACE_BOUND('',#18257,.T.);
#18257 = EDGE_LOOP('',(#18258,#18259,#18265,#18266));
#18258 = ORIENTED_EDGE('',*,*,#7864,.T.);
#18259 = ORIENTED_EDGE('',*,*,#18260,.T.);
#18260 = EDGE_CURVE('',#7865,#12282,#18261,.T.);
#18261 = LINE('',#18262,#18263);
#18262 = CARTESIAN_POINT('',(40.3225,-7.001875,-4.5E-02));
#18263 = VECTOR('',#18264,1.);
#18264 = DIRECTION('',(0.,0.,1.));
#18265 = ORIENTED_EDGE('',*,*,#12281,.F.);
#18266 = ORIENTED_EDGE('',*,*,#18260,.F.);
#18267 = CYLINDRICAL_SURFACE('',#18268,1.525);
#18268 = AXIS2_PLACEMENT_3D('',#18269,#18270,#18271);
#18269 = CARTESIAN_POINT('',(40.3225,-5.476875,-4.5E-02));
#18270 = DIRECTION('',(-0.,-0.,-1.));
#18271 = DIRECTION('',(-0.,-1.,0.));
#18272 = ADVANCED_FACE('',(#18273),#18284,.F.);
#18273 = FACE_BOUND('',#18274,.T.);
#18274 = EDGE_LOOP('',(#18275,#18276,#18282,#18283));
#18275 = ORIENTED_EDGE('',*,*,#7875,.T.);
#18276 = ORIENTED_EDGE('',*,*,#18277,.T.);
#18277 = EDGE_CURVE('',#7876,#12293,#18278,.T.);
#18278 = LINE('',#18279,#18280);
#18279 = CARTESIAN_POINT('',(59.3725,-7.001875,-4.5E-02));
#18280 = VECTOR('',#18281,1.);
#18281 = DIRECTION('',(0.,0.,1.));
#18282 = ORIENTED_EDGE('',*,*,#12292,.F.);
#18283 = ORIENTED_EDGE('',*,*,#18277,.F.);
#18284 = CYLINDRICAL_SURFACE('',#18285,1.525);
#18285 = AXIS2_PLACEMENT_3D('',#18286,#18287,#18288);
#18286 = CARTESIAN_POINT('',(59.3725,-5.476875,-4.5E-02));
#18287 = DIRECTION('',(-0.,-0.,-1.));
#18288 = DIRECTION('',(-0.,-1.,0.));
#18289 = ADVANCED_FACE('',(#18290),#18301,.F.);
#18290 = FACE_BOUND('',#18291,.T.);
#18291 = EDGE_LOOP('',(#18292,#18293,#18299,#18300));
#18292 = ORIENTED_EDGE('',*,*,#7886,.T.);
#18293 = ORIENTED_EDGE('',*,*,#18294,.T.);
#18294 = EDGE_CURVE('',#7887,#12304,#18295,.T.);
#18295 = LINE('',#18296,#18297);
#18296 = CARTESIAN_POINT('',(46.6725,-4.461875,-4.5E-02));
#18297 = VECTOR('',#18298,1.);
#18298 = DIRECTION('',(0.,0.,1.));
#18299 = ORIENTED_EDGE('',*,*,#12303,.F.);
#18300 = ORIENTED_EDGE('',*,*,#18294,.F.);
#18301 = CYLINDRICAL_SURFACE('',#18302,1.525);
#18302 = AXIS2_PLACEMENT_3D('',#18303,#18304,#18305);
#18303 = CARTESIAN_POINT('',(46.6725,-2.936875,-4.5E-02));
#18304 = DIRECTION('',(-0.,-0.,-1.));
#18305 = DIRECTION('',(-0.,-1.,0.));
#18306 = ADVANCED_FACE('',(#18307),#18318,.F.);
#18307 = FACE_BOUND('',#18308,.T.);
#18308 = EDGE_LOOP('',(#18309,#18310,#18316,#18317));
#18309 = ORIENTED_EDGE('',*,*,#7897,.T.);
#18310 = ORIENTED_EDGE('',*,*,#18311,.T.);
#18311 = EDGE_CURVE('',#7898,#12315,#18312,.T.);
#18312 = LINE('',#18313,#18314);
#18313 = CARTESIAN_POINT('',(37.7825,-1.271875,-4.5E-02));
#18314 = VECTOR('',#18315,1.);
#18315 = DIRECTION('',(0.,0.,1.));
#18316 = ORIENTED_EDGE('',*,*,#12314,.F.);
#18317 = ORIENTED_EDGE('',*,*,#18311,.F.);
#18318 = CYLINDRICAL_SURFACE('',#18319,0.875);
#18319 = AXIS2_PLACEMENT_3D('',#18320,#18321,#18322);
#18320 = CARTESIAN_POINT('',(37.7825,-0.396875,-4.5E-02));
#18321 = DIRECTION('',(-0.,-0.,-1.));
#18322 = DIRECTION('',(-0.,-1.,0.));
#18323 = ADVANCED_FACE('',(#18324),#18335,.F.);
#18324 = FACE_BOUND('',#18325,.T.);
#18325 = EDGE_LOOP('',(#18326,#18327,#18333,#18334));
#18326 = ORIENTED_EDGE('',*,*,#7908,.T.);
#18327 = ORIENTED_EDGE('',*,*,#18328,.T.);
#18328 = EDGE_CURVE('',#7909,#12326,#18329,.T.);
#18329 = LINE('',#18330,#18331);
#18330 = CARTESIAN_POINT('',(42.8625,-2.396875,-4.5E-02));
#18331 = VECTOR('',#18332,1.);
#18332 = DIRECTION('',(0.,0.,1.));
#18333 = ORIENTED_EDGE('',*,*,#12325,.F.);
#18334 = ORIENTED_EDGE('',*,*,#18328,.F.);
#18335 = CYLINDRICAL_SURFACE('',#18336,2.);
#18336 = AXIS2_PLACEMENT_3D('',#18337,#18338,#18339);
#18337 = CARTESIAN_POINT('',(42.8625,-0.396875,-4.5E-02));
#18338 = DIRECTION('',(-0.,-0.,-1.));
#18339 = DIRECTION('',(-0.,-1.,0.));
#18340 = ADVANCED_FACE('',(#18341),#18352,.F.);
#18341 = FACE_BOUND('',#18342,.T.);
#18342 = EDGE_LOOP('',(#18343,#18344,#18350,#18351));
#18343 = ORIENTED_EDGE('',*,*,#7919,.T.);
#18344 = ORIENTED_EDGE('',*,*,#18345,.T.);
#18345 = EDGE_CURVE('',#7920,#12337,#18346,.T.);
#18346 = LINE('',#18347,#18348);
#18347 = CARTESIAN_POINT('',(47.9425,-1.271875,-4.5E-02));
#18348 = VECTOR('',#18349,1.);
#18349 = DIRECTION('',(0.,0.,1.));
#18350 = ORIENTED_EDGE('',*,*,#12336,.F.);
#18351 = ORIENTED_EDGE('',*,*,#18345,.F.);
#18352 = CYLINDRICAL_SURFACE('',#18353,0.875);
#18353 = AXIS2_PLACEMENT_3D('',#18354,#18355,#18356);
#18354 = CARTESIAN_POINT('',(47.9425,-0.396875,-4.5E-02));
#18355 = DIRECTION('',(-0.,-0.,-1.));
#18356 = DIRECTION('',(-0.,-1.,0.));
#18357 = ADVANCED_FACE('',(#18358),#18369,.F.);
#18358 = FACE_BOUND('',#18359,.T.);
#18359 = EDGE_LOOP('',(#18360,#18361,#18367,#18368));
#18360 = ORIENTED_EDGE('',*,*,#7930,.T.);
#18361 = ORIENTED_EDGE('',*,*,#18362,.T.);
#18362 = EDGE_CURVE('',#7931,#12348,#18363,.T.);
#18363 = LINE('',#18364,#18365);
#18364 = CARTESIAN_POINT('',(65.7225,-4.461875,-4.5E-02));
#18365 = VECTOR('',#18366,1.);
#18366 = DIRECTION('',(0.,0.,1.));
#18367 = ORIENTED_EDGE('',*,*,#12347,.F.);
#18368 = ORIENTED_EDGE('',*,*,#18362,.F.);
#18369 = CYLINDRICAL_SURFACE('',#18370,1.525);
#18370 = AXIS2_PLACEMENT_3D('',#18371,#18372,#18373);
#18371 = CARTESIAN_POINT('',(65.7225,-2.936875,-4.5E-02));
#18372 = DIRECTION('',(-0.,-0.,-1.));
#18373 = DIRECTION('',(-0.,-1.,0.));
#18374 = ADVANCED_FACE('',(#18375),#18386,.F.);
#18375 = FACE_BOUND('',#18376,.T.);
#18376 = EDGE_LOOP('',(#18377,#18378,#18384,#18385));
#18377 = ORIENTED_EDGE('',*,*,#7941,.T.);
#18378 = ORIENTED_EDGE('',*,*,#18379,.T.);
#18379 = EDGE_CURVE('',#7942,#12359,#18380,.T.);
#18380 = LINE('',#18381,#18382);
#18381 = CARTESIAN_POINT('',(56.8325,-1.271875,-4.5E-02));
#18382 = VECTOR('',#18383,1.);
#18383 = DIRECTION('',(0.,0.,1.));
#18384 = ORIENTED_EDGE('',*,*,#12358,.F.);
#18385 = ORIENTED_EDGE('',*,*,#18379,.F.);
#18386 = CYLINDRICAL_SURFACE('',#18387,0.875);
#18387 = AXIS2_PLACEMENT_3D('',#18388,#18389,#18390);
#18388 = CARTESIAN_POINT('',(56.8325,-0.396875,-4.5E-02));
#18389 = DIRECTION('',(-0.,-0.,-1.));
#18390 = DIRECTION('',(-0.,-1.,0.));
#18391 = ADVANCED_FACE('',(#18392),#18403,.F.);
#18392 = FACE_BOUND('',#18393,.T.);
#18393 = EDGE_LOOP('',(#18394,#18395,#18401,#18402));
#18394 = ORIENTED_EDGE('',*,*,#7952,.T.);
#18395 = ORIENTED_EDGE('',*,*,#18396,.T.);
#18396 = EDGE_CURVE('',#7953,#12370,#18397,.T.);
#18397 = LINE('',#18398,#18399);
#18398 = CARTESIAN_POINT('',(61.9125,-2.396875,-4.5E-02));
#18399 = VECTOR('',#18400,1.);
#18400 = DIRECTION('',(0.,0.,1.));
#18401 = ORIENTED_EDGE('',*,*,#12369,.F.);
#18402 = ORIENTED_EDGE('',*,*,#18396,.F.);
#18403 = CYLINDRICAL_SURFACE('',#18404,2.);
#18404 = AXIS2_PLACEMENT_3D('',#18405,#18406,#18407);
#18405 = CARTESIAN_POINT('',(61.9125,-0.396875,-4.5E-02));
#18406 = DIRECTION('',(-0.,-0.,-1.));
#18407 = DIRECTION('',(-0.,-1.,0.));
#18408 = ADVANCED_FACE('',(#18409),#18420,.F.);
#18409 = FACE_BOUND('',#18410,.T.);
#18410 = EDGE_LOOP('',(#18411,#18412,#18418,#18419));
#18411 = ORIENTED_EDGE('',*,*,#7963,.T.);
#18412 = ORIENTED_EDGE('',*,*,#18413,.T.);
#18413 = EDGE_CURVE('',#7964,#12381,#18414,.T.);
#18414 = LINE('',#18415,#18416);
#18415 = CARTESIAN_POINT('',(66.9925,-1.271875,-4.5E-02));
#18416 = VECTOR('',#18417,1.);
#18417 = DIRECTION('',(0.,0.,1.));
#18418 = ORIENTED_EDGE('',*,*,#12380,.F.);
#18419 = ORIENTED_EDGE('',*,*,#18413,.F.);
#18420 = CYLINDRICAL_SURFACE('',#18421,0.875);
#18421 = AXIS2_PLACEMENT_3D('',#18422,#18423,#18424);
#18422 = CARTESIAN_POINT('',(66.9925,-0.396875,-4.5E-02));
#18423 = DIRECTION('',(-0.,-0.,-1.));
#18424 = DIRECTION('',(-0.,-1.,0.));
#18425 = ADVANCED_FACE('',(#18426),#18437,.F.);
#18426 = FACE_BOUND('',#18427,.T.);
#18427 = EDGE_LOOP('',(#18428,#18429,#18435,#18436));
#18428 = ORIENTED_EDGE('',*,*,#7974,.T.);
#18429 = ORIENTED_EDGE('',*,*,#18430,.T.);
#18430 = EDGE_CURVE('',#7975,#12392,#18431,.T.);
#18431 = LINE('',#18432,#18433);
#18432 = CARTESIAN_POINT('',(71.12,-25.084375,-4.5E-02));
#18433 = VECTOR('',#18434,1.);
#18434 = DIRECTION('',(0.,0.,1.));
#18435 = ORIENTED_EDGE('',*,*,#12391,.F.);
#18436 = ORIENTED_EDGE('',*,*,#18430,.F.);
#18437 = CYLINDRICAL_SURFACE('',#18438,0.875);
#18438 = AXIS2_PLACEMENT_3D('',#18439,#18440,#18441);
#18439 = CARTESIAN_POINT('',(71.12,-24.209375,-4.5E-02));
#18440 = DIRECTION('',(-0.,-0.,-1.));
#18441 = DIRECTION('',(-0.,-1.,0.));
#18442 = ADVANCED_FACE('',(#18443),#18454,.F.);
#18443 = FACE_BOUND('',#18444,.T.);
#18444 = EDGE_LOOP('',(#18445,#18446,#18452,#18453));
#18445 = ORIENTED_EDGE('',*,*,#7985,.T.);
#18446 = ORIENTED_EDGE('',*,*,#18447,.T.);
#18447 = EDGE_CURVE('',#7986,#12403,#18448,.T.);
#18448 = LINE('',#18449,#18450);
#18449 = CARTESIAN_POINT('',(76.2,-26.209375,-4.5E-02));
#18450 = VECTOR('',#18451,1.);
#18451 = DIRECTION('',(0.,0.,1.));
#18452 = ORIENTED_EDGE('',*,*,#12402,.F.);
#18453 = ORIENTED_EDGE('',*,*,#18447,.F.);
#18454 = CYLINDRICAL_SURFACE('',#18455,2.);
#18455 = AXIS2_PLACEMENT_3D('',#18456,#18457,#18458);
#18456 = CARTESIAN_POINT('',(76.2,-24.209375,-4.5E-02));
#18457 = DIRECTION('',(-0.,-0.,-1.));
#18458 = DIRECTION('',(-0.,-1.,0.));
#18459 = ADVANCED_FACE('',(#18460),#18471,.F.);
#18460 = FACE_BOUND('',#18461,.T.);
#18461 = EDGE_LOOP('',(#18462,#18463,#18469,#18470));
#18462 = ORIENTED_EDGE('',*,*,#7996,.T.);
#18463 = ORIENTED_EDGE('',*,*,#18464,.T.);
#18464 = EDGE_CURVE('',#7997,#12414,#18465,.T.);
#18465 = LINE('',#18466,#18467);
#18466 = CARTESIAN_POINT('',(81.28,-25.084375,-4.5E-02));
#18467 = VECTOR('',#18468,1.);
#18468 = DIRECTION('',(0.,0.,1.));
#18469 = ORIENTED_EDGE('',*,*,#12413,.F.);
#18470 = ORIENTED_EDGE('',*,*,#18464,.F.);
#18471 = CYLINDRICAL_SURFACE('',#18472,0.875);
#18472 = AXIS2_PLACEMENT_3D('',#18473,#18474,#18475);
#18473 = CARTESIAN_POINT('',(81.28,-24.209375,-4.5E-02));
#18474 = DIRECTION('',(-0.,-0.,-1.));
#18475 = DIRECTION('',(-0.,-1.,0.));
#18476 = ADVANCED_FACE('',(#18477),#18488,.F.);
#18477 = FACE_BOUND('',#18478,.T.);
#18478 = EDGE_LOOP('',(#18479,#18480,#18486,#18487));
#18479 = ORIENTED_EDGE('',*,*,#8007,.T.);
#18480 = ORIENTED_EDGE('',*,*,#18481,.T.);
#18481 = EDGE_CURVE('',#8008,#12425,#18482,.T.);
#18482 = LINE('',#18483,#18484);
#18483 = CARTESIAN_POINT('',(90.17,-25.084375,-4.5E-02));
#18484 = VECTOR('',#18485,1.);
#18485 = DIRECTION('',(0.,0.,1.));
#18486 = ORIENTED_EDGE('',*,*,#12424,.F.);
#18487 = ORIENTED_EDGE('',*,*,#18481,.F.);
#18488 = CYLINDRICAL_SURFACE('',#18489,0.875);
#18489 = AXIS2_PLACEMENT_3D('',#18490,#18491,#18492);
#18490 = CARTESIAN_POINT('',(90.17,-24.209375,-4.5E-02));
#18491 = DIRECTION('',(-0.,-0.,-1.));
#18492 = DIRECTION('',(-0.,-1.,0.));
#18493 = ADVANCED_FACE('',(#18494),#18505,.F.);
#18494 = FACE_BOUND('',#18495,.T.);
#18495 = EDGE_LOOP('',(#18496,#18497,#18503,#18504));
#18496 = ORIENTED_EDGE('',*,*,#8018,.T.);
#18497 = ORIENTED_EDGE('',*,*,#18498,.T.);
#18498 = EDGE_CURVE('',#8019,#12436,#18499,.T.);
#18499 = LINE('',#18500,#18501);
#18500 = CARTESIAN_POINT('',(95.25,-26.209375,-4.5E-02));
#18501 = VECTOR('',#18502,1.);
#18502 = DIRECTION('',(0.,0.,1.));
#18503 = ORIENTED_EDGE('',*,*,#12435,.F.);
#18504 = ORIENTED_EDGE('',*,*,#18498,.F.);
#18505 = CYLINDRICAL_SURFACE('',#18506,2.);
#18506 = AXIS2_PLACEMENT_3D('',#18507,#18508,#18509);
#18507 = CARTESIAN_POINT('',(95.25,-24.209375,-4.5E-02));
#18508 = DIRECTION('',(-0.,-0.,-1.));
#18509 = DIRECTION('',(-0.,-1.,0.));
#18510 = ADVANCED_FACE('',(#18511),#18522,.F.);
#18511 = FACE_BOUND('',#18512,.T.);
#18512 = EDGE_LOOP('',(#18513,#18514,#18520,#18521));
#18513 = ORIENTED_EDGE('',*,*,#8029,.T.);
#18514 = ORIENTED_EDGE('',*,*,#18515,.T.);
#18515 = EDGE_CURVE('',#8030,#12447,#18516,.T.);
#18516 = LINE('',#18517,#18518);
#18517 = CARTESIAN_POINT('',(100.33,-25.084375,-4.5E-02));
#18518 = VECTOR('',#18519,1.);
#18519 = DIRECTION('',(0.,0.,1.));
#18520 = ORIENTED_EDGE('',*,*,#12446,.F.);
#18521 = ORIENTED_EDGE('',*,*,#18515,.F.);
#18522 = CYLINDRICAL_SURFACE('',#18523,0.875);
#18523 = AXIS2_PLACEMENT_3D('',#18524,#18525,#18526);
#18524 = CARTESIAN_POINT('',(100.33,-24.209375,-4.5E-02));
#18525 = DIRECTION('',(-0.,-0.,-1.));
#18526 = DIRECTION('',(-0.,-1.,0.));
#18527 = ADVANCED_FACE('',(#18528),#18539,.F.);
#18528 = FACE_BOUND('',#18529,.T.);
#18529 = EDGE_LOOP('',(#18530,#18531,#18537,#18538));
#18530 = ORIENTED_EDGE('',*,*,#8040,.T.);
#18531 = ORIENTED_EDGE('',*,*,#18532,.T.);
#18532 = EDGE_CURVE('',#8041,#12458,#18533,.T.);
#18533 = LINE('',#18534,#18535);
#18534 = CARTESIAN_POINT('',(109.22,-25.084375,-4.5E-02));
#18535 = VECTOR('',#18536,1.);
#18536 = DIRECTION('',(0.,0.,1.));
#18537 = ORIENTED_EDGE('',*,*,#12457,.F.);
#18538 = ORIENTED_EDGE('',*,*,#18532,.F.);
#18539 = CYLINDRICAL_SURFACE('',#18540,0.875);
#18540 = AXIS2_PLACEMENT_3D('',#18541,#18542,#18543);
#18541 = CARTESIAN_POINT('',(109.22,-24.209375,-4.5E-02));
#18542 = DIRECTION('',(-0.,-0.,-1.));
#18543 = DIRECTION('',(-0.,-1.,0.));
#18544 = ADVANCED_FACE('',(#18545),#18556,.F.);
#18545 = FACE_BOUND('',#18546,.T.);
#18546 = EDGE_LOOP('',(#18547,#18548,#18554,#18555));
#18547 = ORIENTED_EDGE('',*,*,#8051,.T.);
#18548 = ORIENTED_EDGE('',*,*,#18549,.T.);
#18549 = EDGE_CURVE('',#8052,#12469,#18550,.T.);
#18550 = LINE('',#18551,#18552);
#18551 = CARTESIAN_POINT('',(114.3,-26.209375,-4.5E-02));
#18552 = VECTOR('',#18553,1.);
#18553 = DIRECTION('',(0.,0.,1.));
#18554 = ORIENTED_EDGE('',*,*,#12468,.F.);
#18555 = ORIENTED_EDGE('',*,*,#18549,.F.);
#18556 = CYLINDRICAL_SURFACE('',#18557,2.);
#18557 = AXIS2_PLACEMENT_3D('',#18558,#18559,#18560);
#18558 = CARTESIAN_POINT('',(114.3,-24.209375,-4.5E-02));
#18559 = DIRECTION('',(-0.,-0.,-1.));
#18560 = DIRECTION('',(-0.,-1.,0.));
#18561 = ADVANCED_FACE('',(#18562),#18573,.F.);
#18562 = FACE_BOUND('',#18563,.T.);
#18563 = EDGE_LOOP('',(#18564,#18565,#18571,#18572));
#18564 = ORIENTED_EDGE('',*,*,#8062,.T.);
#18565 = ORIENTED_EDGE('',*,*,#18566,.T.);
#18566 = EDGE_CURVE('',#8063,#12480,#18567,.T.);
#18567 = LINE('',#18568,#18569);
#18568 = CARTESIAN_POINT('',(119.38,-25.084375,-4.5E-02));
#18569 = VECTOR('',#18570,1.);
#18570 = DIRECTION('',(0.,0.,1.));
#18571 = ORIENTED_EDGE('',*,*,#12479,.F.);
#18572 = ORIENTED_EDGE('',*,*,#18566,.F.);
#18573 = CYLINDRICAL_SURFACE('',#18574,0.875);
#18574 = AXIS2_PLACEMENT_3D('',#18575,#18576,#18577);
#18575 = CARTESIAN_POINT('',(119.38,-24.209375,-4.5E-02));
#18576 = DIRECTION('',(-0.,-0.,-1.));
#18577 = DIRECTION('',(-0.,-1.,0.));
#18578 = ADVANCED_FACE('',(#18579),#18590,.F.);
#18579 = FACE_BOUND('',#18580,.T.);
#18580 = EDGE_LOOP('',(#18581,#18582,#18588,#18589));
#18581 = ORIENTED_EDGE('',*,*,#8073,.T.);
#18582 = ORIENTED_EDGE('',*,*,#18583,.T.);
#18583 = EDGE_CURVE('',#8074,#12491,#18584,.T.);
#18584 = LINE('',#18585,#18586);
#18585 = CARTESIAN_POINT('',(128.27,-25.084375,-4.5E-02));
#18586 = VECTOR('',#18587,1.);
#18587 = DIRECTION('',(0.,0.,1.));
#18588 = ORIENTED_EDGE('',*,*,#12490,.F.);
#18589 = ORIENTED_EDGE('',*,*,#18583,.F.);
#18590 = CYLINDRICAL_SURFACE('',#18591,0.875);
#18591 = AXIS2_PLACEMENT_3D('',#18592,#18593,#18594);
#18592 = CARTESIAN_POINT('',(128.27,-24.209375,-4.5E-02));
#18593 = DIRECTION('',(-0.,-0.,-1.));
#18594 = DIRECTION('',(-0.,-1.,0.));
#18595 = ADVANCED_FACE('',(#18596),#18607,.F.);
#18596 = FACE_BOUND('',#18597,.T.);
#18597 = EDGE_LOOP('',(#18598,#18599,#18605,#18606));
#18598 = ORIENTED_EDGE('',*,*,#8084,.T.);
#18599 = ORIENTED_EDGE('',*,*,#18600,.T.);
#18600 = EDGE_CURVE('',#8085,#12502,#18601,.T.);
#18601 = LINE('',#18602,#18603);
#18602 = CARTESIAN_POINT('',(133.35,-26.209375,-4.5E-02));
#18603 = VECTOR('',#18604,1.);
#18604 = DIRECTION('',(0.,0.,1.));
#18605 = ORIENTED_EDGE('',*,*,#12501,.F.);
#18606 = ORIENTED_EDGE('',*,*,#18600,.F.);
#18607 = CYLINDRICAL_SURFACE('',#18608,2.);
#18608 = AXIS2_PLACEMENT_3D('',#18609,#18610,#18611);
#18609 = CARTESIAN_POINT('',(133.35,-24.209375,-4.5E-02));
#18610 = DIRECTION('',(-0.,-0.,-1.));
#18611 = DIRECTION('',(-0.,-1.,0.));
#18612 = ADVANCED_FACE('',(#18613),#18624,.F.);
#18613 = FACE_BOUND('',#18614,.T.);
#18614 = EDGE_LOOP('',(#18615,#18616,#18622,#18623));
#18615 = ORIENTED_EDGE('',*,*,#8095,.T.);
#18616 = ORIENTED_EDGE('',*,*,#18617,.T.);
#18617 = EDGE_CURVE('',#8096,#12513,#18618,.T.);
#18618 = LINE('',#18619,#18620);
#18619 = CARTESIAN_POINT('',(138.43,-25.084375,-4.5E-02));
#18620 = VECTOR('',#18621,1.);
#18621 = DIRECTION('',(0.,0.,1.));
#18622 = ORIENTED_EDGE('',*,*,#12512,.F.);
#18623 = ORIENTED_EDGE('',*,*,#18617,.F.);
#18624 = CYLINDRICAL_SURFACE('',#18625,0.875);
#18625 = AXIS2_PLACEMENT_3D('',#18626,#18627,#18628);
#18626 = CARTESIAN_POINT('',(138.43,-24.209375,-4.5E-02));
#18627 = DIRECTION('',(-0.,-0.,-1.));
#18628 = DIRECTION('',(-0.,-1.,0.));
#18629 = ADVANCED_FACE('',(#18630),#18641,.F.);
#18630 = FACE_BOUND('',#18631,.T.);
#18631 = EDGE_LOOP('',(#18632,#18633,#18639,#18640));
#18632 = ORIENTED_EDGE('',*,*,#8106,.T.);
#18633 = ORIENTED_EDGE('',*,*,#18634,.T.);
#18634 = EDGE_CURVE('',#8107,#12524,#18635,.T.);
#18635 = LINE('',#18636,#18637);
#18636 = CARTESIAN_POINT('',(78.4225,-7.001875,-4.5E-02));
#18637 = VECTOR('',#18638,1.);
#18638 = DIRECTION('',(0.,0.,1.));
#18639 = ORIENTED_EDGE('',*,*,#12523,.F.);
#18640 = ORIENTED_EDGE('',*,*,#18634,.F.);
#18641 = CYLINDRICAL_SURFACE('',#18642,1.525);
#18642 = AXIS2_PLACEMENT_3D('',#18643,#18644,#18645);
#18643 = CARTESIAN_POINT('',(78.4225,-5.476875,-4.5E-02));
#18644 = DIRECTION('',(-0.,-0.,-1.));
#18645 = DIRECTION('',(-0.,-1.,0.));
#18646 = ADVANCED_FACE('',(#18647),#18658,.F.);
#18647 = FACE_BOUND('',#18648,.T.);
#18648 = EDGE_LOOP('',(#18649,#18650,#18656,#18657));
#18649 = ORIENTED_EDGE('',*,*,#8117,.T.);
#18650 = ORIENTED_EDGE('',*,*,#18651,.T.);
#18651 = EDGE_CURVE('',#8118,#12535,#18652,.T.);
#18652 = LINE('',#18653,#18654);
#18653 = CARTESIAN_POINT('',(102.235,-7.001875,-4.5E-02));
#18654 = VECTOR('',#18655,1.);
#18655 = DIRECTION('',(0.,0.,1.));
#18656 = ORIENTED_EDGE('',*,*,#12534,.F.);
#18657 = ORIENTED_EDGE('',*,*,#18651,.F.);
#18658 = CYLINDRICAL_SURFACE('',#18659,1.525);
#18659 = AXIS2_PLACEMENT_3D('',#18660,#18661,#18662);
#18660 = CARTESIAN_POINT('',(102.235,-5.476875,-4.5E-02));
#18661 = DIRECTION('',(-0.,-0.,-1.));
#18662 = DIRECTION('',(-0.,-1.,0.));
#18663 = ADVANCED_FACE('',(#18664),#18675,.F.);
#18664 = FACE_BOUND('',#18665,.T.);
#18665 = EDGE_LOOP('',(#18666,#18667,#18673,#18674));
#18666 = ORIENTED_EDGE('',*,*,#8128,.T.);
#18667 = ORIENTED_EDGE('',*,*,#18668,.T.);
#18668 = EDGE_CURVE('',#8129,#12546,#18669,.T.);
#18669 = LINE('',#18670,#18671);
#18670 = CARTESIAN_POINT('',(84.7725,-4.461875,-4.5E-02));
#18671 = VECTOR('',#18672,1.);
#18672 = DIRECTION('',(0.,0.,1.));
#18673 = ORIENTED_EDGE('',*,*,#12545,.F.);
#18674 = ORIENTED_EDGE('',*,*,#18668,.F.);
#18675 = CYLINDRICAL_SURFACE('',#18676,1.525);
#18676 = AXIS2_PLACEMENT_3D('',#18677,#18678,#18679);
#18677 = CARTESIAN_POINT('',(84.7725,-2.936875,-4.5E-02));
#18678 = DIRECTION('',(-0.,-0.,-1.));
#18679 = DIRECTION('',(-9.31859325587E-15,-1.,0.));
#18680 = ADVANCED_FACE('',(#18681),#18692,.F.);
#18681 = FACE_BOUND('',#18682,.T.);
#18682 = EDGE_LOOP('',(#18683,#18684,#18690,#18691));
#18683 = ORIENTED_EDGE('',*,*,#8139,.T.);
#18684 = ORIENTED_EDGE('',*,*,#18685,.T.);
#18685 = EDGE_CURVE('',#8140,#12557,#18686,.T.);
#18686 = LINE('',#18687,#18688);
#18687 = CARTESIAN_POINT('',(75.8825,-1.271875,-4.5E-02));
#18688 = VECTOR('',#18689,1.);
#18689 = DIRECTION('',(0.,0.,1.));
#18690 = ORIENTED_EDGE('',*,*,#12556,.F.);
#18691 = ORIENTED_EDGE('',*,*,#18685,.F.);
#18692 = CYLINDRICAL_SURFACE('',#18693,0.875);
#18693 = AXIS2_PLACEMENT_3D('',#18694,#18695,#18696);
#18694 = CARTESIAN_POINT('',(75.8825,-0.396875,-4.5E-02));
#18695 = DIRECTION('',(-0.,-0.,-1.));
#18696 = DIRECTION('',(-0.,-1.,0.));
#18697 = ADVANCED_FACE('',(#18698),#18709,.F.);
#18698 = FACE_BOUND('',#18699,.T.);
#18699 = EDGE_LOOP('',(#18700,#18701,#18707,#18708));
#18700 = ORIENTED_EDGE('',*,*,#8150,.T.);
#18701 = ORIENTED_EDGE('',*,*,#18702,.T.);
#18702 = EDGE_CURVE('',#8151,#12568,#18703,.T.);
#18703 = LINE('',#18704,#18705);
#18704 = CARTESIAN_POINT('',(80.9625,-2.396875,-4.5E-02));
#18705 = VECTOR('',#18706,1.);
#18706 = DIRECTION('',(0.,0.,1.));
#18707 = ORIENTED_EDGE('',*,*,#12567,.F.);
#18708 = ORIENTED_EDGE('',*,*,#18702,.F.);
#18709 = CYLINDRICAL_SURFACE('',#18710,2.);
#18710 = AXIS2_PLACEMENT_3D('',#18711,#18712,#18713);
#18711 = CARTESIAN_POINT('',(80.9625,-0.396875,-4.5E-02));
#18712 = DIRECTION('',(-0.,-0.,-1.));
#18713 = DIRECTION('',(-0.,-1.,0.));
#18714 = ADVANCED_FACE('',(#18715),#18726,.F.);
#18715 = FACE_BOUND('',#18716,.T.);
#18716 = EDGE_LOOP('',(#18717,#18718,#18724,#18725));
#18717 = ORIENTED_EDGE('',*,*,#8161,.T.);
#18718 = ORIENTED_EDGE('',*,*,#18719,.T.);
#18719 = EDGE_CURVE('',#8162,#12579,#18720,.T.);
#18720 = LINE('',#18721,#18722);
#18721 = CARTESIAN_POINT('',(86.0425,-1.271875,-4.5E-02));
#18722 = VECTOR('',#18723,1.);
#18723 = DIRECTION('',(0.,0.,1.));
#18724 = ORIENTED_EDGE('',*,*,#12578,.F.);
#18725 = ORIENTED_EDGE('',*,*,#18719,.F.);
#18726 = CYLINDRICAL_SURFACE('',#18727,0.875);
#18727 = AXIS2_PLACEMENT_3D('',#18728,#18729,#18730);
#18728 = CARTESIAN_POINT('',(86.0425,-0.396875,-4.5E-02));
#18729 = DIRECTION('',(-0.,-0.,-1.));
#18730 = DIRECTION('',(-0.,-1.,0.));
#18731 = ADVANCED_FACE('',(#18732),#18743,.F.);
#18732 = FACE_BOUND('',#18733,.T.);
#18733 = EDGE_LOOP('',(#18734,#18735,#18741,#18742));
#18734 = ORIENTED_EDGE('',*,*,#8172,.T.);
#18735 = ORIENTED_EDGE('',*,*,#18736,.T.);
#18736 = EDGE_CURVE('',#8173,#12590,#18737,.T.);
#18737 = LINE('',#18738,#18739);
#18738 = CARTESIAN_POINT('',(99.695,-1.271875,-4.5E-02));
#18739 = VECTOR('',#18740,1.);
#18740 = DIRECTION('',(0.,0.,1.));
#18741 = ORIENTED_EDGE('',*,*,#12589,.F.);
#18742 = ORIENTED_EDGE('',*,*,#18736,.F.);
#18743 = CYLINDRICAL_SURFACE('',#18744,0.875);
#18744 = AXIS2_PLACEMENT_3D('',#18745,#18746,#18747);
#18745 = CARTESIAN_POINT('',(99.695,-0.396875,-4.5E-02));
#18746 = DIRECTION('',(-0.,-0.,-1.));
#18747 = DIRECTION('',(-0.,-1.,0.));
#18748 = ADVANCED_FACE('',(#18749),#18760,.F.);
#18749 = FACE_BOUND('',#18750,.T.);
#18750 = EDGE_LOOP('',(#18751,#18752,#18758,#18759));
#18751 = ORIENTED_EDGE('',*,*,#8183,.T.);
#18752 = ORIENTED_EDGE('',*,*,#18753,.T.);
#18753 = EDGE_CURVE('',#8184,#12601,#18754,.T.);
#18754 = LINE('',#18755,#18756);
#18755 = CARTESIAN_POINT('',(104.775,-2.396875,-4.5E-02));
#18756 = VECTOR('',#18757,1.);
#18757 = DIRECTION('',(0.,0.,1.));
#18758 = ORIENTED_EDGE('',*,*,#12600,.F.);
#18759 = ORIENTED_EDGE('',*,*,#18753,.F.);
#18760 = CYLINDRICAL_SURFACE('',#18761,2.);
#18761 = AXIS2_PLACEMENT_3D('',#18762,#18763,#18764);
#18762 = CARTESIAN_POINT('',(104.775,-0.396875,-4.5E-02));
#18763 = DIRECTION('',(-0.,-0.,-1.));
#18764 = DIRECTION('',(-0.,-1.,0.));
#18765 = ADVANCED_FACE('',(#18766),#18777,.F.);
#18766 = FACE_BOUND('',#18767,.T.);
#18767 = EDGE_LOOP('',(#18768,#18769,#18775,#18776));
#18768 = ORIENTED_EDGE('',*,*,#8194,.T.);
#18769 = ORIENTED_EDGE('',*,*,#18770,.T.);
#18770 = EDGE_CURVE('',#8195,#12612,#18771,.T.);
#18771 = LINE('',#18772,#18773);
#18772 = CARTESIAN_POINT('',(121.285,-7.001875,-4.5E-02));
#18773 = VECTOR('',#18774,1.);
#18774 = DIRECTION('',(0.,0.,1.));
#18775 = ORIENTED_EDGE('',*,*,#12611,.F.);
#18776 = ORIENTED_EDGE('',*,*,#18770,.F.);
#18777 = CYLINDRICAL_SURFACE('',#18778,1.525);
#18778 = AXIS2_PLACEMENT_3D('',#18779,#18780,#18781);
#18779 = CARTESIAN_POINT('',(121.285,-5.476875,-4.5E-02));
#18780 = DIRECTION('',(-0.,-0.,-1.));
#18781 = DIRECTION('',(-0.,-1.,0.));
#18782 = ADVANCED_FACE('',(#18783),#18794,.F.);
#18783 = FACE_BOUND('',#18784,.T.);
#18784 = EDGE_LOOP('',(#18785,#18786,#18792,#18793));
#18785 = ORIENTED_EDGE('',*,*,#8205,.T.);
#18786 = ORIENTED_EDGE('',*,*,#18787,.T.);
#18787 = EDGE_CURVE('',#8206,#12623,#18788,.T.);
#18788 = LINE('',#18789,#18790);
#18789 = CARTESIAN_POINT('',(140.335,-7.001875,-4.5E-02));
#18790 = VECTOR('',#18791,1.);
#18791 = DIRECTION('',(0.,0.,1.));
#18792 = ORIENTED_EDGE('',*,*,#12622,.F.);
#18793 = ORIENTED_EDGE('',*,*,#18787,.F.);
#18794 = CYLINDRICAL_SURFACE('',#18795,1.525);
#18795 = AXIS2_PLACEMENT_3D('',#18796,#18797,#18798);
#18796 = CARTESIAN_POINT('',(140.335,-5.476875,-4.5E-02));
#18797 = DIRECTION('',(-0.,-0.,-1.));
#18798 = DIRECTION('',(-0.,-1.,0.));
#18799 = ADVANCED_FACE('',(#18800),#18811,.F.);
#18800 = FACE_BOUND('',#18801,.T.);
#18801 = EDGE_LOOP('',(#18802,#18803,#18809,#18810));
#18802 = ORIENTED_EDGE('',*,*,#8216,.T.);
#18803 = ORIENTED_EDGE('',*,*,#18804,.T.);
#18804 = EDGE_CURVE('',#8217,#12634,#18805,.T.);
#18805 = LINE('',#18806,#18807);
#18806 = CARTESIAN_POINT('',(108.585,-4.461875,-4.5E-02));
#18807 = VECTOR('',#18808,1.);
#18808 = DIRECTION('',(0.,0.,1.));
#18809 = ORIENTED_EDGE('',*,*,#12633,.F.);
#18810 = ORIENTED_EDGE('',*,*,#18804,.F.);
#18811 = CYLINDRICAL_SURFACE('',#18812,1.525);
#18812 = AXIS2_PLACEMENT_3D('',#18813,#18814,#18815);
#18813 = CARTESIAN_POINT('',(108.585,-2.936875,-4.5E-02));
#18814 = DIRECTION('',(-0.,-0.,-1.));
#18815 = DIRECTION('',(-9.31859325587E-15,-1.,0.));
#18816 = ADVANCED_FACE('',(#18817),#18828,.F.);
#18817 = FACE_BOUND('',#18818,.T.);
#18818 = EDGE_LOOP('',(#18819,#18820,#18826,#18827));
#18819 = ORIENTED_EDGE('',*,*,#8227,.T.);
#18820 = ORIENTED_EDGE('',*,*,#18821,.T.);
#18821 = EDGE_CURVE('',#8228,#12645,#18822,.T.);
#18822 = LINE('',#18823,#18824);
#18823 = CARTESIAN_POINT('',(109.855,-1.271875,-4.5E-02));
#18824 = VECTOR('',#18825,1.);
#18825 = DIRECTION('',(0.,0.,1.));
#18826 = ORIENTED_EDGE('',*,*,#12644,.F.);
#18827 = ORIENTED_EDGE('',*,*,#18821,.F.);
#18828 = CYLINDRICAL_SURFACE('',#18829,0.875);
#18829 = AXIS2_PLACEMENT_3D('',#18830,#18831,#18832);
#18830 = CARTESIAN_POINT('',(109.855,-0.396875,-4.5E-02));
#18831 = DIRECTION('',(-0.,-0.,-1.));
#18832 = DIRECTION('',(-0.,-1.,0.));
#18833 = ADVANCED_FACE('',(#18834),#18845,.F.);
#18834 = FACE_BOUND('',#18835,.T.);
#18835 = EDGE_LOOP('',(#18836,#18837,#18843,#18844));
#18836 = ORIENTED_EDGE('',*,*,#8238,.T.);
#18837 = ORIENTED_EDGE('',*,*,#18838,.T.);
#18838 = EDGE_CURVE('',#8239,#12656,#18839,.T.);
#18839 = LINE('',#18840,#18841);
#18840 = CARTESIAN_POINT('',(118.745,-1.271875,-4.5E-02));
#18841 = VECTOR('',#18842,1.);
#18842 = DIRECTION('',(0.,0.,1.));
#18843 = ORIENTED_EDGE('',*,*,#12655,.F.);
#18844 = ORIENTED_EDGE('',*,*,#18838,.F.);
#18845 = CYLINDRICAL_SURFACE('',#18846,0.875);
#18846 = AXIS2_PLACEMENT_3D('',#18847,#18848,#18849);
#18847 = CARTESIAN_POINT('',(118.745,-0.396875,-4.5E-02));
#18848 = DIRECTION('',(-0.,-0.,-1.));
#18849 = DIRECTION('',(-0.,-1.,0.));
#18850 = ADVANCED_FACE('',(#18851),#18862,.F.);
#18851 = FACE_BOUND('',#18852,.T.);
#18852 = EDGE_LOOP('',(#18853,#18854,#18860,#18861));
#18853 = ORIENTED_EDGE('',*,*,#8249,.T.);
#18854 = ORIENTED_EDGE('',*,*,#18855,.T.);
#18855 = EDGE_CURVE('',#8250,#12667,#18856,.T.);
#18856 = LINE('',#18857,#18858);
#18857 = CARTESIAN_POINT('',(123.825,-2.396875,-4.5E-02));
#18858 = VECTOR('',#18859,1.);
#18859 = DIRECTION('',(0.,0.,1.));
#18860 = ORIENTED_EDGE('',*,*,#12666,.F.);
#18861 = ORIENTED_EDGE('',*,*,#18855,.F.);
#18862 = CYLINDRICAL_SURFACE('',#18863,2.);
#18863 = AXIS2_PLACEMENT_3D('',#18864,#18865,#18866);
#18864 = CARTESIAN_POINT('',(123.825,-0.396875,-4.5E-02));
#18865 = DIRECTION('',(-0.,-0.,-1.));
#18866 = DIRECTION('',(-0.,-1.,0.));
#18867 = ADVANCED_FACE('',(#18868),#18879,.F.);
#18868 = FACE_BOUND('',#18869,.T.);
#18869 = EDGE_LOOP('',(#18870,#18871,#18877,#18878));
#18870 = ORIENTED_EDGE('',*,*,#8260,.T.);
#18871 = ORIENTED_EDGE('',*,*,#18872,.T.);
#18872 = EDGE_CURVE('',#8261,#12678,#18873,.T.);
#18873 = LINE('',#18874,#18875);
#18874 = CARTESIAN_POINT('',(127.635,-4.461875,-4.5E-02));
#18875 = VECTOR('',#18876,1.);
#18876 = DIRECTION('',(0.,0.,1.));
#18877 = ORIENTED_EDGE('',*,*,#12677,.F.);
#18878 = ORIENTED_EDGE('',*,*,#18872,.F.);
#18879 = CYLINDRICAL_SURFACE('',#18880,1.525);
#18880 = AXIS2_PLACEMENT_3D('',#18881,#18882,#18883);
#18881 = CARTESIAN_POINT('',(127.635,-2.936875,-4.5E-02));
#18882 = DIRECTION('',(-0.,0.,-1.));
#18883 = DIRECTION('',(9.31859325587E-15,-1.,-0.));
#18884 = ADVANCED_FACE('',(#18885),#18896,.F.);
#18885 = FACE_BOUND('',#18886,.T.);
#18886 = EDGE_LOOP('',(#18887,#18888,#18894,#18895));
#18887 = ORIENTED_EDGE('',*,*,#8271,.T.);
#18888 = ORIENTED_EDGE('',*,*,#18889,.T.);
#18889 = EDGE_CURVE('',#8272,#12689,#18890,.T.);
#18890 = LINE('',#18891,#18892);
#18891 = CARTESIAN_POINT('',(128.905,-1.271875,-4.5E-02));
#18892 = VECTOR('',#18893,1.);
#18893 = DIRECTION('',(0.,0.,1.));
#18894 = ORIENTED_EDGE('',*,*,#12688,.F.);
#18895 = ORIENTED_EDGE('',*,*,#18889,.F.);
#18896 = CYLINDRICAL_SURFACE('',#18897,0.875);
#18897 = AXIS2_PLACEMENT_3D('',#18898,#18899,#18900);
#18898 = CARTESIAN_POINT('',(128.905,-0.396875,-4.5E-02));
#18899 = DIRECTION('',(-0.,-0.,-1.));
#18900 = DIRECTION('',(-0.,-1.,0.));
#18901 = ADVANCED_FACE('',(#18902),#18913,.F.);
#18902 = FACE_BOUND('',#18903,.T.);
#18903 = EDGE_LOOP('',(#18904,#18905,#18911,#18912));
#18904 = ORIENTED_EDGE('',*,*,#8282,.T.);
#18905 = ORIENTED_EDGE('',*,*,#18906,.T.);
#18906 = EDGE_CURVE('',#8283,#12700,#18907,.T.);
#18907 = LINE('',#18908,#18909);
#18908 = CARTESIAN_POINT('',(137.795,-1.271875,-4.5E-02));
#18909 = VECTOR('',#18910,1.);
#18910 = DIRECTION('',(0.,0.,1.));
#18911 = ORIENTED_EDGE('',*,*,#12699,.F.);
#18912 = ORIENTED_EDGE('',*,*,#18906,.F.);
#18913 = CYLINDRICAL_SURFACE('',#18914,0.875);
#18914 = AXIS2_PLACEMENT_3D('',#18915,#18916,#18917);
#18915 = CARTESIAN_POINT('',(137.795,-0.396875,-4.5E-02));
#18916 = DIRECTION('',(-0.,-0.,-1.));
#18917 = DIRECTION('',(-0.,-1.,0.));
#18918 = ADVANCED_FACE('',(#18919),#18930,.F.);
#18919 = FACE_BOUND('',#18920,.T.);
#18920 = EDGE_LOOP('',(#18921,#18922,#18928,#18929));
#18921 = ORIENTED_EDGE('',*,*,#8293,.T.);
#18922 = ORIENTED_EDGE('',*,*,#18923,.T.);
#18923 = EDGE_CURVE('',#8294,#12711,#18924,.T.);
#18924 = LINE('',#18925,#18926);
#18925 = CARTESIAN_POINT('',(159.385,-49.864375,-4.5E-02));
#18926 = VECTOR('',#18927,1.);
#18927 = DIRECTION('',(0.,0.,1.));
#18928 = ORIENTED_EDGE('',*,*,#12710,.F.);
#18929 = ORIENTED_EDGE('',*,*,#18923,.F.);
#18930 = CYLINDRICAL_SURFACE('',#18931,1.525);
#18931 = AXIS2_PLACEMENT_3D('',#18932,#18933,#18934);
#18932 = CARTESIAN_POINT('',(159.385,-48.339375,-4.5E-02));
#18933 = DIRECTION('',(-0.,-0.,-1.));
#18934 = DIRECTION('',(-0.,-1.,0.));
#18935 = ADVANCED_FACE('',(#18936),#18947,.F.);
#18936 = FACE_BOUND('',#18937,.T.);
#18937 = EDGE_LOOP('',(#18938,#18939,#18945,#18946));
#18938 = ORIENTED_EDGE('',*,*,#8304,.T.);
#18939 = ORIENTED_EDGE('',*,*,#18940,.T.);
#18940 = EDGE_CURVE('',#8305,#12722,#18941,.T.);
#18941 = LINE('',#18942,#18943);
#18942 = CARTESIAN_POINT('',(178.435,-49.864375,-4.5E-02));
#18943 = VECTOR('',#18944,1.);
#18944 = DIRECTION('',(0.,0.,1.));
#18945 = ORIENTED_EDGE('',*,*,#12721,.F.);
#18946 = ORIENTED_EDGE('',*,*,#18940,.F.);
#18947 = CYLINDRICAL_SURFACE('',#18948,1.525);
#18948 = AXIS2_PLACEMENT_3D('',#18949,#18950,#18951);
#18949 = CARTESIAN_POINT('',(178.435,-48.339375,-4.5E-02));
#18950 = DIRECTION('',(-0.,-0.,-1.));
#18951 = DIRECTION('',(-0.,-1.,0.));
#18952 = ADVANCED_FACE('',(#18953),#18964,.F.);
#18953 = FACE_BOUND('',#18954,.T.);
#18954 = EDGE_LOOP('',(#18955,#18956,#18962,#18963));
#18955 = ORIENTED_EDGE('',*,*,#8315,.T.);
#18956 = ORIENTED_EDGE('',*,*,#18957,.T.);
#18957 = EDGE_CURVE('',#8316,#12733,#18958,.T.);
#18958 = LINE('',#18959,#18960);
#18959 = CARTESIAN_POINT('',(146.685,-47.324375,-4.5E-02));
#18960 = VECTOR('',#18961,1.);
#18961 = DIRECTION('',(0.,0.,1.));
#18962 = ORIENTED_EDGE('',*,*,#12732,.F.);
#18963 = ORIENTED_EDGE('',*,*,#18957,.F.);
#18964 = CYLINDRICAL_SURFACE('',#18965,1.525);
#18965 = AXIS2_PLACEMENT_3D('',#18966,#18967,#18968);
#18966 = CARTESIAN_POINT('',(146.685,-45.799375,-4.5E-02));
#18967 = DIRECTION('',(-0.,-0.,-1.));
#18968 = DIRECTION('',(-0.,-1.,0.));
#18969 = ADVANCED_FACE('',(#18970),#18981,.F.);
#18970 = FACE_BOUND('',#18971,.T.);
#18971 = EDGE_LOOP('',(#18972,#18973,#18979,#18980));
#18972 = ORIENTED_EDGE('',*,*,#8326,.T.);
#18973 = ORIENTED_EDGE('',*,*,#18974,.T.);
#18974 = EDGE_CURVE('',#8327,#12744,#18975,.T.);
#18975 = LINE('',#18976,#18977);
#18976 = CARTESIAN_POINT('',(142.875,-45.259375,-4.5E-02));
#18977 = VECTOR('',#18978,1.);
#18978 = DIRECTION('',(0.,0.,1.));
#18979 = ORIENTED_EDGE('',*,*,#12743,.F.);
#18980 = ORIENTED_EDGE('',*,*,#18974,.F.);
#18981 = CYLINDRICAL_SURFACE('',#18982,2.);
#18982 = AXIS2_PLACEMENT_3D('',#18983,#18984,#18985);
#18983 = CARTESIAN_POINT('',(142.875,-43.259375,-4.5E-02));
#18984 = DIRECTION('',(-0.,-0.,-1.));
#18985 = DIRECTION('',(-0.,-1.,0.));
#18986 = ADVANCED_FACE('',(#18987),#18998,.F.);
#18987 = FACE_BOUND('',#18988,.T.);
#18988 = EDGE_LOOP('',(#18989,#18990,#18996,#18997));
#18989 = ORIENTED_EDGE('',*,*,#8337,.T.);
#18990 = ORIENTED_EDGE('',*,*,#18991,.T.);
#18991 = EDGE_CURVE('',#8338,#12755,#18992,.T.);
#18992 = LINE('',#18993,#18994);
#18993 = CARTESIAN_POINT('',(147.955,-44.134375,-4.5E-02));
#18994 = VECTOR('',#18995,1.);
#18995 = DIRECTION('',(0.,0.,1.));
#18996 = ORIENTED_EDGE('',*,*,#12754,.F.);
#18997 = ORIENTED_EDGE('',*,*,#18991,.F.);
#18998 = CYLINDRICAL_SURFACE('',#18999,0.875);
#18999 = AXIS2_PLACEMENT_3D('',#19000,#19001,#19002);
#19000 = CARTESIAN_POINT('',(147.955,-43.259375,-4.5E-02));
#19001 = DIRECTION('',(-0.,-0.,-1.));
#19002 = DIRECTION('',(-0.,-1.,0.));
#19003 = ADVANCED_FACE('',(#19004),#19015,.F.);
#19004 = FACE_BOUND('',#19005,.T.);
#19005 = EDGE_LOOP('',(#19006,#19007,#19013,#19014));
#19006 = ORIENTED_EDGE('',*,*,#8348,.T.);
#19007 = ORIENTED_EDGE('',*,*,#19008,.T.);
#19008 = EDGE_CURVE('',#8349,#12766,#19009,.T.);
#19009 = LINE('',#19010,#19011);
#19010 = CARTESIAN_POINT('',(156.845,-44.134375,-4.5E-02));
#19011 = VECTOR('',#19012,1.);
#19012 = DIRECTION('',(0.,0.,1.));
#19013 = ORIENTED_EDGE('',*,*,#12765,.F.);
#19014 = ORIENTED_EDGE('',*,*,#19008,.F.);
#19015 = CYLINDRICAL_SURFACE('',#19016,0.875);
#19016 = AXIS2_PLACEMENT_3D('',#19017,#19018,#19019);
#19017 = CARTESIAN_POINT('',(156.845,-43.259375,-4.5E-02));
#19018 = DIRECTION('',(-0.,-0.,-1.));
#19019 = DIRECTION('',(-0.,-1.,0.));
#19020 = ADVANCED_FACE('',(#19021),#19032,.F.);
#19021 = FACE_BOUND('',#19022,.T.);
#19022 = EDGE_LOOP('',(#19023,#19024,#19030,#19031));
#19023 = ORIENTED_EDGE('',*,*,#8359,.T.);
#19024 = ORIENTED_EDGE('',*,*,#19025,.T.);
#19025 = EDGE_CURVE('',#8360,#12777,#19026,.T.);
#19026 = LINE('',#19027,#19028);
#19027 = CARTESIAN_POINT('',(165.735,-47.324375,-4.5E-02));
#19028 = VECTOR('',#19029,1.);
#19029 = DIRECTION('',(0.,0.,1.));
#19030 = ORIENTED_EDGE('',*,*,#12776,.F.);
#19031 = ORIENTED_EDGE('',*,*,#19025,.F.);
#19032 = CYLINDRICAL_SURFACE('',#19033,1.525);
#19033 = AXIS2_PLACEMENT_3D('',#19034,#19035,#19036);
#19034 = CARTESIAN_POINT('',(165.735,-45.799375,-4.5E-02));
#19035 = DIRECTION('',(-0.,-0.,-1.));
#19036 = DIRECTION('',(-0.,-1.,0.));
#19037 = ADVANCED_FACE('',(#19038),#19049,.F.);
#19038 = FACE_BOUND('',#19039,.T.);
#19039 = EDGE_LOOP('',(#19040,#19041,#19047,#19048));
#19040 = ORIENTED_EDGE('',*,*,#8370,.T.);
#19041 = ORIENTED_EDGE('',*,*,#19042,.T.);
#19042 = EDGE_CURVE('',#8371,#12788,#19043,.T.);
#19043 = LINE('',#19044,#19045);
#19044 = CARTESIAN_POINT('',(161.925,-45.259375,-4.5E-02));
#19045 = VECTOR('',#19046,1.);
#19046 = DIRECTION('',(0.,0.,1.));
#19047 = ORIENTED_EDGE('',*,*,#12787,.F.);
#19048 = ORIENTED_EDGE('',*,*,#19042,.F.);
#19049 = CYLINDRICAL_SURFACE('',#19050,2.);
#19050 = AXIS2_PLACEMENT_3D('',#19051,#19052,#19053);
#19051 = CARTESIAN_POINT('',(161.925,-43.259375,-4.5E-02));
#19052 = DIRECTION('',(-0.,-0.,-1.));
#19053 = DIRECTION('',(-0.,-1.,0.));
#19054 = ADVANCED_FACE('',(#19055),#19066,.F.);
#19055 = FACE_BOUND('',#19056,.T.);
#19056 = EDGE_LOOP('',(#19057,#19058,#19064,#19065));
#19057 = ORIENTED_EDGE('',*,*,#8381,.T.);
#19058 = ORIENTED_EDGE('',*,*,#19059,.T.);
#19059 = EDGE_CURVE('',#8382,#12799,#19060,.T.);
#19060 = LINE('',#19061,#19062);
#19061 = CARTESIAN_POINT('',(167.005,-44.134375,-4.5E-02));
#19062 = VECTOR('',#19063,1.);
#19063 = DIRECTION('',(0.,0.,1.));
#19064 = ORIENTED_EDGE('',*,*,#12798,.F.);
#19065 = ORIENTED_EDGE('',*,*,#19059,.F.);
#19066 = CYLINDRICAL_SURFACE('',#19067,0.875);
#19067 = AXIS2_PLACEMENT_3D('',#19068,#19069,#19070);
#19068 = CARTESIAN_POINT('',(167.005,-43.259375,-4.5E-02));
#19069 = DIRECTION('',(-0.,-0.,-1.));
#19070 = DIRECTION('',(-0.,-1.,0.));
#19071 = ADVANCED_FACE('',(#19072),#19083,.F.);
#19072 = FACE_BOUND('',#19073,.T.);
#19073 = EDGE_LOOP('',(#19074,#19075,#19081,#19082));
#19074 = ORIENTED_EDGE('',*,*,#8392,.T.);
#19075 = ORIENTED_EDGE('',*,*,#19076,.T.);
#19076 = EDGE_CURVE('',#8393,#12810,#19077,.T.);
#19077 = LINE('',#19078,#19079);
#19078 = CARTESIAN_POINT('',(175.895,-44.134375,-4.5E-02));
#19079 = VECTOR('',#19080,1.);
#19080 = DIRECTION('',(0.,0.,1.));
#19081 = ORIENTED_EDGE('',*,*,#12809,.F.);
#19082 = ORIENTED_EDGE('',*,*,#19076,.F.);
#19083 = CYLINDRICAL_SURFACE('',#19084,0.875);
#19084 = AXIS2_PLACEMENT_3D('',#19085,#19086,#19087);
#19085 = CARTESIAN_POINT('',(175.895,-43.259375,-4.5E-02));
#19086 = DIRECTION('',(-0.,-0.,-1.));
#19087 = DIRECTION('',(-0.,-1.,0.));
#19088 = ADVANCED_FACE('',(#19089),#19100,.F.);
#19089 = FACE_BOUND('',#19090,.T.);
#19090 = EDGE_LOOP('',(#19091,#19092,#19098,#19099));
#19091 = ORIENTED_EDGE('',*,*,#8403,.T.);
#19092 = ORIENTED_EDGE('',*,*,#19093,.T.);
#19093 = EDGE_CURVE('',#8404,#12821,#19094,.T.);
#19094 = LINE('',#19095,#19096);
#19095 = CARTESIAN_POINT('',(197.485,-49.864375,-4.5E-02));
#19096 = VECTOR('',#19097,1.);
#19097 = DIRECTION('',(0.,0.,1.));
#19098 = ORIENTED_EDGE('',*,*,#12820,.F.);
#19099 = ORIENTED_EDGE('',*,*,#19093,.F.);
#19100 = CYLINDRICAL_SURFACE('',#19101,1.525);
#19101 = AXIS2_PLACEMENT_3D('',#19102,#19103,#19104);
#19102 = CARTESIAN_POINT('',(197.485,-48.339375,-4.5E-02));
#19103 = DIRECTION('',(-0.,-0.,-1.));
#19104 = DIRECTION('',(-0.,-1.,0.));
#19105 = ADVANCED_FACE('',(#19106),#19117,.F.);
#19106 = FACE_BOUND('',#19107,.T.);
#19107 = EDGE_LOOP('',(#19108,#19109,#19115,#19116));
#19108 = ORIENTED_EDGE('',*,*,#8414,.T.);
#19109 = ORIENTED_EDGE('',*,*,#19110,.T.);
#19110 = EDGE_CURVE('',#8415,#12832,#19111,.T.);
#19111 = LINE('',#19112,#19113);
#19112 = CARTESIAN_POINT('',(216.535,-49.864375,-4.5E-02));
#19113 = VECTOR('',#19114,1.);
#19114 = DIRECTION('',(0.,0.,1.));
#19115 = ORIENTED_EDGE('',*,*,#12831,.F.);
#19116 = ORIENTED_EDGE('',*,*,#19110,.F.);
#19117 = CYLINDRICAL_SURFACE('',#19118,1.525);
#19118 = AXIS2_PLACEMENT_3D('',#19119,#19120,#19121);
#19119 = CARTESIAN_POINT('',(216.535,-48.339375,-4.5E-02));
#19120 = DIRECTION('',(-0.,-0.,-1.));
#19121 = DIRECTION('',(-0.,-1.,0.));
#19122 = ADVANCED_FACE('',(#19123),#19134,.F.);
#19123 = FACE_BOUND('',#19124,.T.);
#19124 = EDGE_LOOP('',(#19125,#19126,#19132,#19133));
#19125 = ORIENTED_EDGE('',*,*,#8425,.T.);
#19126 = ORIENTED_EDGE('',*,*,#19127,.T.);
#19127 = EDGE_CURVE('',#8426,#12843,#19128,.T.);
#19128 = LINE('',#19129,#19130);
#19129 = CARTESIAN_POINT('',(184.785,-47.324375,-4.5E-02));
#19130 = VECTOR('',#19131,1.);
#19131 = DIRECTION('',(0.,0.,1.));
#19132 = ORIENTED_EDGE('',*,*,#12842,.F.);
#19133 = ORIENTED_EDGE('',*,*,#19127,.F.);
#19134 = CYLINDRICAL_SURFACE('',#19135,1.525);
#19135 = AXIS2_PLACEMENT_3D('',#19136,#19137,#19138);
#19136 = CARTESIAN_POINT('',(184.785,-45.799375,-4.5E-02));
#19137 = DIRECTION('',(-0.,-0.,-1.));
#19138 = DIRECTION('',(-0.,-1.,0.));
#19139 = ADVANCED_FACE('',(#19140),#19151,.F.);
#19140 = FACE_BOUND('',#19141,.T.);
#19141 = EDGE_LOOP('',(#19142,#19143,#19149,#19150));
#19142 = ORIENTED_EDGE('',*,*,#8436,.T.);
#19143 = ORIENTED_EDGE('',*,*,#19144,.T.);
#19144 = EDGE_CURVE('',#8437,#12854,#19145,.T.);
#19145 = LINE('',#19146,#19147);
#19146 = CARTESIAN_POINT('',(180.975,-45.259375,-4.5E-02));
#19147 = VECTOR('',#19148,1.);
#19148 = DIRECTION('',(0.,0.,1.));
#19149 = ORIENTED_EDGE('',*,*,#12853,.F.);
#19150 = ORIENTED_EDGE('',*,*,#19144,.F.);
#19151 = CYLINDRICAL_SURFACE('',#19152,2.);
#19152 = AXIS2_PLACEMENT_3D('',#19153,#19154,#19155);
#19153 = CARTESIAN_POINT('',(180.975,-43.259375,-4.5E-02));
#19154 = DIRECTION('',(-0.,-0.,-1.));
#19155 = DIRECTION('',(-0.,-1.,0.));
#19156 = ADVANCED_FACE('',(#19157),#19168,.F.);
#19157 = FACE_BOUND('',#19158,.T.);
#19158 = EDGE_LOOP('',(#19159,#19160,#19166,#19167));
#19159 = ORIENTED_EDGE('',*,*,#8447,.T.);
#19160 = ORIENTED_EDGE('',*,*,#19161,.T.);
#19161 = EDGE_CURVE('',#8448,#12865,#19162,.T.);
#19162 = LINE('',#19163,#19164);
#19163 = CARTESIAN_POINT('',(186.055,-44.134375,-4.5E-02));
#19164 = VECTOR('',#19165,1.);
#19165 = DIRECTION('',(0.,0.,1.));
#19166 = ORIENTED_EDGE('',*,*,#12864,.F.);
#19167 = ORIENTED_EDGE('',*,*,#19161,.F.);
#19168 = CYLINDRICAL_SURFACE('',#19169,0.875);
#19169 = AXIS2_PLACEMENT_3D('',#19170,#19171,#19172);
#19170 = CARTESIAN_POINT('',(186.055,-43.259375,-4.5E-02));
#19171 = DIRECTION('',(-0.,-0.,-1.));
#19172 = DIRECTION('',(-0.,-1.,0.));
#19173 = ADVANCED_FACE('',(#19174),#19185,.F.);
#19174 = FACE_BOUND('',#19175,.T.);
#19175 = EDGE_LOOP('',(#19176,#19177,#19183,#19184));
#19176 = ORIENTED_EDGE('',*,*,#8458,.T.);
#19177 = ORIENTED_EDGE('',*,*,#19178,.T.);
#19178 = EDGE_CURVE('',#8459,#12876,#19179,.T.);
#19179 = LINE('',#19180,#19181);
#19180 = CARTESIAN_POINT('',(194.945,-44.134375,-4.5E-02));
#19181 = VECTOR('',#19182,1.);
#19182 = DIRECTION('',(0.,0.,1.));
#19183 = ORIENTED_EDGE('',*,*,#12875,.F.);
#19184 = ORIENTED_EDGE('',*,*,#19178,.F.);
#19185 = CYLINDRICAL_SURFACE('',#19186,0.875);
#19186 = AXIS2_PLACEMENT_3D('',#19187,#19188,#19189);
#19187 = CARTESIAN_POINT('',(194.945,-43.259375,-4.5E-02));
#19188 = DIRECTION('',(-0.,-0.,-1.));
#19189 = DIRECTION('',(-0.,-1.,0.));
#19190 = ADVANCED_FACE('',(#19191),#19202,.F.);
#19191 = FACE_BOUND('',#19192,.T.);
#19192 = EDGE_LOOP('',(#19193,#19194,#19200,#19201));
#19193 = ORIENTED_EDGE('',*,*,#8469,.T.);
#19194 = ORIENTED_EDGE('',*,*,#19195,.T.);
#19195 = EDGE_CURVE('',#8470,#12887,#19196,.T.);
#19196 = LINE('',#19197,#19198);
#19197 = CARTESIAN_POINT('',(203.835,-47.324375,-4.5E-02));
#19198 = VECTOR('',#19199,1.);
#19199 = DIRECTION('',(0.,0.,1.));
#19200 = ORIENTED_EDGE('',*,*,#12886,.F.);
#19201 = ORIENTED_EDGE('',*,*,#19195,.F.);
#19202 = CYLINDRICAL_SURFACE('',#19203,1.525);
#19203 = AXIS2_PLACEMENT_3D('',#19204,#19205,#19206);
#19204 = CARTESIAN_POINT('',(203.835,-45.799375,-4.5E-02));
#19205 = DIRECTION('',(-0.,-0.,-1.));
#19206 = DIRECTION('',(-0.,-1.,0.));
#19207 = ADVANCED_FACE('',(#19208),#19219,.F.);
#19208 = FACE_BOUND('',#19209,.T.);
#19209 = EDGE_LOOP('',(#19210,#19211,#19217,#19218));
#19210 = ORIENTED_EDGE('',*,*,#8480,.T.);
#19211 = ORIENTED_EDGE('',*,*,#19212,.T.);
#19212 = EDGE_CURVE('',#8481,#12898,#19213,.T.);
#19213 = LINE('',#19214,#19215);
#19214 = CARTESIAN_POINT('',(200.025,-45.259375,-4.5E-02));
#19215 = VECTOR('',#19216,1.);
#19216 = DIRECTION('',(0.,0.,1.));
#19217 = ORIENTED_EDGE('',*,*,#12897,.F.);
#19218 = ORIENTED_EDGE('',*,*,#19212,.F.);
#19219 = CYLINDRICAL_SURFACE('',#19220,2.);
#19220 = AXIS2_PLACEMENT_3D('',#19221,#19222,#19223);
#19221 = CARTESIAN_POINT('',(200.025,-43.259375,-4.5E-02));
#19222 = DIRECTION('',(-0.,-0.,-1.));
#19223 = DIRECTION('',(-0.,-1.,0.));
#19224 = ADVANCED_FACE('',(#19225),#19236,.F.);
#19225 = FACE_BOUND('',#19226,.T.);
#19226 = EDGE_LOOP('',(#19227,#19228,#19234,#19235));
#19227 = ORIENTED_EDGE('',*,*,#8491,.T.);
#19228 = ORIENTED_EDGE('',*,*,#19229,.T.);
#19229 = EDGE_CURVE('',#8492,#12909,#19230,.T.);
#19230 = LINE('',#19231,#19232);
#19231 = CARTESIAN_POINT('',(205.105,-44.134375,-4.5E-02));
#19232 = VECTOR('',#19233,1.);
#19233 = DIRECTION('',(0.,0.,1.));
#19234 = ORIENTED_EDGE('',*,*,#12908,.F.);
#19235 = ORIENTED_EDGE('',*,*,#19229,.F.);
#19236 = CYLINDRICAL_SURFACE('',#19237,0.875);
#19237 = AXIS2_PLACEMENT_3D('',#19238,#19239,#19240);
#19238 = CARTESIAN_POINT('',(205.105,-43.259375,-4.5E-02));
#19239 = DIRECTION('',(-0.,-0.,-1.));
#19240 = DIRECTION('',(-0.,-1.,0.));
#19241 = ADVANCED_FACE('',(#19242),#19253,.F.);
#19242 = FACE_BOUND('',#19243,.T.);
#19243 = EDGE_LOOP('',(#19244,#19245,#19251,#19252));
#19244 = ORIENTED_EDGE('',*,*,#8502,.T.);
#19245 = ORIENTED_EDGE('',*,*,#19246,.T.);
#19246 = EDGE_CURVE('',#8503,#12920,#19247,.T.);
#19247 = LINE('',#19248,#19249);
#19248 = CARTESIAN_POINT('',(213.995,-44.134375,-4.5E-02));
#19249 = VECTOR('',#19250,1.);
#19250 = DIRECTION('',(0.,0.,1.));
#19251 = ORIENTED_EDGE('',*,*,#12919,.F.);
#19252 = ORIENTED_EDGE('',*,*,#19246,.F.);
#19253 = CYLINDRICAL_SURFACE('',#19254,0.875);
#19254 = AXIS2_PLACEMENT_3D('',#19255,#19256,#19257);
#19255 = CARTESIAN_POINT('',(213.995,-43.259375,-4.5E-02));
#19256 = DIRECTION('',(-0.,-0.,-1.));
#19257 = DIRECTION('',(-0.,-1.,0.));
#19258 = ADVANCED_FACE('',(#19259),#19270,.F.);
#19259 = FACE_BOUND('',#19260,.T.);
#19260 = EDGE_LOOP('',(#19261,#19262,#19268,#19269));
#19261 = ORIENTED_EDGE('',*,*,#8513,.T.);
#19262 = ORIENTED_EDGE('',*,*,#19263,.T.);
#19263 = EDGE_CURVE('',#8514,#12931,#19264,.T.);
#19264 = LINE('',#19265,#19266);
#19265 = CARTESIAN_POINT('',(149.86,-30.814375,-4.5E-02));
#19266 = VECTOR('',#19267,1.);
#19267 = DIRECTION('',(0.,0.,1.));
#19268 = ORIENTED_EDGE('',*,*,#12930,.F.);
#19269 = ORIENTED_EDGE('',*,*,#19263,.F.);
#19270 = CYLINDRICAL_SURFACE('',#19271,1.525);
#19271 = AXIS2_PLACEMENT_3D('',#19272,#19273,#19274);
#19272 = CARTESIAN_POINT('',(149.86,-29.289375,-4.5E-02));
#19273 = DIRECTION('',(-0.,-0.,-1.));
#19274 = DIRECTION('',(-0.,-1.,0.));
#19275 = ADVANCED_FACE('',(#19276),#19287,.F.);
#19276 = FACE_BOUND('',#19277,.T.);
#19277 = EDGE_LOOP('',(#19278,#19279,#19285,#19286));
#19278 = ORIENTED_EDGE('',*,*,#8524,.T.);
#19279 = ORIENTED_EDGE('',*,*,#19280,.T.);
#19280 = EDGE_CURVE('',#8525,#12942,#19281,.T.);
#19281 = LINE('',#19282,#19283);
#19282 = CARTESIAN_POINT('',(156.21,-28.274375,-4.5E-02));
#19283 = VECTOR('',#19284,1.);
#19284 = DIRECTION('',(0.,0.,1.));
#19285 = ORIENTED_EDGE('',*,*,#12941,.F.);
#19286 = ORIENTED_EDGE('',*,*,#19280,.F.);
#19287 = CYLINDRICAL_SURFACE('',#19288,1.525);
#19288 = AXIS2_PLACEMENT_3D('',#19289,#19290,#19291);
#19289 = CARTESIAN_POINT('',(156.21,-26.749375,-4.5E-02));
#19290 = DIRECTION('',(-0.,-0.,-1.));
#19291 = DIRECTION('',(-0.,-1.,0.));
#19292 = ADVANCED_FACE('',(#19293),#19304,.F.);
#19293 = FACE_BOUND('',#19294,.T.);
#19294 = EDGE_LOOP('',(#19295,#19296,#19302,#19303));
#19295 = ORIENTED_EDGE('',*,*,#8535,.T.);
#19296 = ORIENTED_EDGE('',*,*,#19297,.T.);
#19297 = EDGE_CURVE('',#8536,#12953,#19298,.T.);
#19298 = LINE('',#19299,#19300);
#19299 = CARTESIAN_POINT('',(168.91,-30.814375,-4.5E-02));
#19300 = VECTOR('',#19301,1.);
#19301 = DIRECTION('',(0.,0.,1.));
#19302 = ORIENTED_EDGE('',*,*,#12952,.F.);
#19303 = ORIENTED_EDGE('',*,*,#19297,.F.);
#19304 = CYLINDRICAL_SURFACE('',#19305,1.525);
#19305 = AXIS2_PLACEMENT_3D('',#19306,#19307,#19308);
#19306 = CARTESIAN_POINT('',(168.91,-29.289375,-4.5E-02));
#19307 = DIRECTION('',(-0.,-0.,-1.));
#19308 = DIRECTION('',(-0.,-1.,0.));
#19309 = ADVANCED_FACE('',(#19310),#19321,.F.);
#19310 = FACE_BOUND('',#19311,.T.);
#19311 = EDGE_LOOP('',(#19312,#19313,#19319,#19320));
#19312 = ORIENTED_EDGE('',*,*,#8546,.T.);
#19313 = ORIENTED_EDGE('',*,*,#19314,.T.);
#19314 = EDGE_CURVE('',#8547,#12964,#19315,.T.);
#19315 = LINE('',#19316,#19317);
#19316 = CARTESIAN_POINT('',(175.26,-28.274375,-4.5E-02));
#19317 = VECTOR('',#19318,1.);
#19318 = DIRECTION('',(0.,0.,1.));
#19319 = ORIENTED_EDGE('',*,*,#12963,.F.);
#19320 = ORIENTED_EDGE('',*,*,#19314,.F.);
#19321 = CYLINDRICAL_SURFACE('',#19322,1.525);
#19322 = AXIS2_PLACEMENT_3D('',#19323,#19324,#19325);
#19323 = CARTESIAN_POINT('',(175.26,-26.749375,-4.5E-02));
#19324 = DIRECTION('',(-0.,-0.,-1.));
#19325 = DIRECTION('',(-0.,-1.,0.));
#19326 = ADVANCED_FACE('',(#19327),#19338,.F.);
#19327 = FACE_BOUND('',#19328,.T.);
#19328 = EDGE_LOOP('',(#19329,#19330,#19336,#19337));
#19329 = ORIENTED_EDGE('',*,*,#8557,.T.);
#19330 = ORIENTED_EDGE('',*,*,#19331,.T.);
#19331 = EDGE_CURVE('',#8558,#12975,#19332,.T.);
#19332 = LINE('',#19333,#19334);
#19333 = CARTESIAN_POINT('',(187.96,-30.814375,-4.5E-02));
#19334 = VECTOR('',#19335,1.);
#19335 = DIRECTION('',(0.,0.,1.));
#19336 = ORIENTED_EDGE('',*,*,#12974,.F.);
#19337 = ORIENTED_EDGE('',*,*,#19331,.F.);
#19338 = CYLINDRICAL_SURFACE('',#19339,1.525);
#19339 = AXIS2_PLACEMENT_3D('',#19340,#19341,#19342);
#19340 = CARTESIAN_POINT('',(187.96,-29.289375,-4.5E-02));
#19341 = DIRECTION('',(-0.,-0.,-1.));
#19342 = DIRECTION('',(-0.,-1.,0.));
#19343 = ADVANCED_FACE('',(#19344),#19355,.F.);
#19344 = FACE_BOUND('',#19345,.T.);
#19345 = EDGE_LOOP('',(#19346,#19347,#19353,#19354));
#19346 = ORIENTED_EDGE('',*,*,#8568,.T.);
#19347 = ORIENTED_EDGE('',*,*,#19348,.T.);
#19348 = EDGE_CURVE('',#8569,#12986,#19349,.T.);
#19349 = LINE('',#19350,#19351);
#19350 = CARTESIAN_POINT('',(194.31,-28.274375,-4.5E-02));
#19351 = VECTOR('',#19352,1.);
#19352 = DIRECTION('',(0.,0.,1.));
#19353 = ORIENTED_EDGE('',*,*,#12985,.F.);
#19354 = ORIENTED_EDGE('',*,*,#19348,.F.);
#19355 = CYLINDRICAL_SURFACE('',#19356,1.525);
#19356 = AXIS2_PLACEMENT_3D('',#19357,#19358,#19359);
#19357 = CARTESIAN_POINT('',(194.31,-26.749375,-4.5E-02));
#19358 = DIRECTION('',(-0.,-0.,-1.));
#19359 = DIRECTION('',(-0.,-1.,0.));
#19360 = ADVANCED_FACE('',(#19361),#19372,.F.);
#19361 = FACE_BOUND('',#19362,.T.);
#19362 = EDGE_LOOP('',(#19363,#19364,#19370,#19371));
#19363 = ORIENTED_EDGE('',*,*,#8579,.T.);
#19364 = ORIENTED_EDGE('',*,*,#19365,.T.);
#19365 = EDGE_CURVE('',#8580,#12997,#19366,.T.);
#19366 = LINE('',#19367,#19368);
#19367 = CARTESIAN_POINT('',(207.01,-30.814375,-4.5E-02));
#19368 = VECTOR('',#19369,1.);
#19369 = DIRECTION('',(0.,0.,1.));
#19370 = ORIENTED_EDGE('',*,*,#12996,.F.);
#19371 = ORIENTED_EDGE('',*,*,#19365,.F.);
#19372 = CYLINDRICAL_SURFACE('',#19373,1.525);
#19373 = AXIS2_PLACEMENT_3D('',#19374,#19375,#19376);
#19374 = CARTESIAN_POINT('',(207.01,-29.289375,-4.5E-02));
#19375 = DIRECTION('',(-0.,-0.,-1.));
#19376 = DIRECTION('',(-0.,-1.,0.));
#19377 = ADVANCED_FACE('',(#19378),#19389,.F.);
#19378 = FACE_BOUND('',#19379,.T.);
#19379 = EDGE_LOOP('',(#19380,#19381,#19387,#19388));
#19380 = ORIENTED_EDGE('',*,*,#8590,.T.);
#19381 = ORIENTED_EDGE('',*,*,#19382,.T.);
#19382 = EDGE_CURVE('',#8591,#13008,#19383,.T.);
#19383 = LINE('',#19384,#19385);
#19384 = CARTESIAN_POINT('',(213.36,-28.274375,-4.5E-02));
#19385 = VECTOR('',#19386,1.);
#19386 = DIRECTION('',(0.,0.,1.));
#19387 = ORIENTED_EDGE('',*,*,#13007,.F.);
#19388 = ORIENTED_EDGE('',*,*,#19382,.F.);
#19389 = CYLINDRICAL_SURFACE('',#19390,1.525);
#19390 = AXIS2_PLACEMENT_3D('',#19391,#19392,#19393);
#19391 = CARTESIAN_POINT('',(213.36,-26.749375,-4.5E-02));
#19392 = DIRECTION('',(-0.,-0.,-1.));
#19393 = DIRECTION('',(-0.,-1.,0.));
#19394 = ADVANCED_FACE('',(#19395),#19406,.F.);
#19395 = FACE_BOUND('',#19396,.T.);
#19396 = EDGE_LOOP('',(#19397,#19398,#19404,#19405));
#19397 = ORIENTED_EDGE('',*,*,#8601,.T.);
#19398 = ORIENTED_EDGE('',*,*,#19399,.T.);
#19399 = EDGE_CURVE('',#8602,#13019,#19400,.T.);
#19400 = LINE('',#19401,#19402);
#19401 = CARTESIAN_POINT('',(235.585,-49.864375,-4.5E-02));
#19402 = VECTOR('',#19403,1.);
#19403 = DIRECTION('',(0.,0.,1.));
#19404 = ORIENTED_EDGE('',*,*,#13018,.F.);
#19405 = ORIENTED_EDGE('',*,*,#19399,.F.);
#19406 = CYLINDRICAL_SURFACE('',#19407,1.525);
#19407 = AXIS2_PLACEMENT_3D('',#19408,#19409,#19410);
#19408 = CARTESIAN_POINT('',(235.585,-48.339375,-4.5E-02));
#19409 = DIRECTION('',(-0.,-0.,-1.));
#19410 = DIRECTION('',(-0.,-1.,0.));
#19411 = ADVANCED_FACE('',(#19412),#19423,.F.);
#19412 = FACE_BOUND('',#19413,.T.);
#19413 = EDGE_LOOP('',(#19414,#19415,#19421,#19422));
#19414 = ORIENTED_EDGE('',*,*,#8612,.T.);
#19415 = ORIENTED_EDGE('',*,*,#19416,.T.);
#19416 = EDGE_CURVE('',#8613,#13030,#19417,.T.);
#19417 = LINE('',#19418,#19419);
#19418 = CARTESIAN_POINT('',(222.885,-47.324375,-4.5E-02));
#19419 = VECTOR('',#19420,1.);
#19420 = DIRECTION('',(0.,0.,1.));
#19421 = ORIENTED_EDGE('',*,*,#13029,.F.);
#19422 = ORIENTED_EDGE('',*,*,#19416,.F.);
#19423 = CYLINDRICAL_SURFACE('',#19424,1.525);
#19424 = AXIS2_PLACEMENT_3D('',#19425,#19426,#19427);
#19425 = CARTESIAN_POINT('',(222.885,-45.799375,-4.5E-02));
#19426 = DIRECTION('',(-0.,-0.,-1.));
#19427 = DIRECTION('',(-0.,-1.,0.));
#19428 = ADVANCED_FACE('',(#19429),#19440,.F.);
#19429 = FACE_BOUND('',#19430,.T.);
#19430 = EDGE_LOOP('',(#19431,#19432,#19438,#19439));
#19431 = ORIENTED_EDGE('',*,*,#8623,.T.);
#19432 = ORIENTED_EDGE('',*,*,#19433,.T.);
#19433 = EDGE_CURVE('',#8624,#13041,#19434,.T.);
#19434 = LINE('',#19435,#19436);
#19435 = CARTESIAN_POINT('',(219.075,-45.259375,-4.5E-02));
#19436 = VECTOR('',#19437,1.);
#19437 = DIRECTION('',(0.,0.,1.));
#19438 = ORIENTED_EDGE('',*,*,#13040,.F.);
#19439 = ORIENTED_EDGE('',*,*,#19433,.F.);
#19440 = CYLINDRICAL_SURFACE('',#19441,2.);
#19441 = AXIS2_PLACEMENT_3D('',#19442,#19443,#19444);
#19442 = CARTESIAN_POINT('',(219.075,-43.259375,-4.5E-02));
#19443 = DIRECTION('',(-0.,-0.,-1.));
#19444 = DIRECTION('',(-0.,-1.,0.));
#19445 = ADVANCED_FACE('',(#19446),#19457,.F.);
#19446 = FACE_BOUND('',#19447,.T.);
#19447 = EDGE_LOOP('',(#19448,#19449,#19455,#19456));
#19448 = ORIENTED_EDGE('',*,*,#8634,.T.);
#19449 = ORIENTED_EDGE('',*,*,#19450,.T.);
#19450 = EDGE_CURVE('',#8635,#13052,#19451,.T.);
#19451 = LINE('',#19452,#19453);
#19452 = CARTESIAN_POINT('',(224.155,-44.134375,-4.5E-02));
#19453 = VECTOR('',#19454,1.);
#19454 = DIRECTION('',(0.,0.,1.));
#19455 = ORIENTED_EDGE('',*,*,#13051,.F.);
#19456 = ORIENTED_EDGE('',*,*,#19450,.F.);
#19457 = CYLINDRICAL_SURFACE('',#19458,0.875);
#19458 = AXIS2_PLACEMENT_3D('',#19459,#19460,#19461);
#19459 = CARTESIAN_POINT('',(224.155,-43.259375,-4.5E-02));
#19460 = DIRECTION('',(-0.,-0.,-1.));
#19461 = DIRECTION('',(-0.,-1.,0.));
#19462 = ADVANCED_FACE('',(#19463),#19474,.F.);
#19463 = FACE_BOUND('',#19464,.T.);
#19464 = EDGE_LOOP('',(#19465,#19466,#19472,#19473));
#19465 = ORIENTED_EDGE('',*,*,#8645,.T.);
#19466 = ORIENTED_EDGE('',*,*,#19467,.T.);
#19467 = EDGE_CURVE('',#8646,#13063,#19468,.T.);
#19468 = LINE('',#19469,#19470);
#19469 = CARTESIAN_POINT('',(233.045,-44.134375,-4.5E-02));
#19470 = VECTOR('',#19471,1.);
#19471 = DIRECTION('',(0.,0.,1.));
#19472 = ORIENTED_EDGE('',*,*,#13062,.F.);
#19473 = ORIENTED_EDGE('',*,*,#19467,.F.);
#19474 = CYLINDRICAL_SURFACE('',#19475,0.875);
#19475 = AXIS2_PLACEMENT_3D('',#19476,#19477,#19478);
#19476 = CARTESIAN_POINT('',(233.045,-43.259375,-4.5E-02));
#19477 = DIRECTION('',(-0.,-0.,-1.));
#19478 = DIRECTION('',(-0.,-1.,0.));
#19479 = ADVANCED_FACE('',(#19480),#19491,.F.);
#19480 = FACE_BOUND('',#19481,.T.);
#19481 = EDGE_LOOP('',(#19482,#19483,#19489,#19490));
#19482 = ORIENTED_EDGE('',*,*,#8656,.T.);
#19483 = ORIENTED_EDGE('',*,*,#19484,.T.);
#19484 = EDGE_CURVE('',#8657,#13074,#19485,.T.);
#19485 = LINE('',#19486,#19487);
#19486 = CARTESIAN_POINT('',(241.935,-47.324375,-4.5E-02));
#19487 = VECTOR('',#19488,1.);
#19488 = DIRECTION('',(0.,0.,1.));
#19489 = ORIENTED_EDGE('',*,*,#13073,.F.);
#19490 = ORIENTED_EDGE('',*,*,#19484,.F.);
#19491 = CYLINDRICAL_SURFACE('',#19492,1.525);
#19492 = AXIS2_PLACEMENT_3D('',#19493,#19494,#19495);
#19493 = CARTESIAN_POINT('',(241.935,-45.799375,-4.5E-02));
#19494 = DIRECTION('',(-0.,-0.,-1.));
#19495 = DIRECTION('',(-0.,-1.,0.));
#19496 = ADVANCED_FACE('',(#19497),#19508,.F.);
#19497 = FACE_BOUND('',#19498,.T.);
#19498 = EDGE_LOOP('',(#19499,#19500,#19506,#19507));
#19499 = ORIENTED_EDGE('',*,*,#8667,.T.);
#19500 = ORIENTED_EDGE('',*,*,#19501,.T.);
#19501 = EDGE_CURVE('',#8668,#13085,#19502,.T.);
#19502 = LINE('',#19503,#19504);
#19503 = CARTESIAN_POINT('',(238.125,-45.259375,-4.5E-02));
#19504 = VECTOR('',#19505,1.);
#19505 = DIRECTION('',(0.,0.,1.));
#19506 = ORIENTED_EDGE('',*,*,#13084,.F.);
#19507 = ORIENTED_EDGE('',*,*,#19501,.F.);
#19508 = CYLINDRICAL_SURFACE('',#19509,2.);
#19509 = AXIS2_PLACEMENT_3D('',#19510,#19511,#19512);
#19510 = CARTESIAN_POINT('',(238.125,-43.259375,-4.5E-02));
#19511 = DIRECTION('',(-0.,-0.,-1.));
#19512 = DIRECTION('',(-0.,-1.,0.));
#19513 = ADVANCED_FACE('',(#19514),#19525,.F.);
#19514 = FACE_BOUND('',#19515,.T.);
#19515 = EDGE_LOOP('',(#19516,#19517,#19523,#19524));
#19516 = ORIENTED_EDGE('',*,*,#8678,.T.);
#19517 = ORIENTED_EDGE('',*,*,#19518,.T.);
#19518 = EDGE_CURVE('',#8679,#13096,#19519,.T.);
#19519 = LINE('',#19520,#19521);
#19520 = CARTESIAN_POINT('',(243.205,-44.134375,-4.5E-02));
#19521 = VECTOR('',#19522,1.);
#19522 = DIRECTION('',(0.,0.,1.));
#19523 = ORIENTED_EDGE('',*,*,#13095,.F.);
#19524 = ORIENTED_EDGE('',*,*,#19518,.F.);
#19525 = CYLINDRICAL_SURFACE('',#19526,0.875);
#19526 = AXIS2_PLACEMENT_3D('',#19527,#19528,#19529);
#19527 = CARTESIAN_POINT('',(243.205,-43.259375,-4.5E-02));
#19528 = DIRECTION('',(-0.,-0.,-1.));
#19529 = DIRECTION('',(-0.,-1.,0.));
#19530 = ADVANCED_FACE('',(#19531),#19542,.F.);
#19531 = FACE_BOUND('',#19532,.T.);
#19532 = EDGE_LOOP('',(#19533,#19534,#19540,#19541));
#19533 = ORIENTED_EDGE('',*,*,#8689,.T.);
#19534 = ORIENTED_EDGE('',*,*,#19535,.T.);
#19535 = EDGE_CURVE('',#8690,#13107,#19536,.T.);
#19536 = LINE('',#19537,#19538);
#19537 = CARTESIAN_POINT('',(259.3975,-49.864375,-4.5E-02));
#19538 = VECTOR('',#19539,1.);
#19539 = DIRECTION('',(0.,0.,1.));
#19540 = ORIENTED_EDGE('',*,*,#13106,.F.);
#19541 = ORIENTED_EDGE('',*,*,#19535,.F.);
#19542 = CYLINDRICAL_SURFACE('',#19543,1.525);
#19543 = AXIS2_PLACEMENT_3D('',#19544,#19545,#19546);
#19544 = CARTESIAN_POINT('',(259.3975,-48.339375,-4.5E-02));
#19545 = DIRECTION('',(-0.,-0.,-1.));
#19546 = DIRECTION('',(-3.727437302348E-14,-1.,0.));
#19547 = ADVANCED_FACE('',(#19548),#19559,.F.);
#19548 = FACE_BOUND('',#19549,.T.);
#19549 = EDGE_LOOP('',(#19550,#19551,#19557,#19558));
#19550 = ORIENTED_EDGE('',*,*,#8700,.T.);
#19551 = ORIENTED_EDGE('',*,*,#19552,.T.);
#19552 = EDGE_CURVE('',#8701,#13118,#19553,.T.);
#19553 = LINE('',#19554,#19555);
#19554 = CARTESIAN_POINT('',(283.21,-49.864375,-4.5E-02));
#19555 = VECTOR('',#19556,1.);
#19556 = DIRECTION('',(0.,0.,1.));
#19557 = ORIENTED_EDGE('',*,*,#13117,.F.);
#19558 = ORIENTED_EDGE('',*,*,#19552,.F.);
#19559 = CYLINDRICAL_SURFACE('',#19560,1.525);
#19560 = AXIS2_PLACEMENT_3D('',#19561,#19562,#19563);
#19561 = CARTESIAN_POINT('',(283.21,-48.339375,-4.5E-02));
#19562 = DIRECTION('',(-0.,-0.,-1.));
#19563 = DIRECTION('',(-3.727437302348E-14,-1.,0.));
#19564 = ADVANCED_FACE('',(#19565),#19576,.F.);
#19565 = FACE_BOUND('',#19566,.T.);
#19566 = EDGE_LOOP('',(#19567,#19568,#19574,#19575));
#19567 = ORIENTED_EDGE('',*,*,#8711,.T.);
#19568 = ORIENTED_EDGE('',*,*,#19569,.T.);
#19569 = EDGE_CURVE('',#8712,#13129,#19570,.T.);
#19570 = LINE('',#19571,#19572);
#19571 = CARTESIAN_POINT('',(256.8575,-44.134375,-4.5E-02));
#19572 = VECTOR('',#19573,1.);
#19573 = DIRECTION('',(0.,0.,1.));
#19574 = ORIENTED_EDGE('',*,*,#13128,.F.);
#19575 = ORIENTED_EDGE('',*,*,#19569,.F.);
#19576 = CYLINDRICAL_SURFACE('',#19577,0.875);
#19577 = AXIS2_PLACEMENT_3D('',#19578,#19579,#19580);
#19578 = CARTESIAN_POINT('',(256.8575,-43.259375,-4.5E-02));
#19579 = DIRECTION('',(-0.,-0.,-1.));
#19580 = DIRECTION('',(-0.,-1.,0.));
#19581 = ADVANCED_FACE('',(#19582),#19593,.F.);
#19582 = FACE_BOUND('',#19583,.T.);
#19583 = EDGE_LOOP('',(#19584,#19585,#19591,#19592));
#19584 = ORIENTED_EDGE('',*,*,#8722,.T.);
#19585 = ORIENTED_EDGE('',*,*,#19586,.T.);
#19586 = EDGE_CURVE('',#8723,#13140,#19587,.T.);
#19587 = LINE('',#19588,#19589);
#19588 = CARTESIAN_POINT('',(261.9375,-45.259375,-4.5E-02));
#19589 = VECTOR('',#19590,1.);
#19590 = DIRECTION('',(0.,0.,1.));
#19591 = ORIENTED_EDGE('',*,*,#13139,.F.);
#19592 = ORIENTED_EDGE('',*,*,#19586,.F.);
#19593 = CYLINDRICAL_SURFACE('',#19594,2.);
#19594 = AXIS2_PLACEMENT_3D('',#19595,#19596,#19597);
#19595 = CARTESIAN_POINT('',(261.9375,-43.259375,-4.5E-02));
#19596 = DIRECTION('',(-0.,-0.,-1.));
#19597 = DIRECTION('',(-0.,-1.,0.));
#19598 = ADVANCED_FACE('',(#19599),#19610,.F.);
#19599 = FACE_BOUND('',#19600,.T.);
#19600 = EDGE_LOOP('',(#19601,#19602,#19608,#19609));
#19601 = ORIENTED_EDGE('',*,*,#8733,.T.);
#19602 = ORIENTED_EDGE('',*,*,#19603,.T.);
#19603 = EDGE_CURVE('',#8734,#13151,#19604,.T.);
#19604 = LINE('',#19605,#19606);
#19605 = CARTESIAN_POINT('',(265.7475,-47.324375,-4.5E-02));
#19606 = VECTOR('',#19607,1.);
#19607 = DIRECTION('',(0.,0.,1.));
#19608 = ORIENTED_EDGE('',*,*,#13150,.F.);
#19609 = ORIENTED_EDGE('',*,*,#19603,.F.);
#19610 = CYLINDRICAL_SURFACE('',#19611,1.525);
#19611 = AXIS2_PLACEMENT_3D('',#19612,#19613,#19614);
#19612 = CARTESIAN_POINT('',(265.7475,-45.799375,-4.5E-02));
#19613 = DIRECTION('',(-0.,-0.,-1.));
#19614 = DIRECTION('',(-0.,-1.,0.));
#19615 = ADVANCED_FACE('',(#19616),#19627,.F.);
#19616 = FACE_BOUND('',#19617,.T.);
#19617 = EDGE_LOOP('',(#19618,#19619,#19625,#19626));
#19618 = ORIENTED_EDGE('',*,*,#8744,.T.);
#19619 = ORIENTED_EDGE('',*,*,#19620,.T.);
#19620 = EDGE_CURVE('',#8745,#13162,#19621,.T.);
#19621 = LINE('',#19622,#19623);
#19622 = CARTESIAN_POINT('',(267.0175,-44.134375,-4.5E-02));
#19623 = VECTOR('',#19624,1.);
#19624 = DIRECTION('',(0.,0.,1.));
#19625 = ORIENTED_EDGE('',*,*,#13161,.F.);
#19626 = ORIENTED_EDGE('',*,*,#19620,.F.);
#19627 = CYLINDRICAL_SURFACE('',#19628,0.875);
#19628 = AXIS2_PLACEMENT_3D('',#19629,#19630,#19631);
#19629 = CARTESIAN_POINT('',(267.0175,-43.259375,-4.5E-02));
#19630 = DIRECTION('',(-0.,-0.,-1.));
#19631 = DIRECTION('',(-0.,-1.,0.));
#19632 = ADVANCED_FACE('',(#19633),#19644,.F.);
#19633 = FACE_BOUND('',#19634,.T.);
#19634 = EDGE_LOOP('',(#19635,#19636,#19642,#19643));
#19635 = ORIENTED_EDGE('',*,*,#8755,.T.);
#19636 = ORIENTED_EDGE('',*,*,#19637,.T.);
#19637 = EDGE_CURVE('',#8756,#13173,#19638,.T.);
#19638 = LINE('',#19639,#19640);
#19639 = CARTESIAN_POINT('',(280.67,-44.134375,-4.5E-02));
#19640 = VECTOR('',#19641,1.);
#19641 = DIRECTION('',(0.,0.,1.));
#19642 = ORIENTED_EDGE('',*,*,#13172,.F.);
#19643 = ORIENTED_EDGE('',*,*,#19637,.F.);
#19644 = CYLINDRICAL_SURFACE('',#19645,0.875);
#19645 = AXIS2_PLACEMENT_3D('',#19646,#19647,#19648);
#19646 = CARTESIAN_POINT('',(280.67,-43.259375,-4.5E-02));
#19647 = DIRECTION('',(-0.,-0.,-1.));
#19648 = DIRECTION('',(-0.,-1.,0.));
#19649 = ADVANCED_FACE('',(#19650),#19661,.F.);
#19650 = FACE_BOUND('',#19651,.T.);
#19651 = EDGE_LOOP('',(#19652,#19653,#19659,#19660));
#19652 = ORIENTED_EDGE('',*,*,#8766,.T.);
#19653 = ORIENTED_EDGE('',*,*,#19654,.T.);
#19654 = EDGE_CURVE('',#8767,#13184,#19655,.T.);
#19655 = LINE('',#19656,#19657);
#19656 = CARTESIAN_POINT('',(289.56,-47.324375,-4.5E-02));
#19657 = VECTOR('',#19658,1.);
#19658 = DIRECTION('',(0.,0.,1.));
#19659 = ORIENTED_EDGE('',*,*,#13183,.F.);
#19660 = ORIENTED_EDGE('',*,*,#19654,.F.);
#19661 = CYLINDRICAL_SURFACE('',#19662,1.525);
#19662 = AXIS2_PLACEMENT_3D('',#19663,#19664,#19665);
#19663 = CARTESIAN_POINT('',(289.56,-45.799375,-4.5E-02));
#19664 = DIRECTION('',(-0.,-0.,-1.));
#19665 = DIRECTION('',(-0.,-1.,0.));
#19666 = ADVANCED_FACE('',(#19667),#19678,.F.);
#19667 = FACE_BOUND('',#19668,.T.);
#19668 = EDGE_LOOP('',(#19669,#19670,#19676,#19677));
#19669 = ORIENTED_EDGE('',*,*,#8777,.T.);
#19670 = ORIENTED_EDGE('',*,*,#19671,.T.);
#19671 = EDGE_CURVE('',#8778,#13195,#19672,.T.);
#19672 = LINE('',#19673,#19674);
#19673 = CARTESIAN_POINT('',(285.75,-45.259375,-4.5E-02));
#19674 = VECTOR('',#19675,1.);
#19675 = DIRECTION('',(0.,0.,1.));
#19676 = ORIENTED_EDGE('',*,*,#13194,.F.);
#19677 = ORIENTED_EDGE('',*,*,#19671,.F.);
#19678 = CYLINDRICAL_SURFACE('',#19679,2.);
#19679 = AXIS2_PLACEMENT_3D('',#19680,#19681,#19682);
#19680 = CARTESIAN_POINT('',(285.75,-43.259375,-4.5E-02));
#19681 = DIRECTION('',(-0.,-0.,-1.));
#19682 = DIRECTION('',(-0.,-1.,0.));
#19683 = ADVANCED_FACE('',(#19684),#19695,.F.);
#19684 = FACE_BOUND('',#19685,.T.);
#19685 = EDGE_LOOP('',(#19686,#19687,#19693,#19694));
#19686 = ORIENTED_EDGE('',*,*,#8788,.T.);
#19687 = ORIENTED_EDGE('',*,*,#19688,.T.);
#19688 = EDGE_CURVE('',#8789,#13206,#19689,.T.);
#19689 = LINE('',#19690,#19691);
#19690 = CARTESIAN_POINT('',(290.83,-44.134375,-4.5E-02));
#19691 = VECTOR('',#19692,1.);
#19692 = DIRECTION('',(0.,0.,1.));
#19693 = ORIENTED_EDGE('',*,*,#13205,.F.);
#19694 = ORIENTED_EDGE('',*,*,#19688,.F.);
#19695 = CYLINDRICAL_SURFACE('',#19696,0.875);
#19696 = AXIS2_PLACEMENT_3D('',#19697,#19698,#19699);
#19697 = CARTESIAN_POINT('',(290.83,-43.259375,-4.5E-02));
#19698 = DIRECTION('',(-0.,-0.,-1.));
#19699 = DIRECTION('',(-0.,-1.,0.));
#19700 = ADVANCED_FACE('',(#19701),#19712,.F.);
#19701 = FACE_BOUND('',#19702,.T.);
#19702 = EDGE_LOOP('',(#19703,#19704,#19710,#19711));
#19703 = ORIENTED_EDGE('',*,*,#8799,.T.);
#19704 = ORIENTED_EDGE('',*,*,#19705,.T.);
#19705 = EDGE_CURVE('',#8800,#13217,#19706,.T.);
#19706 = LINE('',#19707,#19708);
#19707 = CARTESIAN_POINT('',(226.06,-30.814375,-4.5E-02));
#19708 = VECTOR('',#19709,1.);
#19709 = DIRECTION('',(0.,0.,1.));
#19710 = ORIENTED_EDGE('',*,*,#13216,.F.);
#19711 = ORIENTED_EDGE('',*,*,#19705,.F.);
#19712 = CYLINDRICAL_SURFACE('',#19713,1.525);
#19713 = AXIS2_PLACEMENT_3D('',#19714,#19715,#19716);
#19714 = CARTESIAN_POINT('',(226.06,-29.289375,-4.5E-02));
#19715 = DIRECTION('',(-0.,-0.,-1.));
#19716 = DIRECTION('',(-0.,-1.,0.));
#19717 = ADVANCED_FACE('',(#19718),#19729,.F.);
#19718 = FACE_BOUND('',#19719,.T.);
#19719 = EDGE_LOOP('',(#19720,#19721,#19727,#19728));
#19720 = ORIENTED_EDGE('',*,*,#8810,.T.);
#19721 = ORIENTED_EDGE('',*,*,#19722,.T.);
#19722 = EDGE_CURVE('',#8811,#13228,#19723,.T.);
#19723 = LINE('',#19724,#19725);
#19724 = CARTESIAN_POINT('',(232.41,-28.274375,-4.5E-02));
#19725 = VECTOR('',#19726,1.);
#19726 = DIRECTION('',(0.,0.,1.));
#19727 = ORIENTED_EDGE('',*,*,#13227,.F.);
#19728 = ORIENTED_EDGE('',*,*,#19722,.F.);
#19729 = CYLINDRICAL_SURFACE('',#19730,1.525);
#19730 = AXIS2_PLACEMENT_3D('',#19731,#19732,#19733);
#19731 = CARTESIAN_POINT('',(232.41,-26.749375,-4.5E-02));
#19732 = DIRECTION('',(-0.,-0.,-1.));
#19733 = DIRECTION('',(-0.,-1.,0.));
#19734 = ADVANCED_FACE('',(#19735),#19746,.F.);
#19735 = FACE_BOUND('',#19736,.T.);
#19736 = EDGE_LOOP('',(#19737,#19738,#19744,#19745));
#19737 = ORIENTED_EDGE('',*,*,#8821,.T.);
#19738 = ORIENTED_EDGE('',*,*,#19739,.T.);
#19739 = EDGE_CURVE('',#8822,#13239,#19740,.T.);
#19740 = LINE('',#19741,#19742);
#19741 = CARTESIAN_POINT('',(254.635,-30.814375,-4.5E-02));
#19742 = VECTOR('',#19743,1.);
#19743 = DIRECTION('',(0.,0.,1.));
#19744 = ORIENTED_EDGE('',*,*,#13238,.F.);
#19745 = ORIENTED_EDGE('',*,*,#19739,.F.);
#19746 = CYLINDRICAL_SURFACE('',#19747,1.525);
#19747 = AXIS2_PLACEMENT_3D('',#19748,#19749,#19750);
#19748 = CARTESIAN_POINT('',(254.635,-29.289375,-4.5E-02));
#19749 = DIRECTION('',(-0.,-0.,-1.));
#19750 = DIRECTION('',(-1.863718651174E-14,-1.,0.));
#19751 = ADVANCED_FACE('',(#19752),#19763,.F.);
#19752 = FACE_BOUND('',#19753,.T.);
#19753 = EDGE_LOOP('',(#19754,#19755,#19761,#19762));
#19754 = ORIENTED_EDGE('',*,*,#8832,.T.);
#19755 = ORIENTED_EDGE('',*,*,#19756,.T.);
#19756 = EDGE_CURVE('',#8833,#13250,#19757,.T.);
#19757 = LINE('',#19758,#19759);
#19758 = CARTESIAN_POINT('',(260.985,-28.274375,-4.5E-02));
#19759 = VECTOR('',#19760,1.);
#19760 = DIRECTION('',(0.,0.,1.));
#19761 = ORIENTED_EDGE('',*,*,#13249,.F.);
#19762 = ORIENTED_EDGE('',*,*,#19756,.F.);
#19763 = CYLINDRICAL_SURFACE('',#19764,1.525);
#19764 = AXIS2_PLACEMENT_3D('',#19765,#19766,#19767);
#19765 = CARTESIAN_POINT('',(260.985,-26.749375,-4.5E-02));
#19766 = DIRECTION('',(-0.,-0.,-1.));
#19767 = DIRECTION('',(-0.,-1.,0.));
#19768 = ADVANCED_FACE('',(#19769),#19780,.F.);
#19769 = FACE_BOUND('',#19770,.T.);
#19770 = EDGE_LOOP('',(#19771,#19772,#19778,#19779));
#19771 = ORIENTED_EDGE('',*,*,#8843,.T.);
#19772 = ORIENTED_EDGE('',*,*,#19773,.T.);
#19773 = EDGE_CURVE('',#8844,#13261,#19774,.T.);
#19774 = LINE('',#19775,#19776);
#19775 = CARTESIAN_POINT('',(283.21,-30.814375,-4.5E-02));
#19776 = VECTOR('',#19777,1.);
#19777 = DIRECTION('',(0.,0.,1.));
#19778 = ORIENTED_EDGE('',*,*,#13260,.F.);
#19779 = ORIENTED_EDGE('',*,*,#19773,.F.);
#19780 = CYLINDRICAL_SURFACE('',#19781,1.525);
#19781 = AXIS2_PLACEMENT_3D('',#19782,#19783,#19784);
#19782 = CARTESIAN_POINT('',(283.21,-29.289375,-4.5E-02));
#19783 = DIRECTION('',(-0.,-0.,-1.));
#19784 = DIRECTION('',(-3.727437302348E-14,-1.,0.));
#19785 = ADVANCED_FACE('',(#19786),#19797,.F.);
#19786 = FACE_BOUND('',#19787,.T.);
#19787 = EDGE_LOOP('',(#19788,#19789,#19795,#19796));
#19788 = ORIENTED_EDGE('',*,*,#8854,.T.);
#19789 = ORIENTED_EDGE('',*,*,#19790,.T.);
#19790 = EDGE_CURVE('',#8855,#13272,#19791,.T.);
#19791 = LINE('',#19792,#19793);
#19792 = CARTESIAN_POINT('',(289.56,-28.274375,-4.5E-02));
#19793 = VECTOR('',#19794,1.);
#19794 = DIRECTION('',(0.,0.,1.));
#19795 = ORIENTED_EDGE('',*,*,#13271,.F.);
#19796 = ORIENTED_EDGE('',*,*,#19790,.F.);
#19797 = CYLINDRICAL_SURFACE('',#19798,1.525);
#19798 = AXIS2_PLACEMENT_3D('',#19799,#19800,#19801);
#19799 = CARTESIAN_POINT('',(289.56,-26.749375,-4.5E-02));
#19800 = DIRECTION('',(-0.,-0.,-1.));
#19801 = DIRECTION('',(-0.,-1.,0.));
#19802 = ADVANCED_FACE('',(#19803),#19814,.F.);
#19803 = FACE_BOUND('',#19804,.T.);
#19804 = EDGE_LOOP('',(#19805,#19806,#19812,#19813));
#19805 = ORIENTED_EDGE('',*,*,#8865,.T.);
#19806 = ORIENTED_EDGE('',*,*,#19807,.T.);
#19807 = EDGE_CURVE('',#8866,#13283,#19808,.T.);
#19808 = LINE('',#19809,#19810);
#19809 = CARTESIAN_POINT('',(147.32,-25.084375,-4.5E-02));
#19810 = VECTOR('',#19811,1.);
#19811 = DIRECTION('',(0.,0.,1.));
#19812 = ORIENTED_EDGE('',*,*,#13282,.F.);
#19813 = ORIENTED_EDGE('',*,*,#19807,.F.);
#19814 = CYLINDRICAL_SURFACE('',#19815,0.875);
#19815 = AXIS2_PLACEMENT_3D('',#19816,#19817,#19818);
#19816 = CARTESIAN_POINT('',(147.32,-24.209375,-4.5E-02));
#19817 = DIRECTION('',(-0.,-0.,-1.));
#19818 = DIRECTION('',(-0.,-1.,0.));
#19819 = ADVANCED_FACE('',(#19820),#19831,.F.);
#19820 = FACE_BOUND('',#19821,.T.);
#19821 = EDGE_LOOP('',(#19822,#19823,#19829,#19830));
#19822 = ORIENTED_EDGE('',*,*,#8876,.T.);
#19823 = ORIENTED_EDGE('',*,*,#19824,.T.);
#19824 = EDGE_CURVE('',#8877,#13294,#19825,.T.);
#19825 = LINE('',#19826,#19827);
#19826 = CARTESIAN_POINT('',(152.4,-26.209375,-4.5E-02));
#19827 = VECTOR('',#19828,1.);
#19828 = DIRECTION('',(0.,0.,1.));
#19829 = ORIENTED_EDGE('',*,*,#13293,.F.);
#19830 = ORIENTED_EDGE('',*,*,#19824,.F.);
#19831 = CYLINDRICAL_SURFACE('',#19832,2.);
#19832 = AXIS2_PLACEMENT_3D('',#19833,#19834,#19835);
#19833 = CARTESIAN_POINT('',(152.4,-24.209375,-4.5E-02));
#19834 = DIRECTION('',(-0.,-0.,-1.));
#19835 = DIRECTION('',(-0.,-1.,0.));
#19836 = ADVANCED_FACE('',(#19837),#19848,.F.);
#19837 = FACE_BOUND('',#19838,.T.);
#19838 = EDGE_LOOP('',(#19839,#19840,#19846,#19847));
#19839 = ORIENTED_EDGE('',*,*,#8887,.T.);
#19840 = ORIENTED_EDGE('',*,*,#19841,.T.);
#19841 = EDGE_CURVE('',#8888,#13305,#19842,.T.);
#19842 = LINE('',#19843,#19844);
#19843 = CARTESIAN_POINT('',(157.48,-25.084375,-4.5E-02));
#19844 = VECTOR('',#19845,1.);
#19845 = DIRECTION('',(0.,0.,1.));
#19846 = ORIENTED_EDGE('',*,*,#13304,.F.);
#19847 = ORIENTED_EDGE('',*,*,#19841,.F.);
#19848 = CYLINDRICAL_SURFACE('',#19849,0.875);
#19849 = AXIS2_PLACEMENT_3D('',#19850,#19851,#19852);
#19850 = CARTESIAN_POINT('',(157.48,-24.209375,-4.5E-02));
#19851 = DIRECTION('',(-0.,-0.,-1.));
#19852 = DIRECTION('',(-0.,-1.,0.));
#19853 = ADVANCED_FACE('',(#19854),#19865,.F.);
#19854 = FACE_BOUND('',#19855,.T.);
#19855 = EDGE_LOOP('',(#19856,#19857,#19863,#19864));
#19856 = ORIENTED_EDGE('',*,*,#8898,.T.);
#19857 = ORIENTED_EDGE('',*,*,#19858,.T.);
#19858 = EDGE_CURVE('',#8899,#13316,#19859,.T.);
#19859 = LINE('',#19860,#19861);
#19860 = CARTESIAN_POINT('',(166.37,-25.084375,-4.5E-02));
#19861 = VECTOR('',#19862,1.);
#19862 = DIRECTION('',(0.,0.,1.));
#19863 = ORIENTED_EDGE('',*,*,#13315,.F.);
#19864 = ORIENTED_EDGE('',*,*,#19858,.F.);
#19865 = CYLINDRICAL_SURFACE('',#19866,0.875);
#19866 = AXIS2_PLACEMENT_3D('',#19867,#19868,#19869);
#19867 = CARTESIAN_POINT('',(166.37,-24.209375,-4.5E-02));
#19868 = DIRECTION('',(-0.,-0.,-1.));
#19869 = DIRECTION('',(-0.,-1.,0.));
#19870 = ADVANCED_FACE('',(#19871),#19882,.F.);
#19871 = FACE_BOUND('',#19872,.T.);
#19872 = EDGE_LOOP('',(#19873,#19874,#19880,#19881));
#19873 = ORIENTED_EDGE('',*,*,#8909,.T.);
#19874 = ORIENTED_EDGE('',*,*,#19875,.T.);
#19875 = EDGE_CURVE('',#8910,#13327,#19876,.T.);
#19876 = LINE('',#19877,#19878);
#19877 = CARTESIAN_POINT('',(171.45,-26.209375,-4.5E-02));
#19878 = VECTOR('',#19879,1.);
#19879 = DIRECTION('',(0.,0.,1.));
#19880 = ORIENTED_EDGE('',*,*,#13326,.F.);
#19881 = ORIENTED_EDGE('',*,*,#19875,.F.);
#19882 = CYLINDRICAL_SURFACE('',#19883,2.);
#19883 = AXIS2_PLACEMENT_3D('',#19884,#19885,#19886);
#19884 = CARTESIAN_POINT('',(171.45,-24.209375,-4.5E-02));
#19885 = DIRECTION('',(-0.,-0.,-1.));
#19886 = DIRECTION('',(-0.,-1.,0.));
#19887 = ADVANCED_FACE('',(#19888),#19899,.F.);
#19888 = FACE_BOUND('',#19889,.T.);
#19889 = EDGE_LOOP('',(#19890,#19891,#19897,#19898));
#19890 = ORIENTED_EDGE('',*,*,#8920,.T.);
#19891 = ORIENTED_EDGE('',*,*,#19892,.T.);
#19892 = EDGE_CURVE('',#8921,#13338,#19893,.T.);
#19893 = LINE('',#19894,#19895);
#19894 = CARTESIAN_POINT('',(176.53,-25.084375,-4.5E-02));
#19895 = VECTOR('',#19896,1.);
#19896 = DIRECTION('',(0.,0.,1.));
#19897 = ORIENTED_EDGE('',*,*,#13337,.F.);
#19898 = ORIENTED_EDGE('',*,*,#19892,.F.);
#19899 = CYLINDRICAL_SURFACE('',#19900,0.875);
#19900 = AXIS2_PLACEMENT_3D('',#19901,#19902,#19903);
#19901 = CARTESIAN_POINT('',(176.53,-24.209375,-4.5E-02));
#19902 = DIRECTION('',(-0.,-0.,-1.));
#19903 = DIRECTION('',(-0.,-1.,0.));
#19904 = ADVANCED_FACE('',(#19905),#19916,.F.);
#19905 = FACE_BOUND('',#19906,.T.);
#19906 = EDGE_LOOP('',(#19907,#19908,#19914,#19915));
#19907 = ORIENTED_EDGE('',*,*,#8931,.T.);
#19908 = ORIENTED_EDGE('',*,*,#19909,.T.);
#19909 = EDGE_CURVE('',#8932,#13349,#19910,.T.);
#19910 = LINE('',#19911,#19912);
#19911 = CARTESIAN_POINT('',(185.42,-25.084375,-4.5E-02));
#19912 = VECTOR('',#19913,1.);
#19913 = DIRECTION('',(0.,0.,1.));
#19914 = ORIENTED_EDGE('',*,*,#13348,.F.);
#19915 = ORIENTED_EDGE('',*,*,#19909,.F.);
#19916 = CYLINDRICAL_SURFACE('',#19917,0.875);
#19917 = AXIS2_PLACEMENT_3D('',#19918,#19919,#19920);
#19918 = CARTESIAN_POINT('',(185.42,-24.209375,-4.5E-02));
#19919 = DIRECTION('',(-0.,-0.,-1.));
#19920 = DIRECTION('',(-0.,-1.,0.));
#19921 = ADVANCED_FACE('',(#19922),#19933,.F.);
#19922 = FACE_BOUND('',#19923,.T.);
#19923 = EDGE_LOOP('',(#19924,#19925,#19931,#19932));
#19924 = ORIENTED_EDGE('',*,*,#8942,.T.);
#19925 = ORIENTED_EDGE('',*,*,#19926,.T.);
#19926 = EDGE_CURVE('',#8943,#13360,#19927,.T.);
#19927 = LINE('',#19928,#19929);
#19928 = CARTESIAN_POINT('',(190.5,-26.209375,-4.5E-02));
#19929 = VECTOR('',#19930,1.);
#19930 = DIRECTION('',(0.,0.,1.));
#19931 = ORIENTED_EDGE('',*,*,#13359,.F.);
#19932 = ORIENTED_EDGE('',*,*,#19926,.F.);
#19933 = CYLINDRICAL_SURFACE('',#19934,2.);
#19934 = AXIS2_PLACEMENT_3D('',#19935,#19936,#19937);
#19935 = CARTESIAN_POINT('',(190.5,-24.209375,-4.5E-02));
#19936 = DIRECTION('',(-0.,-0.,-1.));
#19937 = DIRECTION('',(-0.,-1.,0.));
#19938 = ADVANCED_FACE('',(#19939),#19950,.F.);
#19939 = FACE_BOUND('',#19940,.T.);
#19940 = EDGE_LOOP('',(#19941,#19942,#19948,#19949));
#19941 = ORIENTED_EDGE('',*,*,#8953,.T.);
#19942 = ORIENTED_EDGE('',*,*,#19943,.T.);
#19943 = EDGE_CURVE('',#8954,#13371,#19944,.T.);
#19944 = LINE('',#19945,#19946);
#19945 = CARTESIAN_POINT('',(195.58,-25.084375,-4.5E-02));
#19946 = VECTOR('',#19947,1.);
#19947 = DIRECTION('',(0.,0.,1.));
#19948 = ORIENTED_EDGE('',*,*,#13370,.F.);
#19949 = ORIENTED_EDGE('',*,*,#19943,.F.);
#19950 = CYLINDRICAL_SURFACE('',#19951,0.875);
#19951 = AXIS2_PLACEMENT_3D('',#19952,#19953,#19954);
#19952 = CARTESIAN_POINT('',(195.58,-24.209375,-4.5E-02));
#19953 = DIRECTION('',(-0.,-0.,-1.));
#19954 = DIRECTION('',(-0.,-1.,0.));
#19955 = ADVANCED_FACE('',(#19956),#19967,.F.);
#19956 = FACE_BOUND('',#19957,.T.);
#19957 = EDGE_LOOP('',(#19958,#19959,#19965,#19966));
#19958 = ORIENTED_EDGE('',*,*,#8964,.T.);
#19959 = ORIENTED_EDGE('',*,*,#19960,.T.);
#19960 = EDGE_CURVE('',#8965,#13382,#19961,.T.);
#19961 = LINE('',#19962,#19963);
#19962 = CARTESIAN_POINT('',(204.47,-25.084375,-4.5E-02));
#19963 = VECTOR('',#19964,1.);
#19964 = DIRECTION('',(0.,0.,1.));
#19965 = ORIENTED_EDGE('',*,*,#13381,.F.);
#19966 = ORIENTED_EDGE('',*,*,#19960,.F.);
#19967 = CYLINDRICAL_SURFACE('',#19968,0.875);
#19968 = AXIS2_PLACEMENT_3D('',#19969,#19970,#19971);
#19969 = CARTESIAN_POINT('',(204.47,-24.209375,-4.5E-02));
#19970 = DIRECTION('',(-0.,-0.,-1.));
#19971 = DIRECTION('',(-0.,-1.,0.));
#19972 = ADVANCED_FACE('',(#19973),#19984,.F.);
#19973 = FACE_BOUND('',#19974,.T.);
#19974 = EDGE_LOOP('',(#19975,#19976,#19982,#19983));
#19975 = ORIENTED_EDGE('',*,*,#8975,.T.);
#19976 = ORIENTED_EDGE('',*,*,#19977,.T.);
#19977 = EDGE_CURVE('',#8976,#13393,#19978,.T.);
#19978 = LINE('',#19979,#19980);
#19979 = CARTESIAN_POINT('',(209.55,-26.209375,-4.5E-02));
#19980 = VECTOR('',#19981,1.);
#19981 = DIRECTION('',(0.,0.,1.));
#19982 = ORIENTED_EDGE('',*,*,#13392,.F.);
#19983 = ORIENTED_EDGE('',*,*,#19977,.F.);
#19984 = CYLINDRICAL_SURFACE('',#19985,2.);
#19985 = AXIS2_PLACEMENT_3D('',#19986,#19987,#19988);
#19986 = CARTESIAN_POINT('',(209.55,-24.209375,-4.5E-02));
#19987 = DIRECTION('',(-0.,-0.,-1.));
#19988 = DIRECTION('',(-0.,-1.,0.));
#19989 = ADVANCED_FACE('',(#19990),#20001,.F.);
#19990 = FACE_BOUND('',#19991,.T.);
#19991 = EDGE_LOOP('',(#19992,#19993,#19999,#20000));
#19992 = ORIENTED_EDGE('',*,*,#8986,.T.);
#19993 = ORIENTED_EDGE('',*,*,#19994,.T.);
#19994 = EDGE_CURVE('',#8987,#13404,#19995,.T.);
#19995 = LINE('',#19996,#19997);
#19996 = CARTESIAN_POINT('',(214.63,-25.084375,-4.5E-02));
#19997 = VECTOR('',#19998,1.);
#19998 = DIRECTION('',(0.,0.,1.));
#19999 = ORIENTED_EDGE('',*,*,#13403,.F.);
#20000 = ORIENTED_EDGE('',*,*,#19994,.F.);
#20001 = CYLINDRICAL_SURFACE('',#20002,0.875);
#20002 = AXIS2_PLACEMENT_3D('',#20003,#20004,#20005);
#20003 = CARTESIAN_POINT('',(214.63,-24.209375,-4.5E-02));
#20004 = DIRECTION('',(-0.,-0.,-1.));
#20005 = DIRECTION('',(-0.,-1.,0.));
#20006 = ADVANCED_FACE('',(#20007),#20018,.F.);
#20007 = FACE_BOUND('',#20008,.T.);
#20008 = EDGE_LOOP('',(#20009,#20010,#20016,#20017));
#20009 = ORIENTED_EDGE('',*,*,#8997,.T.);
#20010 = ORIENTED_EDGE('',*,*,#20011,.T.);
#20011 = EDGE_CURVE('',#8998,#13415,#20012,.T.);
#20012 = LINE('',#20013,#20014);
#20013 = CARTESIAN_POINT('',(159.385,-7.001875,-4.5E-02));
#20014 = VECTOR('',#20015,1.);
#20015 = DIRECTION('',(0.,0.,1.));
#20016 = ORIENTED_EDGE('',*,*,#13414,.F.);
#20017 = ORIENTED_EDGE('',*,*,#20011,.F.);
#20018 = CYLINDRICAL_SURFACE('',#20019,1.525);
#20019 = AXIS2_PLACEMENT_3D('',#20020,#20021,#20022);
#20020 = CARTESIAN_POINT('',(159.385,-5.476875,-4.5E-02));
#20021 = DIRECTION('',(-0.,-0.,-1.));
#20022 = DIRECTION('',(-0.,-1.,0.));
#20023 = ADVANCED_FACE('',(#20024),#20035,.F.);
#20024 = FACE_BOUND('',#20025,.T.);
#20025 = EDGE_LOOP('',(#20026,#20027,#20033,#20034));
#20026 = ORIENTED_EDGE('',*,*,#9008,.T.);
#20027 = ORIENTED_EDGE('',*,*,#20028,.T.);
#20028 = EDGE_CURVE('',#9009,#13426,#20029,.T.);
#20029 = LINE('',#20030,#20031);
#20030 = CARTESIAN_POINT('',(146.685,-4.461875,-4.5E-02));
#20031 = VECTOR('',#20032,1.);
#20032 = DIRECTION('',(0.,0.,1.));
#20033 = ORIENTED_EDGE('',*,*,#13425,.F.);
#20034 = ORIENTED_EDGE('',*,*,#20028,.F.);
#20035 = CYLINDRICAL_SURFACE('',#20036,1.525);
#20036 = AXIS2_PLACEMENT_3D('',#20037,#20038,#20039);
#20037 = CARTESIAN_POINT('',(146.685,-2.936875,-4.5E-02));
#20038 = DIRECTION('',(-0.,-0.,-1.));
#20039 = DIRECTION('',(-0.,-1.,0.));
#20040 = ADVANCED_FACE('',(#20041),#20052,.F.);
#20041 = FACE_BOUND('',#20042,.T.);
#20042 = EDGE_LOOP('',(#20043,#20044,#20050,#20051));
#20043 = ORIENTED_EDGE('',*,*,#9019,.T.);
#20044 = ORIENTED_EDGE('',*,*,#20045,.T.);
#20045 = EDGE_CURVE('',#9020,#13437,#20046,.T.);
#20046 = LINE('',#20047,#20048);
#20047 = CARTESIAN_POINT('',(142.875,-2.396875,-4.5E-02));
#20048 = VECTOR('',#20049,1.);
#20049 = DIRECTION('',(0.,0.,1.));
#20050 = ORIENTED_EDGE('',*,*,#13436,.F.);
#20051 = ORIENTED_EDGE('',*,*,#20045,.F.);
#20052 = CYLINDRICAL_SURFACE('',#20053,2.);
#20053 = AXIS2_PLACEMENT_3D('',#20054,#20055,#20056);
#20054 = CARTESIAN_POINT('',(142.875,-0.396875,-4.5E-02));
#20055 = DIRECTION('',(-0.,-0.,-1.));
#20056 = DIRECTION('',(-0.,-1.,0.));
#20057 = ADVANCED_FACE('',(#20058),#20069,.F.);
#20058 = FACE_BOUND('',#20059,.T.);
#20059 = EDGE_LOOP('',(#20060,#20061,#20067,#20068));
#20060 = ORIENTED_EDGE('',*,*,#9030,.T.);
#20061 = ORIENTED_EDGE('',*,*,#20062,.T.);
#20062 = EDGE_CURVE('',#9031,#13448,#20063,.T.);
#20063 = LINE('',#20064,#20065);
#20064 = CARTESIAN_POINT('',(147.955,-1.271875,-4.5E-02));
#20065 = VECTOR('',#20066,1.);
#20066 = DIRECTION('',(0.,0.,1.));
#20067 = ORIENTED_EDGE('',*,*,#13447,.F.);
#20068 = ORIENTED_EDGE('',*,*,#20062,.F.);
#20069 = CYLINDRICAL_SURFACE('',#20070,0.875);
#20070 = AXIS2_PLACEMENT_3D('',#20071,#20072,#20073);
#20071 = CARTESIAN_POINT('',(147.955,-0.396875,-4.5E-02));
#20072 = DIRECTION('',(-0.,-0.,-1.));
#20073 = DIRECTION('',(-0.,-1.,0.));
#20074 = ADVANCED_FACE('',(#20075),#20086,.F.);
#20075 = FACE_BOUND('',#20076,.T.);
#20076 = EDGE_LOOP('',(#20077,#20078,#20084,#20085));
#20077 = ORIENTED_EDGE('',*,*,#9041,.T.);
#20078 = ORIENTED_EDGE('',*,*,#20079,.T.);
#20079 = EDGE_CURVE('',#9042,#13459,#20080,.T.);
#20080 = LINE('',#20081,#20082);
#20081 = CARTESIAN_POINT('',(156.845,-1.271875,-4.5E-02));
#20082 = VECTOR('',#20083,1.);
#20083 = DIRECTION('',(0.,0.,1.));
#20084 = ORIENTED_EDGE('',*,*,#13458,.F.);
#20085 = ORIENTED_EDGE('',*,*,#20079,.F.);
#20086 = CYLINDRICAL_SURFACE('',#20087,0.875);
#20087 = AXIS2_PLACEMENT_3D('',#20088,#20089,#20090);
#20088 = CARTESIAN_POINT('',(156.845,-0.396875,-4.5E-02));
#20089 = DIRECTION('',(-0.,-0.,-1.));
#20090 = DIRECTION('',(-0.,-1.,0.));
#20091 = ADVANCED_FACE('',(#20092),#20103,.F.);
#20092 = FACE_BOUND('',#20093,.T.);
#20093 = EDGE_LOOP('',(#20094,#20095,#20101,#20102));
#20094 = ORIENTED_EDGE('',*,*,#9052,.T.);
#20095 = ORIENTED_EDGE('',*,*,#20096,.T.);
#20096 = EDGE_CURVE('',#9053,#13470,#20097,.T.);
#20097 = LINE('',#20098,#20099);
#20098 = CARTESIAN_POINT('',(165.735,-4.461875,-4.5E-02));
#20099 = VECTOR('',#20100,1.);
#20100 = DIRECTION('',(0.,0.,1.));
#20101 = ORIENTED_EDGE('',*,*,#13469,.F.);
#20102 = ORIENTED_EDGE('',*,*,#20096,.F.);
#20103 = CYLINDRICAL_SURFACE('',#20104,1.525);
#20104 = AXIS2_PLACEMENT_3D('',#20105,#20106,#20107);
#20105 = CARTESIAN_POINT('',(165.735,-2.936875,-4.5E-02));
#20106 = DIRECTION('',(-0.,-0.,-1.));
#20107 = DIRECTION('',(-0.,-1.,0.));
#20108 = ADVANCED_FACE('',(#20109),#20120,.F.);
#20109 = FACE_BOUND('',#20110,.T.);
#20110 = EDGE_LOOP('',(#20111,#20112,#20118,#20119));
#20111 = ORIENTED_EDGE('',*,*,#9063,.T.);
#20112 = ORIENTED_EDGE('',*,*,#20113,.T.);
#20113 = EDGE_CURVE('',#9064,#13481,#20114,.T.);
#20114 = LINE('',#20115,#20116);
#20115 = CARTESIAN_POINT('',(161.925,-2.396875,-4.5E-02));
#20116 = VECTOR('',#20117,1.);
#20117 = DIRECTION('',(0.,0.,1.));
#20118 = ORIENTED_EDGE('',*,*,#13480,.F.);
#20119 = ORIENTED_EDGE('',*,*,#20113,.F.);
#20120 = CYLINDRICAL_SURFACE('',#20121,2.);
#20121 = AXIS2_PLACEMENT_3D('',#20122,#20123,#20124);
#20122 = CARTESIAN_POINT('',(161.925,-0.396875,-4.5E-02));
#20123 = DIRECTION('',(-0.,-0.,-1.));
#20124 = DIRECTION('',(-0.,-1.,0.));
#20125 = ADVANCED_FACE('',(#20126),#20137,.F.);
#20126 = FACE_BOUND('',#20127,.T.);
#20127 = EDGE_LOOP('',(#20128,#20129,#20135,#20136));
#20128 = ORIENTED_EDGE('',*,*,#9074,.T.);
#20129 = ORIENTED_EDGE('',*,*,#20130,.T.);
#20130 = EDGE_CURVE('',#9075,#13492,#20131,.T.);
#20131 = LINE('',#20132,#20133);
#20132 = CARTESIAN_POINT('',(167.005,-1.271875,-4.5E-02));
#20133 = VECTOR('',#20134,1.);
#20134 = DIRECTION('',(0.,0.,1.));
#20135 = ORIENTED_EDGE('',*,*,#13491,.F.);
#20136 = ORIENTED_EDGE('',*,*,#20130,.F.);
#20137 = CYLINDRICAL_SURFACE('',#20138,0.875);
#20138 = AXIS2_PLACEMENT_3D('',#20139,#20140,#20141);
#20139 = CARTESIAN_POINT('',(167.005,-0.396875,-4.5E-02));
#20140 = DIRECTION('',(-0.,-0.,-1.));
#20141 = DIRECTION('',(-0.,-1.,0.));
#20142 = ADVANCED_FACE('',(#20143),#20154,.F.);
#20143 = FACE_BOUND('',#20144,.T.);
#20144 = EDGE_LOOP('',(#20145,#20146,#20152,#20153));
#20145 = ORIENTED_EDGE('',*,*,#9085,.T.);
#20146 = ORIENTED_EDGE('',*,*,#20147,.T.);
#20147 = EDGE_CURVE('',#9086,#13503,#20148,.T.);
#20148 = LINE('',#20149,#20150);
#20149 = CARTESIAN_POINT('',(183.1975,-7.001875,-4.5E-02));
#20150 = VECTOR('',#20151,1.);
#20151 = DIRECTION('',(0.,0.,1.));
#20152 = ORIENTED_EDGE('',*,*,#13502,.F.);
#20153 = ORIENTED_EDGE('',*,*,#20147,.F.);
#20154 = CYLINDRICAL_SURFACE('',#20155,1.525);
#20155 = AXIS2_PLACEMENT_3D('',#20156,#20157,#20158);
#20156 = CARTESIAN_POINT('',(183.1975,-5.476875,-4.5E-02));
#20157 = DIRECTION('',(-0.,-0.,-1.));
#20158 = DIRECTION('',(-0.,-1.,0.));
#20159 = ADVANCED_FACE('',(#20160),#20171,.F.);
#20160 = FACE_BOUND('',#20161,.T.);
#20161 = EDGE_LOOP('',(#20162,#20163,#20169,#20170));
#20162 = ORIENTED_EDGE('',*,*,#9096,.T.);
#20163 = ORIENTED_EDGE('',*,*,#20164,.T.);
#20164 = EDGE_CURVE('',#9097,#13514,#20165,.T.);
#20165 = LINE('',#20166,#20167);
#20166 = CARTESIAN_POINT('',(202.2475,-7.001875,-4.5E-02));
#20167 = VECTOR('',#20168,1.);
#20168 = DIRECTION('',(0.,0.,1.));
#20169 = ORIENTED_EDGE('',*,*,#13513,.F.);
#20170 = ORIENTED_EDGE('',*,*,#20164,.F.);
#20171 = CYLINDRICAL_SURFACE('',#20172,1.525);
#20172 = AXIS2_PLACEMENT_3D('',#20173,#20174,#20175);
#20173 = CARTESIAN_POINT('',(202.2475,-5.476875,-4.5E-02));
#20174 = DIRECTION('',(-0.,-0.,-1.));
#20175 = DIRECTION('',(-0.,-1.,0.));
#20176 = ADVANCED_FACE('',(#20177),#20188,.F.);
#20177 = FACE_BOUND('',#20178,.T.);
#20178 = EDGE_LOOP('',(#20179,#20180,#20186,#20187));
#20179 = ORIENTED_EDGE('',*,*,#9107,.T.);
#20180 = ORIENTED_EDGE('',*,*,#20181,.T.);
#20181 = EDGE_CURVE('',#9108,#13525,#20182,.T.);
#20182 = LINE('',#20183,#20184);
#20183 = CARTESIAN_POINT('',(189.5475,-4.461875,-4.5E-02));
#20184 = VECTOR('',#20185,1.);
#20185 = DIRECTION('',(0.,0.,1.));
#20186 = ORIENTED_EDGE('',*,*,#13524,.F.);
#20187 = ORIENTED_EDGE('',*,*,#20181,.F.);
#20188 = CYLINDRICAL_SURFACE('',#20189,1.525);
#20189 = AXIS2_PLACEMENT_3D('',#20190,#20191,#20192);
#20190 = CARTESIAN_POINT('',(189.5475,-2.936875,-4.5E-02));
#20191 = DIRECTION('',(-0.,-0.,-1.));
#20192 = DIRECTION('',(-0.,-1.,0.));
#20193 = ADVANCED_FACE('',(#20194),#20205,.F.);
#20194 = FACE_BOUND('',#20195,.T.);
#20195 = EDGE_LOOP('',(#20196,#20197,#20203,#20204));
#20196 = ORIENTED_EDGE('',*,*,#9118,.T.);
#20197 = ORIENTED_EDGE('',*,*,#20198,.T.);
#20198 = EDGE_CURVE('',#9119,#13536,#20199,.T.);
#20199 = LINE('',#20200,#20201);
#20200 = CARTESIAN_POINT('',(180.6575,-1.271875,-4.5E-02));
#20201 = VECTOR('',#20202,1.);
#20202 = DIRECTION('',(0.,0.,1.));
#20203 = ORIENTED_EDGE('',*,*,#13535,.F.);
#20204 = ORIENTED_EDGE('',*,*,#20198,.F.);
#20205 = CYLINDRICAL_SURFACE('',#20206,0.875);
#20206 = AXIS2_PLACEMENT_3D('',#20207,#20208,#20209);
#20207 = CARTESIAN_POINT('',(180.6575,-0.396875,-4.5E-02));
#20208 = DIRECTION('',(-0.,-0.,-1.));
#20209 = DIRECTION('',(-0.,-1.,0.));
#20210 = ADVANCED_FACE('',(#20211),#20222,.F.);
#20211 = FACE_BOUND('',#20212,.T.);
#20212 = EDGE_LOOP('',(#20213,#20214,#20220,#20221));
#20213 = ORIENTED_EDGE('',*,*,#9129,.T.);
#20214 = ORIENTED_EDGE('',*,*,#20215,.T.);
#20215 = EDGE_CURVE('',#9130,#13547,#20216,.T.);
#20216 = LINE('',#20217,#20218);
#20217 = CARTESIAN_POINT('',(185.7375,-2.396875,-4.5E-02));
#20218 = VECTOR('',#20219,1.);
#20219 = DIRECTION('',(0.,0.,1.));
#20220 = ORIENTED_EDGE('',*,*,#13546,.F.);
#20221 = ORIENTED_EDGE('',*,*,#20215,.F.);
#20222 = CYLINDRICAL_SURFACE('',#20223,2.);
#20223 = AXIS2_PLACEMENT_3D('',#20224,#20225,#20226);
#20224 = CARTESIAN_POINT('',(185.7375,-0.396875,-4.5E-02));
#20225 = DIRECTION('',(-0.,-0.,-1.));
#20226 = DIRECTION('',(-0.,-1.,0.));
#20227 = ADVANCED_FACE('',(#20228),#20239,.F.);
#20228 = FACE_BOUND('',#20229,.T.);
#20229 = EDGE_LOOP('',(#20230,#20231,#20237,#20238));
#20230 = ORIENTED_EDGE('',*,*,#9140,.T.);
#20231 = ORIENTED_EDGE('',*,*,#20232,.T.);
#20232 = EDGE_CURVE('',#9141,#13558,#20233,.T.);
#20233 = LINE('',#20234,#20235);
#20234 = CARTESIAN_POINT('',(190.8175,-1.271875,-4.5E-02));
#20235 = VECTOR('',#20236,1.);
#20236 = DIRECTION('',(0.,0.,1.));
#20237 = ORIENTED_EDGE('',*,*,#13557,.F.);
#20238 = ORIENTED_EDGE('',*,*,#20232,.F.);
#20239 = CYLINDRICAL_SURFACE('',#20240,0.875);
#20240 = AXIS2_PLACEMENT_3D('',#20241,#20242,#20243);
#20241 = CARTESIAN_POINT('',(190.8175,-0.396875,-4.5E-02));
#20242 = DIRECTION('',(-0.,-0.,-1.));
#20243 = DIRECTION('',(-0.,-1.,0.));
#20244 = ADVANCED_FACE('',(#20245),#20256,.F.);
#20245 = FACE_BOUND('',#20246,.T.);
#20246 = EDGE_LOOP('',(#20247,#20248,#20254,#20255));
#20247 = ORIENTED_EDGE('',*,*,#9151,.T.);
#20248 = ORIENTED_EDGE('',*,*,#20249,.T.);
#20249 = EDGE_CURVE('',#9152,#13569,#20250,.T.);
#20250 = LINE('',#20251,#20252);
#20251 = CARTESIAN_POINT('',(208.5975,-4.461875,-4.5E-02));
#20252 = VECTOR('',#20253,1.);
#20253 = DIRECTION('',(0.,0.,1.));
#20254 = ORIENTED_EDGE('',*,*,#13568,.F.);
#20255 = ORIENTED_EDGE('',*,*,#20249,.F.);
#20256 = CYLINDRICAL_SURFACE('',#20257,1.525);
#20257 = AXIS2_PLACEMENT_3D('',#20258,#20259,#20260);
#20258 = CARTESIAN_POINT('',(208.5975,-2.936875,-4.5E-02));
#20259 = DIRECTION('',(-0.,-0.,-1.));
#20260 = DIRECTION('',(-0.,-1.,0.));
#20261 = ADVANCED_FACE('',(#20262),#20273,.F.);
#20262 = FACE_BOUND('',#20263,.T.);
#20263 = EDGE_LOOP('',(#20264,#20265,#20271,#20272));
#20264 = ORIENTED_EDGE('',*,*,#9162,.T.);
#20265 = ORIENTED_EDGE('',*,*,#20266,.T.);
#20266 = EDGE_CURVE('',#9163,#13580,#20267,.T.);
#20267 = LINE('',#20268,#20269);
#20268 = CARTESIAN_POINT('',(199.7075,-1.271875,-4.5E-02));
#20269 = VECTOR('',#20270,1.);
#20270 = DIRECTION('',(0.,0.,1.));
#20271 = ORIENTED_EDGE('',*,*,#13579,.F.);
#20272 = ORIENTED_EDGE('',*,*,#20266,.F.);
#20273 = CYLINDRICAL_SURFACE('',#20274,0.875);
#20274 = AXIS2_PLACEMENT_3D('',#20275,#20276,#20277);
#20275 = CARTESIAN_POINT('',(199.7075,-0.396875,-4.5E-02));
#20276 = DIRECTION('',(-0.,-0.,-1.));
#20277 = DIRECTION('',(-0.,-1.,0.));
#20278 = ADVANCED_FACE('',(#20279),#20290,.F.);
#20279 = FACE_BOUND('',#20280,.T.);
#20280 = EDGE_LOOP('',(#20281,#20282,#20288,#20289));
#20281 = ORIENTED_EDGE('',*,*,#9173,.T.);
#20282 = ORIENTED_EDGE('',*,*,#20283,.T.);
#20283 = EDGE_CURVE('',#9174,#13591,#20284,.T.);
#20284 = LINE('',#20285,#20286);
#20285 = CARTESIAN_POINT('',(204.7875,-2.396875,-4.5E-02));
#20286 = VECTOR('',#20287,1.);
#20287 = DIRECTION('',(0.,0.,1.));
#20288 = ORIENTED_EDGE('',*,*,#13590,.F.);
#20289 = ORIENTED_EDGE('',*,*,#20283,.F.);
#20290 = CYLINDRICAL_SURFACE('',#20291,2.);
#20291 = AXIS2_PLACEMENT_3D('',#20292,#20293,#20294);
#20292 = CARTESIAN_POINT('',(204.7875,-0.396875,-4.5E-02));
#20293 = DIRECTION('',(-0.,-0.,-1.));
#20294 = DIRECTION('',(-0.,-1.,0.));
#20295 = ADVANCED_FACE('',(#20296),#20307,.F.);
#20296 = FACE_BOUND('',#20297,.T.);
#20297 = EDGE_LOOP('',(#20298,#20299,#20305,#20306));
#20298 = ORIENTED_EDGE('',*,*,#9184,.T.);
#20299 = ORIENTED_EDGE('',*,*,#20300,.T.);
#20300 = EDGE_CURVE('',#9185,#13602,#20301,.T.);
#20301 = LINE('',#20302,#20303);
#20302 = CARTESIAN_POINT('',(209.8675,-1.271875,-4.5E-02));
#20303 = VECTOR('',#20304,1.);
#20304 = DIRECTION('',(0.,0.,1.));
#20305 = ORIENTED_EDGE('',*,*,#13601,.F.);
#20306 = ORIENTED_EDGE('',*,*,#20300,.F.);
#20307 = CYLINDRICAL_SURFACE('',#20308,0.875);
#20308 = AXIS2_PLACEMENT_3D('',#20309,#20310,#20311);
#20309 = CARTESIAN_POINT('',(209.8675,-0.396875,-4.5E-02));
#20310 = DIRECTION('',(-0.,-0.,-1.));
#20311 = DIRECTION('',(-0.,-1.,0.));
#20312 = ADVANCED_FACE('',(#20313),#20324,.F.);
#20313 = FACE_BOUND('',#20314,.T.);
#20314 = EDGE_LOOP('',(#20315,#20316,#20322,#20323));
#20315 = ORIENTED_EDGE('',*,*,#9195,.T.);
#20316 = ORIENTED_EDGE('',*,*,#20317,.T.);
#20317 = EDGE_CURVE('',#9196,#13613,#20318,.T.);
#20318 = LINE('',#20319,#20320);
#20319 = CARTESIAN_POINT('',(223.52,-25.084375,-4.5E-02));
#20320 = VECTOR('',#20321,1.);
#20321 = DIRECTION('',(0.,0.,1.));
#20322 = ORIENTED_EDGE('',*,*,#13612,.F.);
#20323 = ORIENTED_EDGE('',*,*,#20317,.F.);
#20324 = CYLINDRICAL_SURFACE('',#20325,0.875);
#20325 = AXIS2_PLACEMENT_3D('',#20326,#20327,#20328);
#20326 = CARTESIAN_POINT('',(223.52,-24.209375,-4.5E-02));
#20327 = DIRECTION('',(-0.,-0.,-1.));
#20328 = DIRECTION('',(-0.,-1.,0.));
#20329 = ADVANCED_FACE('',(#20330),#20341,.F.);
#20330 = FACE_BOUND('',#20331,.T.);
#20331 = EDGE_LOOP('',(#20332,#20333,#20339,#20340));
#20332 = ORIENTED_EDGE('',*,*,#9206,.T.);
#20333 = ORIENTED_EDGE('',*,*,#20334,.T.);
#20334 = EDGE_CURVE('',#9207,#13624,#20335,.T.);
#20335 = LINE('',#20336,#20337);
#20336 = CARTESIAN_POINT('',(228.6,-26.209375,-4.5E-02));
#20337 = VECTOR('',#20338,1.);
#20338 = DIRECTION('',(0.,0.,1.));
#20339 = ORIENTED_EDGE('',*,*,#13623,.F.);
#20340 = ORIENTED_EDGE('',*,*,#20334,.F.);
#20341 = CYLINDRICAL_SURFACE('',#20342,2.);
#20342 = AXIS2_PLACEMENT_3D('',#20343,#20344,#20345);
#20343 = CARTESIAN_POINT('',(228.6,-24.209375,-4.5E-02));
#20344 = DIRECTION('',(-0.,-0.,-1.));
#20345 = DIRECTION('',(-0.,-1.,0.));
#20346 = ADVANCED_FACE('',(#20347),#20358,.F.);
#20347 = FACE_BOUND('',#20348,.T.);
#20348 = EDGE_LOOP('',(#20349,#20350,#20356,#20357));
#20349 = ORIENTED_EDGE('',*,*,#9217,.T.);
#20350 = ORIENTED_EDGE('',*,*,#20351,.T.);
#20351 = EDGE_CURVE('',#9218,#13635,#20352,.T.);
#20352 = LINE('',#20353,#20354);
#20353 = CARTESIAN_POINT('',(233.68,-25.084375,-4.5E-02));
#20354 = VECTOR('',#20355,1.);
#20355 = DIRECTION('',(0.,0.,1.));
#20356 = ORIENTED_EDGE('',*,*,#13634,.F.);
#20357 = ORIENTED_EDGE('',*,*,#20351,.F.);
#20358 = CYLINDRICAL_SURFACE('',#20359,0.875);
#20359 = AXIS2_PLACEMENT_3D('',#20360,#20361,#20362);
#20360 = CARTESIAN_POINT('',(233.68,-24.209375,-4.5E-02));
#20361 = DIRECTION('',(-0.,-0.,-1.));
#20362 = DIRECTION('',(-0.,-1.,0.));
#20363 = ADVANCED_FACE('',(#20364),#20375,.F.);
#20364 = FACE_BOUND('',#20365,.T.);
#20365 = EDGE_LOOP('',(#20366,#20367,#20373,#20374));
#20366 = ORIENTED_EDGE('',*,*,#9228,.T.);
#20367 = ORIENTED_EDGE('',*,*,#20368,.T.);
#20368 = EDGE_CURVE('',#9229,#13646,#20369,.T.);
#20369 = LINE('',#20370,#20371);
#20370 = CARTESIAN_POINT('',(252.095,-25.084375,-4.5E-02));
#20371 = VECTOR('',#20372,1.);
#20372 = DIRECTION('',(0.,0.,1.));
#20373 = ORIENTED_EDGE('',*,*,#13645,.F.);
#20374 = ORIENTED_EDGE('',*,*,#20368,.F.);
#20375 = CYLINDRICAL_SURFACE('',#20376,0.875);
#20376 = AXIS2_PLACEMENT_3D('',#20377,#20378,#20379);
#20377 = CARTESIAN_POINT('',(252.095,-24.209375,-4.5E-02));
#20378 = DIRECTION('',(-0.,-0.,-1.));
#20379 = DIRECTION('',(-0.,-1.,0.));
#20380 = ADVANCED_FACE('',(#20381),#20392,.F.);
#20381 = FACE_BOUND('',#20382,.T.);
#20382 = EDGE_LOOP('',(#20383,#20384,#20390,#20391));
#20383 = ORIENTED_EDGE('',*,*,#9239,.T.);
#20384 = ORIENTED_EDGE('',*,*,#20385,.T.);
#20385 = EDGE_CURVE('',#9240,#13657,#20386,.T.);
#20386 = LINE('',#20387,#20388);
#20387 = CARTESIAN_POINT('',(257.175,-26.209375,-4.5E-02));
#20388 = VECTOR('',#20389,1.);
#20389 = DIRECTION('',(0.,0.,1.));
#20390 = ORIENTED_EDGE('',*,*,#13656,.F.);
#20391 = ORIENTED_EDGE('',*,*,#20385,.F.);
#20392 = CYLINDRICAL_SURFACE('',#20393,2.);
#20393 = AXIS2_PLACEMENT_3D('',#20394,#20395,#20396);
#20394 = CARTESIAN_POINT('',(257.175,-24.209375,-4.5E-02));
#20395 = DIRECTION('',(-0.,-0.,-1.));
#20396 = DIRECTION('',(-0.,-1.,0.));
#20397 = ADVANCED_FACE('',(#20398),#20409,.F.);
#20398 = FACE_BOUND('',#20399,.T.);
#20399 = EDGE_LOOP('',(#20400,#20401,#20407,#20408));
#20400 = ORIENTED_EDGE('',*,*,#9250,.T.);
#20401 = ORIENTED_EDGE('',*,*,#20402,.T.);
#20402 = EDGE_CURVE('',#9251,#13668,#20403,.T.);
#20403 = LINE('',#20404,#20405);
#20404 = CARTESIAN_POINT('',(262.255,-25.084375,-4.5E-02));
#20405 = VECTOR('',#20406,1.);
#20406 = DIRECTION('',(0.,0.,1.));
#20407 = ORIENTED_EDGE('',*,*,#13667,.F.);
#20408 = ORIENTED_EDGE('',*,*,#20402,.F.);
#20409 = CYLINDRICAL_SURFACE('',#20410,0.875);
#20410 = AXIS2_PLACEMENT_3D('',#20411,#20412,#20413);
#20411 = CARTESIAN_POINT('',(262.255,-24.209375,-4.5E-02));
#20412 = DIRECTION('',(-0.,-0.,-1.));
#20413 = DIRECTION('',(-0.,-1.,0.));
#20414 = ADVANCED_FACE('',(#20415),#20426,.F.);
#20415 = FACE_BOUND('',#20416,.T.);
#20416 = EDGE_LOOP('',(#20417,#20418,#20424,#20425));
#20417 = ORIENTED_EDGE('',*,*,#9261,.T.);
#20418 = ORIENTED_EDGE('',*,*,#20419,.T.);
#20419 = EDGE_CURVE('',#9262,#13679,#20420,.T.);
#20420 = LINE('',#20421,#20422);
#20421 = CARTESIAN_POINT('',(280.67,-25.084375,-4.5E-02));
#20422 = VECTOR('',#20423,1.);
#20423 = DIRECTION('',(0.,0.,1.));
#20424 = ORIENTED_EDGE('',*,*,#13678,.F.);
#20425 = ORIENTED_EDGE('',*,*,#20419,.F.);
#20426 = CYLINDRICAL_SURFACE('',#20427,0.875);
#20427 = AXIS2_PLACEMENT_3D('',#20428,#20429,#20430);
#20428 = CARTESIAN_POINT('',(280.67,-24.209375,-4.5E-02));
#20429 = DIRECTION('',(-0.,-0.,-1.));
#20430 = DIRECTION('',(-0.,-1.,0.));
#20431 = ADVANCED_FACE('',(#20432),#20443,.F.);
#20432 = FACE_BOUND('',#20433,.T.);
#20433 = EDGE_LOOP('',(#20434,#20435,#20441,#20442));
#20434 = ORIENTED_EDGE('',*,*,#9272,.T.);
#20435 = ORIENTED_EDGE('',*,*,#20436,.T.);
#20436 = EDGE_CURVE('',#9273,#13690,#20437,.T.);
#20437 = LINE('',#20438,#20439);
#20438 = CARTESIAN_POINT('',(285.75,-26.209375,-4.5E-02));
#20439 = VECTOR('',#20440,1.);
#20440 = DIRECTION('',(0.,0.,1.));
#20441 = ORIENTED_EDGE('',*,*,#13689,.F.);
#20442 = ORIENTED_EDGE('',*,*,#20436,.F.);
#20443 = CYLINDRICAL_SURFACE('',#20444,2.);
#20444 = AXIS2_PLACEMENT_3D('',#20445,#20446,#20447);
#20445 = CARTESIAN_POINT('',(285.75,-24.209375,-4.5E-02));
#20446 = DIRECTION('',(-0.,-0.,-1.));
#20447 = DIRECTION('',(-0.,-1.,0.));
#20448 = ADVANCED_FACE('',(#20449),#20460,.F.);
#20449 = FACE_BOUND('',#20450,.T.);
#20450 = EDGE_LOOP('',(#20451,#20452,#20458,#20459));
#20451 = ORIENTED_EDGE('',*,*,#9283,.T.);
#20452 = ORIENTED_EDGE('',*,*,#20453,.T.);
#20453 = EDGE_CURVE('',#9284,#13701,#20454,.T.);
#20454 = LINE('',#20455,#20456);
#20455 = CARTESIAN_POINT('',(290.83,-25.084375,-4.5E-02));
#20456 = VECTOR('',#20457,1.);
#20457 = DIRECTION('',(0.,0.,1.));
#20458 = ORIENTED_EDGE('',*,*,#13700,.F.);
#20459 = ORIENTED_EDGE('',*,*,#20453,.F.);
#20460 = CYLINDRICAL_SURFACE('',#20461,0.875);
#20461 = AXIS2_PLACEMENT_3D('',#20462,#20463,#20464);
#20462 = CARTESIAN_POINT('',(290.83,-24.209375,-4.5E-02));
#20463 = DIRECTION('',(-0.,-0.,-1.));
#20464 = DIRECTION('',(-0.,-1.,0.));
#20465 = ADVANCED_FACE('',(#20466),#20477,.F.);
#20466 = FACE_BOUND('',#20467,.T.);
#20467 = EDGE_LOOP('',(#20468,#20469,#20475,#20476));
#20468 = ORIENTED_EDGE('',*,*,#9294,.T.);
#20469 = ORIENTED_EDGE('',*,*,#20470,.T.);
#20470 = EDGE_CURVE('',#9295,#13712,#20471,.T.);
#20471 = LINE('',#20472,#20473);
#20472 = CARTESIAN_POINT('',(221.2975,-7.001875,-4.5E-02));
#20473 = VECTOR('',#20474,1.);
#20474 = DIRECTION('',(0.,0.,1.));
#20475 = ORIENTED_EDGE('',*,*,#13711,.F.);
#20476 = ORIENTED_EDGE('',*,*,#20470,.F.);
#20477 = CYLINDRICAL_SURFACE('',#20478,1.525);
#20478 = AXIS2_PLACEMENT_3D('',#20479,#20480,#20481);
#20479 = CARTESIAN_POINT('',(221.2975,-5.476875,-4.5E-02));
#20480 = DIRECTION('',(-0.,-0.,-1.));
#20481 = DIRECTION('',(-0.,-1.,0.));
#20482 = ADVANCED_FACE('',(#20483),#20494,.F.);
#20483 = FACE_BOUND('',#20484,.T.);
#20484 = EDGE_LOOP('',(#20485,#20486,#20492,#20493));
#20485 = ORIENTED_EDGE('',*,*,#9305,.T.);
#20486 = ORIENTED_EDGE('',*,*,#20487,.T.);
#20487 = EDGE_CURVE('',#9306,#13723,#20488,.T.);
#20488 = LINE('',#20489,#20490);
#20489 = CARTESIAN_POINT('',(240.3475,-7.001875,-4.5E-02));
#20490 = VECTOR('',#20491,1.);
#20491 = DIRECTION('',(0.,0.,1.));
#20492 = ORIENTED_EDGE('',*,*,#13722,.F.);
#20493 = ORIENTED_EDGE('',*,*,#20487,.F.);
#20494 = CYLINDRICAL_SURFACE('',#20495,1.525);
#20495 = AXIS2_PLACEMENT_3D('',#20496,#20497,#20498);
#20496 = CARTESIAN_POINT('',(240.3475,-5.476875,-4.5E-02));
#20497 = DIRECTION('',(-0.,-0.,-1.));
#20498 = DIRECTION('',(-0.,-1.,0.));
#20499 = ADVANCED_FACE('',(#20500),#20511,.F.);
#20500 = FACE_BOUND('',#20501,.T.);
#20501 = EDGE_LOOP('',(#20502,#20503,#20509,#20510));
#20502 = ORIENTED_EDGE('',*,*,#9316,.T.);
#20503 = ORIENTED_EDGE('',*,*,#20504,.T.);
#20504 = EDGE_CURVE('',#9317,#13734,#20505,.T.);
#20505 = LINE('',#20506,#20507);
#20506 = CARTESIAN_POINT('',(227.6475,-4.461875,-4.5E-02));
#20507 = VECTOR('',#20508,1.);
#20508 = DIRECTION('',(0.,0.,1.));
#20509 = ORIENTED_EDGE('',*,*,#13733,.F.);
#20510 = ORIENTED_EDGE('',*,*,#20504,.F.);
#20511 = CYLINDRICAL_SURFACE('',#20512,1.525);
#20512 = AXIS2_PLACEMENT_3D('',#20513,#20514,#20515);
#20513 = CARTESIAN_POINT('',(227.6475,-2.936875,-4.5E-02));
#20514 = DIRECTION('',(-0.,-0.,-1.));
#20515 = DIRECTION('',(-0.,-1.,0.));
#20516 = ADVANCED_FACE('',(#20517),#20528,.F.);
#20517 = FACE_BOUND('',#20518,.T.);
#20518 = EDGE_LOOP('',(#20519,#20520,#20526,#20527));
#20519 = ORIENTED_EDGE('',*,*,#9327,.T.);
#20520 = ORIENTED_EDGE('',*,*,#20521,.T.);
#20521 = EDGE_CURVE('',#9328,#13745,#20522,.T.);
#20522 = LINE('',#20523,#20524);
#20523 = CARTESIAN_POINT('',(218.7575,-1.271875,-4.5E-02));
#20524 = VECTOR('',#20525,1.);
#20525 = DIRECTION('',(0.,0.,1.));
#20526 = ORIENTED_EDGE('',*,*,#13744,.F.);
#20527 = ORIENTED_EDGE('',*,*,#20521,.F.);
#20528 = CYLINDRICAL_SURFACE('',#20529,0.875);
#20529 = AXIS2_PLACEMENT_3D('',#20530,#20531,#20532);
#20530 = CARTESIAN_POINT('',(218.7575,-0.396875,-4.5E-02));
#20531 = DIRECTION('',(-0.,-0.,-1.));
#20532 = DIRECTION('',(-0.,-1.,0.));
#20533 = ADVANCED_FACE('',(#20534),#20545,.F.);
#20534 = FACE_BOUND('',#20535,.T.);
#20535 = EDGE_LOOP('',(#20536,#20537,#20543,#20544));
#20536 = ORIENTED_EDGE('',*,*,#9338,.T.);
#20537 = ORIENTED_EDGE('',*,*,#20538,.T.);
#20538 = EDGE_CURVE('',#9339,#13756,#20539,.T.);
#20539 = LINE('',#20540,#20541);
#20540 = CARTESIAN_POINT('',(223.8375,-2.396875,-4.5E-02));
#20541 = VECTOR('',#20542,1.);
#20542 = DIRECTION('',(0.,0.,1.));
#20543 = ORIENTED_EDGE('',*,*,#13755,.F.);
#20544 = ORIENTED_EDGE('',*,*,#20538,.F.);
#20545 = CYLINDRICAL_SURFACE('',#20546,2.);
#20546 = AXIS2_PLACEMENT_3D('',#20547,#20548,#20549);
#20547 = CARTESIAN_POINT('',(223.8375,-0.396875,-4.5E-02));
#20548 = DIRECTION('',(-0.,-0.,-1.));
#20549 = DIRECTION('',(-0.,-1.,0.));
#20550 = ADVANCED_FACE('',(#20551),#20562,.F.);
#20551 = FACE_BOUND('',#20552,.T.);
#20552 = EDGE_LOOP('',(#20553,#20554,#20560,#20561));
#20553 = ORIENTED_EDGE('',*,*,#9349,.T.);
#20554 = ORIENTED_EDGE('',*,*,#20555,.T.);
#20555 = EDGE_CURVE('',#9350,#13767,#20556,.T.);
#20556 = LINE('',#20557,#20558);
#20557 = CARTESIAN_POINT('',(228.9175,-1.271875,-4.5E-02));
#20558 = VECTOR('',#20559,1.);
#20559 = DIRECTION('',(0.,0.,1.));
#20560 = ORIENTED_EDGE('',*,*,#13766,.F.);
#20561 = ORIENTED_EDGE('',*,*,#20555,.F.);
#20562 = CYLINDRICAL_SURFACE('',#20563,0.875);
#20563 = AXIS2_PLACEMENT_3D('',#20564,#20565,#20566);
#20564 = CARTESIAN_POINT('',(228.9175,-0.396875,-4.5E-02));
#20565 = DIRECTION('',(-0.,-0.,-1.));
#20566 = DIRECTION('',(-0.,-1.,0.));
#20567 = ADVANCED_FACE('',(#20568),#20579,.F.);
#20568 = FACE_BOUND('',#20569,.T.);
#20569 = EDGE_LOOP('',(#20570,#20571,#20577,#20578));
#20570 = ORIENTED_EDGE('',*,*,#9360,.T.);
#20571 = ORIENTED_EDGE('',*,*,#20572,.T.);
#20572 = EDGE_CURVE('',#9361,#13778,#20573,.T.);
#20573 = LINE('',#20574,#20575);
#20574 = CARTESIAN_POINT('',(246.6975,-4.461875,-4.5E-02));
#20575 = VECTOR('',#20576,1.);
#20576 = DIRECTION('',(0.,0.,1.));
#20577 = ORIENTED_EDGE('',*,*,#13777,.F.);
#20578 = ORIENTED_EDGE('',*,*,#20572,.F.);
#20579 = CYLINDRICAL_SURFACE('',#20580,1.525);
#20580 = AXIS2_PLACEMENT_3D('',#20581,#20582,#20583);
#20581 = CARTESIAN_POINT('',(246.6975,-2.936875,-4.5E-02));
#20582 = DIRECTION('',(-0.,-0.,-1.));
#20583 = DIRECTION('',(-0.,-1.,0.));
#20584 = ADVANCED_FACE('',(#20585),#20596,.F.);
#20585 = FACE_BOUND('',#20586,.T.);
#20586 = EDGE_LOOP('',(#20587,#20588,#20594,#20595));
#20587 = ORIENTED_EDGE('',*,*,#9371,.T.);
#20588 = ORIENTED_EDGE('',*,*,#20589,.T.);
#20589 = EDGE_CURVE('',#9372,#13789,#20590,.T.);
#20590 = LINE('',#20591,#20592);
#20591 = CARTESIAN_POINT('',(237.8075,-1.271875,-4.5E-02));
#20592 = VECTOR('',#20593,1.);
#20593 = DIRECTION('',(0.,0.,1.));
#20594 = ORIENTED_EDGE('',*,*,#13788,.F.);
#20595 = ORIENTED_EDGE('',*,*,#20589,.F.);
#20596 = CYLINDRICAL_SURFACE('',#20597,0.875);
#20597 = AXIS2_PLACEMENT_3D('',#20598,#20599,#20600);
#20598 = CARTESIAN_POINT('',(237.8075,-0.396875,-4.5E-02));
#20599 = DIRECTION('',(-0.,-0.,-1.));
#20600 = DIRECTION('',(-0.,-1.,0.));
#20601 = ADVANCED_FACE('',(#20602),#20613,.F.);
#20602 = FACE_BOUND('',#20603,.T.);
#20603 = EDGE_LOOP('',(#20604,#20605,#20611,#20612));
#20604 = ORIENTED_EDGE('',*,*,#9382,.T.);
#20605 = ORIENTED_EDGE('',*,*,#20606,.T.);
#20606 = EDGE_CURVE('',#9383,#13800,#20607,.T.);
#20607 = LINE('',#20608,#20609);
#20608 = CARTESIAN_POINT('',(242.8875,-2.396875,-4.5E-02));
#20609 = VECTOR('',#20610,1.);
#20610 = DIRECTION('',(0.,0.,1.));
#20611 = ORIENTED_EDGE('',*,*,#13799,.F.);
#20612 = ORIENTED_EDGE('',*,*,#20606,.F.);
#20613 = CYLINDRICAL_SURFACE('',#20614,2.);
#20614 = AXIS2_PLACEMENT_3D('',#20615,#20616,#20617);
#20615 = CARTESIAN_POINT('',(242.8875,-0.396875,-4.5E-02));
#20616 = DIRECTION('',(-0.,-0.,-1.));
#20617 = DIRECTION('',(-0.,-1.,0.));
#20618 = ADVANCED_FACE('',(#20619),#20630,.F.);
#20619 = FACE_BOUND('',#20620,.T.);
#20620 = EDGE_LOOP('',(#20621,#20622,#20628,#20629));
#20621 = ORIENTED_EDGE('',*,*,#9393,.T.);
#20622 = ORIENTED_EDGE('',*,*,#20623,.T.);
#20623 = EDGE_CURVE('',#9394,#13811,#20624,.T.);
#20624 = LINE('',#20625,#20626);
#20625 = CARTESIAN_POINT('',(247.9675,-1.271875,-4.5E-02));
#20626 = VECTOR('',#20627,1.);
#20627 = DIRECTION('',(0.,0.,1.));
#20628 = ORIENTED_EDGE('',*,*,#13810,.F.);
#20629 = ORIENTED_EDGE('',*,*,#20623,.F.);
#20630 = CYLINDRICAL_SURFACE('',#20631,0.875);
#20631 = AXIS2_PLACEMENT_3D('',#20632,#20633,#20634);
#20632 = CARTESIAN_POINT('',(247.9675,-0.396875,-4.5E-02));
#20633 = DIRECTION('',(-0.,-0.,-1.));
#20634 = DIRECTION('',(-0.,-1.,0.));
#20635 = ( GEOMETRIC_REPRESENTATION_CONTEXT(3) 
GLOBAL_UNCERTAINTY_ASSIGNED_CONTEXT((#20639)) 
GLOBAL_UNIT_ASSIGNED_CONTEXT((#20636,#20637,#20638)) 
REPRESENTATION_CONTEXT('Context #1',
  '3D Context with UNIT and UNCERTAINTY') );
#20636 = ( LENGTH_UNIT() NAMED_UNIT(*) SI_UNIT(.MILLI.,.METRE.) );
#20637 = ( NAMED_UNIT(*) PLANE_ANGLE_UNIT() SI_UNIT($,.RADIAN.) );
#20638 = ( NAMED_UNIT(*) SI_UNIT($,.STERADIAN.) SOLID_ANGLE_UNIT() );
#20639 = UNCERTAINTY_MEASURE_WITH_UNIT(LENGTH_MEASURE(1.E-07),#20636,
  'distance_accuracy_value','confusion accuracy');
#20640 = CONTEXT_DEPENDENT_SHAPE_REPRESENTATION(#20641,#20643);
#20641 = ( REPRESENTATION_RELATIONSHIP('','',#4884,#10) 
REPRESENTATION_RELATIONSHIP_WITH_TRANSFORMATION(#20642) 
SHAPE_REPRESENTATION_RELATIONSHIP() );
#20642 = ITEM_DEFINED_TRANSFORMATION('','',#11,#655);
#20643 = PRODUCT_DEFINITION_SHAPE('Placement','Placement of an item',
  #20644);
#20644 = NEXT_ASSEMBLY_USAGE_OCCURRENCE('163','=>[0:1:1:6]','',#5,#4879,
  $);
#20645 = PRODUCT_RELATED_PRODUCT_CATEGORY('part',$,(#4881));
#20646 = MECHANICAL_DESIGN_GEOMETRIC_PRESENTATION_REPRESENTATION('',(
    #20647,#20655,#20662,#20669,#20676,#20683,#20690,#20697,#20704,
    #20711,#20718,#20725,#20732,#20739,#20747,#20754,#20761,#20769,
    #20776,#20783,#20790,#20797,#20804,#20811,#20818,#20825,#20832,
    #20839,#20846,#20853,#20860,#20867,#20874,#20881,#20888,#20895,
    #20902,#20909,#20916,#20923,#20930,#20937,#20944,#20951,#20958,
    #20965,#20972,#20979,#20986,#20993,#21000,#21007,#21014,#21021,
    #21028,#21035,#21042,#21049,#21056,#21063,#21070,#21077,#21084,
    #21091,#21098,#21105,#21112,#21119),#4076);
#20647 = STYLED_ITEM('color',(#20648),#1938);
#20648 = PRESENTATION_STYLE_ASSIGNMENT((#20649));
#20649 = SURFACE_STYLE_USAGE(.BOTH.,#20650);
#20650 = SURFACE_SIDE_STYLE('',(#20651));
#20651 = SURFACE_STYLE_FILL_AREA(#20652);
#20652 = FILL_AREA_STYLE('',(#20653));
#20653 = FILL_AREA_STYLE_COLOUR('',#20654);
#20654 = COLOUR_RGB('',0.894999966383,0.890999961016,0.813000030345);
#20655 = STYLED_ITEM('color',(#20656),#1995);
#20656 = PRESENTATION_STYLE_ASSIGNMENT((#20657));
#20657 = SURFACE_STYLE_USAGE(.BOTH.,#20658);
#20658 = SURFACE_SIDE_STYLE('',(#20659));
#20659 = SURFACE_STYLE_FILL_AREA(#20660);
#20660 = FILL_AREA_STYLE('',(#20661));
#20661 = FILL_AREA_STYLE_COLOUR('',#20654);
#20662 = STYLED_ITEM('color',(#20663),#2032);
#20663 = PRESENTATION_STYLE_ASSIGNMENT((#20664));
#20664 = SURFACE_STYLE_USAGE(.BOTH.,#20665);
#20665 = SURFACE_SIDE_STYLE('',(#20666));
#20666 = SURFACE_STYLE_FILL_AREA(#20667);
#20667 = FILL_AREA_STYLE('',(#20668));
#20668 = FILL_AREA_STYLE_COLOUR('',#20654);
#20669 = STYLED_ITEM('color',(#20670),#2064);
#20670 = PRESENTATION_STYLE_ASSIGNMENT((#20671));
#20671 = SURFACE_STYLE_USAGE(.BOTH.,#20672);
#20672 = SURFACE_SIDE_STYLE('',(#20673));
#20673 = SURFACE_STYLE_FILL_AREA(#20674);
#20674 = FILL_AREA_STYLE('',(#20675));
#20675 = FILL_AREA_STYLE_COLOUR('',#20654);
#20676 = STYLED_ITEM('color',(#20677),#2089);
#20677 = PRESENTATION_STYLE_ASSIGNMENT((#20678));
#20678 = SURFACE_STYLE_USAGE(.BOTH.,#20679);
#20679 = SURFACE_SIDE_STYLE('',(#20680));
#20680 = SURFACE_STYLE_FILL_AREA(#20681);
#20681 = FILL_AREA_STYLE('',(#20682));
#20682 = FILL_AREA_STYLE_COLOUR('',#20654);
#20683 = STYLED_ITEM('color',(#20684),#2114);
#20684 = PRESENTATION_STYLE_ASSIGNMENT((#20685));
#20685 = SURFACE_STYLE_USAGE(.BOTH.,#20686);
#20686 = SURFACE_SIDE_STYLE('',(#20687));
#20687 = SURFACE_STYLE_FILL_AREA(#20688);
#20688 = FILL_AREA_STYLE('',(#20689));
#20689 = FILL_AREA_STYLE_COLOUR('',#20654);
#20690 = STYLED_ITEM('color',(#20691),#2139);
#20691 = PRESENTATION_STYLE_ASSIGNMENT((#20692));
#20692 = SURFACE_STYLE_USAGE(.BOTH.,#20693);
#20693 = SURFACE_SIDE_STYLE('',(#20694));
#20694 = SURFACE_STYLE_FILL_AREA(#20695);
#20695 = FILL_AREA_STYLE('',(#20696));
#20696 = FILL_AREA_STYLE_COLOUR('',#20654);
#20697 = STYLED_ITEM('color',(#20698),#2157);
#20698 = PRESENTATION_STYLE_ASSIGNMENT((#20699));
#20699 = SURFACE_STYLE_USAGE(.BOTH.,#20700);
#20700 = SURFACE_SIDE_STYLE('',(#20701));
#20701 = SURFACE_STYLE_FILL_AREA(#20702);
#20702 = FILL_AREA_STYLE('',(#20703));
#20703 = FILL_AREA_STYLE_COLOUR('',#20654);
#20704 = STYLED_ITEM('color',(#20705),#2194);
#20705 = PRESENTATION_STYLE_ASSIGNMENT((#20706));
#20706 = SURFACE_STYLE_USAGE(.BOTH.,#20707);
#20707 = SURFACE_SIDE_STYLE('',(#20708));
#20708 = SURFACE_STYLE_FILL_AREA(#20709);
#20709 = FILL_AREA_STYLE('',(#20710));
#20710 = FILL_AREA_STYLE_COLOUR('',#20654);
#20711 = STYLED_ITEM('color',(#20712),#2222);
#20712 = PRESENTATION_STYLE_ASSIGNMENT((#20713));
#20713 = SURFACE_STYLE_USAGE(.BOTH.,#20714);
#20714 = SURFACE_SIDE_STYLE('',(#20715));
#20715 = SURFACE_STYLE_FILL_AREA(#20716);
#20716 = FILL_AREA_STYLE('',(#20717));
#20717 = FILL_AREA_STYLE_COLOUR('',#20654);
#20718 = STYLED_ITEM('color',(#20719),#2258);
#20719 = PRESENTATION_STYLE_ASSIGNMENT((#20720));
#20720 = SURFACE_STYLE_USAGE(.BOTH.,#20721);
#20721 = SURFACE_SIDE_STYLE('',(#20722));
#20722 = SURFACE_STYLE_FILL_AREA(#20723);
#20723 = FILL_AREA_STYLE('',(#20724));
#20724 = FILL_AREA_STYLE_COLOUR('',#20654);
#20725 = STYLED_ITEM('color',(#20726),#2374);
#20726 = PRESENTATION_STYLE_ASSIGNMENT((#20727));
#20727 = SURFACE_STYLE_USAGE(.BOTH.,#20728);
#20728 = SURFACE_SIDE_STYLE('',(#20729));
#20729 = SURFACE_STYLE_FILL_AREA(#20730);
#20730 = FILL_AREA_STYLE('',(#20731));
#20731 = FILL_AREA_STYLE_COLOUR('',#20654);
#20732 = STYLED_ITEM('color',(#20733),#2484);
#20733 = PRESENTATION_STYLE_ASSIGNMENT((#20734));
#20734 = SURFACE_STYLE_USAGE(.BOTH.,#20735);
#20735 = SURFACE_SIDE_STYLE('',(#20736));
#20736 = SURFACE_STYLE_FILL_AREA(#20737);
#20737 = FILL_AREA_STYLE('',(#20738));
#20738 = FILL_AREA_STYLE_COLOUR('',#20654);
#20739 = STYLED_ITEM('color',(#20740),#2500);
#20740 = PRESENTATION_STYLE_ASSIGNMENT((#20741));
#20741 = SURFACE_STYLE_USAGE(.BOTH.,#20742);
#20742 = SURFACE_SIDE_STYLE('',(#20743));
#20743 = SURFACE_STYLE_FILL_AREA(#20744);
#20744 = FILL_AREA_STYLE('',(#20745));
#20745 = FILL_AREA_STYLE_COLOUR('',#20746);
#20746 = COLOUR_RGB('',0.136999991899,0.40200001271,0.726999997272);
#20747 = STYLED_ITEM('color',(#20748),#2509);
#20748 = PRESENTATION_STYLE_ASSIGNMENT((#20749));
#20749 = SURFACE_STYLE_USAGE(.BOTH.,#20750);
#20750 = SURFACE_SIDE_STYLE('',(#20751));
#20751 = SURFACE_STYLE_FILL_AREA(#20752);
#20752 = FILL_AREA_STYLE('',(#20753));
#20753 = FILL_AREA_STYLE_COLOUR('',#20654);
#20754 = STYLED_ITEM('color',(#20755),#2520);
#20755 = PRESENTATION_STYLE_ASSIGNMENT((#20756));
#20756 = SURFACE_STYLE_USAGE(.BOTH.,#20757);
#20757 = SURFACE_SIDE_STYLE('',(#20758));
#20758 = SURFACE_STYLE_FILL_AREA(#20759);
#20759 = FILL_AREA_STYLE('',(#20760));
#20760 = FILL_AREA_STYLE_COLOUR('',#20654);
#20761 = STYLED_ITEM('color',(#20762),#2668);
#20762 = PRESENTATION_STYLE_ASSIGNMENT((#20763));
#20763 = SURFACE_STYLE_USAGE(.BOTH.,#20764);
#20764 = SURFACE_SIDE_STYLE('',(#20765));
#20765 = SURFACE_STYLE_FILL_AREA(#20766);
#20766 = FILL_AREA_STYLE('',(#20767));
#20767 = FILL_AREA_STYLE_COLOUR('',#20768);
#20768 = COLOUR_RGB('',0.823999987314,0.819999987296,0.781000009244);
#20769 = STYLED_ITEM('color',(#20770),#2696);
#20770 = PRESENTATION_STYLE_ASSIGNMENT((#20771));
#20771 = SURFACE_STYLE_USAGE(.BOTH.,#20772);
#20772 = SURFACE_SIDE_STYLE('',(#20773));
#20773 = SURFACE_STYLE_FILL_AREA(#20774);
#20774 = FILL_AREA_STYLE('',(#20775));
#20775 = FILL_AREA_STYLE_COLOUR('',#20768);
#20776 = STYLED_ITEM('color',(#20777),#2724);
#20777 = PRESENTATION_STYLE_ASSIGNMENT((#20778));
#20778 = SURFACE_STYLE_USAGE(.BOTH.,#20779);
#20779 = SURFACE_SIDE_STYLE('',(#20780));
#20780 = SURFACE_STYLE_FILL_AREA(#20781);
#20781 = FILL_AREA_STYLE('',(#20782));
#20782 = FILL_AREA_STYLE_COLOUR('',#20768);
#20783 = STYLED_ITEM('color',(#20784),#2752);
#20784 = PRESENTATION_STYLE_ASSIGNMENT((#20785));
#20785 = SURFACE_STYLE_USAGE(.BOTH.,#20786);
#20786 = SURFACE_SIDE_STYLE('',(#20787));
#20787 = SURFACE_STYLE_FILL_AREA(#20788);
#20788 = FILL_AREA_STYLE('',(#20789));
#20789 = FILL_AREA_STYLE_COLOUR('',#20768);
#20790 = STYLED_ITEM('color',(#20791),#2828);
#20791 = PRESENTATION_STYLE_ASSIGNMENT((#20792));
#20792 = SURFACE_STYLE_USAGE(.BOTH.,#20793);
#20793 = SURFACE_SIDE_STYLE('',(#20794));
#20794 = SURFACE_STYLE_FILL_AREA(#20795);
#20795 = FILL_AREA_STYLE('',(#20796));
#20796 = FILL_AREA_STYLE_COLOUR('',#20768);
#20797 = STYLED_ITEM('color',(#20798),#2850);
#20798 = PRESENTATION_STYLE_ASSIGNMENT((#20799));
#20799 = SURFACE_STYLE_USAGE(.BOTH.,#20800);
#20800 = SURFACE_SIDE_STYLE('',(#20801));
#20801 = SURFACE_STYLE_FILL_AREA(#20802);
#20802 = FILL_AREA_STYLE('',(#20803));
#20803 = FILL_AREA_STYLE_COLOUR('',#20768);
#20804 = STYLED_ITEM('color',(#20805),#2920);
#20805 = PRESENTATION_STYLE_ASSIGNMENT((#20806));
#20806 = SURFACE_STYLE_USAGE(.BOTH.,#20807);
#20807 = SURFACE_SIDE_STYLE('',(#20808));
#20808 = SURFACE_STYLE_FILL_AREA(#20809);
#20809 = FILL_AREA_STYLE('',(#20810));
#20810 = FILL_AREA_STYLE_COLOUR('',#20768);
#20811 = STYLED_ITEM('color',(#20812),#2948);
#20812 = PRESENTATION_STYLE_ASSIGNMENT((#20813));
#20813 = SURFACE_STYLE_USAGE(.BOTH.,#20814);
#20814 = SURFACE_SIDE_STYLE('',(#20815));
#20815 = SURFACE_STYLE_FILL_AREA(#20816);
#20816 = FILL_AREA_STYLE('',(#20817));
#20817 = FILL_AREA_STYLE_COLOUR('',#20768);
#20818 = STYLED_ITEM('color',(#20819),#3024);
#20819 = PRESENTATION_STYLE_ASSIGNMENT((#20820));
#20820 = SURFACE_STYLE_USAGE(.BOTH.,#20821);
#20821 = SURFACE_SIDE_STYLE('',(#20822));
#20822 = SURFACE_STYLE_FILL_AREA(#20823);
#20823 = FILL_AREA_STYLE('',(#20824));
#20824 = FILL_AREA_STYLE_COLOUR('',#20768);
#20825 = STYLED_ITEM('color',(#20826),#3046);
#20826 = PRESENTATION_STYLE_ASSIGNMENT((#20827));
#20827 = SURFACE_STYLE_USAGE(.BOTH.,#20828);
#20828 = SURFACE_SIDE_STYLE('',(#20829));
#20829 = SURFACE_STYLE_FILL_AREA(#20830);
#20830 = FILL_AREA_STYLE('',(#20831));
#20831 = FILL_AREA_STYLE_COLOUR('',#20768);
#20832 = STYLED_ITEM('color',(#20833),#3116);
#20833 = PRESENTATION_STYLE_ASSIGNMENT((#20834));
#20834 = SURFACE_STYLE_USAGE(.BOTH.,#20835);
#20835 = SURFACE_SIDE_STYLE('',(#20836));
#20836 = SURFACE_STYLE_FILL_AREA(#20837);
#20837 = FILL_AREA_STYLE('',(#20838));
#20838 = FILL_AREA_STYLE_COLOUR('',#20768);
#20839 = STYLED_ITEM('color',(#20840),#3144);
#20840 = PRESENTATION_STYLE_ASSIGNMENT((#20841));
#20841 = SURFACE_STYLE_USAGE(.BOTH.,#20842);
#20842 = SURFACE_SIDE_STYLE('',(#20843));
#20843 = SURFACE_STYLE_FILL_AREA(#20844);
#20844 = FILL_AREA_STYLE('',(#20845));
#20845 = FILL_AREA_STYLE_COLOUR('',#20768);
#20846 = STYLED_ITEM('color',(#20847),#3172);
#20847 = PRESENTATION_STYLE_ASSIGNMENT((#20848));
#20848 = SURFACE_STYLE_USAGE(.BOTH.,#20849);
#20849 = SURFACE_SIDE_STYLE('',(#20850));
#20850 = SURFACE_STYLE_FILL_AREA(#20851);
#20851 = FILL_AREA_STYLE('',(#20852));
#20852 = FILL_AREA_STYLE_COLOUR('',#20768);
#20853 = STYLED_ITEM('color',(#20854),#3200);
#20854 = PRESENTATION_STYLE_ASSIGNMENT((#20855));
#20855 = SURFACE_STYLE_USAGE(.BOTH.,#20856);
#20856 = SURFACE_SIDE_STYLE('',(#20857));
#20857 = SURFACE_STYLE_FILL_AREA(#20858);
#20858 = FILL_AREA_STYLE('',(#20859));
#20859 = FILL_AREA_STYLE_COLOUR('',#20768);
#20860 = STYLED_ITEM('color',(#20861),#3276);
#20861 = PRESENTATION_STYLE_ASSIGNMENT((#20862));
#20862 = SURFACE_STYLE_USAGE(.BOTH.,#20863);
#20863 = SURFACE_SIDE_STYLE('',(#20864));
#20864 = SURFACE_STYLE_FILL_AREA(#20865);
#20865 = FILL_AREA_STYLE('',(#20866));
#20866 = FILL_AREA_STYLE_COLOUR('',#20768);
#20867 = STYLED_ITEM('color',(#20868),#3298);
#20868 = PRESENTATION_STYLE_ASSIGNMENT((#20869));
#20869 = SURFACE_STYLE_USAGE(.BOTH.,#20870);
#20870 = SURFACE_SIDE_STYLE('',(#20871));
#20871 = SURFACE_STYLE_FILL_AREA(#20872);
#20872 = FILL_AREA_STYLE('',(#20873));
#20873 = FILL_AREA_STYLE_COLOUR('',#20768);
#20874 = STYLED_ITEM('color',(#20875),#3368);
#20875 = PRESENTATION_STYLE_ASSIGNMENT((#20876));
#20876 = SURFACE_STYLE_USAGE(.BOTH.,#20877);
#20877 = SURFACE_SIDE_STYLE('',(#20878));
#20878 = SURFACE_STYLE_FILL_AREA(#20879);
#20879 = FILL_AREA_STYLE('',(#20880));
#20880 = FILL_AREA_STYLE_COLOUR('',#20768);
#20881 = STYLED_ITEM('color',(#20882),#3396);
#20882 = PRESENTATION_STYLE_ASSIGNMENT((#20883));
#20883 = SURFACE_STYLE_USAGE(.BOTH.,#20884);
#20884 = SURFACE_SIDE_STYLE('',(#20885));
#20885 = SURFACE_STYLE_FILL_AREA(#20886);
#20886 = FILL_AREA_STYLE('',(#20887));
#20887 = FILL_AREA_STYLE_COLOUR('',#20768);
#20888 = STYLED_ITEM('color',(#20889),#3472);
#20889 = PRESENTATION_STYLE_ASSIGNMENT((#20890));
#20890 = SURFACE_STYLE_USAGE(.BOTH.,#20891);
#20891 = SURFACE_SIDE_STYLE('',(#20892));
#20892 = SURFACE_STYLE_FILL_AREA(#20893);
#20893 = FILL_AREA_STYLE('',(#20894));
#20894 = FILL_AREA_STYLE_COLOUR('',#20768);
#20895 = STYLED_ITEM('color',(#20896),#3494);
#20896 = PRESENTATION_STYLE_ASSIGNMENT((#20897));
#20897 = SURFACE_STYLE_USAGE(.BOTH.,#20898);
#20898 = SURFACE_SIDE_STYLE('',(#20899));
#20899 = SURFACE_STYLE_FILL_AREA(#20900);
#20900 = FILL_AREA_STYLE('',(#20901));
#20901 = FILL_AREA_STYLE_COLOUR('',#20768);
#20902 = STYLED_ITEM('color',(#20903),#3564);
#20903 = PRESENTATION_STYLE_ASSIGNMENT((#20904));
#20904 = SURFACE_STYLE_USAGE(.BOTH.,#20905);
#20905 = SURFACE_SIDE_STYLE('',(#20906));
#20906 = SURFACE_STYLE_FILL_AREA(#20907);
#20907 = FILL_AREA_STYLE('',(#20908));
#20908 = FILL_AREA_STYLE_COLOUR('',#20768);
#20909 = STYLED_ITEM('color',(#20910),#3580);
#20910 = PRESENTATION_STYLE_ASSIGNMENT((#20911));
#20911 = SURFACE_STYLE_USAGE(.BOTH.,#20912);
#20912 = SURFACE_SIDE_STYLE('',(#20913));
#20913 = SURFACE_STYLE_FILL_AREA(#20914);
#20914 = FILL_AREA_STYLE('',(#20915));
#20915 = FILL_AREA_STYLE_COLOUR('',#20768);
#20916 = STYLED_ITEM('color',(#20917),#3596);
#20917 = PRESENTATION_STYLE_ASSIGNMENT((#20918));
#20918 = SURFACE_STYLE_USAGE(.BOTH.,#20919);
#20919 = SURFACE_SIDE_STYLE('',(#20920));
#20920 = SURFACE_STYLE_FILL_AREA(#20921);
#20921 = FILL_AREA_STYLE('',(#20922));
#20922 = FILL_AREA_STYLE_COLOUR('',#20768);
#20923 = STYLED_ITEM('color',(#20924),#3612);
#20924 = PRESENTATION_STYLE_ASSIGNMENT((#20925));
#20925 = SURFACE_STYLE_USAGE(.BOTH.,#20926);
#20926 = SURFACE_SIDE_STYLE('',(#20927));
#20927 = SURFACE_STYLE_FILL_AREA(#20928);
#20928 = FILL_AREA_STYLE('',(#20929));
#20929 = FILL_AREA_STYLE_COLOUR('',#20768);
#20930 = STYLED_ITEM('color',(#20931),#3628);
#20931 = PRESENTATION_STYLE_ASSIGNMENT((#20932));
#20932 = SURFACE_STYLE_USAGE(.BOTH.,#20933);
#20933 = SURFACE_SIDE_STYLE('',(#20934));
#20934 = SURFACE_STYLE_FILL_AREA(#20935);
#20935 = FILL_AREA_STYLE('',(#20936));
#20936 = FILL_AREA_STYLE_COLOUR('',#20768);
#20937 = STYLED_ITEM('color',(#20938),#3646);
#20938 = PRESENTATION_STYLE_ASSIGNMENT((#20939));
#20939 = SURFACE_STYLE_USAGE(.BOTH.,#20940);
#20940 = SURFACE_SIDE_STYLE('',(#20941));
#20941 = SURFACE_STYLE_FILL_AREA(#20942);
#20942 = FILL_AREA_STYLE('',(#20943));
#20943 = FILL_AREA_STYLE_COLOUR('',#20768);
#20944 = STYLED_ITEM('color',(#20945),#3664);
#20945 = PRESENTATION_STYLE_ASSIGNMENT((#20946));
#20946 = SURFACE_STYLE_USAGE(.BOTH.,#20947);
#20947 = SURFACE_SIDE_STYLE('',(#20948));
#20948 = SURFACE_STYLE_FILL_AREA(#20949);
#20949 = FILL_AREA_STYLE('',(#20950));
#20950 = FILL_AREA_STYLE_COLOUR('',#20768);
#20951 = STYLED_ITEM('color',(#20952),#3682);
#20952 = PRESENTATION_STYLE_ASSIGNMENT((#20953));
#20953 = SURFACE_STYLE_USAGE(.BOTH.,#20954);
#20954 = SURFACE_SIDE_STYLE('',(#20955));
#20955 = SURFACE_STYLE_FILL_AREA(#20956);
#20956 = FILL_AREA_STYLE('',(#20957));
#20957 = FILL_AREA_STYLE_COLOUR('',#20768);
#20958 = STYLED_ITEM('color',(#20959),#3704);
#20959 = PRESENTATION_STYLE_ASSIGNMENT((#20960));
#20960 = SURFACE_STYLE_USAGE(.BOTH.,#20961);
#20961 = SURFACE_SIDE_STYLE('',(#20962));
#20962 = SURFACE_STYLE_FILL_AREA(#20963);
#20963 = FILL_AREA_STYLE('',(#20964));
#20964 = FILL_AREA_STYLE_COLOUR('',#20768);
#20965 = STYLED_ITEM('color',(#20966),#3716);
#20966 = PRESENTATION_STYLE_ASSIGNMENT((#20967));
#20967 = SURFACE_STYLE_USAGE(.BOTH.,#20968);
#20968 = SURFACE_SIDE_STYLE('',(#20969));
#20969 = SURFACE_STYLE_FILL_AREA(#20970);
#20970 = FILL_AREA_STYLE('',(#20971));
#20971 = FILL_AREA_STYLE_COLOUR('',#20768);
#20972 = STYLED_ITEM('color',(#20973),#3732);
#20973 = PRESENTATION_STYLE_ASSIGNMENT((#20974));
#20974 = SURFACE_STYLE_USAGE(.BOTH.,#20975);
#20975 = SURFACE_SIDE_STYLE('',(#20976));
#20976 = SURFACE_STYLE_FILL_AREA(#20977);
#20977 = FILL_AREA_STYLE('',(#20978));
#20978 = FILL_AREA_STYLE_COLOUR('',#20768);
#20979 = STYLED_ITEM('color',(#20980),#3746);
#20980 = PRESENTATION_STYLE_ASSIGNMENT((#20981));
#20981 = SURFACE_STYLE_USAGE(.BOTH.,#20982);
#20982 = SURFACE_SIDE_STYLE('',(#20983));
#20983 = SURFACE_STYLE_FILL_AREA(#20984);
#20984 = FILL_AREA_STYLE('',(#20985));
#20985 = FILL_AREA_STYLE_COLOUR('',#20768);
#20986 = STYLED_ITEM('color',(#20987),#3758);
#20987 = PRESENTATION_STYLE_ASSIGNMENT((#20988));
#20988 = SURFACE_STYLE_USAGE(.BOTH.,#20989);
#20989 = SURFACE_SIDE_STYLE('',(#20990));
#20990 = SURFACE_STYLE_FILL_AREA(#20991);
#20991 = FILL_AREA_STYLE('',(#20992));
#20992 = FILL_AREA_STYLE_COLOUR('',#20768);
#20993 = STYLED_ITEM('color',(#20994),#3776);
#20994 = PRESENTATION_STYLE_ASSIGNMENT((#20995));
#20995 = SURFACE_STYLE_USAGE(.BOTH.,#20996);
#20996 = SURFACE_SIDE_STYLE('',(#20997));
#20997 = SURFACE_STYLE_FILL_AREA(#20998);
#20998 = FILL_AREA_STYLE('',(#20999));
#20999 = FILL_AREA_STYLE_COLOUR('',#20768);
#21000 = STYLED_ITEM('color',(#21001),#3796);
#21001 = PRESENTATION_STYLE_ASSIGNMENT((#21002));
#21002 = SURFACE_STYLE_USAGE(.BOTH.,#21003);
#21003 = SURFACE_SIDE_STYLE('',(#21004));
#21004 = SURFACE_STYLE_FILL_AREA(#21005);
#21005 = FILL_AREA_STYLE('',(#21006));
#21006 = FILL_AREA_STYLE_COLOUR('',#20768);
#21007 = STYLED_ITEM('color',(#21008),#3810);
#21008 = PRESENTATION_STYLE_ASSIGNMENT((#21009));
#21009 = SURFACE_STYLE_USAGE(.BOTH.,#21010);
#21010 = SURFACE_SIDE_STYLE('',(#21011));
#21011 = SURFACE_STYLE_FILL_AREA(#21012);
#21012 = FILL_AREA_STYLE('',(#21013));
#21013 = FILL_AREA_STYLE_COLOUR('',#20768);
#21014 = STYLED_ITEM('color',(#21015),#3822);
#21015 = PRESENTATION_STYLE_ASSIGNMENT((#21016));
#21016 = SURFACE_STYLE_USAGE(.BOTH.,#21017);
#21017 = SURFACE_SIDE_STYLE('',(#21018));
#21018 = SURFACE_STYLE_FILL_AREA(#21019);
#21019 = FILL_AREA_STYLE('',(#21020));
#21020 = FILL_AREA_STYLE_COLOUR('',#20768);
#21021 = STYLED_ITEM('color',(#21022),#3838);
#21022 = PRESENTATION_STYLE_ASSIGNMENT((#21023));
#21023 = SURFACE_STYLE_USAGE(.BOTH.,#21024);
#21024 = SURFACE_SIDE_STYLE('',(#21025));
#21025 = SURFACE_STYLE_FILL_AREA(#21026);
#21026 = FILL_AREA_STYLE('',(#21027));
#21027 = FILL_AREA_STYLE_COLOUR('',#20768);
#21028 = STYLED_ITEM('color',(#21029),#3852);
#21029 = PRESENTATION_STYLE_ASSIGNMENT((#21030));
#21030 = SURFACE_STYLE_USAGE(.BOTH.,#21031);
#21031 = SURFACE_SIDE_STYLE('',(#21032));
#21032 = SURFACE_STYLE_FILL_AREA(#21033);
#21033 = FILL_AREA_STYLE('',(#21034));
#21034 = FILL_AREA_STYLE_COLOUR('',#20768);
#21035 = STYLED_ITEM('color',(#21036),#3870);
#21036 = PRESENTATION_STYLE_ASSIGNMENT((#21037));
#21037 = SURFACE_STYLE_USAGE(.BOTH.,#21038);
#21038 = SURFACE_SIDE_STYLE('',(#21039));
#21039 = SURFACE_STYLE_FILL_AREA(#21040);
#21040 = FILL_AREA_STYLE('',(#21041));
#21041 = FILL_AREA_STYLE_COLOUR('',#20768);
#21042 = STYLED_ITEM('color',(#21043),#3888);
#21043 = PRESENTATION_STYLE_ASSIGNMENT((#21044));
#21044 = SURFACE_STYLE_USAGE(.BOTH.,#21045);
#21045 = SURFACE_SIDE_STYLE('',(#21046));
#21046 = SURFACE_STYLE_FILL_AREA(#21047);
#21047 = FILL_AREA_STYLE('',(#21048));
#21048 = FILL_AREA_STYLE_COLOUR('',#20768);
#21049 = STYLED_ITEM('color',(#21050),#3906);
#21050 = PRESENTATION_STYLE_ASSIGNMENT((#21051));
#21051 = SURFACE_STYLE_USAGE(.BOTH.,#21052);
#21052 = SURFACE_SIDE_STYLE('',(#21053));
#21053 = SURFACE_STYLE_FILL_AREA(#21054);
#21054 = FILL_AREA_STYLE('',(#21055));
#21055 = FILL_AREA_STYLE_COLOUR('',#20768);
#21056 = STYLED_ITEM('color',(#21057),#3926);
#21057 = PRESENTATION_STYLE_ASSIGNMENT((#21058));
#21058 = SURFACE_STYLE_USAGE(.BOTH.,#21059);
#21059 = SURFACE_SIDE_STYLE('',(#21060));
#21060 = SURFACE_STYLE_FILL_AREA(#21061);
#21061 = FILL_AREA_STYLE('',(#21062));
#21062 = FILL_AREA_STYLE_COLOUR('',#20768);
#21063 = STYLED_ITEM('color',(#21064),#3940);
#21064 = PRESENTATION_STYLE_ASSIGNMENT((#21065));
#21065 = SURFACE_STYLE_USAGE(.BOTH.,#21066);
#21066 = SURFACE_SIDE_STYLE('',(#21067));
#21067 = SURFACE_STYLE_FILL_AREA(#21068);
#21068 = FILL_AREA_STYLE('',(#21069));
#21069 = FILL_AREA_STYLE_COLOUR('',#20768);
#21070 = STYLED_ITEM('color',(#21071),#3952);
#21071 = PRESENTATION_STYLE_ASSIGNMENT((#21072));
#21072 = SURFACE_STYLE_USAGE(.BOTH.,#21073);
#21073 = SURFACE_SIDE_STYLE('',(#21074));
#21074 = SURFACE_STYLE_FILL_AREA(#21075);
#21075 = FILL_AREA_STYLE('',(#21076));
#21076 = FILL_AREA_STYLE_COLOUR('',#20768);
#21077 = STYLED_ITEM('color',(#21078),#3968);
#21078 = PRESENTATION_STYLE_ASSIGNMENT((#21079));
#21079 = SURFACE_STYLE_USAGE(.BOTH.,#21080);
#21080 = SURFACE_SIDE_STYLE('',(#21081));
#21081 = SURFACE_STYLE_FILL_AREA(#21082);
#21082 = FILL_AREA_STYLE('',(#21083));
#21083 = FILL_AREA_STYLE_COLOUR('',#20768);
#21084 = STYLED_ITEM('color',(#21085),#3982);
#21085 = PRESENTATION_STYLE_ASSIGNMENT((#21086));
#21086 = SURFACE_STYLE_USAGE(.BOTH.,#21087);
#21087 = SURFACE_SIDE_STYLE('',(#21088));
#21088 = SURFACE_STYLE_FILL_AREA(#21089);
#21089 = FILL_AREA_STYLE('',(#21090));
#21090 = FILL_AREA_STYLE_COLOUR('',#20768);
#21091 = STYLED_ITEM('color',(#21092),#4000);
#21092 = PRESENTATION_STYLE_ASSIGNMENT((#21093));
#21093 = SURFACE_STYLE_USAGE(.BOTH.,#21094);
#21094 = SURFACE_SIDE_STYLE('',(#21095));
#21095 = SURFACE_STYLE_FILL_AREA(#21096);
#21096 = FILL_AREA_STYLE('',(#21097));
#21097 = FILL_AREA_STYLE_COLOUR('',#20768);
#21098 = STYLED_ITEM('color',(#21099),#4022);
#21099 = PRESENTATION_STYLE_ASSIGNMENT((#21100));
#21100 = SURFACE_STYLE_USAGE(.BOTH.,#21101);
#21101 = SURFACE_SIDE_STYLE('',(#21102));
#21102 = SURFACE_STYLE_FILL_AREA(#21103);
#21103 = FILL_AREA_STYLE('',(#21104));
#21104 = FILL_AREA_STYLE_COLOUR('',#20768);
#21105 = STYLED_ITEM('color',(#21106),#4034);
#21106 = PRESENTATION_STYLE_ASSIGNMENT((#21107));
#21107 = SURFACE_STYLE_USAGE(.BOTH.,#21108);
#21108 = SURFACE_SIDE_STYLE('',(#21109));
#21109 = SURFACE_STYLE_FILL_AREA(#21110);
#21110 = FILL_AREA_STYLE('',(#21111));
#21111 = FILL_AREA_STYLE_COLOUR('',#20768);
#21112 = STYLED_ITEM('color',(#21113),#4050);
#21113 = PRESENTATION_STYLE_ASSIGNMENT((#21114));
#21114 = SURFACE_STYLE_USAGE(.BOTH.,#21115);
#21115 = SURFACE_SIDE_STYLE('',(#21116));
#21116 = SURFACE_STYLE_FILL_AREA(#21117);
#21117 = FILL_AREA_STYLE('',(#21118));
#21118 = FILL_AREA_STYLE_COLOUR('',#20768);
#21119 = STYLED_ITEM('color',(#21120),#4064);
#21120 = PRESENTATION_STYLE_ASSIGNMENT((#21121));
#21121 = SURFACE_STYLE_USAGE(.BOTH.,#21122);
#21122 = SURFACE_SIDE_STYLE('',(#21123));
#21123 = SURFACE_STYLE_FILL_AREA(#21124);
#21124 = FILL_AREA_STYLE('',(#21125));
#21125 = FILL_AREA_STYLE_COLOUR('',#20768);
#21126 = MECHANICAL_DESIGN_GEOMETRIC_PRESENTATION_REPRESENTATION('',(
    #21127),#20635);
#21127 = STYLED_ITEM('color',(#21128),#4885);
#21128 = PRESENTATION_STYLE_ASSIGNMENT((#21129));
#21129 = SURFACE_STYLE_USAGE(.BOTH.,#21130);
#21130 = SURFACE_SIDE_STYLE('',(#21131));
#21131 = SURFACE_STYLE_FILL_AREA(#21132);
#21132 = FILL_AREA_STYLE('',(#21133));
#21133 = FILL_AREA_STYLE_COLOUR('',#21134);
#21134 = COLOUR_RGB('',0.313304153717,0.484529207832,0.410020903123);
#21135 = MECHANICAL_DESIGN_GEOMETRIC_PRESENTATION_REPRESENTATION('',(
    #21136,#21144,#21151),#1894);
#21136 = STYLED_ITEM('color',(#21137),#696);
#21137 = PRESENTATION_STYLE_ASSIGNMENT((#21138));
#21138 = SURFACE_STYLE_USAGE(.BOTH.,#21139);
#21139 = SURFACE_SIDE_STYLE('',(#21140));
#21140 = SURFACE_STYLE_FILL_AREA(#21141);
#21141 = FILL_AREA_STYLE('',(#21142));
#21142 = FILL_AREA_STYLE_COLOUR('',#21143);
#21143 = COLOUR_RGB('',0.792156867455,0.819607826924,0.933333342953);
#21144 = STYLED_ITEM('color',(#21145),#1150);
#21145 = PRESENTATION_STYLE_ASSIGNMENT((#21146));
#21146 = SURFACE_STYLE_USAGE(.BOTH.,#21147);
#21147 = SURFACE_SIDE_STYLE('',(#21148));
#21148 = SURFACE_STYLE_FILL_AREA(#21149);
#21149 = FILL_AREA_STYLE('',(#21150));
#21150 = FILL_AREA_STYLE_COLOUR('',#21143);
#21151 = STYLED_ITEM('color',(#21152),#1604);
#21152 = PRESENTATION_STYLE_ASSIGNMENT((#21153));
#21153 = SURFACE_STYLE_USAGE(.BOTH.,#21154);
#21154 = SURFACE_SIDE_STYLE('',(#21155));
#21155 = SURFACE_STYLE_FILL_AREA(#21156);
#21156 = FILL_AREA_STYLE('',(#21157));
#21157 = FILL_AREA_STYLE_COLOUR('',#21158);
#21158 = COLOUR_RGB('',0.486274506065,0.235294113866,1.568627489731E-02
  );
ENDSEC;
END-ISO-10303-21;
