ISO-10303-21;
HEADER;
FILE_DESCRIPTION(('KiCad electronic assembly'),'2;1');
FILE_NAME('LED Board.step','2024-12-31T01:33:41',('Pcbnew'),('Kicad'),
  'Open CASCADE STEP processor 7.8','KiCad to STEP converter','Unknown'
  );
FILE_SCHEMA(('AUTOMOTIVE_DESIGN { 1 0 10303 214 1 1 1 1 }'));
ENDSEC;
DATA;
#1 = APPLICATION_PROTOCOL_DEFINITION('international standard',
  'automotive_design',2000,#2);
#2 = APPLICATION_CONTEXT(
  'core data for automotive mechanical design processes');
#3 = SHAPE_DEFINITION_REPRESENTATION(#4,#10);
#4 = PRODUCT_DEFINITION_SHAPE('','',#5);
#5 = PRODUCT_DEFINITION('design','',#6,#9);
#6 = PRODUCT_DEFINITION_FORMATION('','',#7);
#7 = PRODUCT('LED Board 1','LED Board 1','',(#8));
#8 = PRODUCT_CONTEXT('',#2,'mechanical');
#9 = PRODUCT_DEFINITION_CONTEXT('part definition',#2,'design');
#10 = SHAPE_REPRESENTATION('',(#11,#15,#19,#23,#27,#31,#35),#39);
#11 = AXIS2_PLACEMENT_3D('',#12,#13,#14);
#12 = CARTESIAN_POINT('',(0.,0.,0.));
#13 = DIRECTION('',(0.,0.,1.));
#14 = DIRECTION('',(1.,0.,-0.));
#15 = AXIS2_PLACEMENT_3D('',#16,#17,#18);
#16 = CARTESIAN_POINT('',(149.3875,-97.,1.65));
#17 = DIRECTION('',(0.,0.,1.));
#18 = DIRECTION('',(-1.,1.224646799147E-16,0.));
#19 = AXIS2_PLACEMENT_3D('',#20,#21,#22);
#20 = CARTESIAN_POINT('',(117.05,-98.7,1.65));
#21 = DIRECTION('',(-0.,0.,1.));
#22 = DIRECTION('',(1.110223024625E-16,-1.,0.));
#23 = AXIS2_PLACEMENT_3D('',#24,#25,#26);
#24 = CARTESIAN_POINT('',(136.1,-98.7,1.65));
#25 = DIRECTION('',(-0.,0.,1.));
#26 = DIRECTION('',(1.110223024625E-16,-1.,0.));
#27 = AXIS2_PLACEMENT_3D('',#28,#29,#30);
#28 = CARTESIAN_POINT('',(140.49375,-96.46875,1.65));
#29 = DIRECTION('',(0.,0.,1.));
#30 = DIRECTION('',(1.,0.,0.));
#31 = AXIS2_PLACEMENT_3D('',#32,#33,#34);
#32 = CARTESIAN_POINT('',(121.840625,-96.46875,1.65));
#33 = DIRECTION('',(0.,0.,1.));
#34 = DIRECTION('',(1.,0.,0.));
#35 = AXIS2_PLACEMENT_3D('',#36,#37,#38);
#36 = CARTESIAN_POINT('',(0.,0.,0.));
#37 = DIRECTION('',(0.,0.,1.));
#38 = DIRECTION('',(1.,0.,-0.));
#39 = ( GEOMETRIC_REPRESENTATION_CONTEXT(3) 
GLOBAL_UNCERTAINTY_ASSIGNED_CONTEXT((#43)) GLOBAL_UNIT_ASSIGNED_CONTEXT(
(#40,#41,#42)) REPRESENTATION_CONTEXT('Context #1',
  '3D Context with UNIT and UNCERTAINTY') );
#40 = ( LENGTH_UNIT() NAMED_UNIT(*) SI_UNIT(.MILLI.,.METRE.) );
#41 = ( NAMED_UNIT(*) PLANE_ANGLE_UNIT() SI_UNIT($,.RADIAN.) );
#42 = ( NAMED_UNIT(*) SI_UNIT($,.STERADIAN.) SOLID_ANGLE_UNIT() );
#43 = UNCERTAINTY_MEASURE_WITH_UNIT(LENGTH_MEASURE(1.E-07),#40,
  'distance_accuracy_value','confusion accuracy');
#44 = PRODUCT_RELATED_PRODUCT_CATEGORY('part',$,(#7));
#45 = SHAPE_DEFINITION_REPRESENTATION(#46,#52);
#46 = PRODUCT_DEFINITION_SHAPE('','',#47);
#47 = PRODUCT_DEFINITION('design','',#48,#51);
#48 = PRODUCT_DEFINITION_FORMATION('','',#49);
#49 = PRODUCT('PinSocket_1x01_P2.54mm_Horizontal',
  'PinSocket_1x01_P2.54mm_Horizontal','',(#50));
#50 = PRODUCT_CONTEXT('',#2,'mechanical');
#51 = PRODUCT_DEFINITION_CONTEXT('part definition',#2,'design');
#52 = SHAPE_REPRESENTATION('',(#11,#53),#57);
#53 = AXIS2_PLACEMENT_3D('',#54,#55,#56);
#54 = CARTESIAN_POINT('',(0.,0.,0.));
#55 = DIRECTION('',(0.,0.,1.));
#56 = DIRECTION('',(1.,0.,-0.));
#57 = ( GEOMETRIC_REPRESENTATION_CONTEXT(3) 
GLOBAL_UNCERTAINTY_ASSIGNED_CONTEXT((#61)) GLOBAL_UNIT_ASSIGNED_CONTEXT(
(#58,#59,#60)) REPRESENTATION_CONTEXT('Context #1',
  '3D Context with UNIT and UNCERTAINTY') );
#58 = ( LENGTH_UNIT() NAMED_UNIT(*) SI_UNIT(.MILLI.,.METRE.) );
#59 = ( NAMED_UNIT(*) PLANE_ANGLE_UNIT() SI_UNIT($,.RADIAN.) );
#60 = ( NAMED_UNIT(*) SI_UNIT($,.STERADIAN.) SOLID_ANGLE_UNIT() );
#61 = UNCERTAINTY_MEASURE_WITH_UNIT(LENGTH_MEASURE(1.E-07),#58,
  'distance_accuracy_value','confusion accuracy');
#62 = CONTEXT_DEPENDENT_SHAPE_REPRESENTATION(#63,#65);
#63 = ( REPRESENTATION_RELATIONSHIP('','',#52,#10) 
REPRESENTATION_RELATIONSHIP_WITH_TRANSFORMATION(#64) 
SHAPE_REPRESENTATION_RELATIONSHIP() );
#64 = ITEM_DEFINED_TRANSFORMATION('','',#11,#15);
#65 = PRODUCT_DEFINITION_SHAPE('Placement','Placement of an item',#66);
#66 = NEXT_ASSEMBLY_USAGE_OCCURRENCE('2','J2','',#5,#47,$);
#67 = PRODUCT_RELATED_PRODUCT_CATEGORY('part',$,(#49));
#68 = SHAPE_DEFINITION_REPRESENTATION(#69,#75);
#69 = PRODUCT_DEFINITION_SHAPE('','',#70);
#70 = PRODUCT_DEFINITION('design','',#71,#74);
#71 = PRODUCT_DEFINITION_FORMATION('','',#72);
#72 = PRODUCT('PinSocket_1x01_P254mm_Horizontal',
  'PinSocket_1x01_P254mm_Horizontal','',(#73));
#73 = PRODUCT_CONTEXT('',#2,'mechanical');
#74 = PRODUCT_DEFINITION_CONTEXT('part definition',#2,'design');
#75 = ADVANCED_BREP_SHAPE_REPRESENTATION('',(#11,#76),#1412);
#76 = MANIFOLD_SOLID_BREP('',#77);
#77 = CLOSED_SHELL('',(#78,#118,#181,#244,#261,#312,#334,#351,#434,#446,
    #458,#489,#513,#537,#554,#571,#602,#619,#650,#681,#705,#729,#746,
    #797,#822,#865,#882,#928,#961,#985,#1011,#1028,#1091,#1115,#1171,
    #1188,#1200,#1217,#1266,#1290,#1337,#1349,#1366,#1383,#1400));
#78 = ADVANCED_FACE('',(#79),#113,.F.);
#79 = FACE_BOUND('',#80,.F.);
#80 = EDGE_LOOP('',(#81,#91,#99,#107));
#81 = ORIENTED_EDGE('',*,*,#82,.T.);
#82 = EDGE_CURVE('',#83,#85,#87,.T.);
#83 = VERTEX_POINT('',#84);
#84 = CARTESIAN_POINT('',(-1.52,-1.27,2.54));
#85 = VERTEX_POINT('',#86);
#86 = CARTESIAN_POINT('',(-10.03,-1.27,2.54));
#87 = LINE('',#88,#89);
#88 = CARTESIAN_POINT('',(-1.52,-1.27,2.54));
#89 = VECTOR('',#90,1.);
#90 = DIRECTION('',(-1.,-4.440892098501E-16,2.22044604925E-16));
#91 = ORIENTED_EDGE('',*,*,#92,.T.);
#92 = EDGE_CURVE('',#85,#93,#95,.T.);
#93 = VERTEX_POINT('',#94);
#94 = CARTESIAN_POINT('',(-10.03,1.27,2.54));
#95 = LINE('',#96,#97);
#96 = CARTESIAN_POINT('',(-10.03,-1.27,2.54));
#97 = VECTOR('',#98,1.);
#98 = DIRECTION('',(-4.440892098501E-16,1.,0.));
#99 = ORIENTED_EDGE('',*,*,#100,.F.);
#100 = EDGE_CURVE('',#101,#93,#103,.T.);
#101 = VERTEX_POINT('',#102);
#102 = CARTESIAN_POINT('',(-1.52,1.27,2.54));
#103 = LINE('',#104,#105);
#104 = CARTESIAN_POINT('',(-1.52,1.27,2.54));
#105 = VECTOR('',#106,1.);
#106 = DIRECTION('',(-1.,-4.440892098501E-16,2.22044604925E-16));
#107 = ORIENTED_EDGE('',*,*,#108,.F.);
#108 = EDGE_CURVE('',#83,#101,#109,.T.);
#109 = LINE('',#110,#111);
#110 = CARTESIAN_POINT('',(-1.52,-1.27,2.54));
#111 = VECTOR('',#112,1.);
#112 = DIRECTION('',(-4.440892098501E-16,1.,0.));
#113 = PLANE('',#114);
#114 = AXIS2_PLACEMENT_3D('',#115,#116,#117);
#115 = CARTESIAN_POINT('',(-1.52,-1.27,2.54));
#116 = DIRECTION('',(-2.22044604925E-16,-9.860761315263E-32,-1.));
#117 = DIRECTION('',(-4.440892098501E-16,1.,-9.130335306616E-45));
#118 = ADVANCED_FACE('',(#119),#176,.F.);
#119 = FACE_BOUND('',#120,.F.);
#120 = EDGE_LOOP('',(#121,#131,#139,#145,#146,#154,#162,#170));
#121 = ORIENTED_EDGE('',*,*,#122,.F.);
#122 = EDGE_CURVE('',#123,#125,#127,.T.);
#123 = VERTEX_POINT('',#124);
#124 = CARTESIAN_POINT('',(-1.52,-1.27,0.));
#125 = VERTEX_POINT('',#126);
#126 = CARTESIAN_POINT('',(-1.52,-1.27,0.423333333333));
#127 = LINE('',#128,#129);
#128 = CARTESIAN_POINT('',(-1.52,-1.27,0.));
#129 = VECTOR('',#130,1.);
#130 = DIRECTION('',(2.22044604925E-16,9.860761315263E-32,1.));
#131 = ORIENTED_EDGE('',*,*,#132,.T.);
#132 = EDGE_CURVE('',#123,#133,#135,.T.);
#133 = VERTEX_POINT('',#134);
#134 = CARTESIAN_POINT('',(-10.03,-1.27,1.7763568394E-15));
#135 = LINE('',#136,#137);
#136 = CARTESIAN_POINT('',(-1.52,-1.27,0.));
#137 = VECTOR('',#138,1.);
#138 = DIRECTION('',(-1.,-4.440892098501E-16,2.22044604925E-16));
#139 = ORIENTED_EDGE('',*,*,#140,.T.);
#140 = EDGE_CURVE('',#133,#85,#141,.T.);
#141 = LINE('',#142,#143);
#142 = CARTESIAN_POINT('',(-10.03,-1.27,1.998401444325E-15));
#143 = VECTOR('',#144,1.);
#144 = DIRECTION('',(2.22044604925E-16,9.860761315263E-32,1.));
#145 = ORIENTED_EDGE('',*,*,#82,.F.);
#146 = ORIENTED_EDGE('',*,*,#147,.F.);
#147 = EDGE_CURVE('',#148,#83,#150,.T.);
#148 = VERTEX_POINT('',#149);
#149 = CARTESIAN_POINT('',(-1.52,-1.27,2.116666666667));
#150 = LINE('',#151,#152);
#151 = CARTESIAN_POINT('',(-1.52,-1.27,0.));
#152 = VECTOR('',#153,1.);
#153 = DIRECTION('',(2.22044604925E-16,9.860761315263E-32,1.));
#154 = ORIENTED_EDGE('',*,*,#155,.T.);
#155 = EDGE_CURVE('',#148,#156,#158,.T.);
#156 = VERTEX_POINT('',#157);
#157 = CARTESIAN_POINT('',(-1.72,-1.27,2.116666666667));
#158 = LINE('',#159,#160);
#159 = CARTESIAN_POINT('',(-1.52,-1.27,2.116666666667));
#160 = VECTOR('',#161,1.);
#161 = DIRECTION('',(-1.,-4.440892098501E-16,2.22044604925E-16));
#162 = ORIENTED_EDGE('',*,*,#163,.F.);
#163 = EDGE_CURVE('',#164,#156,#166,.T.);
#164 = VERTEX_POINT('',#165);
#165 = CARTESIAN_POINT('',(-1.72,-1.27,0.423333333333));
#166 = LINE('',#167,#168);
#167 = CARTESIAN_POINT('',(-1.72,-1.27,0.423333333333));
#168 = VECTOR('',#169,1.);
#169 = DIRECTION('',(2.22044604925E-16,9.860761315263E-32,1.));
#170 = ORIENTED_EDGE('',*,*,#171,.F.);
#171 = EDGE_CURVE('',#125,#164,#172,.T.);
#172 = LINE('',#173,#174);
#173 = CARTESIAN_POINT('',(-1.52,-1.27,0.423333333333));
#174 = VECTOR('',#175,1.);
#175 = DIRECTION('',(-1.,-4.440892098501E-16,2.22044604925E-16));
#176 = PLANE('',#177);
#177 = AXIS2_PLACEMENT_3D('',#178,#179,#180);
#178 = CARTESIAN_POINT('',(-1.52,-1.27,0.));
#179 = DIRECTION('',(-4.440892098501E-16,1.,0.));
#180 = DIRECTION('',(2.22044604925E-16,9.860761315262E-32,1.));
#181 = ADVANCED_FACE('',(#182),#239,.F.);
#182 = FACE_BOUND('',#183,.F.);
#183 = EDGE_LOOP('',(#184,#192,#193,#201,#209,#217,#225,#233));
#184 = ORIENTED_EDGE('',*,*,#185,.F.);
#185 = EDGE_CURVE('',#101,#186,#188,.T.);
#186 = VERTEX_POINT('',#187);
#187 = CARTESIAN_POINT('',(-1.52,1.27,2.116666666667));
#188 = LINE('',#189,#190);
#189 = CARTESIAN_POINT('',(-1.52,1.27,2.54));
#190 = VECTOR('',#191,1.);
#191 = DIRECTION('',(-2.22044604925E-16,-9.860761315263E-32,-1.));
#192 = ORIENTED_EDGE('',*,*,#100,.T.);
#193 = ORIENTED_EDGE('',*,*,#194,.T.);
#194 = EDGE_CURVE('',#93,#195,#197,.T.);
#195 = VERTEX_POINT('',#196);
#196 = CARTESIAN_POINT('',(-10.03,1.27,1.7763568394E-15));
#197 = LINE('',#198,#199);
#198 = CARTESIAN_POINT('',(-10.03,1.27,2.54));
#199 = VECTOR('',#200,1.);
#200 = DIRECTION('',(-2.22044604925E-16,-9.860761315263E-32,-1.));
#201 = ORIENTED_EDGE('',*,*,#202,.F.);
#202 = EDGE_CURVE('',#203,#195,#205,.T.);
#203 = VERTEX_POINT('',#204);
#204 = CARTESIAN_POINT('',(-1.52,1.27,0.));
#205 = LINE('',#206,#207);
#206 = CARTESIAN_POINT('',(-1.52,1.27,0.));
#207 = VECTOR('',#208,1.);
#208 = DIRECTION('',(-1.,-4.440892098501E-16,2.22044604925E-16));
#209 = ORIENTED_EDGE('',*,*,#210,.F.);
#210 = EDGE_CURVE('',#211,#203,#213,.T.);
#211 = VERTEX_POINT('',#212);
#212 = CARTESIAN_POINT('',(-1.52,1.27,0.423333333333));
#213 = LINE('',#214,#215);
#214 = CARTESIAN_POINT('',(-1.52,1.27,2.54));
#215 = VECTOR('',#216,1.);
#216 = DIRECTION('',(-2.22044604925E-16,-9.860761315263E-32,-1.));
#217 = ORIENTED_EDGE('',*,*,#218,.T.);
#218 = EDGE_CURVE('',#211,#219,#221,.T.);
#219 = VERTEX_POINT('',#220);
#220 = CARTESIAN_POINT('',(-1.72,1.27,0.423333333333));
#221 = LINE('',#222,#223);
#222 = CARTESIAN_POINT('',(-1.52,1.27,0.423333333333));
#223 = VECTOR('',#224,1.);
#224 = DIRECTION('',(-1.,-4.440892098501E-16,2.22044604925E-16));
#225 = ORIENTED_EDGE('',*,*,#226,.F.);
#226 = EDGE_CURVE('',#227,#219,#229,.T.);
#227 = VERTEX_POINT('',#228);
#228 = CARTESIAN_POINT('',(-1.72,1.27,2.116666666667));
#229 = LINE('',#230,#231);
#230 = CARTESIAN_POINT('',(-1.72,1.27,2.116666666667));
#231 = VECTOR('',#232,1.);
#232 = DIRECTION('',(-2.22044604925E-16,-9.860761315263E-32,-1.));
#233 = ORIENTED_EDGE('',*,*,#234,.F.);
#234 = EDGE_CURVE('',#186,#227,#235,.T.);
#235 = LINE('',#236,#237);
#236 = CARTESIAN_POINT('',(-1.52,1.27,2.116666666667));
#237 = VECTOR('',#238,1.);
#238 = DIRECTION('',(-1.,-4.440892098501E-16,2.22044604925E-16));
#239 = PLANE('',#240);
#240 = AXIS2_PLACEMENT_3D('',#241,#242,#243);
#241 = CARTESIAN_POINT('',(-1.52,1.27,2.54));
#242 = DIRECTION('',(4.440892098501E-16,-1.,0.));
#243 = DIRECTION('',(-2.22044604925E-16,-9.860761315262E-32,-1.));
#244 = ADVANCED_FACE('',(#245),#256,.T.);
#245 = FACE_BOUND('',#246,.T.);
#246 = EDGE_LOOP('',(#247,#248,#249,#255));
#247 = ORIENTED_EDGE('',*,*,#108,.F.);
#248 = ORIENTED_EDGE('',*,*,#147,.F.);
#249 = ORIENTED_EDGE('',*,*,#250,.T.);
#250 = EDGE_CURVE('',#148,#186,#251,.T.);
#251 = LINE('',#252,#253);
#252 = CARTESIAN_POINT('',(-1.52,-1.27,2.116666666667));
#253 = VECTOR('',#254,1.);
#254 = DIRECTION('',(-4.440892098501E-16,1.,0.));
#255 = ORIENTED_EDGE('',*,*,#185,.F.);
#256 = PLANE('',#257);
#257 = AXIS2_PLACEMENT_3D('',#258,#259,#260);
#258 = CARTESIAN_POINT('',(-1.52,-1.27,2.54));
#259 = DIRECTION('',(1.,4.440892098501E-16,-2.22044604925E-16));
#260 = DIRECTION('',(4.440892098501E-16,-1.,0.));
#261 = ADVANCED_FACE('',(#262,#273),#307,.F.);
#262 = FACE_BOUND('',#263,.F.);
#263 = EDGE_LOOP('',(#264,#265,#266,#272));
#264 = ORIENTED_EDGE('',*,*,#92,.F.);
#265 = ORIENTED_EDGE('',*,*,#140,.F.);
#266 = ORIENTED_EDGE('',*,*,#267,.F.);
#267 = EDGE_CURVE('',#195,#133,#268,.T.);
#268 = LINE('',#269,#270);
#269 = CARTESIAN_POINT('',(-10.03,1.27,1.998401444325E-15));
#270 = VECTOR('',#271,1.);
#271 = DIRECTION('',(4.440892098501E-16,-1.,0.));
#272 = ORIENTED_EDGE('',*,*,#194,.F.);
#273 = FACE_BOUND('',#274,.F.);
#274 = EDGE_LOOP('',(#275,#285,#293,#301));
#275 = ORIENTED_EDGE('',*,*,#276,.T.);
#276 = EDGE_CURVE('',#277,#279,#281,.T.);
#277 = VERTEX_POINT('',#278);
#278 = CARTESIAN_POINT('',(-10.03,0.6,1.87));
#279 = VERTEX_POINT('',#280);
#280 = CARTESIAN_POINT('',(-10.03,0.6,0.67));
#281 = LINE('',#282,#283);
#282 = CARTESIAN_POINT('',(-10.03,0.6,1.87));
#283 = VECTOR('',#284,1.);
#284 = DIRECTION('',(-2.22044604925E-16,-9.860761315263E-32,-1.));
#285 = ORIENTED_EDGE('',*,*,#286,.T.);
#286 = EDGE_CURVE('',#279,#287,#289,.T.);
#287 = VERTEX_POINT('',#288);
#288 = CARTESIAN_POINT('',(-10.03,-0.6,0.67));
#289 = LINE('',#290,#291);
#290 = CARTESIAN_POINT('',(-10.03,0.6,0.67));
#291 = VECTOR('',#292,1.);
#292 = DIRECTION('',(4.440892098501E-16,-1.,0.));
#293 = ORIENTED_EDGE('',*,*,#294,.T.);
#294 = EDGE_CURVE('',#287,#295,#297,.T.);
#295 = VERTEX_POINT('',#296);
#296 = CARTESIAN_POINT('',(-10.03,-0.6,1.87));
#297 = LINE('',#298,#299);
#298 = CARTESIAN_POINT('',(-10.03,-0.6,0.67));
#299 = VECTOR('',#300,1.);
#300 = DIRECTION('',(2.22044604925E-16,9.860761315263E-32,1.));
#301 = ORIENTED_EDGE('',*,*,#302,.T.);
#302 = EDGE_CURVE('',#295,#277,#303,.T.);
#303 = LINE('',#304,#305);
#304 = CARTESIAN_POINT('',(-10.03,-0.6,1.87));
#305 = VECTOR('',#306,1.);
#306 = DIRECTION('',(-4.440892098501E-16,1.,0.));
#307 = PLANE('',#308);
#308 = AXIS2_PLACEMENT_3D('',#309,#310,#311);
#309 = CARTESIAN_POINT('',(-10.03,-1.27,2.54));
#310 = DIRECTION('',(1.,4.440892098501E-16,-2.22044604925E-16));
#311 = DIRECTION('',(4.440892098501E-16,-1.,0.));
#312 = ADVANCED_FACE('',(#313),#329,.T.);
#313 = FACE_BOUND('',#314,.T.);
#314 = EDGE_LOOP('',(#315,#321,#322,#328));
#315 = ORIENTED_EDGE('',*,*,#316,.T.);
#316 = EDGE_CURVE('',#211,#125,#317,.T.);
#317 = LINE('',#318,#319);
#318 = CARTESIAN_POINT('',(-1.52,1.27,0.423333333333));
#319 = VECTOR('',#320,1.);
#320 = DIRECTION('',(4.440892098501E-16,-1.,0.));
#321 = ORIENTED_EDGE('',*,*,#122,.F.);
#322 = ORIENTED_EDGE('',*,*,#323,.F.);
#323 = EDGE_CURVE('',#203,#123,#324,.T.);
#324 = LINE('',#325,#326);
#325 = CARTESIAN_POINT('',(-1.52,1.27,0.));
#326 = VECTOR('',#327,1.);
#327 = DIRECTION('',(4.440892098501E-16,-1.,0.));
#328 = ORIENTED_EDGE('',*,*,#210,.F.);
#329 = PLANE('',#330);
#330 = AXIS2_PLACEMENT_3D('',#331,#332,#333);
#331 = CARTESIAN_POINT('',(-1.52,-1.27,2.54));
#332 = DIRECTION('',(1.,4.440892098501E-16,-2.22044604925E-16));
#333 = DIRECTION('',(4.440892098501E-16,-1.,0.));
#334 = ADVANCED_FACE('',(#335),#346,.T.);
#335 = FACE_BOUND('',#336,.T.);
#336 = EDGE_LOOP('',(#337,#338,#344,#345));
#337 = ORIENTED_EDGE('',*,*,#218,.T.);
#338 = ORIENTED_EDGE('',*,*,#339,.T.);
#339 = EDGE_CURVE('',#219,#164,#340,.T.);
#340 = LINE('',#341,#342);
#341 = CARTESIAN_POINT('',(-1.72,1.27,0.423333333333));
#342 = VECTOR('',#343,1.);
#343 = DIRECTION('',(4.440892098501E-16,-1.,0.));
#344 = ORIENTED_EDGE('',*,*,#171,.F.);
#345 = ORIENTED_EDGE('',*,*,#316,.F.);
#346 = PLANE('',#347);
#347 = AXIS2_PLACEMENT_3D('',#348,#349,#350);
#348 = CARTESIAN_POINT('',(-1.52,1.27,0.423333333333));
#349 = DIRECTION('',(2.22044604925E-16,9.860761315263E-32,1.));
#350 = DIRECTION('',(4.440892098501E-16,-1.,9.130335306616E-45));
#351 = ADVANCED_FACE('',(#352,#363),#429,.T.);
#352 = FACE_BOUND('',#353,.T.);
#353 = EDGE_LOOP('',(#354,#360,#361,#362));
#354 = ORIENTED_EDGE('',*,*,#355,.F.);
#355 = EDGE_CURVE('',#156,#227,#356,.T.);
#356 = LINE('',#357,#358);
#357 = CARTESIAN_POINT('',(-1.72,-1.27,2.116666666667));
#358 = VECTOR('',#359,1.);
#359 = DIRECTION('',(-4.440892098501E-16,1.,0.));
#360 = ORIENTED_EDGE('',*,*,#163,.F.);
#361 = ORIENTED_EDGE('',*,*,#339,.F.);
#362 = ORIENTED_EDGE('',*,*,#226,.F.);
#363 = FACE_BOUND('',#364,.T.);
#364 = EDGE_LOOP('',(#365,#375,#383,#391,#399,#407,#415,#423));
#365 = ORIENTED_EDGE('',*,*,#366,.T.);
#366 = EDGE_CURVE('',#367,#369,#371,.T.);
#367 = VERTEX_POINT('',#368);
#368 = CARTESIAN_POINT('',(-1.72,0.45,1.17));
#369 = VERTEX_POINT('',#370);
#370 = CARTESIAN_POINT('',(-1.72,0.3,1.17));
#371 = LINE('',#372,#373);
#372 = CARTESIAN_POINT('',(-1.72,0.45,1.17));
#373 = VECTOR('',#374,1.);
#374 = DIRECTION('',(4.440892098501E-16,-1.,0.));
#375 = ORIENTED_EDGE('',*,*,#376,.T.);
#376 = EDGE_CURVE('',#369,#377,#379,.T.);
#377 = VERTEX_POINT('',#378);
#378 = CARTESIAN_POINT('',(-1.72,-0.3,1.17));
#379 = LINE('',#380,#381);
#380 = CARTESIAN_POINT('',(-1.72,-0.485,1.17));
#381 = VECTOR('',#382,1.);
#382 = DIRECTION('',(4.440892098501E-16,-1.,0.));
#383 = ORIENTED_EDGE('',*,*,#384,.T.);
#384 = EDGE_CURVE('',#377,#385,#387,.T.);
#385 = VERTEX_POINT('',#386);
#386 = CARTESIAN_POINT('',(-1.72,-0.45,1.17));
#387 = LINE('',#388,#389);
#388 = CARTESIAN_POINT('',(-1.72,0.45,1.17));
#389 = VECTOR('',#390,1.);
#390 = DIRECTION('',(4.440892098501E-16,-1.,0.));
#391 = ORIENTED_EDGE('',*,*,#392,.T.);
#392 = EDGE_CURVE('',#385,#393,#395,.T.);
#393 = VERTEX_POINT('',#394);
#394 = CARTESIAN_POINT('',(-1.72,-0.45,1.37));
#395 = LINE('',#396,#397);
#396 = CARTESIAN_POINT('',(-1.72,-0.45,1.17));
#397 = VECTOR('',#398,1.);
#398 = DIRECTION('',(2.22044604925E-16,9.860761315263E-32,1.));
#399 = ORIENTED_EDGE('',*,*,#400,.F.);
#400 = EDGE_CURVE('',#401,#393,#403,.T.);
#401 = VERTEX_POINT('',#402);
#402 = CARTESIAN_POINT('',(-1.72,-0.3,1.37));
#403 = LINE('',#404,#405);
#404 = CARTESIAN_POINT('',(-1.72,-0.3,1.37));
#405 = VECTOR('',#406,1.);
#406 = DIRECTION('',(4.440892098501E-16,-1.,0.));
#407 = ORIENTED_EDGE('',*,*,#408,.T.);
#408 = EDGE_CURVE('',#401,#409,#411,.T.);
#409 = VERTEX_POINT('',#410);
#410 = CARTESIAN_POINT('',(-1.72,0.3,1.37));
#411 = LINE('',#412,#413);
#412 = CARTESIAN_POINT('',(-1.72,-0.785,1.37));
#413 = VECTOR('',#414,1.);
#414 = DIRECTION('',(-4.440892098501E-16,1.,0.));
#415 = ORIENTED_EDGE('',*,*,#416,.F.);
#416 = EDGE_CURVE('',#417,#409,#419,.T.);
#417 = VERTEX_POINT('',#418);
#418 = CARTESIAN_POINT('',(-1.72,0.45,1.37));
#419 = LINE('',#420,#421);
#420 = CARTESIAN_POINT('',(-1.72,-0.3,1.37));
#421 = VECTOR('',#422,1.);
#422 = DIRECTION('',(4.440892098501E-16,-1.,0.));
#423 = ORIENTED_EDGE('',*,*,#424,.F.);
#424 = EDGE_CURVE('',#367,#417,#425,.T.);
#425 = LINE('',#426,#427);
#426 = CARTESIAN_POINT('',(-1.72,0.45,1.17));
#427 = VECTOR('',#428,1.);
#428 = DIRECTION('',(2.22044604925E-16,9.860761315263E-32,1.));
#429 = PLANE('',#430);
#430 = AXIS2_PLACEMENT_3D('',#431,#432,#433);
#431 = CARTESIAN_POINT('',(-1.72,-1.27,2.116666666667));
#432 = DIRECTION('',(1.,4.440892098501E-16,-2.22044604925E-16));
#433 = DIRECTION('',(4.440892098501E-16,-1.,0.));
#434 = ADVANCED_FACE('',(#435),#441,.T.);
#435 = FACE_BOUND('',#436,.T.);
#436 = EDGE_LOOP('',(#437,#438,#439,#440));
#437 = ORIENTED_EDGE('',*,*,#155,.T.);
#438 = ORIENTED_EDGE('',*,*,#355,.T.);
#439 = ORIENTED_EDGE('',*,*,#234,.F.);
#440 = ORIENTED_EDGE('',*,*,#250,.F.);
#441 = PLANE('',#442);
#442 = AXIS2_PLACEMENT_3D('',#443,#444,#445);
#443 = CARTESIAN_POINT('',(-1.52,-1.27,2.116666666667));
#444 = DIRECTION('',(-2.22044604925E-16,-9.860761315263E-32,-1.));
#445 = DIRECTION('',(-4.440892098501E-16,1.,-9.130335306616E-45));
#446 = ADVANCED_FACE('',(#447),#453,.F.);
#447 = FACE_BOUND('',#448,.F.);
#448 = EDGE_LOOP('',(#449,#450,#451,#452));
#449 = ORIENTED_EDGE('',*,*,#202,.T.);
#450 = ORIENTED_EDGE('',*,*,#267,.T.);
#451 = ORIENTED_EDGE('',*,*,#132,.F.);
#452 = ORIENTED_EDGE('',*,*,#323,.F.);
#453 = PLANE('',#454);
#454 = AXIS2_PLACEMENT_3D('',#455,#456,#457);
#455 = CARTESIAN_POINT('',(-1.52,1.27,0.));
#456 = DIRECTION('',(2.22044604925E-16,9.860761315263E-32,1.));
#457 = DIRECTION('',(4.440892098501E-16,-1.,9.130335306616E-45));
#458 = ADVANCED_FACE('',(#459),#484,.F.);
#459 = FACE_BOUND('',#460,.F.);
#460 = EDGE_LOOP('',(#461,#469,#477,#483));
#461 = ORIENTED_EDGE('',*,*,#462,.T.);
#462 = EDGE_CURVE('',#277,#463,#465,.T.);
#463 = VERTEX_POINT('',#464);
#464 = CARTESIAN_POINT('',(-10.029,0.6,1.87));
#465 = LINE('',#466,#467);
#466 = CARTESIAN_POINT('',(-10.03,0.6,1.87));
#467 = VECTOR('',#468,1.);
#468 = DIRECTION('',(1.,4.440892098501E-16,-2.22044604925E-16));
#469 = ORIENTED_EDGE('',*,*,#470,.T.);
#470 = EDGE_CURVE('',#463,#471,#473,.T.);
#471 = VERTEX_POINT('',#472);
#472 = CARTESIAN_POINT('',(-10.029,0.6,0.67));
#473 = LINE('',#474,#475);
#474 = CARTESIAN_POINT('',(-10.029,0.6,1.87));
#475 = VECTOR('',#476,1.);
#476 = DIRECTION('',(-2.22044604925E-16,-9.860761315263E-32,-1.));
#477 = ORIENTED_EDGE('',*,*,#478,.F.);
#478 = EDGE_CURVE('',#279,#471,#479,.T.);
#479 = LINE('',#480,#481);
#480 = CARTESIAN_POINT('',(-10.03,0.6,0.67));
#481 = VECTOR('',#482,1.);
#482 = DIRECTION('',(1.,4.440892098501E-16,-2.22044604925E-16));
#483 = ORIENTED_EDGE('',*,*,#276,.F.);
#484 = PLANE('',#485);
#485 = AXIS2_PLACEMENT_3D('',#486,#487,#488);
#486 = CARTESIAN_POINT('',(-10.03,0.6,1.87));
#487 = DIRECTION('',(-4.440892098501E-16,1.,0.));
#488 = DIRECTION('',(-2.22044604925E-16,-9.860761315262E-32,-1.));
#489 = ADVANCED_FACE('',(#490),#508,.F.);
#490 = FACE_BOUND('',#491,.F.);
#491 = EDGE_LOOP('',(#492,#500,#506,#507));
#492 = ORIENTED_EDGE('',*,*,#493,.T.);
#493 = EDGE_CURVE('',#295,#494,#496,.T.);
#494 = VERTEX_POINT('',#495);
#495 = CARTESIAN_POINT('',(-10.029,-0.6,1.87));
#496 = LINE('',#497,#498);
#497 = CARTESIAN_POINT('',(-10.03,-0.6,1.87));
#498 = VECTOR('',#499,1.);
#499 = DIRECTION('',(1.,4.440892098501E-16,-2.22044604925E-16));
#500 = ORIENTED_EDGE('',*,*,#501,.T.);
#501 = EDGE_CURVE('',#494,#463,#502,.T.);
#502 = LINE('',#503,#504);
#503 = CARTESIAN_POINT('',(-10.029,-0.6,1.87));
#504 = VECTOR('',#505,1.);
#505 = DIRECTION('',(-4.440892098501E-16,1.,0.));
#506 = ORIENTED_EDGE('',*,*,#462,.F.);
#507 = ORIENTED_EDGE('',*,*,#302,.F.);
#508 = PLANE('',#509);
#509 = AXIS2_PLACEMENT_3D('',#510,#511,#512);
#510 = CARTESIAN_POINT('',(-10.03,-0.6,1.87));
#511 = DIRECTION('',(2.22044604925E-16,9.860761315263E-32,1.));
#512 = DIRECTION('',(-4.440892098501E-16,1.,-9.130335306616E-45));
#513 = ADVANCED_FACE('',(#514),#532,.F.);
#514 = FACE_BOUND('',#515,.F.);
#515 = EDGE_LOOP('',(#516,#524,#530,#531));
#516 = ORIENTED_EDGE('',*,*,#517,.T.);
#517 = EDGE_CURVE('',#287,#518,#520,.T.);
#518 = VERTEX_POINT('',#519);
#519 = CARTESIAN_POINT('',(-10.029,-0.6,0.67));
#520 = LINE('',#521,#522);
#521 = CARTESIAN_POINT('',(-10.03,-0.6,0.67));
#522 = VECTOR('',#523,1.);
#523 = DIRECTION('',(1.,4.440892098501E-16,-2.22044604925E-16));
#524 = ORIENTED_EDGE('',*,*,#525,.T.);
#525 = EDGE_CURVE('',#518,#494,#526,.T.);
#526 = LINE('',#527,#528);
#527 = CARTESIAN_POINT('',(-10.029,-0.6,0.67));
#528 = VECTOR('',#529,1.);
#529 = DIRECTION('',(2.22044604925E-16,9.860761315263E-32,1.));
#530 = ORIENTED_EDGE('',*,*,#493,.F.);
#531 = ORIENTED_EDGE('',*,*,#294,.F.);
#532 = PLANE('',#533);
#533 = AXIS2_PLACEMENT_3D('',#534,#535,#536);
#534 = CARTESIAN_POINT('',(-10.03,-0.6,0.67));
#535 = DIRECTION('',(4.440892098501E-16,-1.,0.));
#536 = DIRECTION('',(2.22044604925E-16,9.860761315262E-32,1.));
#537 = ADVANCED_FACE('',(#538),#549,.F.);
#538 = FACE_BOUND('',#539,.F.);
#539 = EDGE_LOOP('',(#540,#541,#547,#548));
#540 = ORIENTED_EDGE('',*,*,#478,.T.);
#541 = ORIENTED_EDGE('',*,*,#542,.T.);
#542 = EDGE_CURVE('',#471,#518,#543,.T.);
#543 = LINE('',#544,#545);
#544 = CARTESIAN_POINT('',(-10.029,0.6,0.67));
#545 = VECTOR('',#546,1.);
#546 = DIRECTION('',(4.440892098501E-16,-1.,0.));
#547 = ORIENTED_EDGE('',*,*,#517,.F.);
#548 = ORIENTED_EDGE('',*,*,#286,.F.);
#549 = PLANE('',#550);
#550 = AXIS2_PLACEMENT_3D('',#551,#552,#553);
#551 = CARTESIAN_POINT('',(-10.03,0.6,0.67));
#552 = DIRECTION('',(-2.22044604925E-16,-9.860761315263E-32,-1.));
#553 = DIRECTION('',(4.440892098501E-16,-1.,9.130335306616E-45));
#554 = ADVANCED_FACE('',(#555),#566,.T.);
#555 = FACE_BOUND('',#556,.T.);
#556 = EDGE_LOOP('',(#557,#563,#564,#565));
#557 = ORIENTED_EDGE('',*,*,#558,.F.);
#558 = EDGE_CURVE('',#369,#409,#559,.T.);
#559 = LINE('',#560,#561);
#560 = CARTESIAN_POINT('',(-1.72,0.3,1.17));
#561 = VECTOR('',#562,1.);
#562 = DIRECTION('',(2.22044604925E-16,9.860761315263E-32,1.));
#563 = ORIENTED_EDGE('',*,*,#366,.F.);
#564 = ORIENTED_EDGE('',*,*,#424,.T.);
#565 = ORIENTED_EDGE('',*,*,#416,.T.);
#566 = PLANE('',#567);
#567 = AXIS2_PLACEMENT_3D('',#568,#569,#570);
#568 = CARTESIAN_POINT('',(-1.72,-0.45,1.17));
#569 = DIRECTION('',(1.,4.440892098501E-16,-2.22044604925E-16));
#570 = DIRECTION('',(4.440892098501E-16,-1.,0.));
#571 = ADVANCED_FACE('',(#572),#597,.T.);
#572 = FACE_BOUND('',#573,.T.);
#573 = EDGE_LOOP('',(#574,#584,#590,#591));
#574 = ORIENTED_EDGE('',*,*,#575,.T.);
#575 = EDGE_CURVE('',#576,#578,#580,.T.);
#576 = VERTEX_POINT('',#577);
#577 = CARTESIAN_POINT('',(-0.2,-0.3,1.37));
#578 = VERTEX_POINT('',#579);
#579 = CARTESIAN_POINT('',(-0.2,0.3,1.37));
#580 = LINE('',#581,#582);
#581 = CARTESIAN_POINT('',(-0.2,-0.3,1.37));
#582 = VECTOR('',#583,1.);
#583 = DIRECTION('',(-4.440892098501E-16,1.,0.));
#584 = ORIENTED_EDGE('',*,*,#585,.T.);
#585 = EDGE_CURVE('',#578,#409,#586,.T.);
#586 = LINE('',#587,#588);
#587 = CARTESIAN_POINT('',(-0.2,0.3,1.37));
#588 = VECTOR('',#589,1.);
#589 = DIRECTION('',(-1.,-4.440892098501E-16,2.22044604925E-16));
#590 = ORIENTED_EDGE('',*,*,#408,.F.);
#591 = ORIENTED_EDGE('',*,*,#592,.T.);
#592 = EDGE_CURVE('',#401,#576,#593,.T.);
#593 = LINE('',#594,#595);
#594 = CARTESIAN_POINT('',(-1.72,-0.3,1.37));
#595 = VECTOR('',#596,1.);
#596 = DIRECTION('',(1.,4.440892098501E-16,-2.22044604925E-16));
#597 = PLANE('',#598);
#598 = AXIS2_PLACEMENT_3D('',#599,#600,#601);
#599 = CARTESIAN_POINT('',(-0.2,0.3,1.37));
#600 = DIRECTION('',(2.22044604925E-16,9.860761315263E-32,1.));
#601 = DIRECTION('',(1.,4.440892098501E-16,-2.22044604925E-16));
#602 = ADVANCED_FACE('',(#603),#614,.T.);
#603 = FACE_BOUND('',#604,.T.);
#604 = EDGE_LOOP('',(#605,#606,#607,#613));
#605 = ORIENTED_EDGE('',*,*,#392,.F.);
#606 = ORIENTED_EDGE('',*,*,#384,.F.);
#607 = ORIENTED_EDGE('',*,*,#608,.T.);
#608 = EDGE_CURVE('',#377,#401,#609,.T.);
#609 = LINE('',#610,#611);
#610 = CARTESIAN_POINT('',(-1.72,-0.3,1.17));
#611 = VECTOR('',#612,1.);
#612 = DIRECTION('',(2.22044604925E-16,9.860761315263E-32,1.));
#613 = ORIENTED_EDGE('',*,*,#400,.T.);
#614 = PLANE('',#615);
#615 = AXIS2_PLACEMENT_3D('',#616,#617,#618);
#616 = CARTESIAN_POINT('',(-1.72,-0.45,1.17));
#617 = DIRECTION('',(1.,4.440892098501E-16,-2.22044604925E-16));
#618 = DIRECTION('',(4.440892098501E-16,-1.,0.));
#619 = ADVANCED_FACE('',(#620),#645,.T.);
#620 = FACE_BOUND('',#621,.T.);
#621 = EDGE_LOOP('',(#622,#630,#638,#644));
#622 = ORIENTED_EDGE('',*,*,#623,.F.);
#623 = EDGE_CURVE('',#624,#369,#626,.T.);
#624 = VERTEX_POINT('',#625);
#625 = CARTESIAN_POINT('',(-0.2,0.3,1.17));
#626 = LINE('',#627,#628);
#627 = CARTESIAN_POINT('',(-0.2,0.3,1.17));
#628 = VECTOR('',#629,1.);
#629 = DIRECTION('',(-1.,-4.440892098501E-16,2.22044604925E-16));
#630 = ORIENTED_EDGE('',*,*,#631,.F.);
#631 = EDGE_CURVE('',#632,#624,#634,.T.);
#632 = VERTEX_POINT('',#633);
#633 = CARTESIAN_POINT('',(-0.2,-0.3,1.17));
#634 = LINE('',#635,#636);
#635 = CARTESIAN_POINT('',(-0.2,-0.3,1.17));
#636 = VECTOR('',#637,1.);
#637 = DIRECTION('',(-4.440892098501E-16,1.,0.));
#638 = ORIENTED_EDGE('',*,*,#639,.F.);
#639 = EDGE_CURVE('',#377,#632,#640,.T.);
#640 = LINE('',#641,#642);
#641 = CARTESIAN_POINT('',(-1.72,-0.3,1.17));
#642 = VECTOR('',#643,1.);
#643 = DIRECTION('',(1.,4.440892098501E-16,-2.22044604925E-16));
#644 = ORIENTED_EDGE('',*,*,#376,.F.);
#645 = PLANE('',#646);
#646 = AXIS2_PLACEMENT_3D('',#647,#648,#649);
#647 = CARTESIAN_POINT('',(-0.2,0.3,1.17));
#648 = DIRECTION('',(-2.22044604925E-16,-9.860761315263E-32,-1.));
#649 = DIRECTION('',(-1.,-4.440892098501E-16,2.22044604925E-16));
#650 = ADVANCED_FACE('',(#651),#676,.F.);
#651 = FACE_BOUND('',#652,.T.);
#652 = EDGE_LOOP('',(#653,#661,#662,#670));
#653 = ORIENTED_EDGE('',*,*,#654,.F.);
#654 = EDGE_CURVE('',#463,#655,#657,.T.);
#655 = VERTEX_POINT('',#656);
#656 = CARTESIAN_POINT('',(-9.73,0.301,1.571));
#657 = LINE('',#658,#659);
#658 = CARTESIAN_POINT('',(-9.729333333333,0.300333333333,1.570333333333
    ));
#659 = VECTOR('',#660,1.);
#660 = DIRECTION('',(0.57735026919,-0.57735026919,-0.57735026919));
#661 = ORIENTED_EDGE('',*,*,#470,.T.);
#662 = ORIENTED_EDGE('',*,*,#663,.T.);
#663 = EDGE_CURVE('',#471,#664,#666,.T.);
#664 = VERTEX_POINT('',#665);
#665 = CARTESIAN_POINT('',(-9.73,0.301,0.969));
#666 = LINE('',#667,#668);
#667 = CARTESIAN_POINT('',(-9.729333333333,0.300333333333,0.969666666667
    ));
#668 = VECTOR('',#669,1.);
#669 = DIRECTION('',(0.57735026919,-0.57735026919,0.57735026919));
#670 = ORIENTED_EDGE('',*,*,#671,.F.);
#671 = EDGE_CURVE('',#655,#664,#672,.T.);
#672 = LINE('',#673,#674);
#673 = CARTESIAN_POINT('',(-9.73,0.301,1.87));
#674 = VECTOR('',#675,1.);
#675 = DIRECTION('',(-2.22044604925E-16,-9.860761315263E-32,-1.));
#676 = PLANE('',#677);
#677 = AXIS2_PLACEMENT_3D('',#678,#679,#680);
#678 = CARTESIAN_POINT('',(-9.8795,0.4505,1.87));
#679 = DIRECTION('',(0.707106781187,0.707106781187,-1.604817931553E-16)
  );
#680 = DIRECTION('',(2.245000666596E-16,2.455461734594E-18,1.));
#681 = ADVANCED_FACE('',(#682),#700,.F.);
#682 = FACE_BOUND('',#683,.T.);
#683 = EDGE_LOOP('',(#684,#692,#693,#694));
#684 = ORIENTED_EDGE('',*,*,#685,.F.);
#685 = EDGE_CURVE('',#494,#686,#688,.T.);
#686 = VERTEX_POINT('',#687);
#687 = CARTESIAN_POINT('',(-9.73,-0.301,1.571));
#688 = LINE('',#689,#690);
#689 = CARTESIAN_POINT('',(-9.729333333333,-0.300333333333,
    1.570333333333));
#690 = VECTOR('',#691,1.);
#691 = DIRECTION('',(0.57735026919,0.57735026919,-0.57735026919));
#692 = ORIENTED_EDGE('',*,*,#501,.T.);
#693 = ORIENTED_EDGE('',*,*,#654,.T.);
#694 = ORIENTED_EDGE('',*,*,#695,.F.);
#695 = EDGE_CURVE('',#686,#655,#696,.T.);
#696 = LINE('',#697,#698);
#697 = CARTESIAN_POINT('',(-9.73,-0.6,1.571));
#698 = VECTOR('',#699,1.);
#699 = DIRECTION('',(-4.440892098501E-16,1.,0.));
#700 = PLANE('',#701);
#701 = AXIS2_PLACEMENT_3D('',#702,#703,#704);
#702 = CARTESIAN_POINT('',(-9.8795,-0.6,1.7205));
#703 = DIRECTION('',(0.707106781187,3.174910390235E-16,0.707106781187));
#704 = DIRECTION('',(4.465446715845E-16,-1.,2.455461734433E-18));
#705 = ADVANCED_FACE('',(#706),#724,.F.);
#706 = FACE_BOUND('',#707,.T.);
#707 = EDGE_LOOP('',(#708,#716,#717,#718));
#708 = ORIENTED_EDGE('',*,*,#709,.F.);
#709 = EDGE_CURVE('',#518,#710,#712,.T.);
#710 = VERTEX_POINT('',#711);
#711 = CARTESIAN_POINT('',(-9.73,-0.301,0.969));
#712 = LINE('',#713,#714);
#713 = CARTESIAN_POINT('',(-9.729333333333,-0.300333333333,
    0.969666666667));
#714 = VECTOR('',#715,1.);
#715 = DIRECTION('',(0.57735026919,0.57735026919,0.57735026919));
#716 = ORIENTED_EDGE('',*,*,#525,.T.);
#717 = ORIENTED_EDGE('',*,*,#685,.T.);
#718 = ORIENTED_EDGE('',*,*,#719,.F.);
#719 = EDGE_CURVE('',#710,#686,#720,.T.);
#720 = LINE('',#721,#722);
#721 = CARTESIAN_POINT('',(-9.73,-0.301,0.67));
#722 = VECTOR('',#723,1.);
#723 = DIRECTION('',(2.22044604925E-16,9.860761315263E-32,1.));
#724 = PLANE('',#725);
#725 = AXIS2_PLACEMENT_3D('',#726,#727,#728);
#726 = CARTESIAN_POINT('',(-9.8795,-0.4505,0.67));
#727 = DIRECTION('',(0.707106781187,-0.707106781187,-1.535366985813E-16)
  );
#728 = DIRECTION('',(-2.195891431903E-16,-2.455461734673E-18,-1.));
#729 = ADVANCED_FACE('',(#730),#741,.F.);
#730 = FACE_BOUND('',#731,.T.);
#731 = EDGE_LOOP('',(#732,#733,#734,#735));
#732 = ORIENTED_EDGE('',*,*,#663,.F.);
#733 = ORIENTED_EDGE('',*,*,#542,.T.);
#734 = ORIENTED_EDGE('',*,*,#709,.T.);
#735 = ORIENTED_EDGE('',*,*,#736,.F.);
#736 = EDGE_CURVE('',#664,#710,#737,.T.);
#737 = LINE('',#738,#739);
#738 = CARTESIAN_POINT('',(-9.73,0.6,0.969));
#739 = VECTOR('',#740,1.);
#740 = DIRECTION('',(4.440892098501E-16,-1.,0.));
#741 = PLANE('',#742);
#742 = AXIS2_PLACEMENT_3D('',#743,#744,#745);
#743 = CARTESIAN_POINT('',(-9.8795,0.6,0.8195));
#744 = DIRECTION('',(0.707106781187,3.105459444496E-16,-0.707106781187)
  );
#745 = DIRECTION('',(-4.416337481153E-16,1.,-2.455461734762E-18));
#746 = ADVANCED_FACE('',(#747),#792,.F.);
#747 = FACE_BOUND('',#748,.F.);
#748 = EDGE_LOOP('',(#749,#759,#767,#775,#782,#783,#784,#785));
#749 = ORIENTED_EDGE('',*,*,#750,.T.);
#750 = EDGE_CURVE('',#751,#753,#755,.T.);
#751 = VERTEX_POINT('',#752);
#752 = CARTESIAN_POINT('',(-0.1,0.3,1.07));
#753 = VERTEX_POINT('',#754);
#754 = CARTESIAN_POINT('',(-0.1,0.3,-2.7));
#755 = LINE('',#756,#757);
#756 = CARTESIAN_POINT('',(-0.1,0.3,1.07));
#757 = VECTOR('',#758,1.);
#758 = DIRECTION('',(-1.110223024625E-16,-4.930380657631E-32,-1.));
#759 = ORIENTED_EDGE('',*,*,#760,.T.);
#760 = EDGE_CURVE('',#753,#761,#763,.T.);
#761 = VERTEX_POINT('',#762);
#762 = CARTESIAN_POINT('',(0.1,0.3,-2.7));
#763 = LINE('',#764,#765);
#764 = CARTESIAN_POINT('',(-0.1,0.3,-2.7));
#765 = VECTOR('',#766,1.);
#766 = DIRECTION('',(1.,4.440892098501E-16,-1.110223024625E-16));
#767 = ORIENTED_EDGE('',*,*,#768,.F.);
#768 = EDGE_CURVE('',#769,#761,#771,.T.);
#769 = VERTEX_POINT('',#770);
#770 = CARTESIAN_POINT('',(0.1,0.3,1.07));
#771 = LINE('',#772,#773);
#772 = CARTESIAN_POINT('',(0.1,0.3,1.07));
#773 = VECTOR('',#774,1.);
#774 = DIRECTION('',(-1.110223024625E-16,-4.930380657631E-32,-1.));
#775 = ORIENTED_EDGE('',*,*,#776,.F.);
#776 = EDGE_CURVE('',#578,#769,#777,.T.);
#777 = CIRCLE('',#778,0.3);
#778 = AXIS2_PLACEMENT_3D('',#779,#780,#781);
#779 = CARTESIAN_POINT('',(-0.2,0.3,1.07));
#780 = DIRECTION('',(-4.440892098501E-16,1.,2.189528850508E-47));
#781 = DIRECTION('',(2.914335439641E-16,1.294224922628E-31,1.));
#782 = ORIENTED_EDGE('',*,*,#585,.T.);
#783 = ORIENTED_EDGE('',*,*,#558,.F.);
#784 = ORIENTED_EDGE('',*,*,#623,.F.);
#785 = ORIENTED_EDGE('',*,*,#786,.F.);
#786 = EDGE_CURVE('',#751,#624,#787,.T.);
#787 = CIRCLE('',#788,0.1);
#788 = AXIS2_PLACEMENT_3D('',#789,#790,#791);
#789 = CARTESIAN_POINT('',(-0.2,0.3,1.07));
#790 = DIRECTION('',(4.440892098501E-16,-1.,0.));
#791 = DIRECTION('',(1.,4.440892098501E-16,-7.771561172376E-16));
#792 = PLANE('',#793);
#793 = AXIS2_PLACEMENT_3D('',#794,#795,#796);
#794 = CARTESIAN_POINT('',(-0.1,0.3,1.07));
#795 = DIRECTION('',(4.440892098501E-16,-1.,0.));
#796 = DIRECTION('',(1.,4.440892098501E-16,-2.22044604925E-16));
#797 = ADVANCED_FACE('',(#798),#817,.T.);
#798 = FACE_BOUND('',#799,.T.);
#799 = EDGE_LOOP('',(#800,#809,#815,#816));
#800 = ORIENTED_EDGE('',*,*,#801,.T.);
#801 = EDGE_CURVE('',#576,#802,#804,.T.);
#802 = VERTEX_POINT('',#803);
#803 = CARTESIAN_POINT('',(0.1,-0.3,1.07));
#804 = CIRCLE('',#805,0.3);
#805 = AXIS2_PLACEMENT_3D('',#806,#807,#808);
#806 = CARTESIAN_POINT('',(-0.2,-0.3,1.07));
#807 = DIRECTION('',(-4.440892098501E-16,1.,2.189528850508E-47));
#808 = DIRECTION('',(2.914335439641E-16,1.294224922628E-31,1.));
#809 = ORIENTED_EDGE('',*,*,#810,.T.);
#810 = EDGE_CURVE('',#802,#769,#811,.T.);
#811 = LINE('',#812,#813);
#812 = CARTESIAN_POINT('',(0.1,-0.3,1.07));
#813 = VECTOR('',#814,1.);
#814 = DIRECTION('',(-4.440892098501E-16,1.,0.));
#815 = ORIENTED_EDGE('',*,*,#776,.F.);
#816 = ORIENTED_EDGE('',*,*,#575,.F.);
#817 = CYLINDRICAL_SURFACE('',#818,0.3);
#818 = AXIS2_PLACEMENT_3D('',#819,#820,#821);
#819 = CARTESIAN_POINT('',(-0.2,-0.3,1.07));
#820 = DIRECTION('',(4.440892098501E-16,-1.,0.));
#821 = DIRECTION('',(2.914335439641E-16,1.294224922628E-31,1.));
#822 = ADVANCED_FACE('',(#823),#860,.F.);
#823 = FACE_BOUND('',#824,.F.);
#824 = EDGE_LOOP('',(#825,#835,#843,#850,#851,#852,#853,#854));
#825 = ORIENTED_EDGE('',*,*,#826,.F.);
#826 = EDGE_CURVE('',#827,#829,#831,.T.);
#827 = VERTEX_POINT('',#828);
#828 = CARTESIAN_POINT('',(-0.1,-0.3,-2.7));
#829 = VERTEX_POINT('',#830);
#830 = CARTESIAN_POINT('',(0.1,-0.3,-2.7));
#831 = LINE('',#832,#833);
#832 = CARTESIAN_POINT('',(-0.1,-0.3,-2.7));
#833 = VECTOR('',#834,1.);
#834 = DIRECTION('',(1.,4.440892098501E-16,-1.110223024625E-16));
#835 = ORIENTED_EDGE('',*,*,#836,.T.);
#836 = EDGE_CURVE('',#827,#837,#839,.T.);
#837 = VERTEX_POINT('',#838);
#838 = CARTESIAN_POINT('',(-0.1,-0.3,1.07));
#839 = LINE('',#840,#841);
#840 = CARTESIAN_POINT('',(-0.1,-0.3,-2.7));
#841 = VECTOR('',#842,1.);
#842 = DIRECTION('',(1.110223024625E-16,4.930380657631E-32,1.));
#843 = ORIENTED_EDGE('',*,*,#844,.T.);
#844 = EDGE_CURVE('',#837,#632,#845,.T.);
#845 = CIRCLE('',#846,0.1);
#846 = AXIS2_PLACEMENT_3D('',#847,#848,#849);
#847 = CARTESIAN_POINT('',(-0.2,-0.3,1.07));
#848 = DIRECTION('',(4.440892098501E-16,-1.,0.));
#849 = DIRECTION('',(1.,4.440892098501E-16,-7.771561172376E-16));
#850 = ORIENTED_EDGE('',*,*,#639,.F.);
#851 = ORIENTED_EDGE('',*,*,#608,.T.);
#852 = ORIENTED_EDGE('',*,*,#592,.T.);
#853 = ORIENTED_EDGE('',*,*,#801,.T.);
#854 = ORIENTED_EDGE('',*,*,#855,.F.);
#855 = EDGE_CURVE('',#829,#802,#856,.T.);
#856 = LINE('',#857,#858);
#857 = CARTESIAN_POINT('',(0.1,-0.3,-2.7));
#858 = VECTOR('',#859,1.);
#859 = DIRECTION('',(1.110223024625E-16,4.930380657631E-32,1.));
#860 = PLANE('',#861);
#861 = AXIS2_PLACEMENT_3D('',#862,#863,#864);
#862 = CARTESIAN_POINT('',(-0.1,-0.3,-2.7));
#863 = DIRECTION('',(-4.440892098501E-16,1.,0.));
#864 = DIRECTION('',(-1.,-4.440892098501E-16,2.22044604925E-16));
#865 = ADVANCED_FACE('',(#866),#877,.F.);
#866 = FACE_BOUND('',#867,.F.);
#867 = EDGE_LOOP('',(#868,#874,#875,#876));
#868 = ORIENTED_EDGE('',*,*,#869,.T.);
#869 = EDGE_CURVE('',#837,#751,#870,.T.);
#870 = LINE('',#871,#872);
#871 = CARTESIAN_POINT('',(-0.1,-0.3,1.07));
#872 = VECTOR('',#873,1.);
#873 = DIRECTION('',(-4.440892098501E-16,1.,0.));
#874 = ORIENTED_EDGE('',*,*,#786,.T.);
#875 = ORIENTED_EDGE('',*,*,#631,.F.);
#876 = ORIENTED_EDGE('',*,*,#844,.F.);
#877 = CYLINDRICAL_SURFACE('',#878,0.1);
#878 = AXIS2_PLACEMENT_3D('',#879,#880,#881);
#879 = CARTESIAN_POINT('',(-0.2,-0.3,1.07));
#880 = DIRECTION('',(4.440892098501E-16,-1.,0.));
#881 = DIRECTION('',(1.,4.440892098501E-16,-7.771561172376E-16));
#882 = ADVANCED_FACE('',(#883,#889),#923,.F.);
#883 = FACE_BOUND('',#884,.F.);
#884 = EDGE_LOOP('',(#885,#886,#887,#888));
#885 = ORIENTED_EDGE('',*,*,#671,.F.);
#886 = ORIENTED_EDGE('',*,*,#695,.F.);
#887 = ORIENTED_EDGE('',*,*,#719,.F.);
#888 = ORIENTED_EDGE('',*,*,#736,.F.);
#889 = FACE_BOUND('',#890,.F.);
#890 = EDGE_LOOP('',(#891,#901,#909,#917));
#891 = ORIENTED_EDGE('',*,*,#892,.T.);
#892 = EDGE_CURVE('',#893,#895,#897,.T.);
#893 = VERTEX_POINT('',#894);
#894 = CARTESIAN_POINT('',(-9.73,-0.3,0.97));
#895 = VERTEX_POINT('',#896);
#896 = CARTESIAN_POINT('',(-9.73,-0.3,1.57));
#897 = LINE('',#898,#899);
#898 = CARTESIAN_POINT('',(-9.73,-0.3,0.97));
#899 = VECTOR('',#900,1.);
#900 = DIRECTION('',(2.22044604925E-16,9.860761315263E-32,1.));
#901 = ORIENTED_EDGE('',*,*,#902,.T.);
#902 = EDGE_CURVE('',#895,#903,#905,.T.);
#903 = VERTEX_POINT('',#904);
#904 = CARTESIAN_POINT('',(-9.73,0.3,1.57));
#905 = LINE('',#906,#907);
#906 = CARTESIAN_POINT('',(-9.73,-0.3,1.57));
#907 = VECTOR('',#908,1.);
#908 = DIRECTION('',(-4.440892098501E-16,1.,0.));
#909 = ORIENTED_EDGE('',*,*,#910,.T.);
#910 = EDGE_CURVE('',#903,#911,#913,.T.);
#911 = VERTEX_POINT('',#912);
#912 = CARTESIAN_POINT('',(-9.73,0.3,0.97));
#913 = LINE('',#914,#915);
#914 = CARTESIAN_POINT('',(-9.73,0.3,1.57));
#915 = VECTOR('',#916,1.);
#916 = DIRECTION('',(-2.22044604925E-16,-9.860761315263E-32,-1.));
#917 = ORIENTED_EDGE('',*,*,#918,.T.);
#918 = EDGE_CURVE('',#911,#893,#919,.T.);
#919 = LINE('',#920,#921);
#920 = CARTESIAN_POINT('',(-9.73,0.3,0.97));
#921 = VECTOR('',#922,1.);
#922 = DIRECTION('',(4.440892098501E-16,-1.,0.));
#923 = PLANE('',#924);
#924 = AXIS2_PLACEMENT_3D('',#925,#926,#927);
#925 = CARTESIAN_POINT('',(-9.73,-0.6,1.87));
#926 = DIRECTION('',(1.,4.440892098501E-16,-2.22044604925E-16));
#927 = DIRECTION('',(4.440892098501E-16,-1.,0.));
#928 = ADVANCED_FACE('',(#929),#956,.F.);
#929 = FACE_BOUND('',#930,.F.);
#930 = EDGE_LOOP('',(#931,#932,#933,#934,#942,#950));
#931 = ORIENTED_EDGE('',*,*,#750,.F.);
#932 = ORIENTED_EDGE('',*,*,#869,.F.);
#933 = ORIENTED_EDGE('',*,*,#836,.F.);
#934 = ORIENTED_EDGE('',*,*,#935,.F.);
#935 = EDGE_CURVE('',#936,#827,#938,.T.);
#936 = VERTEX_POINT('',#937);
#937 = CARTESIAN_POINT('',(-0.1,-0.15,-3.3));
#938 = LINE('',#939,#940);
#939 = CARTESIAN_POINT('',(-0.1,-0.15,-3.3));
#940 = VECTOR('',#941,1.);
#941 = DIRECTION('',(2.154149081659E-16,-0.242535625036,0.970142500145)
  );
#942 = ORIENTED_EDGE('',*,*,#943,.F.);
#943 = EDGE_CURVE('',#944,#936,#946,.T.);
#944 = VERTEX_POINT('',#945);
#945 = CARTESIAN_POINT('',(-0.1,0.15,-3.3));
#946 = LINE('',#947,#948);
#947 = CARTESIAN_POINT('',(-0.1,0.15,-3.3));
#948 = VECTOR('',#949,1.);
#949 = DIRECTION('',(4.440892098501E-16,-1.,0.));
#950 = ORIENTED_EDGE('',*,*,#951,.F.);
#951 = EDGE_CURVE('',#753,#944,#952,.T.);
#952 = LINE('',#953,#954);
#953 = CARTESIAN_POINT('',(-0.1,0.3,-2.7));
#954 = VECTOR('',#955,1.);
#955 = DIRECTION('',(-4.930380657633E-32,-0.242535625036,-0.970142500145
    ));
#956 = PLANE('',#957);
#957 = AXIS2_PLACEMENT_3D('',#958,#959,#960);
#958 = CARTESIAN_POINT('',(-0.1,-4.440892098501E-17,1.07));
#959 = DIRECTION('',(1.,4.440892098501E-16,-1.110223024625E-16));
#960 = DIRECTION('',(-1.110223024625E-16,-4.930380657631E-32,-1.));
#961 = ADVANCED_FACE('',(#962),#980,.T.);
#962 = FACE_BOUND('',#963,.T.);
#963 = EDGE_LOOP('',(#964,#965,#973,#979));
#964 = ORIENTED_EDGE('',*,*,#760,.T.);
#965 = ORIENTED_EDGE('',*,*,#966,.T.);
#966 = EDGE_CURVE('',#761,#967,#969,.T.);
#967 = VERTEX_POINT('',#968);
#968 = CARTESIAN_POINT('',(0.1,0.15,-3.3));
#969 = LINE('',#970,#971);
#970 = CARTESIAN_POINT('',(0.1,0.3,-2.7));
#971 = VECTOR('',#972,1.);
#972 = DIRECTION('',(-4.930380657633E-32,-0.242535625036,-0.970142500145
    ));
#973 = ORIENTED_EDGE('',*,*,#974,.F.);
#974 = EDGE_CURVE('',#944,#967,#975,.T.);
#975 = LINE('',#976,#977);
#976 = CARTESIAN_POINT('',(-0.1,0.15,-3.3));
#977 = VECTOR('',#978,1.);
#978 = DIRECTION('',(1.,4.440892098501E-16,-1.110223024625E-16));
#979 = ORIENTED_EDGE('',*,*,#951,.F.);
#980 = PLANE('',#981);
#981 = AXIS2_PLACEMENT_3D('',#982,#983,#984);
#982 = CARTESIAN_POINT('',(-0.1,0.3,-2.7));
#983 = DIRECTION('',(-4.577566798524E-16,0.970142500145,-0.242535625036)
  );
#984 = DIRECTION('',(-4.930380657631E-32,-0.242535625036,-0.970142500145
    ));
#985 = ADVANCED_FACE('',(#986),#1006,.T.);
#986 = FACE_BOUND('',#987,.T.);
#987 = EDGE_LOOP('',(#988,#989,#990,#998,#1004,#1005));
#988 = ORIENTED_EDGE('',*,*,#810,.F.);
#989 = ORIENTED_EDGE('',*,*,#855,.F.);
#990 = ORIENTED_EDGE('',*,*,#991,.F.);
#991 = EDGE_CURVE('',#992,#829,#994,.T.);
#992 = VERTEX_POINT('',#993);
#993 = CARTESIAN_POINT('',(0.1,-0.15,-3.3));
#994 = LINE('',#995,#996);
#995 = CARTESIAN_POINT('',(0.1,-0.15,-3.3));
#996 = VECTOR('',#997,1.);
#997 = DIRECTION('',(2.154149081659E-16,-0.242535625036,0.970142500145)
  );
#998 = ORIENTED_EDGE('',*,*,#999,.F.);
#999 = EDGE_CURVE('',#967,#992,#1000,.T.);
#1000 = LINE('',#1001,#1002);
#1001 = CARTESIAN_POINT('',(0.1,4.440892098501E-17,-3.3));
#1002 = VECTOR('',#1003,1.);
#1003 = DIRECTION('',(4.440892098501E-16,-1.,0.));
#1004 = ORIENTED_EDGE('',*,*,#966,.F.);
#1005 = ORIENTED_EDGE('',*,*,#768,.F.);
#1006 = PLANE('',#1007);
#1007 = AXIS2_PLACEMENT_3D('',#1008,#1009,#1010);
#1008 = CARTESIAN_POINT('',(0.1,4.440892098501E-17,1.07));
#1009 = DIRECTION('',(1.,4.440892098501E-16,-1.110223024625E-16));
#1010 = DIRECTION('',(-1.110223024625E-16,-4.930380657631E-32,-1.));
#1011 = ADVANCED_FACE('',(#1012),#1023,.T.);
#1012 = FACE_BOUND('',#1013,.T.);
#1013 = EDGE_LOOP('',(#1014,#1020,#1021,#1022));
#1014 = ORIENTED_EDGE('',*,*,#1015,.T.);
#1015 = EDGE_CURVE('',#936,#992,#1016,.T.);
#1016 = LINE('',#1017,#1018);
#1017 = CARTESIAN_POINT('',(-0.1,-0.15,-3.3));
#1018 = VECTOR('',#1019,1.);
#1019 = DIRECTION('',(1.,4.440892098501E-16,-1.110223024625E-16));
#1020 = ORIENTED_EDGE('',*,*,#991,.T.);
#1021 = ORIENTED_EDGE('',*,*,#826,.F.);
#1022 = ORIENTED_EDGE('',*,*,#935,.F.);
#1023 = PLANE('',#1024);
#1024 = AXIS2_PLACEMENT_3D('',#1025,#1026,#1027);
#1025 = CARTESIAN_POINT('',(-0.1,-0.15,-3.3));
#1026 = DIRECTION('',(4.03902952811E-16,-0.970142500145,-0.242535625036)
  );
#1027 = DIRECTION('',(2.154149081659E-16,-0.242535625036,0.970142500145)
  );
#1028 = ADVANCED_FACE('',(#1029),#1086,.T.);
#1029 = FACE_BOUND('',#1030,.T.);
#1030 = EDGE_LOOP('',(#1031,#1039,#1040,#1048,#1056,#1064,#1072,#1080));
#1031 = ORIENTED_EDGE('',*,*,#1032,.F.);
#1032 = EDGE_CURVE('',#893,#1033,#1035,.T.);
#1033 = VERTEX_POINT('',#1034);
#1034 = CARTESIAN_POINT('',(-2.42,-0.3,0.97));
#1035 = LINE('',#1036,#1037);
#1036 = CARTESIAN_POINT('',(-9.73,-0.3,0.97));
#1037 = VECTOR('',#1038,1.);
#1038 = DIRECTION('',(1.,4.440892098501E-16,-2.22044604925E-16));
#1039 = ORIENTED_EDGE('',*,*,#892,.T.);
#1040 = ORIENTED_EDGE('',*,*,#1041,.T.);
#1041 = EDGE_CURVE('',#895,#1042,#1044,.T.);
#1042 = VERTEX_POINT('',#1043);
#1043 = CARTESIAN_POINT('',(-2.42,-0.3,1.57));
#1044 = LINE('',#1045,#1046);
#1045 = CARTESIAN_POINT('',(-9.73,-0.3,1.57));
#1046 = VECTOR('',#1047,1.);
#1047 = DIRECTION('',(1.,4.440892098501E-16,-2.22044604925E-16));
#1048 = ORIENTED_EDGE('',*,*,#1049,.F.);
#1049 = EDGE_CURVE('',#1050,#1042,#1052,.T.);
#1050 = VERTEX_POINT('',#1051);
#1051 = CARTESIAN_POINT('',(-2.42,-0.3,1.37));
#1052 = LINE('',#1053,#1054);
#1053 = CARTESIAN_POINT('',(-2.42,-0.3,0.97));
#1054 = VECTOR('',#1055,1.);
#1055 = DIRECTION('',(2.22044604925E-16,9.860761315263E-32,1.));
#1056 = ORIENTED_EDGE('',*,*,#1057,.F.);
#1057 = EDGE_CURVE('',#1058,#1050,#1060,.T.);
#1058 = VERTEX_POINT('',#1059);
#1059 = CARTESIAN_POINT('',(-8.93,-0.3,1.37));
#1060 = LINE('',#1061,#1062);
#1061 = CARTESIAN_POINT('',(-4.965,-0.3,1.37));
#1062 = VECTOR('',#1063,1.);
#1063 = DIRECTION('',(1.,4.440892098501E-16,-2.22044604925E-16));
#1064 = ORIENTED_EDGE('',*,*,#1065,.F.);
#1065 = EDGE_CURVE('',#1066,#1058,#1068,.T.);
#1066 = VERTEX_POINT('',#1067);
#1067 = CARTESIAN_POINT('',(-8.93,-0.3,1.17));
#1068 = LINE('',#1069,#1070);
#1069 = CARTESIAN_POINT('',(-8.93,-0.3,1.17));
#1070 = VECTOR('',#1071,1.);
#1071 = DIRECTION('',(2.22044604925E-16,9.860761315263E-32,1.));
#1072 = ORIENTED_EDGE('',*,*,#1073,.F.);
#1073 = EDGE_CURVE('',#1074,#1066,#1076,.T.);
#1074 = VERTEX_POINT('',#1075);
#1075 = CARTESIAN_POINT('',(-2.42,-0.3,1.17));
#1076 = LINE('',#1077,#1078);
#1077 = CARTESIAN_POINT('',(-4.965,-0.3,1.17));
#1078 = VECTOR('',#1079,1.);
#1079 = DIRECTION('',(-1.,-4.440892098501E-16,2.22044604925E-16));
#1080 = ORIENTED_EDGE('',*,*,#1081,.F.);
#1081 = EDGE_CURVE('',#1033,#1074,#1082,.T.);
#1082 = LINE('',#1083,#1084);
#1083 = CARTESIAN_POINT('',(-2.42,-0.3,0.97));
#1084 = VECTOR('',#1085,1.);
#1085 = DIRECTION('',(2.22044604925E-16,9.860761315263E-32,1.));
#1086 = PLANE('',#1087);
#1087 = AXIS2_PLACEMENT_3D('',#1088,#1089,#1090);
#1088 = CARTESIAN_POINT('',(-9.73,-0.3,0.97));
#1089 = DIRECTION('',(-4.440892098501E-16,1.,0.));
#1090 = DIRECTION('',(-1.,-4.440892098501E-16,2.22044604925E-16));
#1091 = ADVANCED_FACE('',(#1092),#1110,.F.);
#1092 = FACE_BOUND('',#1093,.F.);
#1093 = EDGE_LOOP('',(#1094,#1102,#1108,#1109));
#1094 = ORIENTED_EDGE('',*,*,#1095,.T.);
#1095 = EDGE_CURVE('',#911,#1096,#1098,.T.);
#1096 = VERTEX_POINT('',#1097);
#1097 = CARTESIAN_POINT('',(-2.42,0.3,0.97));
#1098 = LINE('',#1099,#1100);
#1099 = CARTESIAN_POINT('',(-9.73,0.3,0.97));
#1100 = VECTOR('',#1101,1.);
#1101 = DIRECTION('',(1.,4.440892098501E-16,-2.22044604925E-16));
#1102 = ORIENTED_EDGE('',*,*,#1103,.T.);
#1103 = EDGE_CURVE('',#1096,#1033,#1104,.T.);
#1104 = LINE('',#1105,#1106);
#1105 = CARTESIAN_POINT('',(-2.42,0.3,0.97));
#1106 = VECTOR('',#1107,1.);
#1107 = DIRECTION('',(4.440892098501E-16,-1.,0.));
#1108 = ORIENTED_EDGE('',*,*,#1032,.F.);
#1109 = ORIENTED_EDGE('',*,*,#918,.F.);
#1110 = PLANE('',#1111);
#1111 = AXIS2_PLACEMENT_3D('',#1112,#1113,#1114);
#1112 = CARTESIAN_POINT('',(-9.73,0.3,0.97));
#1113 = DIRECTION('',(-2.22044604925E-16,-9.860761315263E-32,-1.));
#1114 = DIRECTION('',(4.440892098501E-16,-1.,9.130335306616E-45));
#1115 = ADVANCED_FACE('',(#1116),#1166,.T.);
#1116 = FACE_BOUND('',#1117,.T.);
#1117 = EDGE_LOOP('',(#1118,#1126,#1127,#1128,#1136,#1144,#1152,#1160));
#1118 = ORIENTED_EDGE('',*,*,#1119,.F.);
#1119 = EDGE_CURVE('',#903,#1120,#1122,.T.);
#1120 = VERTEX_POINT('',#1121);
#1121 = CARTESIAN_POINT('',(-2.42,0.3,1.57));
#1122 = LINE('',#1123,#1124);
#1123 = CARTESIAN_POINT('',(-9.73,0.3,1.57));
#1124 = VECTOR('',#1125,1.);
#1125 = DIRECTION('',(1.,4.440892098501E-16,-2.22044604925E-16));
#1126 = ORIENTED_EDGE('',*,*,#910,.T.);
#1127 = ORIENTED_EDGE('',*,*,#1095,.T.);
#1128 = ORIENTED_EDGE('',*,*,#1129,.F.);
#1129 = EDGE_CURVE('',#1130,#1096,#1132,.T.);
#1130 = VERTEX_POINT('',#1131);
#1131 = CARTESIAN_POINT('',(-2.42,0.3,1.17));
#1132 = LINE('',#1133,#1134);
#1133 = CARTESIAN_POINT('',(-2.42,0.3,1.57));
#1134 = VECTOR('',#1135,1.);
#1135 = DIRECTION('',(-2.22044604925E-16,-9.860761315263E-32,-1.));
#1136 = ORIENTED_EDGE('',*,*,#1137,.F.);
#1137 = EDGE_CURVE('',#1138,#1130,#1140,.T.);
#1138 = VERTEX_POINT('',#1139);
#1139 = CARTESIAN_POINT('',(-8.93,0.3,1.17));
#1140 = LINE('',#1141,#1142);
#1141 = CARTESIAN_POINT('',(-4.965,0.3,1.17));
#1142 = VECTOR('',#1143,1.);
#1143 = DIRECTION('',(1.,4.440892098501E-16,-2.22044604925E-16));
#1144 = ORIENTED_EDGE('',*,*,#1145,.T.);
#1145 = EDGE_CURVE('',#1138,#1146,#1148,.T.);
#1146 = VERTEX_POINT('',#1147);
#1147 = CARTESIAN_POINT('',(-8.93,0.3,1.37));
#1148 = LINE('',#1149,#1150);
#1149 = CARTESIAN_POINT('',(-8.93,0.3,1.17));
#1150 = VECTOR('',#1151,1.);
#1151 = DIRECTION('',(2.22044604925E-16,9.860761315263E-32,1.));
#1152 = ORIENTED_EDGE('',*,*,#1153,.F.);
#1153 = EDGE_CURVE('',#1154,#1146,#1156,.T.);
#1154 = VERTEX_POINT('',#1155);
#1155 = CARTESIAN_POINT('',(-2.42,0.3,1.37));
#1156 = LINE('',#1157,#1158);
#1157 = CARTESIAN_POINT('',(-4.965,0.3,1.37));
#1158 = VECTOR('',#1159,1.);
#1159 = DIRECTION('',(-1.,-4.440892098501E-16,2.22044604925E-16));
#1160 = ORIENTED_EDGE('',*,*,#1161,.F.);
#1161 = EDGE_CURVE('',#1120,#1154,#1162,.T.);
#1162 = LINE('',#1163,#1164);
#1163 = CARTESIAN_POINT('',(-2.42,0.3,1.57));
#1164 = VECTOR('',#1165,1.);
#1165 = DIRECTION('',(-2.22044604925E-16,-9.860761315263E-32,-1.));
#1166 = PLANE('',#1167);
#1167 = AXIS2_PLACEMENT_3D('',#1168,#1169,#1170);
#1168 = CARTESIAN_POINT('',(-9.73,0.3,1.57));
#1169 = DIRECTION('',(4.440892098501E-16,-1.,0.));
#1170 = DIRECTION('',(1.,4.440892098501E-16,-2.22044604925E-16));
#1171 = ADVANCED_FACE('',(#1172),#1183,.F.);
#1172 = FACE_BOUND('',#1173,.F.);
#1173 = EDGE_LOOP('',(#1174,#1175,#1181,#1182));
#1174 = ORIENTED_EDGE('',*,*,#1041,.T.);
#1175 = ORIENTED_EDGE('',*,*,#1176,.T.);
#1176 = EDGE_CURVE('',#1042,#1120,#1177,.T.);
#1177 = LINE('',#1178,#1179);
#1178 = CARTESIAN_POINT('',(-2.42,-0.3,1.57));
#1179 = VECTOR('',#1180,1.);
#1180 = DIRECTION('',(-4.440892098501E-16,1.,0.));
#1181 = ORIENTED_EDGE('',*,*,#1119,.F.);
#1182 = ORIENTED_EDGE('',*,*,#902,.F.);
#1183 = PLANE('',#1184);
#1184 = AXIS2_PLACEMENT_3D('',#1185,#1186,#1187);
#1185 = CARTESIAN_POINT('',(-9.73,-0.3,1.57));
#1186 = DIRECTION('',(2.22044604925E-16,9.860761315263E-32,1.));
#1187 = DIRECTION('',(-4.440892098501E-16,1.,-9.130335306616E-45));
#1188 = ADVANCED_FACE('',(#1189),#1195,.F.);
#1189 = FACE_BOUND('',#1190,.T.);
#1190 = EDGE_LOOP('',(#1191,#1192,#1193,#1194));
#1191 = ORIENTED_EDGE('',*,*,#974,.T.);
#1192 = ORIENTED_EDGE('',*,*,#999,.T.);
#1193 = ORIENTED_EDGE('',*,*,#1015,.F.);
#1194 = ORIENTED_EDGE('',*,*,#943,.F.);
#1195 = PLANE('',#1196);
#1196 = AXIS2_PLACEMENT_3D('',#1197,#1198,#1199);
#1197 = CARTESIAN_POINT('',(-0.1,0.15,-3.3));
#1198 = DIRECTION('',(1.110223024625E-16,4.930380657631E-32,1.));
#1199 = DIRECTION('',(-4.440892098501E-16,1.,4.379057701015E-46));
#1200 = ADVANCED_FACE('',(#1201),#1212,.F.);
#1201 = FACE_BOUND('',#1202,.F.);
#1202 = EDGE_LOOP('',(#1203,#1209,#1210,#1211));
#1203 = ORIENTED_EDGE('',*,*,#1204,.T.);
#1204 = EDGE_CURVE('',#1130,#1074,#1205,.T.);
#1205 = LINE('',#1206,#1207);
#1206 = CARTESIAN_POINT('',(-2.42,0.3,1.17));
#1207 = VECTOR('',#1208,1.);
#1208 = DIRECTION('',(4.440892098501E-16,-1.,0.));
#1209 = ORIENTED_EDGE('',*,*,#1081,.F.);
#1210 = ORIENTED_EDGE('',*,*,#1103,.F.);
#1211 = ORIENTED_EDGE('',*,*,#1129,.F.);
#1212 = PLANE('',#1213);
#1213 = AXIS2_PLACEMENT_3D('',#1214,#1215,#1216);
#1214 = CARTESIAN_POINT('',(-2.42,-0.3,1.57));
#1215 = DIRECTION('',(1.,4.440892098501E-16,-2.22044604925E-16));
#1216 = DIRECTION('',(4.440892098501E-16,-1.,0.));
#1217 = ADVANCED_FACE('',(#1218),#1261,.T.);
#1218 = FACE_BOUND('',#1219,.T.);
#1219 = EDGE_LOOP('',(#1220,#1221,#1222,#1223,#1231,#1239,#1247,#1255));
#1220 = ORIENTED_EDGE('',*,*,#1137,.T.);
#1221 = ORIENTED_EDGE('',*,*,#1204,.T.);
#1222 = ORIENTED_EDGE('',*,*,#1073,.T.);
#1223 = ORIENTED_EDGE('',*,*,#1224,.T.);
#1224 = EDGE_CURVE('',#1066,#1225,#1227,.T.);
#1225 = VERTEX_POINT('',#1226);
#1226 = CARTESIAN_POINT('',(-8.88,-0.25,1.17));
#1227 = LINE('',#1228,#1229);
#1228 = CARTESIAN_POINT('',(-8.93,-0.3,1.17));
#1229 = VECTOR('',#1230,1.);
#1230 = DIRECTION('',(0.707106781187,0.707106781187,-1.570092458683E-16)
  );
#1231 = ORIENTED_EDGE('',*,*,#1232,.T.);
#1232 = EDGE_CURVE('',#1225,#1233,#1235,.T.);
#1233 = VERTEX_POINT('',#1234);
#1234 = CARTESIAN_POINT('',(-2.77,-0.25,1.17));
#1235 = LINE('',#1236,#1237);
#1236 = CARTESIAN_POINT('',(-8.88,-0.25,1.17));
#1237 = VECTOR('',#1238,1.);
#1238 = DIRECTION('',(1.,4.440892098501E-16,-2.22044604925E-16));
#1239 = ORIENTED_EDGE('',*,*,#1240,.T.);
#1240 = EDGE_CURVE('',#1233,#1241,#1243,.T.);
#1241 = VERTEX_POINT('',#1242);
#1242 = CARTESIAN_POINT('',(-2.77,0.25,1.17));
#1243 = LINE('',#1244,#1245);
#1244 = CARTESIAN_POINT('',(-2.77,-0.25,1.17));
#1245 = VECTOR('',#1246,1.);
#1246 = DIRECTION('',(-4.440892098501E-16,1.,0.));
#1247 = ORIENTED_EDGE('',*,*,#1248,.T.);
#1248 = EDGE_CURVE('',#1241,#1249,#1251,.T.);
#1249 = VERTEX_POINT('',#1250);
#1250 = CARTESIAN_POINT('',(-8.88,0.25,1.17));
#1251 = LINE('',#1252,#1253);
#1252 = CARTESIAN_POINT('',(-2.77,0.25,1.17));
#1253 = VECTOR('',#1254,1.);
#1254 = DIRECTION('',(-1.,-4.440892098501E-16,2.22044604925E-16));
#1255 = ORIENTED_EDGE('',*,*,#1256,.T.);
#1256 = EDGE_CURVE('',#1249,#1138,#1257,.T.);
#1257 = LINE('',#1258,#1259);
#1258 = CARTESIAN_POINT('',(-8.88,0.25,1.17));
#1259 = VECTOR('',#1260,1.);
#1260 = DIRECTION('',(-0.707106781187,0.707106781187,1.570092458683E-16)
  );
#1261 = PLANE('',#1262);
#1262 = AXIS2_PLACEMENT_3D('',#1263,#1264,#1265);
#1263 = CARTESIAN_POINT('',(-0.2,0.3,1.17));
#1264 = DIRECTION('',(-2.22044604925E-16,-9.860761315263E-32,-1.));
#1265 = DIRECTION('',(-1.,-4.440892098501E-16,2.22044604925E-16));
#1266 = ADVANCED_FACE('',(#1267),#1285,.T.);
#1267 = FACE_BOUND('',#1268,.T.);
#1268 = EDGE_LOOP('',(#1269,#1270,#1278,#1284));
#1269 = ORIENTED_EDGE('',*,*,#1065,.T.);
#1270 = ORIENTED_EDGE('',*,*,#1271,.T.);
#1271 = EDGE_CURVE('',#1058,#1272,#1274,.T.);
#1272 = VERTEX_POINT('',#1273);
#1273 = CARTESIAN_POINT('',(-8.88,-0.25,1.37));
#1274 = LINE('',#1275,#1276);
#1275 = CARTESIAN_POINT('',(-8.93,-0.3,1.37));
#1276 = VECTOR('',#1277,1.);
#1277 = DIRECTION('',(0.707106781187,0.707106781187,-1.570092458683E-16)
  );
#1278 = ORIENTED_EDGE('',*,*,#1279,.F.);
#1279 = EDGE_CURVE('',#1225,#1272,#1280,.T.);
#1280 = LINE('',#1281,#1282);
#1281 = CARTESIAN_POINT('',(-8.88,-0.25,1.17));
#1282 = VECTOR('',#1283,1.);
#1283 = DIRECTION('',(2.22044604925E-16,9.860761315263E-32,1.));
#1284 = ORIENTED_EDGE('',*,*,#1224,.F.);
#1285 = PLANE('',#1286);
#1286 = AXIS2_PLACEMENT_3D('',#1287,#1288,#1289);
#1287 = CARTESIAN_POINT('',(-8.93,-0.3,1.17));
#1288 = DIRECTION('',(-0.707106781187,0.707106781187,1.570092458683E-16)
  );
#1289 = DIRECTION('',(0.707106781187,0.707106781187,-1.570092458683E-16)
  );
#1290 = ADVANCED_FACE('',(#1291),#1332,.T.);
#1291 = FACE_BOUND('',#1292,.T.);
#1292 = EDGE_LOOP('',(#1293,#1299,#1300,#1308,#1316,#1324,#1330,#1331));
#1293 = ORIENTED_EDGE('',*,*,#1294,.T.);
#1294 = EDGE_CURVE('',#1050,#1154,#1295,.T.);
#1295 = LINE('',#1296,#1297);
#1296 = CARTESIAN_POINT('',(-2.42,-0.3,1.37));
#1297 = VECTOR('',#1298,1.);
#1298 = DIRECTION('',(-4.440892098501E-16,1.,0.));
#1299 = ORIENTED_EDGE('',*,*,#1153,.T.);
#1300 = ORIENTED_EDGE('',*,*,#1301,.F.);
#1301 = EDGE_CURVE('',#1302,#1146,#1304,.T.);
#1302 = VERTEX_POINT('',#1303);
#1303 = CARTESIAN_POINT('',(-8.88,0.25,1.37));
#1304 = LINE('',#1305,#1306);
#1305 = CARTESIAN_POINT('',(-8.88,0.25,1.37));
#1306 = VECTOR('',#1307,1.);
#1307 = DIRECTION('',(-0.707106781187,0.707106781187,1.570092458683E-16)
  );
#1308 = ORIENTED_EDGE('',*,*,#1309,.F.);
#1309 = EDGE_CURVE('',#1310,#1302,#1312,.T.);
#1310 = VERTEX_POINT('',#1311);
#1311 = CARTESIAN_POINT('',(-2.77,0.25,1.37));
#1312 = LINE('',#1313,#1314);
#1313 = CARTESIAN_POINT('',(-2.77,0.25,1.37));
#1314 = VECTOR('',#1315,1.);
#1315 = DIRECTION('',(-1.,-4.440892098501E-16,2.22044604925E-16));
#1316 = ORIENTED_EDGE('',*,*,#1317,.F.);
#1317 = EDGE_CURVE('',#1318,#1310,#1320,.T.);
#1318 = VERTEX_POINT('',#1319);
#1319 = CARTESIAN_POINT('',(-2.77,-0.25,1.37));
#1320 = LINE('',#1321,#1322);
#1321 = CARTESIAN_POINT('',(-2.77,-0.25,1.37));
#1322 = VECTOR('',#1323,1.);
#1323 = DIRECTION('',(-4.440892098501E-16,1.,0.));
#1324 = ORIENTED_EDGE('',*,*,#1325,.F.);
#1325 = EDGE_CURVE('',#1272,#1318,#1326,.T.);
#1326 = LINE('',#1327,#1328);
#1327 = CARTESIAN_POINT('',(-8.88,-0.25,1.37));
#1328 = VECTOR('',#1329,1.);
#1329 = DIRECTION('',(1.,4.440892098501E-16,-2.22044604925E-16));
#1330 = ORIENTED_EDGE('',*,*,#1271,.F.);
#1331 = ORIENTED_EDGE('',*,*,#1057,.T.);
#1332 = PLANE('',#1333);
#1333 = AXIS2_PLACEMENT_3D('',#1334,#1335,#1336);
#1334 = CARTESIAN_POINT('',(-0.2,0.3,1.37));
#1335 = DIRECTION('',(2.22044604925E-16,9.860761315263E-32,1.));
#1336 = DIRECTION('',(1.,4.440892098501E-16,-2.22044604925E-16));
#1337 = ADVANCED_FACE('',(#1338),#1344,.F.);
#1338 = FACE_BOUND('',#1339,.F.);
#1339 = EDGE_LOOP('',(#1340,#1341,#1342,#1343));
#1340 = ORIENTED_EDGE('',*,*,#1176,.F.);
#1341 = ORIENTED_EDGE('',*,*,#1049,.F.);
#1342 = ORIENTED_EDGE('',*,*,#1294,.T.);
#1343 = ORIENTED_EDGE('',*,*,#1161,.F.);
#1344 = PLANE('',#1345);
#1345 = AXIS2_PLACEMENT_3D('',#1346,#1347,#1348);
#1346 = CARTESIAN_POINT('',(-2.42,-0.3,1.57));
#1347 = DIRECTION('',(1.,4.440892098501E-16,-2.22044604925E-16));
#1348 = DIRECTION('',(4.440892098501E-16,-1.,0.));
#1349 = ADVANCED_FACE('',(#1350),#1361,.T.);
#1350 = FACE_BOUND('',#1351,.T.);
#1351 = EDGE_LOOP('',(#1352,#1358,#1359,#1360));
#1352 = ORIENTED_EDGE('',*,*,#1353,.T.);
#1353 = EDGE_CURVE('',#1249,#1302,#1354,.T.);
#1354 = LINE('',#1355,#1356);
#1355 = CARTESIAN_POINT('',(-8.88,0.25,1.17));
#1356 = VECTOR('',#1357,1.);
#1357 = DIRECTION('',(2.22044604925E-16,9.860761315263E-32,1.));
#1358 = ORIENTED_EDGE('',*,*,#1301,.T.);
#1359 = ORIENTED_EDGE('',*,*,#1145,.F.);
#1360 = ORIENTED_EDGE('',*,*,#1256,.F.);
#1361 = PLANE('',#1362);
#1362 = AXIS2_PLACEMENT_3D('',#1363,#1364,#1365);
#1363 = CARTESIAN_POINT('',(-8.88,0.25,1.17));
#1364 = DIRECTION('',(-0.707106781187,-0.707106781187,1.570092458683E-16
    ));
#1365 = DIRECTION('',(-0.707106781187,0.707106781187,1.570092458683E-16)
  );
#1366 = ADVANCED_FACE('',(#1367),#1378,.T.);
#1367 = FACE_BOUND('',#1368,.T.);
#1368 = EDGE_LOOP('',(#1369,#1375,#1376,#1377));
#1369 = ORIENTED_EDGE('',*,*,#1370,.T.);
#1370 = EDGE_CURVE('',#1241,#1310,#1371,.T.);
#1371 = LINE('',#1372,#1373);
#1372 = CARTESIAN_POINT('',(-2.77,0.25,1.17));
#1373 = VECTOR('',#1374,1.);
#1374 = DIRECTION('',(2.22044604925E-16,9.860761315263E-32,1.));
#1375 = ORIENTED_EDGE('',*,*,#1309,.T.);
#1376 = ORIENTED_EDGE('',*,*,#1353,.F.);
#1377 = ORIENTED_EDGE('',*,*,#1248,.F.);
#1378 = PLANE('',#1379);
#1379 = AXIS2_PLACEMENT_3D('',#1380,#1381,#1382);
#1380 = CARTESIAN_POINT('',(-2.77,0.25,1.17));
#1381 = DIRECTION('',(4.440892098501E-16,-1.,0.));
#1382 = DIRECTION('',(-1.,-4.440892098501E-16,2.22044604925E-16));
#1383 = ADVANCED_FACE('',(#1384),#1395,.T.);
#1384 = FACE_BOUND('',#1385,.T.);
#1385 = EDGE_LOOP('',(#1386,#1392,#1393,#1394));
#1386 = ORIENTED_EDGE('',*,*,#1387,.T.);
#1387 = EDGE_CURVE('',#1233,#1318,#1388,.T.);
#1388 = LINE('',#1389,#1390);
#1389 = CARTESIAN_POINT('',(-2.77,-0.25,1.17));
#1390 = VECTOR('',#1391,1.);
#1391 = DIRECTION('',(2.22044604925E-16,9.860761315263E-32,1.));
#1392 = ORIENTED_EDGE('',*,*,#1317,.T.);
#1393 = ORIENTED_EDGE('',*,*,#1370,.F.);
#1394 = ORIENTED_EDGE('',*,*,#1240,.F.);
#1395 = PLANE('',#1396);
#1396 = AXIS2_PLACEMENT_3D('',#1397,#1398,#1399);
#1397 = CARTESIAN_POINT('',(-2.77,-0.25,1.17));
#1398 = DIRECTION('',(-1.,-4.440892098501E-16,2.22044604925E-16));
#1399 = DIRECTION('',(-4.440892098501E-16,1.,0.));
#1400 = ADVANCED_FACE('',(#1401),#1407,.T.);
#1401 = FACE_BOUND('',#1402,.T.);
#1402 = EDGE_LOOP('',(#1403,#1404,#1405,#1406));
#1403 = ORIENTED_EDGE('',*,*,#1279,.T.);
#1404 = ORIENTED_EDGE('',*,*,#1325,.T.);
#1405 = ORIENTED_EDGE('',*,*,#1387,.F.);
#1406 = ORIENTED_EDGE('',*,*,#1232,.F.);
#1407 = PLANE('',#1408);
#1408 = AXIS2_PLACEMENT_3D('',#1409,#1410,#1411);
#1409 = CARTESIAN_POINT('',(-8.88,-0.25,1.17));
#1410 = DIRECTION('',(-4.440892098501E-16,1.,0.));
#1411 = DIRECTION('',(1.,4.440892098501E-16,-2.22044604925E-16));
#1412 = ( GEOMETRIC_REPRESENTATION_CONTEXT(3) 
GLOBAL_UNCERTAINTY_ASSIGNED_CONTEXT((#1416)) 
GLOBAL_UNIT_ASSIGNED_CONTEXT((#1413,#1414,#1415)) REPRESENTATION_CONTEXT
('Context #1','3D Context with UNIT and UNCERTAINTY') );
#1413 = ( LENGTH_UNIT() NAMED_UNIT(*) SI_UNIT(.MILLI.,.METRE.) );
#1414 = ( NAMED_UNIT(*) PLANE_ANGLE_UNIT() SI_UNIT($,.RADIAN.) );
#1415 = ( NAMED_UNIT(*) SI_UNIT($,.STERADIAN.) SOLID_ANGLE_UNIT() );
#1416 = UNCERTAINTY_MEASURE_WITH_UNIT(LENGTH_MEASURE(1.E-07),#1413,
  'distance_accuracy_value','confusion accuracy');
#1417 = CONTEXT_DEPENDENT_SHAPE_REPRESENTATION(#1418,#1420);
#1418 = ( REPRESENTATION_RELATIONSHIP('','',#75,#52) 
REPRESENTATION_RELATIONSHIP_WITH_TRANSFORMATION(#1419) 
SHAPE_REPRESENTATION_RELATIONSHIP() );
#1419 = ITEM_DEFINED_TRANSFORMATION('','',#11,#53);
#1420 = PRODUCT_DEFINITION_SHAPE('Placement','Placement of an item',
  #1421);
#1421 = NEXT_ASSEMBLY_USAGE_OCCURRENCE('1','=>[0:1:1:3]','',#47,#70,$);
#1422 = PRODUCT_RELATED_PRODUCT_CATEGORY('part',$,(#72));
#1423 = SHAPE_DEFINITION_REPRESENTATION(#1424,#1430);
#1424 = PRODUCT_DEFINITION_SHAPE('','',#1425);
#1425 = PRODUCT_DEFINITION('design','',#1426,#1429);
#1426 = PRODUCT_DEFINITION_FORMATION('','',#1427);
#1427 = PRODUCT('LED_SK6812_PLCC4_5.0x5.0mm_P3.2mm',
  'LED_SK6812_PLCC4_5.0x5.0mm_P3.2mm','',(#1428));
#1428 = PRODUCT_CONTEXT('',#2,'mechanical');
#1429 = PRODUCT_DEFINITION_CONTEXT('part definition',#2,'design');
#1430 = SHAPE_REPRESENTATION('',(#11,#1431),#1435);
#1431 = AXIS2_PLACEMENT_3D('',#1432,#1433,#1434);
#1432 = CARTESIAN_POINT('',(0.,0.,0.));
#1433 = DIRECTION('',(0.,0.,1.));
#1434 = DIRECTION('',(1.,0.,-0.));
#1435 = ( GEOMETRIC_REPRESENTATION_CONTEXT(3) 
GLOBAL_UNCERTAINTY_ASSIGNED_CONTEXT((#1439)) 
GLOBAL_UNIT_ASSIGNED_CONTEXT((#1436,#1437,#1438)) REPRESENTATION_CONTEXT
('Context #1','3D Context with UNIT and UNCERTAINTY') );
#1436 = ( LENGTH_UNIT() NAMED_UNIT(*) SI_UNIT(.MILLI.,.METRE.) );
#1437 = ( NAMED_UNIT(*) PLANE_ANGLE_UNIT() SI_UNIT($,.RADIAN.) );
#1438 = ( NAMED_UNIT(*) SI_UNIT($,.STERADIAN.) SOLID_ANGLE_UNIT() );
#1439 = UNCERTAINTY_MEASURE_WITH_UNIT(LENGTH_MEASURE(1.E-07),#1436,
  'distance_accuracy_value','confusion accuracy');
#1440 = CONTEXT_DEPENDENT_SHAPE_REPRESENTATION(#1441,#1443);
#1441 = ( REPRESENTATION_RELATIONSHIP('','',#1430,#10) 
REPRESENTATION_RELATIONSHIP_WITH_TRANSFORMATION(#1442) 
SHAPE_REPRESENTATION_RELATIONSHIP() );
#1442 = ITEM_DEFINED_TRANSFORMATION('','',#11,#19);
#1443 = PRODUCT_DEFINITION_SHAPE('Placement','Placement of an item',
  #1444);
#1444 = NEXT_ASSEMBLY_USAGE_OCCURRENCE('4','LED1','',#5,#1425,$);
#1445 = PRODUCT_RELATED_PRODUCT_CATEGORY('part',$,(#1427));
#1446 = SHAPE_DEFINITION_REPRESENTATION(#1447,#1453);
#1447 = PRODUCT_DEFINITION_SHAPE('','',#1448);
#1448 = PRODUCT_DEFINITION('design','',#1449,#1452);
#1449 = PRODUCT_DEFINITION_FORMATION('','',#1450);
#1450 = PRODUCT('LED_SK6812_PLCC4_50x50mm_P32mm',
  'LED_SK6812_PLCC4_50x50mm_P32mm','',(#1451));
#1451 = PRODUCT_CONTEXT('',#2,'mechanical');
#1452 = PRODUCT_DEFINITION_CONTEXT('part definition',#2,'design');
#1453 = ADVANCED_BREP_SHAPE_REPRESENTATION('',(#11,#1454),#3721);
#1454 = MANIFOLD_SOLID_BREP('',#1455);
#1455 = CLOSED_SHELL('',(#1456,#1515,#1540,#1573,#1598,#1623,#1648,#1665
    ,#1690,#1721,#1761,#1892,#2016,#2033,#2042,#2053,#2221,#2252,#2283,
    #2314,#2399,#2423,#2501,#2532,#2617,#2641,#2719,#2750,#2781,#2812,
    #2897,#2921,#2999,#3030,#3115,#3139,#3217,#3234,#3251,#3268,#3285,
    #3302,#3319,#3336,#3358,#3370,#3387,#3399,#3411,#3428,#3450,#3462,
    #3474,#3491,#3503,#3520,#3537,#3554,#3576,#3588,#3600,#3617,#3629,
    #3646,#3668,#3680,#3697,#3709));
#1456 = ADVANCED_FACE('',(#1457,#1468),#1510,.T.);
#1457 = FACE_BOUND('',#1458,.T.);
#1458 = EDGE_LOOP('',(#1459));
#1459 = ORIENTED_EDGE('',*,*,#1460,.T.);
#1460 = EDGE_CURVE('',#1461,#1461,#1463,.T.);
#1461 = VERTEX_POINT('',#1462);
#1462 = CARTESIAN_POINT('',(-1.986666666667,2.432964974306E-16,1.7));
#1463 = CIRCLE('',#1464,1.986666666667);
#1464 = AXIS2_PLACEMENT_3D('',#1465,#1466,#1467);
#1465 = CARTESIAN_POINT('',(0.,0.,1.7));
#1466 = DIRECTION('',(0.,0.,-1.));
#1467 = DIRECTION('',(-1.,1.224646799147E-16,0.));
#1468 = FACE_BOUND('',#1469,.T.);
#1469 = EDGE_LOOP('',(#1470,#1480,#1488,#1496,#1504));
#1470 = ORIENTED_EDGE('',*,*,#1471,.T.);
#1471 = EDGE_CURVE('',#1472,#1474,#1476,.T.);
#1472 = VERTEX_POINT('',#1473);
#1473 = CARTESIAN_POINT('',(1.431329009077,-2.42,1.7));
#1474 = VERTEX_POINT('',#1475);
#1475 = CARTESIAN_POINT('',(2.42,-1.431329009077,1.7));
#1476 = LINE('',#1477,#1478);
#1477 = CARTESIAN_POINT('',(1.407897551572,-2.443431457505,1.7));
#1478 = VECTOR('',#1479,1.);
#1479 = DIRECTION('',(0.707106781187,0.707106781187,0.));
#1480 = ORIENTED_EDGE('',*,*,#1481,.T.);
#1481 = EDGE_CURVE('',#1474,#1482,#1484,.T.);
#1482 = VERTEX_POINT('',#1483);
#1483 = CARTESIAN_POINT('',(2.42,2.42,1.7));
#1484 = LINE('',#1485,#1486);
#1485 = CARTESIAN_POINT('',(2.42,-1.464466094067,1.7));
#1486 = VECTOR('',#1487,1.);
#1487 = DIRECTION('',(1.224646799147E-16,1.,0.));
#1488 = ORIENTED_EDGE('',*,*,#1489,.T.);
#1489 = EDGE_CURVE('',#1482,#1490,#1492,.T.);
#1490 = VERTEX_POINT('',#1491);
#1491 = CARTESIAN_POINT('',(-2.42,2.42,1.7));
#1492 = LINE('',#1493,#1494);
#1493 = CARTESIAN_POINT('',(2.5,2.42,1.7));
#1494 = VECTOR('',#1495,1.);
#1495 = DIRECTION('',(-1.,1.224646799147E-16,0.));
#1496 = ORIENTED_EDGE('',*,*,#1497,.T.);
#1497 = EDGE_CURVE('',#1490,#1498,#1500,.T.);
#1498 = VERTEX_POINT('',#1499);
#1499 = CARTESIAN_POINT('',(-2.42,-2.42,1.7));
#1500 = LINE('',#1501,#1502);
#1501 = CARTESIAN_POINT('',(-2.42,2.5,1.7));
#1502 = VECTOR('',#1503,1.);
#1503 = DIRECTION('',(-1.224646799147E-16,-1.,0.));
#1504 = ORIENTED_EDGE('',*,*,#1505,.T.);
#1505 = EDGE_CURVE('',#1498,#1472,#1506,.T.);
#1506 = LINE('',#1507,#1508);
#1507 = CARTESIAN_POINT('',(-2.5,-2.42,1.7));
#1508 = VECTOR('',#1509,1.);
#1509 = DIRECTION('',(1.,-1.224646799147E-16,0.));
#1510 = PLANE('',#1511);
#1511 = AXIS2_PLACEMENT_3D('',#1512,#1513,#1514);
#1512 = CARTESIAN_POINT('',(0.,0.,1.7));
#1513 = DIRECTION('',(0.,0.,1.));
#1514 = DIRECTION('',(-1.,1.224646799147E-16,0.));
#1515 = ADVANCED_FACE('',(#1516),#1535,.F.);
#1516 = FACE_BOUND('',#1517,.F.);
#1517 = EDGE_LOOP('',(#1518,#1526,#1527,#1528));
#1518 = ORIENTED_EDGE('',*,*,#1519,.F.);
#1519 = EDGE_CURVE('',#1461,#1520,#1522,.T.);
#1520 = VERTEX_POINT('',#1521);
#1521 = CARTESIAN_POINT('',(-1.666666666667,2.041077998579E-16,1.38));
#1522 = LINE('',#1523,#1524);
#1523 = CARTESIAN_POINT('',(-1.666666666667,2.041077998579E-16,1.38));
#1524 = VECTOR('',#1525,1.);
#1525 = DIRECTION('',(0.707106781187,-8.659560562349E-17,-0.707106781187
    ));
#1526 = ORIENTED_EDGE('',*,*,#1460,.T.);
#1527 = ORIENTED_EDGE('',*,*,#1519,.T.);
#1528 = ORIENTED_EDGE('',*,*,#1529,.F.);
#1529 = EDGE_CURVE('',#1520,#1520,#1530,.T.);
#1530 = CIRCLE('',#1531,1.666666666667);
#1531 = AXIS2_PLACEMENT_3D('',#1532,#1533,#1534);
#1532 = CARTESIAN_POINT('',(0.,0.,1.38));
#1533 = DIRECTION('',(0.,0.,-1.));
#1534 = DIRECTION('',(-1.,1.224646799147E-16,0.));
#1535 = CONICAL_SURFACE('',#1536,1.666666666667,0.785398163397);
#1536 = AXIS2_PLACEMENT_3D('',#1537,#1538,#1539);
#1537 = CARTESIAN_POINT('',(0.,0.,1.38));
#1538 = DIRECTION('',(0.,0.,1.));
#1539 = DIRECTION('',(-1.,1.224646799147E-16,0.));
#1540 = ADVANCED_FACE('',(#1541),#1568,.T.);
#1541 = FACE_BOUND('',#1542,.T.);
#1542 = EDGE_LOOP('',(#1543,#1552,#1560,#1567));
#1543 = ORIENTED_EDGE('',*,*,#1544,.T.);
#1544 = EDGE_CURVE('',#1472,#1545,#1547,.T.);
#1545 = VERTEX_POINT('',#1546);
#1546 = CARTESIAN_POINT('',(1.464466094067,-2.5,1.62));
#1547 = ELLIPSE('',#1548,8.659137602339E-02,8.E-02);
#1548 = AXIS2_PLACEMENT_3D('',#1549,#1550,#1551);
#1549 = CARTESIAN_POINT('',(1.431329009077,-2.42,1.62));
#1550 = DIRECTION('',(0.923879532511,0.382683432365,-0.));
#1551 = DIRECTION('',(-0.382683432365,0.923879532511,0.));
#1552 = ORIENTED_EDGE('',*,*,#1553,.T.);
#1553 = EDGE_CURVE('',#1545,#1554,#1556,.T.);
#1554 = VERTEX_POINT('',#1555);
#1555 = CARTESIAN_POINT('',(2.5,-1.464466094067,1.62));
#1556 = LINE('',#1557,#1558);
#1557 = CARTESIAN_POINT('',(1.464466094067,-2.5,1.62));
#1558 = VECTOR('',#1559,1.);
#1559 = DIRECTION('',(0.707106781187,0.707106781187,0.));
#1560 = ORIENTED_EDGE('',*,*,#1561,.F.);
#1561 = EDGE_CURVE('',#1474,#1554,#1562,.T.);
#1562 = ELLIPSE('',#1563,8.659137602339E-02,8.E-02);
#1563 = AXIS2_PLACEMENT_3D('',#1564,#1565,#1566);
#1564 = CARTESIAN_POINT('',(2.42,-1.431329009077,1.62));
#1565 = DIRECTION('',(0.382683432365,0.923879532511,0.));
#1566 = DIRECTION('',(0.923879532511,-0.382683432365,0.));
#1567 = ORIENTED_EDGE('',*,*,#1471,.F.);
#1568 = CYLINDRICAL_SURFACE('',#1569,8.E-02);
#1569 = AXIS2_PLACEMENT_3D('',#1570,#1571,#1572);
#1570 = CARTESIAN_POINT('',(1.407897551572,-2.443431457505,1.62));
#1571 = DIRECTION('',(0.707106781187,0.707106781187,0.));
#1572 = DIRECTION('',(0.,-0.,1.));
#1573 = ADVANCED_FACE('',(#1574),#1593,.T.);
#1574 = FACE_BOUND('',#1575,.T.);
#1575 = EDGE_LOOP('',(#1576,#1585,#1591,#1592));
#1576 = ORIENTED_EDGE('',*,*,#1577,.F.);
#1577 = EDGE_CURVE('',#1578,#1498,#1580,.T.);
#1578 = VERTEX_POINT('',#1579);
#1579 = CARTESIAN_POINT('',(-2.5,-2.5,1.62));
#1580 = ELLIPSE('',#1581,0.11313708499,8.E-02);
#1581 = AXIS2_PLACEMENT_3D('',#1582,#1583,#1584);
#1582 = CARTESIAN_POINT('',(-2.42,-2.42,1.62));
#1583 = DIRECTION('',(-0.707106781187,0.707106781187,0.));
#1584 = DIRECTION('',(-0.707106781187,-0.707106781187,0.));
#1585 = ORIENTED_EDGE('',*,*,#1586,.T.);
#1586 = EDGE_CURVE('',#1578,#1545,#1587,.T.);
#1587 = LINE('',#1588,#1589);
#1588 = CARTESIAN_POINT('',(-2.5,-2.5,1.62));
#1589 = VECTOR('',#1590,1.);
#1590 = DIRECTION('',(1.,-1.224646799147E-16,0.));
#1591 = ORIENTED_EDGE('',*,*,#1544,.F.);
#1592 = ORIENTED_EDGE('',*,*,#1505,.F.);
#1593 = CYLINDRICAL_SURFACE('',#1594,8.E-02);
#1594 = AXIS2_PLACEMENT_3D('',#1595,#1596,#1597);
#1595 = CARTESIAN_POINT('',(-2.5,-2.42,1.62));
#1596 = DIRECTION('',(1.,-1.224646799147E-16,0.));
#1597 = DIRECTION('',(0.,0.,1.));
#1598 = ADVANCED_FACE('',(#1599),#1618,.T.);
#1599 = FACE_BOUND('',#1600,.T.);
#1600 = EDGE_LOOP('',(#1601,#1609,#1616,#1617));
#1601 = ORIENTED_EDGE('',*,*,#1602,.T.);
#1602 = EDGE_CURVE('',#1554,#1603,#1605,.T.);
#1603 = VERTEX_POINT('',#1604);
#1604 = CARTESIAN_POINT('',(2.5,2.5,1.62));
#1605 = LINE('',#1606,#1607);
#1606 = CARTESIAN_POINT('',(2.5,-1.464466094067,1.62));
#1607 = VECTOR('',#1608,1.);
#1608 = DIRECTION('',(1.224646799147E-16,1.,0.));
#1609 = ORIENTED_EDGE('',*,*,#1610,.T.);
#1610 = EDGE_CURVE('',#1603,#1482,#1611,.T.);
#1611 = ELLIPSE('',#1612,0.11313708499,8.E-02);
#1612 = AXIS2_PLACEMENT_3D('',#1613,#1614,#1615);
#1613 = CARTESIAN_POINT('',(2.42,2.42,1.62));
#1614 = DIRECTION('',(0.707106781187,-0.707106781187,-0.));
#1615 = DIRECTION('',(-0.707106781187,-0.707106781187,0.));
#1616 = ORIENTED_EDGE('',*,*,#1481,.F.);
#1617 = ORIENTED_EDGE('',*,*,#1561,.T.);
#1618 = CYLINDRICAL_SURFACE('',#1619,8.E-02);
#1619 = AXIS2_PLACEMENT_3D('',#1620,#1621,#1622);
#1620 = CARTESIAN_POINT('',(2.42,-1.464466094067,1.62));
#1621 = DIRECTION('',(1.224646799147E-16,1.,0.));
#1622 = DIRECTION('',(1.,-1.224646799147E-16,0.));
#1623 = ADVANCED_FACE('',(#1624),#1643,.T.);
#1624 = FACE_BOUND('',#1625,.T.);
#1625 = EDGE_LOOP('',(#1626,#1634,#1635,#1636));
#1626 = ORIENTED_EDGE('',*,*,#1627,.T.);
#1627 = EDGE_CURVE('',#1628,#1578,#1630,.T.);
#1628 = VERTEX_POINT('',#1629);
#1629 = CARTESIAN_POINT('',(-2.5,2.5,1.62));
#1630 = LINE('',#1631,#1632);
#1631 = CARTESIAN_POINT('',(-2.5,2.5,1.62));
#1632 = VECTOR('',#1633,1.);
#1633 = DIRECTION('',(-1.224646799147E-16,-1.,0.));
#1634 = ORIENTED_EDGE('',*,*,#1577,.T.);
#1635 = ORIENTED_EDGE('',*,*,#1497,.F.);
#1636 = ORIENTED_EDGE('',*,*,#1637,.F.);
#1637 = EDGE_CURVE('',#1628,#1490,#1638,.T.);
#1638 = ELLIPSE('',#1639,0.11313708499,8.E-02);
#1639 = AXIS2_PLACEMENT_3D('',#1640,#1641,#1642);
#1640 = CARTESIAN_POINT('',(-2.42,2.42,1.62));
#1641 = DIRECTION('',(0.707106781187,0.707106781187,-0.));
#1642 = DIRECTION('',(-0.707106781187,0.707106781187,0.));
#1643 = CYLINDRICAL_SURFACE('',#1644,8.E-02);
#1644 = AXIS2_PLACEMENT_3D('',#1645,#1646,#1647);
#1645 = CARTESIAN_POINT('',(-2.42,2.5,1.62));
#1646 = DIRECTION('',(-1.224646799147E-16,-1.,0.));
#1647 = DIRECTION('',(-1.,1.224646799147E-16,0.));
#1648 = ADVANCED_FACE('',(#1649),#1660,.T.);
#1649 = FACE_BOUND('',#1650,.T.);
#1650 = EDGE_LOOP('',(#1651,#1657,#1658,#1659));
#1651 = ORIENTED_EDGE('',*,*,#1652,.T.);
#1652 = EDGE_CURVE('',#1603,#1628,#1653,.T.);
#1653 = LINE('',#1654,#1655);
#1654 = CARTESIAN_POINT('',(2.5,2.5,1.62));
#1655 = VECTOR('',#1656,1.);
#1656 = DIRECTION('',(-1.,1.224646799147E-16,0.));
#1657 = ORIENTED_EDGE('',*,*,#1637,.T.);
#1658 = ORIENTED_EDGE('',*,*,#1489,.F.);
#1659 = ORIENTED_EDGE('',*,*,#1610,.F.);
#1660 = CYLINDRICAL_SURFACE('',#1661,8.E-02);
#1661 = AXIS2_PLACEMENT_3D('',#1662,#1663,#1664);
#1662 = CARTESIAN_POINT('',(2.5,2.42,1.62));
#1663 = DIRECTION('',(-1.,1.224646799147E-16,0.));
#1664 = DIRECTION('',(1.224646799147E-16,1.,0.));
#1665 = ADVANCED_FACE('',(#1666),#1685,.F.);
#1666 = FACE_BOUND('',#1667,.F.);
#1667 = EDGE_LOOP('',(#1668,#1676,#1677,#1678));
#1668 = ORIENTED_EDGE('',*,*,#1669,.T.);
#1669 = EDGE_CURVE('',#1670,#1520,#1672,.T.);
#1670 = VERTEX_POINT('',#1671);
#1671 = CARTESIAN_POINT('',(-1.666666666667,2.041077998579E-16,1.3));
#1672 = LINE('',#1673,#1674);
#1673 = CARTESIAN_POINT('',(-1.666666666667,2.041077998579E-16,0.9));
#1674 = VECTOR('',#1675,1.);
#1675 = DIRECTION('',(0.,0.,1.));
#1676 = ORIENTED_EDGE('',*,*,#1529,.T.);
#1677 = ORIENTED_EDGE('',*,*,#1669,.F.);
#1678 = ORIENTED_EDGE('',*,*,#1679,.T.);
#1679 = EDGE_CURVE('',#1670,#1670,#1680,.T.);
#1680 = CIRCLE('',#1681,1.666666666667);
#1681 = AXIS2_PLACEMENT_3D('',#1682,#1683,#1684);
#1682 = CARTESIAN_POINT('',(0.,0.,1.3));
#1683 = DIRECTION('',(0.,0.,1.));
#1684 = DIRECTION('',(-1.,1.224646799147E-16,0.));
#1685 = CYLINDRICAL_SURFACE('',#1686,1.666666666667);
#1686 = AXIS2_PLACEMENT_3D('',#1687,#1688,#1689);
#1687 = CARTESIAN_POINT('',(0.,0.,0.9));
#1688 = DIRECTION('',(0.,0.,-1.));
#1689 = DIRECTION('',(-1.,1.224646799147E-16,0.));
#1690 = ADVANCED_FACE('',(#1691),#1716,.T.);
#1691 = FACE_BOUND('',#1692,.T.);
#1692 = EDGE_LOOP('',(#1693,#1701,#1709,#1715));
#1693 = ORIENTED_EDGE('',*,*,#1694,.T.);
#1694 = EDGE_CURVE('',#1545,#1695,#1697,.T.);
#1695 = VERTEX_POINT('',#1696);
#1696 = CARTESIAN_POINT('',(1.464466094067,-2.5,1.38));
#1697 = LINE('',#1698,#1699);
#1698 = CARTESIAN_POINT('',(1.464466094067,-2.5,0.74));
#1699 = VECTOR('',#1700,1.);
#1700 = DIRECTION('',(0.,0.,-1.));
#1701 = ORIENTED_EDGE('',*,*,#1702,.F.);
#1702 = EDGE_CURVE('',#1703,#1695,#1705,.T.);
#1703 = VERTEX_POINT('',#1704);
#1704 = CARTESIAN_POINT('',(2.5,-1.464466094067,1.38));
#1705 = LINE('',#1706,#1707);
#1706 = CARTESIAN_POINT('',(3.75,-0.214466094067,1.38));
#1707 = VECTOR('',#1708,1.);
#1708 = DIRECTION('',(-0.707106781187,-0.707106781187,0.));
#1709 = ORIENTED_EDGE('',*,*,#1710,.T.);
#1710 = EDGE_CURVE('',#1703,#1554,#1711,.T.);
#1711 = LINE('',#1712,#1713);
#1712 = CARTESIAN_POINT('',(2.5,-1.464466094067,0.74));
#1713 = VECTOR('',#1714,1.);
#1714 = DIRECTION('',(0.,0.,1.));
#1715 = ORIENTED_EDGE('',*,*,#1553,.F.);
#1716 = PLANE('',#1717);
#1717 = AXIS2_PLACEMENT_3D('',#1718,#1719,#1720);
#1718 = CARTESIAN_POINT('',(3.75,-0.214466094067,1.38));
#1719 = DIRECTION('',(0.707106781187,-0.707106781187,0.));
#1720 = DIRECTION('',(-0.707106781187,-0.707106781187,0.));
#1721 = ADVANCED_FACE('',(#1722),#1756,.F.);
#1722 = FACE_BOUND('',#1723,.F.);
#1723 = EDGE_LOOP('',(#1724,#1725,#1733,#1741,#1749,#1755));
#1724 = ORIENTED_EDGE('',*,*,#1694,.T.);
#1725 = ORIENTED_EDGE('',*,*,#1726,.T.);
#1726 = EDGE_CURVE('',#1695,#1727,#1729,.T.);
#1727 = VERTEX_POINT('',#1728);
#1728 = CARTESIAN_POINT('',(2.5,-2.5,1.38));
#1729 = LINE('',#1730,#1731);
#1730 = CARTESIAN_POINT('',(0.625,-2.5,1.38));
#1731 = VECTOR('',#1732,1.);
#1732 = DIRECTION('',(1.,-1.224646799147E-16,0.));
#1733 = ORIENTED_EDGE('',*,*,#1734,.F.);
#1734 = EDGE_CURVE('',#1735,#1727,#1737,.T.);
#1735 = VERTEX_POINT('',#1736);
#1736 = CARTESIAN_POINT('',(2.5,-2.5,0.1));
#1737 = LINE('',#1738,#1739);
#1738 = CARTESIAN_POINT('',(2.5,-2.5,0.1));
#1739 = VECTOR('',#1740,1.);
#1740 = DIRECTION('',(0.,0.,1.));
#1741 = ORIENTED_EDGE('',*,*,#1742,.F.);
#1742 = EDGE_CURVE('',#1743,#1735,#1745,.T.);
#1743 = VERTEX_POINT('',#1744);
#1744 = CARTESIAN_POINT('',(-2.5,-2.5,0.1));
#1745 = LINE('',#1746,#1747);
#1746 = CARTESIAN_POINT('',(-2.5,-2.5,0.1));
#1747 = VECTOR('',#1748,1.);
#1748 = DIRECTION('',(1.,-1.224646799147E-16,0.));
#1749 = ORIENTED_EDGE('',*,*,#1750,.T.);
#1750 = EDGE_CURVE('',#1743,#1578,#1751,.T.);
#1751 = LINE('',#1752,#1753);
#1752 = CARTESIAN_POINT('',(-2.5,-2.5,0.1));
#1753 = VECTOR('',#1754,1.);
#1754 = DIRECTION('',(0.,0.,1.));
#1755 = ORIENTED_EDGE('',*,*,#1586,.T.);
#1756 = PLANE('',#1757);
#1757 = AXIS2_PLACEMENT_3D('',#1758,#1759,#1760);
#1758 = CARTESIAN_POINT('',(-2.5,-2.5,0.1));
#1759 = DIRECTION('',(1.224646799147E-16,1.,0.));
#1760 = DIRECTION('',(1.,-1.224646799147E-16,0.));
#1761 = ADVANCED_FACE('',(#1762,#1819,#1853),#1887,.F.);
#1762 = FACE_BOUND('',#1763,.F.);
#1763 = EDGE_LOOP('',(#1764,#1772,#1780,#1788,#1796,#1804,#1810,#1811,
    #1817,#1818));
#1764 = ORIENTED_EDGE('',*,*,#1765,.F.);
#1765 = EDGE_CURVE('',#1766,#1603,#1768,.T.);
#1766 = VERTEX_POINT('',#1767);
#1767 = CARTESIAN_POINT('',(2.5,2.5,0.1));
#1768 = LINE('',#1769,#1770);
#1769 = CARTESIAN_POINT('',(2.5,2.5,0.1));
#1770 = VECTOR('',#1771,1.);
#1771 = DIRECTION('',(0.,0.,1.));
#1772 = ORIENTED_EDGE('',*,*,#1773,.F.);
#1773 = EDGE_CURVE('',#1774,#1766,#1776,.T.);
#1774 = VERTEX_POINT('',#1775);
#1775 = CARTESIAN_POINT('',(2.5,2.1,0.1));
#1776 = LINE('',#1777,#1778);
#1777 = CARTESIAN_POINT('',(2.5,-2.5,0.1));
#1778 = VECTOR('',#1779,1.);
#1779 = DIRECTION('',(1.224646799147E-16,1.,0.));
#1780 = ORIENTED_EDGE('',*,*,#1781,.F.);
#1781 = EDGE_CURVE('',#1782,#1774,#1784,.T.);
#1782 = VERTEX_POINT('',#1783);
#1783 = CARTESIAN_POINT('',(2.5,1.1,0.1));
#1784 = LINE('',#1785,#1786);
#1785 = CARTESIAN_POINT('',(2.5,-2.5,0.1));
#1786 = VECTOR('',#1787,1.);
#1787 = DIRECTION('',(1.224646799147E-16,1.,0.));
#1788 = ORIENTED_EDGE('',*,*,#1789,.F.);
#1789 = EDGE_CURVE('',#1790,#1782,#1792,.T.);
#1790 = VERTEX_POINT('',#1791);
#1791 = CARTESIAN_POINT('',(2.5,-1.1,0.1));
#1792 = LINE('',#1793,#1794);
#1793 = CARTESIAN_POINT('',(2.5,-2.5,0.1));
#1794 = VECTOR('',#1795,1.);
#1795 = DIRECTION('',(1.224646799147E-16,1.,0.));
#1796 = ORIENTED_EDGE('',*,*,#1797,.F.);
#1797 = EDGE_CURVE('',#1798,#1790,#1800,.T.);
#1798 = VERTEX_POINT('',#1799);
#1799 = CARTESIAN_POINT('',(2.5,-2.1,0.1));
#1800 = LINE('',#1801,#1802);
#1801 = CARTESIAN_POINT('',(2.5,-2.5,0.1));
#1802 = VECTOR('',#1803,1.);
#1803 = DIRECTION('',(1.224646799147E-16,1.,0.));
#1804 = ORIENTED_EDGE('',*,*,#1805,.F.);
#1805 = EDGE_CURVE('',#1735,#1798,#1806,.T.);
#1806 = LINE('',#1807,#1808);
#1807 = CARTESIAN_POINT('',(2.5,-2.5,0.1));
#1808 = VECTOR('',#1809,1.);
#1809 = DIRECTION('',(1.224646799147E-16,1.,0.));
#1810 = ORIENTED_EDGE('',*,*,#1734,.T.);
#1811 = ORIENTED_EDGE('',*,*,#1812,.T.);
#1812 = EDGE_CURVE('',#1727,#1703,#1813,.T.);
#1813 = LINE('',#1814,#1815);
#1814 = CARTESIAN_POINT('',(2.5,-3.125,1.38));
#1815 = VECTOR('',#1816,1.);
#1816 = DIRECTION('',(1.224646799147E-16,1.,0.));
#1817 = ORIENTED_EDGE('',*,*,#1710,.T.);
#1818 = ORIENTED_EDGE('',*,*,#1602,.T.);
#1819 = FACE_BOUND('',#1820,.F.);
#1820 = EDGE_LOOP('',(#1821,#1831,#1839,#1847));
#1821 = ORIENTED_EDGE('',*,*,#1822,.F.);
#1822 = EDGE_CURVE('',#1823,#1825,#1827,.T.);
#1823 = VERTEX_POINT('',#1824);
#1824 = CARTESIAN_POINT('',(2.5,-2.1,0.6));
#1825 = VERTEX_POINT('',#1826);
#1826 = CARTESIAN_POINT('',(2.5,-1.1,0.6));
#1827 = LINE('',#1828,#1829);
#1828 = CARTESIAN_POINT('',(2.5,-2.05,0.6));
#1829 = VECTOR('',#1830,1.);
#1830 = DIRECTION('',(1.224646799147E-16,1.,0.));
#1831 = ORIENTED_EDGE('',*,*,#1832,.T.);
#1832 = EDGE_CURVE('',#1823,#1833,#1835,.T.);
#1833 = VERTEX_POINT('',#1834);
#1834 = CARTESIAN_POINT('',(2.5,-2.1,0.5));
#1835 = LINE('',#1836,#1837);
#1836 = CARTESIAN_POINT('',(2.5,-2.1,5.E-02));
#1837 = VECTOR('',#1838,1.);
#1838 = DIRECTION('',(-0.,0.,-1.));
#1839 = ORIENTED_EDGE('',*,*,#1840,.T.);
#1840 = EDGE_CURVE('',#1833,#1841,#1843,.T.);
#1841 = VERTEX_POINT('',#1842);
#1842 = CARTESIAN_POINT('',(2.5,-1.1,0.5));
#1843 = LINE('',#1844,#1845);
#1844 = CARTESIAN_POINT('',(2.5,-2.05,0.5));
#1845 = VECTOR('',#1846,1.);
#1846 = DIRECTION('',(1.224646799147E-16,1.,0.));
#1847 = ORIENTED_EDGE('',*,*,#1848,.T.);
#1848 = EDGE_CURVE('',#1841,#1825,#1849,.T.);
#1849 = LINE('',#1850,#1851);
#1850 = CARTESIAN_POINT('',(2.5,-1.1,5.E-02));
#1851 = VECTOR('',#1852,1.);
#1852 = DIRECTION('',(0.,0.,1.));
#1853 = FACE_BOUND('',#1854,.F.);
#1854 = EDGE_LOOP('',(#1855,#1865,#1873,#1881));
#1855 = ORIENTED_EDGE('',*,*,#1856,.T.);
#1856 = EDGE_CURVE('',#1857,#1859,#1861,.T.);
#1857 = VERTEX_POINT('',#1858);
#1858 = CARTESIAN_POINT('',(2.5,1.1,0.5));
#1859 = VERTEX_POINT('',#1860);
#1860 = CARTESIAN_POINT('',(2.5,2.1,0.5));
#1861 = LINE('',#1862,#1863);
#1862 = CARTESIAN_POINT('',(2.5,-0.45,0.5));
#1863 = VECTOR('',#1864,1.);
#1864 = DIRECTION('',(1.224646799147E-16,1.,0.));
#1865 = ORIENTED_EDGE('',*,*,#1866,.T.);
#1866 = EDGE_CURVE('',#1859,#1867,#1869,.T.);
#1867 = VERTEX_POINT('',#1868);
#1868 = CARTESIAN_POINT('',(2.5,2.1,0.6));
#1869 = LINE('',#1870,#1871);
#1870 = CARTESIAN_POINT('',(2.5,2.1,5.E-02));
#1871 = VECTOR('',#1872,1.);
#1872 = DIRECTION('',(0.,0.,1.));
#1873 = ORIENTED_EDGE('',*,*,#1874,.F.);
#1874 = EDGE_CURVE('',#1875,#1867,#1877,.T.);
#1875 = VERTEX_POINT('',#1876);
#1876 = CARTESIAN_POINT('',(2.5,1.1,0.6));
#1877 = LINE('',#1878,#1879);
#1878 = CARTESIAN_POINT('',(2.5,-0.45,0.6));
#1879 = VECTOR('',#1880,1.);
#1880 = DIRECTION('',(1.224646799147E-16,1.,0.));
#1881 = ORIENTED_EDGE('',*,*,#1882,.T.);
#1882 = EDGE_CURVE('',#1875,#1857,#1883,.T.);
#1883 = LINE('',#1884,#1885);
#1884 = CARTESIAN_POINT('',(2.5,1.1,5.E-02));
#1885 = VECTOR('',#1886,1.);
#1886 = DIRECTION('',(-0.,0.,-1.));
#1887 = PLANE('',#1888);
#1888 = AXIS2_PLACEMENT_3D('',#1889,#1890,#1891);
#1889 = CARTESIAN_POINT('',(2.5,-2.5,0.1));
#1890 = DIRECTION('',(-1.,1.224646799147E-16,0.));
#1891 = DIRECTION('',(1.224646799147E-16,1.,0.));
#1892 = ADVANCED_FACE('',(#1893,#1943,#1977),#2011,.F.);
#1893 = FACE_BOUND('',#1894,.F.);
#1894 = EDGE_LOOP('',(#1895,#1903,#1904,#1905,#1913,#1921,#1929,#1937));
#1895 = ORIENTED_EDGE('',*,*,#1896,.T.);
#1896 = EDGE_CURVE('',#1897,#1628,#1899,.T.);
#1897 = VERTEX_POINT('',#1898);
#1898 = CARTESIAN_POINT('',(-2.5,2.5,0.1));
#1899 = LINE('',#1900,#1901);
#1900 = CARTESIAN_POINT('',(-2.5,2.5,0.1));
#1901 = VECTOR('',#1902,1.);
#1902 = DIRECTION('',(0.,0.,1.));
#1903 = ORIENTED_EDGE('',*,*,#1627,.T.);
#1904 = ORIENTED_EDGE('',*,*,#1750,.F.);
#1905 = ORIENTED_EDGE('',*,*,#1906,.F.);
#1906 = EDGE_CURVE('',#1907,#1743,#1909,.T.);
#1907 = VERTEX_POINT('',#1908);
#1908 = CARTESIAN_POINT('',(-2.5,-2.1,0.1));
#1909 = LINE('',#1910,#1911);
#1910 = CARTESIAN_POINT('',(-2.5,2.5,0.1));
#1911 = VECTOR('',#1912,1.);
#1912 = DIRECTION('',(-1.224646799147E-16,-1.,0.));
#1913 = ORIENTED_EDGE('',*,*,#1914,.F.);
#1914 = EDGE_CURVE('',#1915,#1907,#1917,.T.);
#1915 = VERTEX_POINT('',#1916);
#1916 = CARTESIAN_POINT('',(-2.5,-1.1,0.1));
#1917 = LINE('',#1918,#1919);
#1918 = CARTESIAN_POINT('',(-2.5,2.5,0.1));
#1919 = VECTOR('',#1920,1.);
#1920 = DIRECTION('',(-1.224646799147E-16,-1.,0.));
#1921 = ORIENTED_EDGE('',*,*,#1922,.F.);
#1922 = EDGE_CURVE('',#1923,#1915,#1925,.T.);
#1923 = VERTEX_POINT('',#1924);
#1924 = CARTESIAN_POINT('',(-2.5,1.1,0.1));
#1925 = LINE('',#1926,#1927);
#1926 = CARTESIAN_POINT('',(-2.5,2.5,0.1));
#1927 = VECTOR('',#1928,1.);
#1928 = DIRECTION('',(-1.224646799147E-16,-1.,0.));
#1929 = ORIENTED_EDGE('',*,*,#1930,.F.);
#1930 = EDGE_CURVE('',#1931,#1923,#1933,.T.);
#1931 = VERTEX_POINT('',#1932);
#1932 = CARTESIAN_POINT('',(-2.5,2.1,0.1));
#1933 = LINE('',#1934,#1935);
#1934 = CARTESIAN_POINT('',(-2.5,2.5,0.1));
#1935 = VECTOR('',#1936,1.);
#1936 = DIRECTION('',(-1.224646799147E-16,-1.,0.));
#1937 = ORIENTED_EDGE('',*,*,#1938,.F.);
#1938 = EDGE_CURVE('',#1897,#1931,#1939,.T.);
#1939 = LINE('',#1940,#1941);
#1940 = CARTESIAN_POINT('',(-2.5,2.5,0.1));
#1941 = VECTOR('',#1942,1.);
#1942 = DIRECTION('',(-1.224646799147E-16,-1.,0.));
#1943 = FACE_BOUND('',#1944,.F.);
#1944 = EDGE_LOOP('',(#1945,#1955,#1963,#1971));
#1945 = ORIENTED_EDGE('',*,*,#1946,.T.);
#1946 = EDGE_CURVE('',#1947,#1949,#1951,.T.);
#1947 = VERTEX_POINT('',#1948);
#1948 = CARTESIAN_POINT('',(-2.5,-1.1,0.5));
#1949 = VERTEX_POINT('',#1950);
#1950 = CARTESIAN_POINT('',(-2.5,-2.1,0.5));
#1951 = LINE('',#1952,#1953);
#1952 = CARTESIAN_POINT('',(-2.5,0.45,0.5));
#1953 = VECTOR('',#1954,1.);
#1954 = DIRECTION('',(-1.224646799147E-16,-1.,0.));
#1955 = ORIENTED_EDGE('',*,*,#1956,.T.);
#1956 = EDGE_CURVE('',#1949,#1957,#1959,.T.);
#1957 = VERTEX_POINT('',#1958);
#1958 = CARTESIAN_POINT('',(-2.5,-2.1,0.6));
#1959 = LINE('',#1960,#1961);
#1960 = CARTESIAN_POINT('',(-2.5,-2.1,5.E-02));
#1961 = VECTOR('',#1962,1.);
#1962 = DIRECTION('',(0.,0.,1.));
#1963 = ORIENTED_EDGE('',*,*,#1964,.F.);
#1964 = EDGE_CURVE('',#1965,#1957,#1967,.T.);
#1965 = VERTEX_POINT('',#1966);
#1966 = CARTESIAN_POINT('',(-2.5,-1.1,0.6));
#1967 = LINE('',#1968,#1969);
#1968 = CARTESIAN_POINT('',(-2.5,0.45,0.6));
#1969 = VECTOR('',#1970,1.);
#1970 = DIRECTION('',(-1.224646799147E-16,-1.,0.));
#1971 = ORIENTED_EDGE('',*,*,#1972,.T.);
#1972 = EDGE_CURVE('',#1965,#1947,#1973,.T.);
#1973 = LINE('',#1974,#1975);
#1974 = CARTESIAN_POINT('',(-2.5,-1.1,5.E-02));
#1975 = VECTOR('',#1976,1.);
#1976 = DIRECTION('',(-0.,0.,-1.));
#1977 = FACE_BOUND('',#1978,.F.);
#1978 = EDGE_LOOP('',(#1979,#1989,#1997,#2005));
#1979 = ORIENTED_EDGE('',*,*,#1980,.F.);
#1980 = EDGE_CURVE('',#1981,#1983,#1985,.T.);
#1981 = VERTEX_POINT('',#1982);
#1982 = CARTESIAN_POINT('',(-2.5,2.1,0.6));
#1983 = VERTEX_POINT('',#1984);
#1984 = CARTESIAN_POINT('',(-2.5,1.1,0.6));
#1985 = LINE('',#1986,#1987);
#1986 = CARTESIAN_POINT('',(-2.5,2.05,0.6));
#1987 = VECTOR('',#1988,1.);
#1988 = DIRECTION('',(-1.224646799147E-16,-1.,0.));
#1989 = ORIENTED_EDGE('',*,*,#1990,.T.);
#1990 = EDGE_CURVE('',#1981,#1991,#1993,.T.);
#1991 = VERTEX_POINT('',#1992);
#1992 = CARTESIAN_POINT('',(-2.5,2.1,0.5));
#1993 = LINE('',#1994,#1995);
#1994 = CARTESIAN_POINT('',(-2.5,2.1,5.E-02));
#1995 = VECTOR('',#1996,1.);
#1996 = DIRECTION('',(-0.,0.,-1.));
#1997 = ORIENTED_EDGE('',*,*,#1998,.T.);
#1998 = EDGE_CURVE('',#1991,#1999,#2001,.T.);
#1999 = VERTEX_POINT('',#2000);
#2000 = CARTESIAN_POINT('',(-2.5,1.1,0.5));
#2001 = LINE('',#2002,#2003);
#2002 = CARTESIAN_POINT('',(-2.5,2.05,0.5));
#2003 = VECTOR('',#2004,1.);
#2004 = DIRECTION('',(-1.224646799147E-16,-1.,0.));
#2005 = ORIENTED_EDGE('',*,*,#2006,.T.);
#2006 = EDGE_CURVE('',#1999,#1983,#2007,.T.);
#2007 = LINE('',#2008,#2009);
#2008 = CARTESIAN_POINT('',(-2.5,1.1,5.E-02));
#2009 = VECTOR('',#2010,1.);
#2010 = DIRECTION('',(0.,0.,1.));
#2011 = PLANE('',#2012);
#2012 = AXIS2_PLACEMENT_3D('',#2013,#2014,#2015);
#2013 = CARTESIAN_POINT('',(-2.5,2.5,0.1));
#2014 = DIRECTION('',(1.,-1.224646799147E-16,0.));
#2015 = DIRECTION('',(-1.224646799147E-16,-1.,0.));
#2016 = ADVANCED_FACE('',(#2017),#2028,.F.);
#2017 = FACE_BOUND('',#2018,.F.);
#2018 = EDGE_LOOP('',(#2019,#2020,#2021,#2022));
#2019 = ORIENTED_EDGE('',*,*,#1765,.T.);
#2020 = ORIENTED_EDGE('',*,*,#1652,.T.);
#2021 = ORIENTED_EDGE('',*,*,#1896,.F.);
#2022 = ORIENTED_EDGE('',*,*,#2023,.F.);
#2023 = EDGE_CURVE('',#1766,#1897,#2024,.T.);
#2024 = LINE('',#2025,#2026);
#2025 = CARTESIAN_POINT('',(2.5,2.5,0.1));
#2026 = VECTOR('',#2027,1.);
#2027 = DIRECTION('',(-1.,1.224646799147E-16,0.));
#2028 = PLANE('',#2029);
#2029 = AXIS2_PLACEMENT_3D('',#2030,#2031,#2032);
#2030 = CARTESIAN_POINT('',(2.5,2.5,0.1));
#2031 = DIRECTION('',(-1.224646799147E-16,-1.,0.));
#2032 = DIRECTION('',(-1.,1.224646799147E-16,0.));
#2033 = ADVANCED_FACE('',(#2034),#2037,.T.);
#2034 = FACE_BOUND('',#2035,.T.);
#2035 = EDGE_LOOP('',(#2036));
#2036 = ORIENTED_EDGE('',*,*,#1679,.T.);
#2037 = PLANE('',#2038);
#2038 = AXIS2_PLACEMENT_3D('',#2039,#2040,#2041);
#2039 = CARTESIAN_POINT('',(1.538370149107E-16,-1.370800865949E-16,1.3)
  );
#2040 = DIRECTION('',(-4.787743803777E-49,7.264797914051E-33,1.));
#2041 = DIRECTION('',(-1.224646799147E-16,-1.,7.264797914051E-33));
#2042 = ADVANCED_FACE('',(#2043),#2048,.T.);
#2043 = FACE_BOUND('',#2044,.T.);
#2044 = EDGE_LOOP('',(#2045,#2046,#2047));
#2045 = ORIENTED_EDGE('',*,*,#1812,.T.);
#2046 = ORIENTED_EDGE('',*,*,#1702,.T.);
#2047 = ORIENTED_EDGE('',*,*,#1726,.T.);
#2048 = PLANE('',#2049);
#2049 = AXIS2_PLACEMENT_3D('',#2050,#2051,#2052);
#2050 = CARTESIAN_POINT('',(3.75,-3.75,1.38));
#2051 = DIRECTION('',(0.,0.,1.));
#2052 = DIRECTION('',(-0.707106781187,-0.707106781187,0.));
#2053 = ADVANCED_FACE('',(#2054),#2216,.F.);
#2054 = FACE_BOUND('',#2055,.F.);
#2055 = EDGE_LOOP('',(#2056,#2057,#2058,#2059,#2067,#2075,#2083,#2091,
    #2097,#2098,#2106,#2114,#2122,#2130,#2136,#2137,#2138,#2139,#2147,
    #2155,#2163,#2171,#2177,#2178,#2186,#2194,#2202,#2210));
#2056 = ORIENTED_EDGE('',*,*,#1773,.T.);
#2057 = ORIENTED_EDGE('',*,*,#2023,.T.);
#2058 = ORIENTED_EDGE('',*,*,#1938,.T.);
#2059 = ORIENTED_EDGE('',*,*,#2060,.F.);
#2060 = EDGE_CURVE('',#2061,#1931,#2063,.T.);
#2061 = VERTEX_POINT('',#2062);
#2062 = CARTESIAN_POINT('',(-1.85,2.1,0.1));
#2063 = LINE('',#2064,#2065);
#2064 = CARTESIAN_POINT('',(-1.95,2.1,0.1));
#2065 = VECTOR('',#2066,1.);
#2066 = DIRECTION('',(-1.,1.224646799147E-16,1.44444745829E-33));
#2067 = ORIENTED_EDGE('',*,*,#2068,.T.);
#2068 = EDGE_CURVE('',#2061,#2069,#2071,.T.);
#2069 = VERTEX_POINT('',#2070);
#2070 = CARTESIAN_POINT('',(-1.7,2.1,0.1));
#2071 = LINE('',#2072,#2073);
#2072 = CARTESIAN_POINT('',(-0.85,2.1,0.1));
#2073 = VECTOR('',#2074,1.);
#2074 = DIRECTION('',(1.,-1.224646799147E-16,0.));
#2075 = ORIENTED_EDGE('',*,*,#2076,.T.);
#2076 = EDGE_CURVE('',#2069,#2077,#2079,.T.);
#2077 = VERTEX_POINT('',#2078);
#2078 = CARTESIAN_POINT('',(-1.7,1.1,0.1));
#2079 = LINE('',#2080,#2081);
#2080 = CARTESIAN_POINT('',(-1.7,0.55,0.1));
#2081 = VECTOR('',#2082,1.);
#2082 = DIRECTION('',(-1.224646799147E-16,-1.,0.));
#2083 = ORIENTED_EDGE('',*,*,#2084,.T.);
#2084 = EDGE_CURVE('',#2077,#2085,#2087,.T.);
#2085 = VERTEX_POINT('',#2086);
#2086 = CARTESIAN_POINT('',(-1.85,1.1,0.1));
#2087 = LINE('',#2088,#2089);
#2088 = CARTESIAN_POINT('',(-1.35,1.1,0.1));
#2089 = VECTOR('',#2090,1.);
#2090 = DIRECTION('',(-1.,1.224646799147E-16,0.));
#2091 = ORIENTED_EDGE('',*,*,#2092,.F.);
#2092 = EDGE_CURVE('',#1923,#2085,#2093,.T.);
#2093 = LINE('',#2094,#2095);
#2094 = CARTESIAN_POINT('',(-2.45,1.1,0.1));
#2095 = VECTOR('',#2096,1.);
#2096 = DIRECTION('',(1.,-1.224646799147E-16,-1.44444745829E-33));
#2097 = ORIENTED_EDGE('',*,*,#1922,.T.);
#2098 = ORIENTED_EDGE('',*,*,#2099,.F.);
#2099 = EDGE_CURVE('',#2100,#1915,#2102,.T.);
#2100 = VERTEX_POINT('',#2101);
#2101 = CARTESIAN_POINT('',(-1.85,-1.1,0.1));
#2102 = LINE('',#2103,#2104);
#2103 = CARTESIAN_POINT('',(-1.95,-1.1,0.1));
#2104 = VECTOR('',#2105,1.);
#2105 = DIRECTION('',(-1.,1.224646799147E-16,1.44444745829E-33));
#2106 = ORIENTED_EDGE('',*,*,#2107,.T.);
#2107 = EDGE_CURVE('',#2100,#2108,#2110,.T.);
#2108 = VERTEX_POINT('',#2109);
#2109 = CARTESIAN_POINT('',(-1.7,-1.1,0.1));
#2110 = LINE('',#2111,#2112);
#2111 = CARTESIAN_POINT('',(-0.85,-1.1,0.1));
#2112 = VECTOR('',#2113,1.);
#2113 = DIRECTION('',(1.,-1.224646799147E-16,0.));
#2114 = ORIENTED_EDGE('',*,*,#2115,.T.);
#2115 = EDGE_CURVE('',#2108,#2116,#2118,.T.);
#2116 = VERTEX_POINT('',#2117);
#2117 = CARTESIAN_POINT('',(-1.7,-2.1,0.1));
#2118 = LINE('',#2119,#2120);
#2119 = CARTESIAN_POINT('',(-1.7,-1.05,0.1));
#2120 = VECTOR('',#2121,1.);
#2121 = DIRECTION('',(-1.224646799147E-16,-1.,0.));
#2122 = ORIENTED_EDGE('',*,*,#2123,.T.);
#2123 = EDGE_CURVE('',#2116,#2124,#2126,.T.);
#2124 = VERTEX_POINT('',#2125);
#2125 = CARTESIAN_POINT('',(-1.85,-2.1,0.1));
#2126 = LINE('',#2127,#2128);
#2127 = CARTESIAN_POINT('',(-1.35,-2.1,0.1));
#2128 = VECTOR('',#2129,1.);
#2129 = DIRECTION('',(-1.,1.224646799147E-16,0.));
#2130 = ORIENTED_EDGE('',*,*,#2131,.F.);
#2131 = EDGE_CURVE('',#1907,#2124,#2132,.T.);
#2132 = LINE('',#2133,#2134);
#2133 = CARTESIAN_POINT('',(-2.45,-2.1,0.1));
#2134 = VECTOR('',#2135,1.);
#2135 = DIRECTION('',(1.,-1.224646799147E-16,-1.44444745829E-33));
#2136 = ORIENTED_EDGE('',*,*,#1906,.T.);
#2137 = ORIENTED_EDGE('',*,*,#1742,.T.);
#2138 = ORIENTED_EDGE('',*,*,#1805,.T.);
#2139 = ORIENTED_EDGE('',*,*,#2140,.F.);
#2140 = EDGE_CURVE('',#2141,#1798,#2143,.T.);
#2141 = VERTEX_POINT('',#2142);
#2142 = CARTESIAN_POINT('',(1.85,-2.1,0.1));
#2143 = LINE('',#2144,#2145);
#2144 = CARTESIAN_POINT('',(1.95,-2.1,0.1));
#2145 = VECTOR('',#2146,1.);
#2146 = DIRECTION('',(1.,-1.224646799147E-16,-1.44444745829E-33));
#2147 = ORIENTED_EDGE('',*,*,#2148,.T.);
#2148 = EDGE_CURVE('',#2141,#2149,#2151,.T.);
#2149 = VERTEX_POINT('',#2150);
#2150 = CARTESIAN_POINT('',(1.7,-2.1,0.1));
#2151 = LINE('',#2152,#2153);
#2152 = CARTESIAN_POINT('',(0.85,-2.1,0.1));
#2153 = VECTOR('',#2154,1.);
#2154 = DIRECTION('',(-1.,1.224646799147E-16,0.));
#2155 = ORIENTED_EDGE('',*,*,#2156,.T.);
#2156 = EDGE_CURVE('',#2149,#2157,#2159,.T.);
#2157 = VERTEX_POINT('',#2158);
#2158 = CARTESIAN_POINT('',(1.7,-1.1,0.1));
#2159 = LINE('',#2160,#2161);
#2160 = CARTESIAN_POINT('',(1.7,-0.55,0.1));
#2161 = VECTOR('',#2162,1.);
#2162 = DIRECTION('',(1.224646799147E-16,1.,0.));
#2163 = ORIENTED_EDGE('',*,*,#2164,.T.);
#2164 = EDGE_CURVE('',#2157,#2165,#2167,.T.);
#2165 = VERTEX_POINT('',#2166);
#2166 = CARTESIAN_POINT('',(1.85,-1.1,0.1));
#2167 = LINE('',#2168,#2169);
#2168 = CARTESIAN_POINT('',(1.35,-1.1,0.1));
#2169 = VECTOR('',#2170,1.);
#2170 = DIRECTION('',(1.,-1.224646799147E-16,0.));
#2171 = ORIENTED_EDGE('',*,*,#2172,.F.);
#2172 = EDGE_CURVE('',#1790,#2165,#2173,.T.);
#2173 = LINE('',#2174,#2175);
#2174 = CARTESIAN_POINT('',(2.45,-1.1,0.1));
#2175 = VECTOR('',#2176,1.);
#2176 = DIRECTION('',(-1.,1.224646799147E-16,1.44444745829E-33));
#2177 = ORIENTED_EDGE('',*,*,#1789,.T.);
#2178 = ORIENTED_EDGE('',*,*,#2179,.F.);
#2179 = EDGE_CURVE('',#2180,#1782,#2182,.T.);
#2180 = VERTEX_POINT('',#2181);
#2181 = CARTESIAN_POINT('',(1.85,1.1,0.1));
#2182 = LINE('',#2183,#2184);
#2183 = CARTESIAN_POINT('',(1.95,1.1,0.1));
#2184 = VECTOR('',#2185,1.);
#2185 = DIRECTION('',(1.,-1.224646799147E-16,-1.44444745829E-33));
#2186 = ORIENTED_EDGE('',*,*,#2187,.T.);
#2187 = EDGE_CURVE('',#2180,#2188,#2190,.T.);
#2188 = VERTEX_POINT('',#2189);
#2189 = CARTESIAN_POINT('',(1.7,1.1,0.1));
#2190 = LINE('',#2191,#2192);
#2191 = CARTESIAN_POINT('',(0.85,1.1,0.1));
#2192 = VECTOR('',#2193,1.);
#2193 = DIRECTION('',(-1.,1.224646799147E-16,0.));
#2194 = ORIENTED_EDGE('',*,*,#2195,.T.);
#2195 = EDGE_CURVE('',#2188,#2196,#2198,.T.);
#2196 = VERTEX_POINT('',#2197);
#2197 = CARTESIAN_POINT('',(1.7,2.1,0.1));
#2198 = LINE('',#2199,#2200);
#2199 = CARTESIAN_POINT('',(1.7,1.05,0.1));
#2200 = VECTOR('',#2201,1.);
#2201 = DIRECTION('',(1.224646799147E-16,1.,0.));
#2202 = ORIENTED_EDGE('',*,*,#2203,.T.);
#2203 = EDGE_CURVE('',#2196,#2204,#2206,.T.);
#2204 = VERTEX_POINT('',#2205);
#2205 = CARTESIAN_POINT('',(1.85,2.1,0.1));
#2206 = LINE('',#2207,#2208);
#2207 = CARTESIAN_POINT('',(1.35,2.1,0.1));
#2208 = VECTOR('',#2209,1.);
#2209 = DIRECTION('',(1.,-1.224646799147E-16,0.));
#2210 = ORIENTED_EDGE('',*,*,#2211,.F.);
#2211 = EDGE_CURVE('',#1774,#2204,#2212,.T.);
#2212 = LINE('',#2213,#2214);
#2213 = CARTESIAN_POINT('',(2.45,2.1,0.1));
#2214 = VECTOR('',#2215,1.);
#2215 = DIRECTION('',(-1.,1.224646799147E-16,1.44444745829E-33));
#2216 = PLANE('',#2217);
#2217 = AXIS2_PLACEMENT_3D('',#2218,#2219,#2220);
#2218 = CARTESIAN_POINT('',(0.,0.,0.1));
#2219 = DIRECTION('',(0.,0.,1.));
#2220 = DIRECTION('',(-1.,1.224646799147E-16,0.));
#2221 = ADVANCED_FACE('',(#2222),#2247,.T.);
#2222 = FACE_BOUND('',#2223,.T.);
#2223 = EDGE_LOOP('',(#2224,#2234,#2240,#2241));
#2224 = ORIENTED_EDGE('',*,*,#2225,.T.);
#2225 = EDGE_CURVE('',#2226,#2228,#2230,.T.);
#2226 = VERTEX_POINT('',#2227);
#2227 = CARTESIAN_POINT('',(2.55,1.1,0.1));
#2228 = VERTEX_POINT('',#2229);
#2229 = CARTESIAN_POINT('',(2.55,2.1,0.1));
#2230 = LINE('',#2231,#2232);
#2231 = CARTESIAN_POINT('',(2.55,1.,0.1));
#2232 = VECTOR('',#2233,1.);
#2233 = DIRECTION('',(1.224646799147E-16,1.,0.));
#2234 = ORIENTED_EDGE('',*,*,#2235,.T.);
#2235 = EDGE_CURVE('',#2228,#1774,#2236,.T.);
#2236 = LINE('',#2237,#2238);
#2237 = CARTESIAN_POINT('',(2.45,2.1,0.1));
#2238 = VECTOR('',#2239,1.);
#2239 = DIRECTION('',(-1.,1.224646799147E-16,1.44444745829E-33));
#2240 = ORIENTED_EDGE('',*,*,#1781,.F.);
#2241 = ORIENTED_EDGE('',*,*,#2242,.T.);
#2242 = EDGE_CURVE('',#1782,#2226,#2243,.T.);
#2243 = LINE('',#2244,#2245);
#2244 = CARTESIAN_POINT('',(1.95,1.1,0.1));
#2245 = VECTOR('',#2246,1.);
#2246 = DIRECTION('',(1.,-1.224646799147E-16,-1.44444745829E-33));
#2247 = PLANE('',#2248);
#2248 = AXIS2_PLACEMENT_3D('',#2249,#2250,#2251);
#2249 = CARTESIAN_POINT('',(2.2,1.6,0.1));
#2250 = DIRECTION('',(1.44444745829E-33,-1.768937956332E-49,1.));
#2251 = DIRECTION('',(-1.,1.224646799147E-16,1.44444745829E-33));
#2252 = ADVANCED_FACE('',(#2253),#2278,.T.);
#2253 = FACE_BOUND('',#2254,.T.);
#2254 = EDGE_LOOP('',(#2255,#2265,#2271,#2272));
#2255 = ORIENTED_EDGE('',*,*,#2256,.T.);
#2256 = EDGE_CURVE('',#2257,#2259,#2261,.T.);
#2257 = VERTEX_POINT('',#2258);
#2258 = CARTESIAN_POINT('',(2.55,-2.1,0.1));
#2259 = VERTEX_POINT('',#2260);
#2260 = CARTESIAN_POINT('',(2.55,-1.1,0.1));
#2261 = LINE('',#2262,#2263);
#2262 = CARTESIAN_POINT('',(2.55,-2.2,0.1));
#2263 = VECTOR('',#2264,1.);
#2264 = DIRECTION('',(1.224646799147E-16,1.,0.));
#2265 = ORIENTED_EDGE('',*,*,#2266,.T.);
#2266 = EDGE_CURVE('',#2259,#1790,#2267,.T.);
#2267 = LINE('',#2268,#2269);
#2268 = CARTESIAN_POINT('',(2.45,-1.1,0.1));
#2269 = VECTOR('',#2270,1.);
#2270 = DIRECTION('',(-1.,1.224646799147E-16,1.44444745829E-33));
#2271 = ORIENTED_EDGE('',*,*,#1797,.F.);
#2272 = ORIENTED_EDGE('',*,*,#2273,.T.);
#2273 = EDGE_CURVE('',#1798,#2257,#2274,.T.);
#2274 = LINE('',#2275,#2276);
#2275 = CARTESIAN_POINT('',(1.95,-2.1,0.1));
#2276 = VECTOR('',#2277,1.);
#2277 = DIRECTION('',(1.,-1.224646799147E-16,-1.44444745829E-33));
#2278 = PLANE('',#2279);
#2279 = AXIS2_PLACEMENT_3D('',#2280,#2281,#2282);
#2280 = CARTESIAN_POINT('',(2.2,-1.6,0.1));
#2281 = DIRECTION('',(1.44444745829E-33,-1.768937956332E-49,1.));
#2282 = DIRECTION('',(-1.,1.224646799147E-16,1.44444745829E-33));
#2283 = ADVANCED_FACE('',(#2284),#2309,.T.);
#2284 = FACE_BOUND('',#2285,.T.);
#2285 = EDGE_LOOP('',(#2286,#2296,#2302,#2303));
#2286 = ORIENTED_EDGE('',*,*,#2287,.T.);
#2287 = EDGE_CURVE('',#2288,#2290,#2292,.T.);
#2288 = VERTEX_POINT('',#2289);
#2289 = CARTESIAN_POINT('',(2.65,-2.1,0.6));
#2290 = VERTEX_POINT('',#2291);
#2291 = CARTESIAN_POINT('',(2.65,-1.1,0.6));
#2292 = LINE('',#2293,#2294);
#2293 = CARTESIAN_POINT('',(2.65,-2.1,0.6));
#2294 = VECTOR('',#2295,1.);
#2295 = DIRECTION('',(1.224646799147E-16,1.,0.));
#2296 = ORIENTED_EDGE('',*,*,#2297,.T.);
#2297 = EDGE_CURVE('',#2290,#1825,#2298,.T.);
#2298 = LINE('',#2299,#2300);
#2299 = CARTESIAN_POINT('',(2.7,-1.1,0.6));
#2300 = VECTOR('',#2301,1.);
#2301 = DIRECTION('',(-1.,1.224646799147E-16,0.));
#2302 = ORIENTED_EDGE('',*,*,#1822,.F.);
#2303 = ORIENTED_EDGE('',*,*,#2304,.T.);
#2304 = EDGE_CURVE('',#1823,#2288,#2305,.T.);
#2305 = LINE('',#2306,#2307);
#2306 = CARTESIAN_POINT('',(1.7,-2.1,0.6));
#2307 = VECTOR('',#2308,1.);
#2308 = DIRECTION('',(1.,-1.224646799147E-16,0.));
#2309 = PLANE('',#2310);
#2310 = AXIS2_PLACEMENT_3D('',#2311,#2312,#2313);
#2311 = CARTESIAN_POINT('',(2.2,-1.6,0.6));
#2312 = DIRECTION('',(0.,0.,1.));
#2313 = DIRECTION('',(-1.,1.224646799147E-16,0.));
#2314 = ADVANCED_FACE('',(#2315),#2394,.F.);
#2315 = FACE_BOUND('',#2316,.F.);
#2316 = EDGE_LOOP('',(#2317,#2328,#2336,#2343,#2344,#2345,#2353,#2362,
    #2370,#2377,#2378,#2379,#2380,#2388));
#2317 = ORIENTED_EDGE('',*,*,#2318,.F.);
#2318 = EDGE_CURVE('',#2319,#2321,#2323,.T.);
#2319 = VERTEX_POINT('',#2320);
#2320 = CARTESIAN_POINT('',(2.7,-1.1,5.E-02));
#2321 = VERTEX_POINT('',#2322);
#2322 = CARTESIAN_POINT('',(2.65,-1.1,-6.938893903907E-18));
#2323 = CIRCLE('',#2324,5.E-02);
#2324 = AXIS2_PLACEMENT_3D('',#2325,#2326,#2327);
#2325 = CARTESIAN_POINT('',(2.65,-1.1,5.E-02));
#2326 = DIRECTION('',(1.224646799147E-16,1.,0.));
#2327 = DIRECTION('',(0.,0.,-1.));
#2328 = ORIENTED_EDGE('',*,*,#2329,.T.);
#2329 = EDGE_CURVE('',#2319,#2330,#2332,.T.);
#2330 = VERTEX_POINT('',#2331);
#2331 = CARTESIAN_POINT('',(2.7,-1.1,0.55));
#2332 = LINE('',#2333,#2334);
#2333 = CARTESIAN_POINT('',(2.7,-1.1,0.));
#2334 = VECTOR('',#2335,1.);
#2335 = DIRECTION('',(0.,0.,1.));
#2336 = ORIENTED_EDGE('',*,*,#2337,.T.);
#2337 = EDGE_CURVE('',#2330,#2290,#2338,.T.);
#2338 = CIRCLE('',#2339,5.E-02);
#2339 = AXIS2_PLACEMENT_3D('',#2340,#2341,#2342);
#2340 = CARTESIAN_POINT('',(2.65,-1.1,0.55));
#2341 = DIRECTION('',(-1.224646799147E-16,-1.,0.));
#2342 = DIRECTION('',(-0.,0.,-1.));
#2343 = ORIENTED_EDGE('',*,*,#2297,.T.);
#2344 = ORIENTED_EDGE('',*,*,#1848,.F.);
#2345 = ORIENTED_EDGE('',*,*,#2346,.F.);
#2346 = EDGE_CURVE('',#2347,#1841,#2349,.T.);
#2347 = VERTEX_POINT('',#2348);
#2348 = CARTESIAN_POINT('',(2.55,-1.1,0.5));
#2349 = LINE('',#2350,#2351);
#2350 = CARTESIAN_POINT('',(2.45,-1.1,0.5));
#2351 = VECTOR('',#2352,1.);
#2352 = DIRECTION('',(-1.,1.224646799147E-16,1.44444745829E-33));
#2353 = ORIENTED_EDGE('',*,*,#2354,.T.);
#2354 = EDGE_CURVE('',#2347,#2355,#2357,.T.);
#2355 = VERTEX_POINT('',#2356);
#2356 = CARTESIAN_POINT('',(2.6,-1.1,0.45));
#2357 = CIRCLE('',#2358,5.E-02);
#2358 = AXIS2_PLACEMENT_3D('',#2359,#2360,#2361);
#2359 = CARTESIAN_POINT('',(2.55,-1.1,0.45));
#2360 = DIRECTION('',(1.224646799147E-16,1.,0.));
#2361 = DIRECTION('',(1.,-1.224646799147E-16,0.));
#2362 = ORIENTED_EDGE('',*,*,#2363,.T.);
#2363 = EDGE_CURVE('',#2355,#2364,#2366,.T.);
#2364 = VERTEX_POINT('',#2365);
#2365 = CARTESIAN_POINT('',(2.6,-1.1,0.15));
#2366 = LINE('',#2367,#2368);
#2367 = CARTESIAN_POINT('',(2.6,-1.1,5.E-02));
#2368 = VECTOR('',#2369,1.);
#2369 = DIRECTION('',(0.,-0.,-1.));
#2370 = ORIENTED_EDGE('',*,*,#2371,.T.);
#2371 = EDGE_CURVE('',#2364,#2259,#2372,.T.);
#2372 = CIRCLE('',#2373,5.E-02);
#2373 = AXIS2_PLACEMENT_3D('',#2374,#2375,#2376);
#2374 = CARTESIAN_POINT('',(2.55,-1.1,0.15));
#2375 = DIRECTION('',(1.224646799147E-16,1.,0.));
#2376 = DIRECTION('',(1.,-1.224646799147E-16,0.));
#2377 = ORIENTED_EDGE('',*,*,#2266,.T.);
#2378 = ORIENTED_EDGE('',*,*,#2172,.T.);
#2379 = ORIENTED_EDGE('',*,*,#2164,.F.);
#2380 = ORIENTED_EDGE('',*,*,#2381,.F.);
#2381 = EDGE_CURVE('',#2382,#2157,#2384,.T.);
#2382 = VERTEX_POINT('',#2383);
#2383 = CARTESIAN_POINT('',(1.7,-1.1,0.));
#2384 = LINE('',#2385,#2386);
#2385 = CARTESIAN_POINT('',(1.7,-1.1,0.));
#2386 = VECTOR('',#2387,1.);
#2387 = DIRECTION('',(0.,0.,1.));
#2388 = ORIENTED_EDGE('',*,*,#2389,.F.);
#2389 = EDGE_CURVE('',#2321,#2382,#2390,.T.);
#2390 = LINE('',#2391,#2392);
#2391 = CARTESIAN_POINT('',(2.7,-1.1,0.));
#2392 = VECTOR('',#2393,1.);
#2393 = DIRECTION('',(-1.,1.224646799147E-16,0.));
#2394 = PLANE('',#2395);
#2395 = AXIS2_PLACEMENT_3D('',#2396,#2397,#2398);
#2396 = CARTESIAN_POINT('',(2.7,-1.1,0.));
#2397 = DIRECTION('',(-1.224646799147E-16,-1.,0.));
#2398 = DIRECTION('',(-1.,1.224646799147E-16,0.));
#2399 = ADVANCED_FACE('',(#2400),#2418,.F.);
#2400 = FACE_BOUND('',#2401,.F.);
#2401 = EDGE_LOOP('',(#2402,#2410,#2411,#2412));
#2402 = ORIENTED_EDGE('',*,*,#2403,.T.);
#2403 = EDGE_CURVE('',#2404,#2347,#2406,.T.);
#2404 = VERTEX_POINT('',#2405);
#2405 = CARTESIAN_POINT('',(2.55,-2.1,0.5));
#2406 = LINE('',#2407,#2408);
#2407 = CARTESIAN_POINT('',(2.55,-2.2,0.5));
#2408 = VECTOR('',#2409,1.);
#2409 = DIRECTION('',(1.224646799147E-16,1.,0.));
#2410 = ORIENTED_EDGE('',*,*,#2346,.T.);
#2411 = ORIENTED_EDGE('',*,*,#1840,.F.);
#2412 = ORIENTED_EDGE('',*,*,#2413,.T.);
#2413 = EDGE_CURVE('',#1833,#2404,#2414,.T.);
#2414 = LINE('',#2415,#2416);
#2415 = CARTESIAN_POINT('',(1.95,-2.1,0.5));
#2416 = VECTOR('',#2417,1.);
#2417 = DIRECTION('',(1.,-1.224646799147E-16,-1.44444745829E-33));
#2418 = PLANE('',#2419);
#2419 = AXIS2_PLACEMENT_3D('',#2420,#2421,#2422);
#2420 = CARTESIAN_POINT('',(2.2,-1.6,0.5));
#2421 = DIRECTION('',(1.44444745829E-33,-1.768937956332E-49,1.));
#2422 = DIRECTION('',(-1.,1.224646799147E-16,1.44444745829E-33));
#2423 = ADVANCED_FACE('',(#2424),#2496,.F.);
#2424 = FACE_BOUND('',#2425,.F.);
#2425 = EDGE_LOOP('',(#2426,#2436,#2445,#2453,#2459,#2460,#2461,#2462,
    #2471,#2479,#2486,#2487,#2488,#2489));
#2426 = ORIENTED_EDGE('',*,*,#2427,.F.);
#2427 = EDGE_CURVE('',#2428,#2430,#2432,.T.);
#2428 = VERTEX_POINT('',#2429);
#2429 = CARTESIAN_POINT('',(2.7,-2.1,5.E-02));
#2430 = VERTEX_POINT('',#2431);
#2431 = CARTESIAN_POINT('',(2.7,-2.1,0.55));
#2432 = LINE('',#2433,#2434);
#2433 = CARTESIAN_POINT('',(2.7,-2.1,0.));
#2434 = VECTOR('',#2435,1.);
#2435 = DIRECTION('',(0.,0.,1.));
#2436 = ORIENTED_EDGE('',*,*,#2437,.T.);
#2437 = EDGE_CURVE('',#2428,#2438,#2440,.T.);
#2438 = VERTEX_POINT('',#2439);
#2439 = CARTESIAN_POINT('',(2.65,-2.1,-6.938893903907E-18));
#2440 = CIRCLE('',#2441,5.E-02);
#2441 = AXIS2_PLACEMENT_3D('',#2442,#2443,#2444);
#2442 = CARTESIAN_POINT('',(2.65,-2.1,5.E-02));
#2443 = DIRECTION('',(1.224646799147E-16,1.,0.));
#2444 = DIRECTION('',(0.,0.,-1.));
#2445 = ORIENTED_EDGE('',*,*,#2446,.F.);
#2446 = EDGE_CURVE('',#2447,#2438,#2449,.T.);
#2447 = VERTEX_POINT('',#2448);
#2448 = CARTESIAN_POINT('',(1.7,-2.1,0.));
#2449 = LINE('',#2450,#2451);
#2450 = CARTESIAN_POINT('',(1.7,-2.1,0.));
#2451 = VECTOR('',#2452,1.);
#2452 = DIRECTION('',(1.,-1.224646799147E-16,0.));
#2453 = ORIENTED_EDGE('',*,*,#2454,.T.);
#2454 = EDGE_CURVE('',#2447,#2149,#2455,.T.);
#2455 = LINE('',#2456,#2457);
#2456 = CARTESIAN_POINT('',(1.7,-2.1,0.));
#2457 = VECTOR('',#2458,1.);
#2458 = DIRECTION('',(0.,0.,1.));
#2459 = ORIENTED_EDGE('',*,*,#2148,.F.);
#2460 = ORIENTED_EDGE('',*,*,#2140,.T.);
#2461 = ORIENTED_EDGE('',*,*,#2273,.T.);
#2462 = ORIENTED_EDGE('',*,*,#2463,.F.);
#2463 = EDGE_CURVE('',#2464,#2257,#2466,.T.);
#2464 = VERTEX_POINT('',#2465);
#2465 = CARTESIAN_POINT('',(2.6,-2.1,0.15));
#2466 = CIRCLE('',#2467,5.E-02);
#2467 = AXIS2_PLACEMENT_3D('',#2468,#2469,#2470);
#2468 = CARTESIAN_POINT('',(2.55,-2.1,0.15));
#2469 = DIRECTION('',(1.224646799147E-16,1.,0.));
#2470 = DIRECTION('',(1.,-1.224646799147E-16,0.));
#2471 = ORIENTED_EDGE('',*,*,#2472,.T.);
#2472 = EDGE_CURVE('',#2464,#2473,#2475,.T.);
#2473 = VERTEX_POINT('',#2474);
#2474 = CARTESIAN_POINT('',(2.6,-2.1,0.45));
#2475 = LINE('',#2476,#2477);
#2476 = CARTESIAN_POINT('',(2.6,-2.1,5.E-02));
#2477 = VECTOR('',#2478,1.);
#2478 = DIRECTION('',(0.,0.,1.));
#2479 = ORIENTED_EDGE('',*,*,#2480,.F.);
#2480 = EDGE_CURVE('',#2404,#2473,#2481,.T.);
#2481 = CIRCLE('',#2482,5.E-02);
#2482 = AXIS2_PLACEMENT_3D('',#2483,#2484,#2485);
#2483 = CARTESIAN_POINT('',(2.55,-2.1,0.45));
#2484 = DIRECTION('',(1.224646799147E-16,1.,0.));
#2485 = DIRECTION('',(1.,-1.224646799147E-16,0.));
#2486 = ORIENTED_EDGE('',*,*,#2413,.F.);
#2487 = ORIENTED_EDGE('',*,*,#1832,.F.);
#2488 = ORIENTED_EDGE('',*,*,#2304,.T.);
#2489 = ORIENTED_EDGE('',*,*,#2490,.F.);
#2490 = EDGE_CURVE('',#2430,#2288,#2491,.T.);
#2491 = CIRCLE('',#2492,5.E-02);
#2492 = AXIS2_PLACEMENT_3D('',#2493,#2494,#2495);
#2493 = CARTESIAN_POINT('',(2.65,-2.1,0.55));
#2494 = DIRECTION('',(-1.224646799147E-16,-1.,0.));
#2495 = DIRECTION('',(-0.,0.,-1.));
#2496 = PLANE('',#2497);
#2497 = AXIS2_PLACEMENT_3D('',#2498,#2499,#2500);
#2498 = CARTESIAN_POINT('',(1.7,-2.1,0.));
#2499 = DIRECTION('',(1.224646799147E-16,1.,0.));
#2500 = DIRECTION('',(1.,-1.224646799147E-16,0.));
#2501 = ADVANCED_FACE('',(#2502),#2527,.F.);
#2502 = FACE_BOUND('',#2503,.F.);
#2503 = EDGE_LOOP('',(#2504,#2514,#2520,#2521));
#2504 = ORIENTED_EDGE('',*,*,#2505,.T.);
#2505 = EDGE_CURVE('',#2506,#2508,#2510,.T.);
#2506 = VERTEX_POINT('',#2507);
#2507 = CARTESIAN_POINT('',(2.55,1.1,0.5));
#2508 = VERTEX_POINT('',#2509);
#2509 = CARTESIAN_POINT('',(2.55,2.1,0.5));
#2510 = LINE('',#2511,#2512);
#2511 = CARTESIAN_POINT('',(2.55,1.,0.5));
#2512 = VECTOR('',#2513,1.);
#2513 = DIRECTION('',(1.224646799147E-16,1.,0.));
#2514 = ORIENTED_EDGE('',*,*,#2515,.T.);
#2515 = EDGE_CURVE('',#2508,#1859,#2516,.T.);
#2516 = LINE('',#2517,#2518);
#2517 = CARTESIAN_POINT('',(2.45,2.1,0.5));
#2518 = VECTOR('',#2519,1.);
#2519 = DIRECTION('',(-1.,1.224646799147E-16,1.44444745829E-33));
#2520 = ORIENTED_EDGE('',*,*,#1856,.F.);
#2521 = ORIENTED_EDGE('',*,*,#2522,.T.);
#2522 = EDGE_CURVE('',#1857,#2506,#2523,.T.);
#2523 = LINE('',#2524,#2525);
#2524 = CARTESIAN_POINT('',(1.95,1.1,0.5));
#2525 = VECTOR('',#2526,1.);
#2526 = DIRECTION('',(1.,-1.224646799147E-16,-1.44444745829E-33));
#2527 = PLANE('',#2528);
#2528 = AXIS2_PLACEMENT_3D('',#2529,#2530,#2531);
#2529 = CARTESIAN_POINT('',(2.2,1.6,0.5));
#2530 = DIRECTION('',(1.44444745829E-33,-1.768937956332E-49,1.));
#2531 = DIRECTION('',(-1.,1.224646799147E-16,1.44444745829E-33));
#2532 = ADVANCED_FACE('',(#2533),#2612,.F.);
#2533 = FACE_BOUND('',#2534,.F.);
#2534 = EDGE_LOOP('',(#2535,#2545,#2554,#2562,#2568,#2569,#2570,#2571,
    #2580,#2588,#2595,#2596,#2597,#2605));
#2535 = ORIENTED_EDGE('',*,*,#2536,.F.);
#2536 = EDGE_CURVE('',#2537,#2539,#2541,.T.);
#2537 = VERTEX_POINT('',#2538);
#2538 = CARTESIAN_POINT('',(2.7,1.1,5.E-02));
#2539 = VERTEX_POINT('',#2540);
#2540 = CARTESIAN_POINT('',(2.7,1.1,0.55));
#2541 = LINE('',#2542,#2543);
#2542 = CARTESIAN_POINT('',(2.7,1.1,0.));
#2543 = VECTOR('',#2544,1.);
#2544 = DIRECTION('',(0.,0.,1.));
#2545 = ORIENTED_EDGE('',*,*,#2546,.T.);
#2546 = EDGE_CURVE('',#2537,#2547,#2549,.T.);
#2547 = VERTEX_POINT('',#2548);
#2548 = CARTESIAN_POINT('',(2.65,1.1,-6.938893903907E-18));
#2549 = CIRCLE('',#2550,5.E-02);
#2550 = AXIS2_PLACEMENT_3D('',#2551,#2552,#2553);
#2551 = CARTESIAN_POINT('',(2.65,1.1,5.E-02));
#2552 = DIRECTION('',(1.224646799147E-16,1.,0.));
#2553 = DIRECTION('',(0.,0.,-1.));
#2554 = ORIENTED_EDGE('',*,*,#2555,.F.);
#2555 = EDGE_CURVE('',#2556,#2547,#2558,.T.);
#2556 = VERTEX_POINT('',#2557);
#2557 = CARTESIAN_POINT('',(1.7,1.1,0.));
#2558 = LINE('',#2559,#2560);
#2559 = CARTESIAN_POINT('',(1.7,1.1,0.));
#2560 = VECTOR('',#2561,1.);
#2561 = DIRECTION('',(1.,-1.224646799147E-16,0.));
#2562 = ORIENTED_EDGE('',*,*,#2563,.T.);
#2563 = EDGE_CURVE('',#2556,#2188,#2564,.T.);
#2564 = LINE('',#2565,#2566);
#2565 = CARTESIAN_POINT('',(1.7,1.1,0.));
#2566 = VECTOR('',#2567,1.);
#2567 = DIRECTION('',(0.,0.,1.));
#2568 = ORIENTED_EDGE('',*,*,#2187,.F.);
#2569 = ORIENTED_EDGE('',*,*,#2179,.T.);
#2570 = ORIENTED_EDGE('',*,*,#2242,.T.);
#2571 = ORIENTED_EDGE('',*,*,#2572,.F.);
#2572 = EDGE_CURVE('',#2573,#2226,#2575,.T.);
#2573 = VERTEX_POINT('',#2574);
#2574 = CARTESIAN_POINT('',(2.6,1.1,0.15));
#2575 = CIRCLE('',#2576,5.E-02);
#2576 = AXIS2_PLACEMENT_3D('',#2577,#2578,#2579);
#2577 = CARTESIAN_POINT('',(2.55,1.1,0.15));
#2578 = DIRECTION('',(1.224646799147E-16,1.,0.));
#2579 = DIRECTION('',(1.,-1.224646799147E-16,0.));
#2580 = ORIENTED_EDGE('',*,*,#2581,.T.);
#2581 = EDGE_CURVE('',#2573,#2582,#2584,.T.);
#2582 = VERTEX_POINT('',#2583);
#2583 = CARTESIAN_POINT('',(2.6,1.1,0.45));
#2584 = LINE('',#2585,#2586);
#2585 = CARTESIAN_POINT('',(2.6,1.1,5.E-02));
#2586 = VECTOR('',#2587,1.);
#2587 = DIRECTION('',(0.,0.,1.));
#2588 = ORIENTED_EDGE('',*,*,#2589,.F.);
#2589 = EDGE_CURVE('',#2506,#2582,#2590,.T.);
#2590 = CIRCLE('',#2591,5.E-02);
#2591 = AXIS2_PLACEMENT_3D('',#2592,#2593,#2594);
#2592 = CARTESIAN_POINT('',(2.55,1.1,0.45));
#2593 = DIRECTION('',(1.224646799147E-16,1.,0.));
#2594 = DIRECTION('',(1.,-1.224646799147E-16,0.));
#2595 = ORIENTED_EDGE('',*,*,#2522,.F.);
#2596 = ORIENTED_EDGE('',*,*,#1882,.F.);
#2597 = ORIENTED_EDGE('',*,*,#2598,.T.);
#2598 = EDGE_CURVE('',#1875,#2599,#2601,.T.);
#2599 = VERTEX_POINT('',#2600);
#2600 = CARTESIAN_POINT('',(2.65,1.1,0.6));
#2601 = LINE('',#2602,#2603);
#2602 = CARTESIAN_POINT('',(1.7,1.1,0.6));
#2603 = VECTOR('',#2604,1.);
#2604 = DIRECTION('',(1.,-1.224646799147E-16,0.));
#2605 = ORIENTED_EDGE('',*,*,#2606,.F.);
#2606 = EDGE_CURVE('',#2539,#2599,#2607,.T.);
#2607 = CIRCLE('',#2608,5.E-02);
#2608 = AXIS2_PLACEMENT_3D('',#2609,#2610,#2611);
#2609 = CARTESIAN_POINT('',(2.65,1.1,0.55));
#2610 = DIRECTION('',(-1.224646799147E-16,-1.,0.));
#2611 = DIRECTION('',(-0.,0.,-1.));
#2612 = PLANE('',#2613);
#2613 = AXIS2_PLACEMENT_3D('',#2614,#2615,#2616);
#2614 = CARTESIAN_POINT('',(1.7,1.1,0.));
#2615 = DIRECTION('',(1.224646799147E-16,1.,0.));
#2616 = DIRECTION('',(1.,-1.224646799147E-16,0.));
#2617 = ADVANCED_FACE('',(#2618),#2636,.T.);
#2618 = FACE_BOUND('',#2619,.T.);
#2619 = EDGE_LOOP('',(#2620,#2628,#2634,#2635));
#2620 = ORIENTED_EDGE('',*,*,#2621,.T.);
#2621 = EDGE_CURVE('',#2599,#2622,#2624,.T.);
#2622 = VERTEX_POINT('',#2623);
#2623 = CARTESIAN_POINT('',(2.65,2.1,0.6));
#2624 = LINE('',#2625,#2626);
#2625 = CARTESIAN_POINT('',(2.65,1.1,0.6));
#2626 = VECTOR('',#2627,1.);
#2627 = DIRECTION('',(1.224646799147E-16,1.,0.));
#2628 = ORIENTED_EDGE('',*,*,#2629,.T.);
#2629 = EDGE_CURVE('',#2622,#1867,#2630,.T.);
#2630 = LINE('',#2631,#2632);
#2631 = CARTESIAN_POINT('',(2.7,2.1,0.6));
#2632 = VECTOR('',#2633,1.);
#2633 = DIRECTION('',(-1.,1.224646799147E-16,0.));
#2634 = ORIENTED_EDGE('',*,*,#1874,.F.);
#2635 = ORIENTED_EDGE('',*,*,#2598,.T.);
#2636 = PLANE('',#2637);
#2637 = AXIS2_PLACEMENT_3D('',#2638,#2639,#2640);
#2638 = CARTESIAN_POINT('',(2.2,1.6,0.6));
#2639 = DIRECTION('',(0.,0.,1.));
#2640 = DIRECTION('',(-1.,1.224646799147E-16,0.));
#2641 = ADVANCED_FACE('',(#2642),#2714,.F.);
#2642 = FACE_BOUND('',#2643,.F.);
#2643 = EDGE_LOOP('',(#2644,#2655,#2663,#2670,#2671,#2672,#2673,#2682,
    #2690,#2697,#2698,#2699,#2700,#2708));
#2644 = ORIENTED_EDGE('',*,*,#2645,.F.);
#2645 = EDGE_CURVE('',#2646,#2648,#2650,.T.);
#2646 = VERTEX_POINT('',#2647);
#2647 = CARTESIAN_POINT('',(2.7,2.1,5.E-02));
#2648 = VERTEX_POINT('',#2649);
#2649 = CARTESIAN_POINT('',(2.65,2.1,-6.938893903907E-18));
#2650 = CIRCLE('',#2651,5.E-02);
#2651 = AXIS2_PLACEMENT_3D('',#2652,#2653,#2654);
#2652 = CARTESIAN_POINT('',(2.65,2.1,5.E-02));
#2653 = DIRECTION('',(1.224646799147E-16,1.,0.));
#2654 = DIRECTION('',(0.,0.,-1.));
#2655 = ORIENTED_EDGE('',*,*,#2656,.T.);
#2656 = EDGE_CURVE('',#2646,#2657,#2659,.T.);
#2657 = VERTEX_POINT('',#2658);
#2658 = CARTESIAN_POINT('',(2.7,2.1,0.55));
#2659 = LINE('',#2660,#2661);
#2660 = CARTESIAN_POINT('',(2.7,2.1,0.));
#2661 = VECTOR('',#2662,1.);
#2662 = DIRECTION('',(0.,0.,1.));
#2663 = ORIENTED_EDGE('',*,*,#2664,.T.);
#2664 = EDGE_CURVE('',#2657,#2622,#2665,.T.);
#2665 = CIRCLE('',#2666,5.E-02);
#2666 = AXIS2_PLACEMENT_3D('',#2667,#2668,#2669);
#2667 = CARTESIAN_POINT('',(2.65,2.1,0.55));
#2668 = DIRECTION('',(-1.224646799147E-16,-1.,0.));
#2669 = DIRECTION('',(-0.,0.,-1.));
#2670 = ORIENTED_EDGE('',*,*,#2629,.T.);
#2671 = ORIENTED_EDGE('',*,*,#1866,.F.);
#2672 = ORIENTED_EDGE('',*,*,#2515,.F.);
#2673 = ORIENTED_EDGE('',*,*,#2674,.T.);
#2674 = EDGE_CURVE('',#2508,#2675,#2677,.T.);
#2675 = VERTEX_POINT('',#2676);
#2676 = CARTESIAN_POINT('',(2.6,2.1,0.45));
#2677 = CIRCLE('',#2678,5.E-02);
#2678 = AXIS2_PLACEMENT_3D('',#2679,#2680,#2681);
#2679 = CARTESIAN_POINT('',(2.55,2.1,0.45));
#2680 = DIRECTION('',(1.224646799147E-16,1.,0.));
#2681 = DIRECTION('',(1.,-1.224646799147E-16,0.));
#2682 = ORIENTED_EDGE('',*,*,#2683,.T.);
#2683 = EDGE_CURVE('',#2675,#2684,#2686,.T.);
#2684 = VERTEX_POINT('',#2685);
#2685 = CARTESIAN_POINT('',(2.6,2.1,0.15));
#2686 = LINE('',#2687,#2688);
#2687 = CARTESIAN_POINT('',(2.6,2.1,5.E-02));
#2688 = VECTOR('',#2689,1.);
#2689 = DIRECTION('',(0.,-0.,-1.));
#2690 = ORIENTED_EDGE('',*,*,#2691,.T.);
#2691 = EDGE_CURVE('',#2684,#2228,#2692,.T.);
#2692 = CIRCLE('',#2693,5.E-02);
#2693 = AXIS2_PLACEMENT_3D('',#2694,#2695,#2696);
#2694 = CARTESIAN_POINT('',(2.55,2.1,0.15));
#2695 = DIRECTION('',(1.224646799147E-16,1.,0.));
#2696 = DIRECTION('',(1.,-1.224646799147E-16,0.));
#2697 = ORIENTED_EDGE('',*,*,#2235,.T.);
#2698 = ORIENTED_EDGE('',*,*,#2211,.T.);
#2699 = ORIENTED_EDGE('',*,*,#2203,.F.);
#2700 = ORIENTED_EDGE('',*,*,#2701,.F.);
#2701 = EDGE_CURVE('',#2702,#2196,#2704,.T.);
#2702 = VERTEX_POINT('',#2703);
#2703 = CARTESIAN_POINT('',(1.7,2.1,0.));
#2704 = LINE('',#2705,#2706);
#2705 = CARTESIAN_POINT('',(1.7,2.1,0.));
#2706 = VECTOR('',#2707,1.);
#2707 = DIRECTION('',(0.,0.,1.));
#2708 = ORIENTED_EDGE('',*,*,#2709,.F.);
#2709 = EDGE_CURVE('',#2648,#2702,#2710,.T.);
#2710 = LINE('',#2711,#2712);
#2711 = CARTESIAN_POINT('',(2.7,2.1,0.));
#2712 = VECTOR('',#2713,1.);
#2713 = DIRECTION('',(-1.,1.224646799147E-16,0.));
#2714 = PLANE('',#2715);
#2715 = AXIS2_PLACEMENT_3D('',#2716,#2717,#2718);
#2716 = CARTESIAN_POINT('',(2.7,2.1,0.));
#2717 = DIRECTION('',(-1.224646799147E-16,-1.,0.));
#2718 = DIRECTION('',(-1.,1.224646799147E-16,0.));
#2719 = ADVANCED_FACE('',(#2720),#2745,.T.);
#2720 = FACE_BOUND('',#2721,.T.);
#2721 = EDGE_LOOP('',(#2722,#2723,#2731,#2739));
#2722 = ORIENTED_EDGE('',*,*,#1930,.F.);
#2723 = ORIENTED_EDGE('',*,*,#2724,.T.);
#2724 = EDGE_CURVE('',#1931,#2725,#2727,.T.);
#2725 = VERTEX_POINT('',#2726);
#2726 = CARTESIAN_POINT('',(-2.55,2.1,0.1));
#2727 = LINE('',#2728,#2729);
#2728 = CARTESIAN_POINT('',(-1.95,2.1,0.1));
#2729 = VECTOR('',#2730,1.);
#2730 = DIRECTION('',(-1.,1.224646799147E-16,1.44444745829E-33));
#2731 = ORIENTED_EDGE('',*,*,#2732,.T.);
#2732 = EDGE_CURVE('',#2725,#2733,#2735,.T.);
#2733 = VERTEX_POINT('',#2734);
#2734 = CARTESIAN_POINT('',(-2.55,1.1,0.1));
#2735 = LINE('',#2736,#2737);
#2736 = CARTESIAN_POINT('',(-2.55,2.2,0.1));
#2737 = VECTOR('',#2738,1.);
#2738 = DIRECTION('',(-1.224646799147E-16,-1.,0.));
#2739 = ORIENTED_EDGE('',*,*,#2740,.T.);
#2740 = EDGE_CURVE('',#2733,#1923,#2741,.T.);
#2741 = LINE('',#2742,#2743);
#2742 = CARTESIAN_POINT('',(-2.45,1.1,0.1));
#2743 = VECTOR('',#2744,1.);
#2744 = DIRECTION('',(1.,-1.224646799147E-16,-1.44444745829E-33));
#2745 = PLANE('',#2746);
#2746 = AXIS2_PLACEMENT_3D('',#2747,#2748,#2749);
#2747 = CARTESIAN_POINT('',(-2.2,1.6,0.1));
#2748 = DIRECTION('',(1.44444745829E-33,-1.768937956332E-49,1.));
#2749 = DIRECTION('',(-1.,1.224646799147E-16,1.44444745829E-33));
#2750 = ADVANCED_FACE('',(#2751),#2776,.T.);
#2751 = FACE_BOUND('',#2752,.T.);
#2752 = EDGE_LOOP('',(#2753,#2754,#2762,#2770));
#2753 = ORIENTED_EDGE('',*,*,#1914,.F.);
#2754 = ORIENTED_EDGE('',*,*,#2755,.T.);
#2755 = EDGE_CURVE('',#1915,#2756,#2758,.T.);
#2756 = VERTEX_POINT('',#2757);
#2757 = CARTESIAN_POINT('',(-2.55,-1.1,0.1));
#2758 = LINE('',#2759,#2760);
#2759 = CARTESIAN_POINT('',(-1.95,-1.1,0.1));
#2760 = VECTOR('',#2761,1.);
#2761 = DIRECTION('',(-1.,1.224646799147E-16,1.44444745829E-33));
#2762 = ORIENTED_EDGE('',*,*,#2763,.T.);
#2763 = EDGE_CURVE('',#2756,#2764,#2766,.T.);
#2764 = VERTEX_POINT('',#2765);
#2765 = CARTESIAN_POINT('',(-2.55,-2.1,0.1));
#2766 = LINE('',#2767,#2768);
#2767 = CARTESIAN_POINT('',(-2.55,-1.,0.1));
#2768 = VECTOR('',#2769,1.);
#2769 = DIRECTION('',(-1.224646799147E-16,-1.,0.));
#2770 = ORIENTED_EDGE('',*,*,#2771,.T.);
#2771 = EDGE_CURVE('',#2764,#1907,#2772,.T.);
#2772 = LINE('',#2773,#2774);
#2773 = CARTESIAN_POINT('',(-2.45,-2.1,0.1));
#2774 = VECTOR('',#2775,1.);
#2775 = DIRECTION('',(1.,-1.224646799147E-16,-1.44444745829E-33));
#2776 = PLANE('',#2777);
#2777 = AXIS2_PLACEMENT_3D('',#2778,#2779,#2780);
#2778 = CARTESIAN_POINT('',(-2.2,-1.6,0.1));
#2779 = DIRECTION('',(1.44444745829E-33,-1.768937956332E-49,1.));
#2780 = DIRECTION('',(-1.,1.224646799147E-16,1.44444745829E-33));
#2781 = ADVANCED_FACE('',(#2782),#2807,.F.);
#2782 = FACE_BOUND('',#2783,.F.);
#2783 = EDGE_LOOP('',(#2784,#2785,#2793,#2801));
#2784 = ORIENTED_EDGE('',*,*,#1946,.F.);
#2785 = ORIENTED_EDGE('',*,*,#2786,.T.);
#2786 = EDGE_CURVE('',#1947,#2787,#2789,.T.);
#2787 = VERTEX_POINT('',#2788);
#2788 = CARTESIAN_POINT('',(-2.55,-1.1,0.5));
#2789 = LINE('',#2790,#2791);
#2790 = CARTESIAN_POINT('',(-1.95,-1.1,0.5));
#2791 = VECTOR('',#2792,1.);
#2792 = DIRECTION('',(-1.,1.224646799147E-16,1.44444745829E-33));
#2793 = ORIENTED_EDGE('',*,*,#2794,.T.);
#2794 = EDGE_CURVE('',#2787,#2795,#2797,.T.);
#2795 = VERTEX_POINT('',#2796);
#2796 = CARTESIAN_POINT('',(-2.55,-2.1,0.5));
#2797 = LINE('',#2798,#2799);
#2798 = CARTESIAN_POINT('',(-2.55,-1.,0.5));
#2799 = VECTOR('',#2800,1.);
#2800 = DIRECTION('',(-1.224646799147E-16,-1.,0.));
#2801 = ORIENTED_EDGE('',*,*,#2802,.T.);
#2802 = EDGE_CURVE('',#2795,#1949,#2803,.T.);
#2803 = LINE('',#2804,#2805);
#2804 = CARTESIAN_POINT('',(-2.45,-2.1,0.5));
#2805 = VECTOR('',#2806,1.);
#2806 = DIRECTION('',(1.,-1.224646799147E-16,-1.44444745829E-33));
#2807 = PLANE('',#2808);
#2808 = AXIS2_PLACEMENT_3D('',#2809,#2810,#2811);
#2809 = CARTESIAN_POINT('',(-2.2,-1.6,0.5));
#2810 = DIRECTION('',(1.44444745829E-33,-1.768937956332E-49,1.));
#2811 = DIRECTION('',(-1.,1.224646799147E-16,1.44444745829E-33));
#2812 = ADVANCED_FACE('',(#2813),#2892,.F.);
#2813 = FACE_BOUND('',#2814,.F.);
#2814 = EDGE_LOOP('',(#2815,#2825,#2834,#2842,#2848,#2849,#2850,#2851,
    #2860,#2868,#2875,#2876,#2877,#2885));
#2815 = ORIENTED_EDGE('',*,*,#2816,.F.);
#2816 = EDGE_CURVE('',#2817,#2819,#2821,.T.);
#2817 = VERTEX_POINT('',#2818);
#2818 = CARTESIAN_POINT('',(-2.7,-1.1,5.E-02));
#2819 = VERTEX_POINT('',#2820);
#2820 = CARTESIAN_POINT('',(-2.7,-1.1,0.55));
#2821 = LINE('',#2822,#2823);
#2822 = CARTESIAN_POINT('',(-2.7,-1.1,0.));
#2823 = VECTOR('',#2824,1.);
#2824 = DIRECTION('',(0.,0.,1.));
#2825 = ORIENTED_EDGE('',*,*,#2826,.T.);
#2826 = EDGE_CURVE('',#2817,#2827,#2829,.T.);
#2827 = VERTEX_POINT('',#2828);
#2828 = CARTESIAN_POINT('',(-2.65,-1.1,-6.938893903907E-18));
#2829 = CIRCLE('',#2830,5.E-02);
#2830 = AXIS2_PLACEMENT_3D('',#2831,#2832,#2833);
#2831 = CARTESIAN_POINT('',(-2.65,-1.1,5.E-02));
#2832 = DIRECTION('',(-1.224646799147E-16,-1.,0.));
#2833 = DIRECTION('',(0.,0.,1.));
#2834 = ORIENTED_EDGE('',*,*,#2835,.F.);
#2835 = EDGE_CURVE('',#2836,#2827,#2838,.T.);
#2836 = VERTEX_POINT('',#2837);
#2837 = CARTESIAN_POINT('',(-1.7,-1.1,0.));
#2838 = LINE('',#2839,#2840);
#2839 = CARTESIAN_POINT('',(-1.7,-1.1,0.));
#2840 = VECTOR('',#2841,1.);
#2841 = DIRECTION('',(-1.,1.224646799147E-16,0.));
#2842 = ORIENTED_EDGE('',*,*,#2843,.T.);
#2843 = EDGE_CURVE('',#2836,#2108,#2844,.T.);
#2844 = LINE('',#2845,#2846);
#2845 = CARTESIAN_POINT('',(-1.7,-1.1,0.));
#2846 = VECTOR('',#2847,1.);
#2847 = DIRECTION('',(0.,0.,1.));
#2848 = ORIENTED_EDGE('',*,*,#2107,.F.);
#2849 = ORIENTED_EDGE('',*,*,#2099,.T.);
#2850 = ORIENTED_EDGE('',*,*,#2755,.T.);
#2851 = ORIENTED_EDGE('',*,*,#2852,.F.);
#2852 = EDGE_CURVE('',#2853,#2756,#2855,.T.);
#2853 = VERTEX_POINT('',#2854);
#2854 = CARTESIAN_POINT('',(-2.6,-1.1,0.15));
#2855 = CIRCLE('',#2856,5.E-02);
#2856 = AXIS2_PLACEMENT_3D('',#2857,#2858,#2859);
#2857 = CARTESIAN_POINT('',(-2.55,-1.1,0.15));
#2858 = DIRECTION('',(-1.224646799147E-16,-1.,0.));
#2859 = DIRECTION('',(-1.44444745829E-33,1.768937956331E-49,-1.));
#2860 = ORIENTED_EDGE('',*,*,#2861,.T.);
#2861 = EDGE_CURVE('',#2853,#2862,#2864,.T.);
#2862 = VERTEX_POINT('',#2863);
#2863 = CARTESIAN_POINT('',(-2.6,-1.1,0.45));
#2864 = LINE('',#2865,#2866);
#2865 = CARTESIAN_POINT('',(-2.6,-1.1,5.E-02));
#2866 = VECTOR('',#2867,1.);
#2867 = DIRECTION('',(0.,0.,1.));
#2868 = ORIENTED_EDGE('',*,*,#2869,.F.);
#2869 = EDGE_CURVE('',#2787,#2862,#2870,.T.);
#2870 = CIRCLE('',#2871,5.E-02);
#2871 = AXIS2_PLACEMENT_3D('',#2872,#2873,#2874);
#2872 = CARTESIAN_POINT('',(-2.55,-1.1,0.45));
#2873 = DIRECTION('',(-1.224646799147E-16,-1.,0.));
#2874 = DIRECTION('',(-1.,1.224646799147E-16,0.));
#2875 = ORIENTED_EDGE('',*,*,#2786,.F.);
#2876 = ORIENTED_EDGE('',*,*,#1972,.F.);
#2877 = ORIENTED_EDGE('',*,*,#2878,.T.);
#2878 = EDGE_CURVE('',#1965,#2879,#2881,.T.);
#2879 = VERTEX_POINT('',#2880);
#2880 = CARTESIAN_POINT('',(-2.65,-1.1,0.6));
#2881 = LINE('',#2882,#2883);
#2882 = CARTESIAN_POINT('',(-1.7,-1.1,0.6));
#2883 = VECTOR('',#2884,1.);
#2884 = DIRECTION('',(-1.,1.224646799147E-16,0.));
#2885 = ORIENTED_EDGE('',*,*,#2886,.T.);
#2886 = EDGE_CURVE('',#2879,#2819,#2887,.T.);
#2887 = CIRCLE('',#2888,5.E-02);
#2888 = AXIS2_PLACEMENT_3D('',#2889,#2890,#2891);
#2889 = CARTESIAN_POINT('',(-2.65,-1.1,0.55));
#2890 = DIRECTION('',(-1.224646799147E-16,-1.,0.));
#2891 = DIRECTION('',(0.,0.,1.));
#2892 = PLANE('',#2893);
#2893 = AXIS2_PLACEMENT_3D('',#2894,#2895,#2896);
#2894 = CARTESIAN_POINT('',(-1.7,-1.1,0.));
#2895 = DIRECTION('',(-1.224646799147E-16,-1.,0.));
#2896 = DIRECTION('',(-1.,1.224646799147E-16,0.));
#2897 = ADVANCED_FACE('',(#2898),#2916,.T.);
#2898 = FACE_BOUND('',#2899,.T.);
#2899 = EDGE_LOOP('',(#2900,#2901,#2902,#2910));
#2900 = ORIENTED_EDGE('',*,*,#1964,.F.);
#2901 = ORIENTED_EDGE('',*,*,#2878,.T.);
#2902 = ORIENTED_EDGE('',*,*,#2903,.T.);
#2903 = EDGE_CURVE('',#2879,#2904,#2906,.T.);
#2904 = VERTEX_POINT('',#2905);
#2905 = CARTESIAN_POINT('',(-2.65,-2.1,0.6));
#2906 = LINE('',#2907,#2908);
#2907 = CARTESIAN_POINT('',(-2.65,-1.1,0.6));
#2908 = VECTOR('',#2909,1.);
#2909 = DIRECTION('',(-1.224646799147E-16,-1.,0.));
#2910 = ORIENTED_EDGE('',*,*,#2911,.T.);
#2911 = EDGE_CURVE('',#2904,#1957,#2912,.T.);
#2912 = LINE('',#2913,#2914);
#2913 = CARTESIAN_POINT('',(-2.7,-2.1,0.6));
#2914 = VECTOR('',#2915,1.);
#2915 = DIRECTION('',(1.,-1.224646799147E-16,0.));
#2916 = PLANE('',#2917);
#2917 = AXIS2_PLACEMENT_3D('',#2918,#2919,#2920);
#2918 = CARTESIAN_POINT('',(-2.2,-1.6,0.6));
#2919 = DIRECTION('',(0.,0.,1.));
#2920 = DIRECTION('',(-1.,1.224646799147E-16,0.));
#2921 = ADVANCED_FACE('',(#2922),#2994,.F.);
#2922 = FACE_BOUND('',#2923,.F.);
#2923 = EDGE_LOOP('',(#2924,#2935,#2943,#2950,#2951,#2952,#2953,#2962,
    #2970,#2977,#2978,#2979,#2980,#2988));
#2924 = ORIENTED_EDGE('',*,*,#2925,.F.);
#2925 = EDGE_CURVE('',#2926,#2928,#2930,.T.);
#2926 = VERTEX_POINT('',#2927);
#2927 = CARTESIAN_POINT('',(-2.7,-2.1,5.E-02));
#2928 = VERTEX_POINT('',#2929);
#2929 = CARTESIAN_POINT('',(-2.65,-2.1,-6.938893903907E-18));
#2930 = CIRCLE('',#2931,5.E-02);
#2931 = AXIS2_PLACEMENT_3D('',#2932,#2933,#2934);
#2932 = CARTESIAN_POINT('',(-2.65,-2.1,5.E-02));
#2933 = DIRECTION('',(-1.224646799147E-16,-1.,0.));
#2934 = DIRECTION('',(0.,0.,1.));
#2935 = ORIENTED_EDGE('',*,*,#2936,.T.);
#2936 = EDGE_CURVE('',#2926,#2937,#2939,.T.);
#2937 = VERTEX_POINT('',#2938);
#2938 = CARTESIAN_POINT('',(-2.7,-2.1,0.55));
#2939 = LINE('',#2940,#2941);
#2940 = CARTESIAN_POINT('',(-2.7,-2.1,0.));
#2941 = VECTOR('',#2942,1.);
#2942 = DIRECTION('',(0.,0.,1.));
#2943 = ORIENTED_EDGE('',*,*,#2944,.F.);
#2944 = EDGE_CURVE('',#2904,#2937,#2945,.T.);
#2945 = CIRCLE('',#2946,5.E-02);
#2946 = AXIS2_PLACEMENT_3D('',#2947,#2948,#2949);
#2947 = CARTESIAN_POINT('',(-2.65,-2.1,0.55));
#2948 = DIRECTION('',(-1.224646799147E-16,-1.,0.));
#2949 = DIRECTION('',(0.,0.,1.));
#2950 = ORIENTED_EDGE('',*,*,#2911,.T.);
#2951 = ORIENTED_EDGE('',*,*,#1956,.F.);
#2952 = ORIENTED_EDGE('',*,*,#2802,.F.);
#2953 = ORIENTED_EDGE('',*,*,#2954,.T.);
#2954 = EDGE_CURVE('',#2795,#2955,#2957,.T.);
#2955 = VERTEX_POINT('',#2956);
#2956 = CARTESIAN_POINT('',(-2.6,-2.1,0.45));
#2957 = CIRCLE('',#2958,5.E-02);
#2958 = AXIS2_PLACEMENT_3D('',#2959,#2960,#2961);
#2959 = CARTESIAN_POINT('',(-2.55,-2.1,0.45));
#2960 = DIRECTION('',(-1.224646799147E-16,-1.,0.));
#2961 = DIRECTION('',(-1.,1.224646799147E-16,0.));
#2962 = ORIENTED_EDGE('',*,*,#2963,.T.);
#2963 = EDGE_CURVE('',#2955,#2964,#2966,.T.);
#2964 = VERTEX_POINT('',#2965);
#2965 = CARTESIAN_POINT('',(-2.6,-2.1,0.15));
#2966 = LINE('',#2967,#2968);
#2967 = CARTESIAN_POINT('',(-2.6,-2.1,5.E-02));
#2968 = VECTOR('',#2969,1.);
#2969 = DIRECTION('',(0.,0.,-1.));
#2970 = ORIENTED_EDGE('',*,*,#2971,.T.);
#2971 = EDGE_CURVE('',#2964,#2764,#2972,.T.);
#2972 = CIRCLE('',#2973,5.E-02);
#2973 = AXIS2_PLACEMENT_3D('',#2974,#2975,#2976);
#2974 = CARTESIAN_POINT('',(-2.55,-2.1,0.15));
#2975 = DIRECTION('',(-1.224646799147E-16,-1.,0.));
#2976 = DIRECTION('',(-1.44444745829E-33,1.768937956331E-49,-1.));
#2977 = ORIENTED_EDGE('',*,*,#2771,.T.);
#2978 = ORIENTED_EDGE('',*,*,#2131,.T.);
#2979 = ORIENTED_EDGE('',*,*,#2123,.F.);
#2980 = ORIENTED_EDGE('',*,*,#2981,.F.);
#2981 = EDGE_CURVE('',#2982,#2116,#2984,.T.);
#2982 = VERTEX_POINT('',#2983);
#2983 = CARTESIAN_POINT('',(-1.7,-2.1,0.));
#2984 = LINE('',#2985,#2986);
#2985 = CARTESIAN_POINT('',(-1.7,-2.1,0.));
#2986 = VECTOR('',#2987,1.);
#2987 = DIRECTION('',(0.,0.,1.));
#2988 = ORIENTED_EDGE('',*,*,#2989,.F.);
#2989 = EDGE_CURVE('',#2928,#2982,#2990,.T.);
#2990 = LINE('',#2991,#2992);
#2991 = CARTESIAN_POINT('',(-2.7,-2.1,0.));
#2992 = VECTOR('',#2993,1.);
#2993 = DIRECTION('',(1.,-1.224646799147E-16,0.));
#2994 = PLANE('',#2995);
#2995 = AXIS2_PLACEMENT_3D('',#2996,#2997,#2998);
#2996 = CARTESIAN_POINT('',(-2.7,-2.1,0.));
#2997 = DIRECTION('',(1.224646799147E-16,1.,0.));
#2998 = DIRECTION('',(1.,-1.224646799147E-16,0.));
#2999 = ADVANCED_FACE('',(#3000),#3025,.T.);
#3000 = FACE_BOUND('',#3001,.T.);
#3001 = EDGE_LOOP('',(#3002,#3003,#3011,#3019));
#3002 = ORIENTED_EDGE('',*,*,#1980,.F.);
#3003 = ORIENTED_EDGE('',*,*,#3004,.T.);
#3004 = EDGE_CURVE('',#1981,#3005,#3007,.T.);
#3005 = VERTEX_POINT('',#3006);
#3006 = CARTESIAN_POINT('',(-2.65,2.1,0.6));
#3007 = LINE('',#3008,#3009);
#3008 = CARTESIAN_POINT('',(-1.7,2.1,0.6));
#3009 = VECTOR('',#3010,1.);
#3010 = DIRECTION('',(-1.,1.224646799147E-16,0.));
#3011 = ORIENTED_EDGE('',*,*,#3012,.T.);
#3012 = EDGE_CURVE('',#3005,#3013,#3015,.T.);
#3013 = VERTEX_POINT('',#3014);
#3014 = CARTESIAN_POINT('',(-2.65,1.1,0.6));
#3015 = LINE('',#3016,#3017);
#3016 = CARTESIAN_POINT('',(-2.65,2.1,0.6));
#3017 = VECTOR('',#3018,1.);
#3018 = DIRECTION('',(-1.224646799147E-16,-1.,0.));
#3019 = ORIENTED_EDGE('',*,*,#3020,.T.);
#3020 = EDGE_CURVE('',#3013,#1983,#3021,.T.);
#3021 = LINE('',#3022,#3023);
#3022 = CARTESIAN_POINT('',(-2.7,1.1,0.6));
#3023 = VECTOR('',#3024,1.);
#3024 = DIRECTION('',(1.,-1.224646799147E-16,0.));
#3025 = PLANE('',#3026);
#3026 = AXIS2_PLACEMENT_3D('',#3027,#3028,#3029);
#3027 = CARTESIAN_POINT('',(-2.2,1.6,0.6));
#3028 = DIRECTION('',(0.,0.,1.));
#3029 = DIRECTION('',(-1.,1.224646799147E-16,0.));
#3030 = ADVANCED_FACE('',(#3031),#3110,.F.);
#3031 = FACE_BOUND('',#3032,.F.);
#3032 = EDGE_LOOP('',(#3033,#3044,#3052,#3059,#3060,#3061,#3069,#3078,
    #3086,#3093,#3094,#3095,#3096,#3104));
#3033 = ORIENTED_EDGE('',*,*,#3034,.F.);
#3034 = EDGE_CURVE('',#3035,#3037,#3039,.T.);
#3035 = VERTEX_POINT('',#3036);
#3036 = CARTESIAN_POINT('',(-2.7,1.1,5.E-02));
#3037 = VERTEX_POINT('',#3038);
#3038 = CARTESIAN_POINT('',(-2.65,1.1,-6.938893903907E-18));
#3039 = CIRCLE('',#3040,5.E-02);
#3040 = AXIS2_PLACEMENT_3D('',#3041,#3042,#3043);
#3041 = CARTESIAN_POINT('',(-2.65,1.1,5.E-02));
#3042 = DIRECTION('',(-1.224646799147E-16,-1.,0.));
#3043 = DIRECTION('',(0.,0.,1.));
#3044 = ORIENTED_EDGE('',*,*,#3045,.T.);
#3045 = EDGE_CURVE('',#3035,#3046,#3048,.T.);
#3046 = VERTEX_POINT('',#3047);
#3047 = CARTESIAN_POINT('',(-2.7,1.1,0.55));
#3048 = LINE('',#3049,#3050);
#3049 = CARTESIAN_POINT('',(-2.7,1.1,0.));
#3050 = VECTOR('',#3051,1.);
#3051 = DIRECTION('',(0.,0.,1.));
#3052 = ORIENTED_EDGE('',*,*,#3053,.F.);
#3053 = EDGE_CURVE('',#3013,#3046,#3054,.T.);
#3054 = CIRCLE('',#3055,5.E-02);
#3055 = AXIS2_PLACEMENT_3D('',#3056,#3057,#3058);
#3056 = CARTESIAN_POINT('',(-2.65,1.1,0.55));
#3057 = DIRECTION('',(-1.224646799147E-16,-1.,0.));
#3058 = DIRECTION('',(0.,0.,1.));
#3059 = ORIENTED_EDGE('',*,*,#3020,.T.);
#3060 = ORIENTED_EDGE('',*,*,#2006,.F.);
#3061 = ORIENTED_EDGE('',*,*,#3062,.F.);
#3062 = EDGE_CURVE('',#3063,#1999,#3065,.T.);
#3063 = VERTEX_POINT('',#3064);
#3064 = CARTESIAN_POINT('',(-2.55,1.1,0.5));
#3065 = LINE('',#3066,#3067);
#3066 = CARTESIAN_POINT('',(-2.45,1.1,0.5));
#3067 = VECTOR('',#3068,1.);
#3068 = DIRECTION('',(1.,-1.224646799147E-16,-1.44444745829E-33));
#3069 = ORIENTED_EDGE('',*,*,#3070,.T.);
#3070 = EDGE_CURVE('',#3063,#3071,#3073,.T.);
#3071 = VERTEX_POINT('',#3072);
#3072 = CARTESIAN_POINT('',(-2.6,1.1,0.45));
#3073 = CIRCLE('',#3074,5.E-02);
#3074 = AXIS2_PLACEMENT_3D('',#3075,#3076,#3077);
#3075 = CARTESIAN_POINT('',(-2.55,1.1,0.45));
#3076 = DIRECTION('',(-1.224646799147E-16,-1.,0.));
#3077 = DIRECTION('',(-1.,1.224646799147E-16,0.));
#3078 = ORIENTED_EDGE('',*,*,#3079,.T.);
#3079 = EDGE_CURVE('',#3071,#3080,#3082,.T.);
#3080 = VERTEX_POINT('',#3081);
#3081 = CARTESIAN_POINT('',(-2.6,1.1,0.15));
#3082 = LINE('',#3083,#3084);
#3083 = CARTESIAN_POINT('',(-2.6,1.1,5.E-02));
#3084 = VECTOR('',#3085,1.);
#3085 = DIRECTION('',(0.,0.,-1.));
#3086 = ORIENTED_EDGE('',*,*,#3087,.T.);
#3087 = EDGE_CURVE('',#3080,#2733,#3088,.T.);
#3088 = CIRCLE('',#3089,5.E-02);
#3089 = AXIS2_PLACEMENT_3D('',#3090,#3091,#3092);
#3090 = CARTESIAN_POINT('',(-2.55,1.1,0.15));
#3091 = DIRECTION('',(-1.224646799147E-16,-1.,0.));
#3092 = DIRECTION('',(-1.44444745829E-33,1.768937956331E-49,-1.));
#3093 = ORIENTED_EDGE('',*,*,#2740,.T.);
#3094 = ORIENTED_EDGE('',*,*,#2092,.T.);
#3095 = ORIENTED_EDGE('',*,*,#2084,.F.);
#3096 = ORIENTED_EDGE('',*,*,#3097,.F.);
#3097 = EDGE_CURVE('',#3098,#2077,#3100,.T.);
#3098 = VERTEX_POINT('',#3099);
#3099 = CARTESIAN_POINT('',(-1.7,1.1,0.));
#3100 = LINE('',#3101,#3102);
#3101 = CARTESIAN_POINT('',(-1.7,1.1,0.));
#3102 = VECTOR('',#3103,1.);
#3103 = DIRECTION('',(0.,0.,1.));
#3104 = ORIENTED_EDGE('',*,*,#3105,.F.);
#3105 = EDGE_CURVE('',#3037,#3098,#3106,.T.);
#3106 = LINE('',#3107,#3108);
#3107 = CARTESIAN_POINT('',(-2.7,1.1,0.));
#3108 = VECTOR('',#3109,1.);
#3109 = DIRECTION('',(1.,-1.224646799147E-16,0.));
#3110 = PLANE('',#3111);
#3111 = AXIS2_PLACEMENT_3D('',#3112,#3113,#3114);
#3112 = CARTESIAN_POINT('',(-2.7,1.1,0.));
#3113 = DIRECTION('',(1.224646799147E-16,1.,0.));
#3114 = DIRECTION('',(1.,-1.224646799147E-16,0.));
#3115 = ADVANCED_FACE('',(#3116),#3134,.F.);
#3116 = FACE_BOUND('',#3117,.F.);
#3117 = EDGE_LOOP('',(#3118,#3119,#3127,#3133));
#3118 = ORIENTED_EDGE('',*,*,#1998,.F.);
#3119 = ORIENTED_EDGE('',*,*,#3120,.T.);
#3120 = EDGE_CURVE('',#1991,#3121,#3123,.T.);
#3121 = VERTEX_POINT('',#3122);
#3122 = CARTESIAN_POINT('',(-2.55,2.1,0.5));
#3123 = LINE('',#3124,#3125);
#3124 = CARTESIAN_POINT('',(-1.95,2.1,0.5));
#3125 = VECTOR('',#3126,1.);
#3126 = DIRECTION('',(-1.,1.224646799147E-16,1.44444745829E-33));
#3127 = ORIENTED_EDGE('',*,*,#3128,.T.);
#3128 = EDGE_CURVE('',#3121,#3063,#3129,.T.);
#3129 = LINE('',#3130,#3131);
#3130 = CARTESIAN_POINT('',(-2.55,2.2,0.5));
#3131 = VECTOR('',#3132,1.);
#3132 = DIRECTION('',(-1.224646799147E-16,-1.,0.));
#3133 = ORIENTED_EDGE('',*,*,#3062,.T.);
#3134 = PLANE('',#3135);
#3135 = AXIS2_PLACEMENT_3D('',#3136,#3137,#3138);
#3136 = CARTESIAN_POINT('',(-2.2,1.6,0.5));
#3137 = DIRECTION('',(1.44444745829E-33,-1.768937956332E-49,1.));
#3138 = DIRECTION('',(-1.,1.224646799147E-16,1.44444745829E-33));
#3139 = ADVANCED_FACE('',(#3140),#3212,.F.);
#3140 = FACE_BOUND('',#3141,.F.);
#3141 = EDGE_LOOP('',(#3142,#3152,#3161,#3169,#3175,#3176,#3177,#3178,
    #3187,#3195,#3202,#3203,#3204,#3205));
#3142 = ORIENTED_EDGE('',*,*,#3143,.F.);
#3143 = EDGE_CURVE('',#3144,#3146,#3148,.T.);
#3144 = VERTEX_POINT('',#3145);
#3145 = CARTESIAN_POINT('',(-2.7,2.1,5.E-02));
#3146 = VERTEX_POINT('',#3147);
#3147 = CARTESIAN_POINT('',(-2.7,2.1,0.55));
#3148 = LINE('',#3149,#3150);
#3149 = CARTESIAN_POINT('',(-2.7,2.1,0.));
#3150 = VECTOR('',#3151,1.);
#3151 = DIRECTION('',(0.,0.,1.));
#3152 = ORIENTED_EDGE('',*,*,#3153,.T.);
#3153 = EDGE_CURVE('',#3144,#3154,#3156,.T.);
#3154 = VERTEX_POINT('',#3155);
#3155 = CARTESIAN_POINT('',(-2.65,2.1,-6.938893903907E-18));
#3156 = CIRCLE('',#3157,5.E-02);
#3157 = AXIS2_PLACEMENT_3D('',#3158,#3159,#3160);
#3158 = CARTESIAN_POINT('',(-2.65,2.1,5.E-02));
#3159 = DIRECTION('',(-1.224646799147E-16,-1.,0.));
#3160 = DIRECTION('',(0.,0.,1.));
#3161 = ORIENTED_EDGE('',*,*,#3162,.F.);
#3162 = EDGE_CURVE('',#3163,#3154,#3165,.T.);
#3163 = VERTEX_POINT('',#3164);
#3164 = CARTESIAN_POINT('',(-1.7,2.1,0.));
#3165 = LINE('',#3166,#3167);
#3166 = CARTESIAN_POINT('',(-1.7,2.1,0.));
#3167 = VECTOR('',#3168,1.);
#3168 = DIRECTION('',(-1.,1.224646799147E-16,0.));
#3169 = ORIENTED_EDGE('',*,*,#3170,.T.);
#3170 = EDGE_CURVE('',#3163,#2069,#3171,.T.);
#3171 = LINE('',#3172,#3173);
#3172 = CARTESIAN_POINT('',(-1.7,2.1,0.));
#3173 = VECTOR('',#3174,1.);
#3174 = DIRECTION('',(0.,0.,1.));
#3175 = ORIENTED_EDGE('',*,*,#2068,.F.);
#3176 = ORIENTED_EDGE('',*,*,#2060,.T.);
#3177 = ORIENTED_EDGE('',*,*,#2724,.T.);
#3178 = ORIENTED_EDGE('',*,*,#3179,.F.);
#3179 = EDGE_CURVE('',#3180,#2725,#3182,.T.);
#3180 = VERTEX_POINT('',#3181);
#3181 = CARTESIAN_POINT('',(-2.6,2.1,0.15));
#3182 = CIRCLE('',#3183,5.E-02);
#3183 = AXIS2_PLACEMENT_3D('',#3184,#3185,#3186);
#3184 = CARTESIAN_POINT('',(-2.55,2.1,0.15));
#3185 = DIRECTION('',(-1.224646799147E-16,-1.,0.));
#3186 = DIRECTION('',(-1.44444745829E-33,1.768937956331E-49,-1.));
#3187 = ORIENTED_EDGE('',*,*,#3188,.T.);
#3188 = EDGE_CURVE('',#3180,#3189,#3191,.T.);
#3189 = VERTEX_POINT('',#3190);
#3190 = CARTESIAN_POINT('',(-2.6,2.1,0.45));
#3191 = LINE('',#3192,#3193);
#3192 = CARTESIAN_POINT('',(-2.6,2.1,5.E-02));
#3193 = VECTOR('',#3194,1.);
#3194 = DIRECTION('',(0.,0.,1.));
#3195 = ORIENTED_EDGE('',*,*,#3196,.F.);
#3196 = EDGE_CURVE('',#3121,#3189,#3197,.T.);
#3197 = CIRCLE('',#3198,5.E-02);
#3198 = AXIS2_PLACEMENT_3D('',#3199,#3200,#3201);
#3199 = CARTESIAN_POINT('',(-2.55,2.1,0.45));
#3200 = DIRECTION('',(-1.224646799147E-16,-1.,0.));
#3201 = DIRECTION('',(-1.,1.224646799147E-16,0.));
#3202 = ORIENTED_EDGE('',*,*,#3120,.F.);
#3203 = ORIENTED_EDGE('',*,*,#1990,.F.);
#3204 = ORIENTED_EDGE('',*,*,#3004,.T.);
#3205 = ORIENTED_EDGE('',*,*,#3206,.T.);
#3206 = EDGE_CURVE('',#3005,#3146,#3207,.T.);
#3207 = CIRCLE('',#3208,5.E-02);
#3208 = AXIS2_PLACEMENT_3D('',#3209,#3210,#3211);
#3209 = CARTESIAN_POINT('',(-2.65,2.1,0.55));
#3210 = DIRECTION('',(-1.224646799147E-16,-1.,0.));
#3211 = DIRECTION('',(0.,0.,1.));
#3212 = PLANE('',#3213);
#3213 = AXIS2_PLACEMENT_3D('',#3214,#3215,#3216);
#3214 = CARTESIAN_POINT('',(-1.7,2.1,0.));
#3215 = DIRECTION('',(-1.224646799147E-16,-1.,0.));
#3216 = DIRECTION('',(-1.,1.224646799147E-16,0.));
#3217 = ADVANCED_FACE('',(#3218),#3229,.F.);
#3218 = FACE_BOUND('',#3219,.F.);
#3219 = EDGE_LOOP('',(#3220,#3226,#3227,#3228));
#3220 = ORIENTED_EDGE('',*,*,#3221,.F.);
#3221 = EDGE_CURVE('',#2702,#2556,#3222,.T.);
#3222 = LINE('',#3223,#3224);
#3223 = CARTESIAN_POINT('',(1.7,2.1,0.));
#3224 = VECTOR('',#3225,1.);
#3225 = DIRECTION('',(-1.224646799147E-16,-1.,0.));
#3226 = ORIENTED_EDGE('',*,*,#2701,.T.);
#3227 = ORIENTED_EDGE('',*,*,#2195,.F.);
#3228 = ORIENTED_EDGE('',*,*,#2563,.F.);
#3229 = PLANE('',#3230);
#3230 = AXIS2_PLACEMENT_3D('',#3231,#3232,#3233);
#3231 = CARTESIAN_POINT('',(1.7,2.1,0.));
#3232 = DIRECTION('',(1.,-1.224646799147E-16,0.));
#3233 = DIRECTION('',(-1.224646799147E-16,-1.,0.));
#3234 = ADVANCED_FACE('',(#3235),#3246,.F.);
#3235 = FACE_BOUND('',#3236,.F.);
#3236 = EDGE_LOOP('',(#3237,#3243,#3244,#3245));
#3237 = ORIENTED_EDGE('',*,*,#3238,.F.);
#3238 = EDGE_CURVE('',#2382,#2447,#3239,.T.);
#3239 = LINE('',#3240,#3241);
#3240 = CARTESIAN_POINT('',(1.7,-1.1,0.));
#3241 = VECTOR('',#3242,1.);
#3242 = DIRECTION('',(-1.224646799147E-16,-1.,0.));
#3243 = ORIENTED_EDGE('',*,*,#2381,.T.);
#3244 = ORIENTED_EDGE('',*,*,#2156,.F.);
#3245 = ORIENTED_EDGE('',*,*,#2454,.F.);
#3246 = PLANE('',#3247);
#3247 = AXIS2_PLACEMENT_3D('',#3248,#3249,#3250);
#3248 = CARTESIAN_POINT('',(1.7,-1.1,0.));
#3249 = DIRECTION('',(1.,-1.224646799147E-16,0.));
#3250 = DIRECTION('',(-1.224646799147E-16,-1.,0.));
#3251 = ADVANCED_FACE('',(#3252),#3263,.F.);
#3252 = FACE_BOUND('',#3253,.F.);
#3253 = EDGE_LOOP('',(#3254,#3260,#3261,#3262));
#3254 = ORIENTED_EDGE('',*,*,#3255,.F.);
#3255 = EDGE_CURVE('',#2982,#2836,#3256,.T.);
#3256 = LINE('',#3257,#3258);
#3257 = CARTESIAN_POINT('',(-1.7,-2.1,0.));
#3258 = VECTOR('',#3259,1.);
#3259 = DIRECTION('',(1.224646799147E-16,1.,0.));
#3260 = ORIENTED_EDGE('',*,*,#2981,.T.);
#3261 = ORIENTED_EDGE('',*,*,#2115,.F.);
#3262 = ORIENTED_EDGE('',*,*,#2843,.F.);
#3263 = PLANE('',#3264);
#3264 = AXIS2_PLACEMENT_3D('',#3265,#3266,#3267);
#3265 = CARTESIAN_POINT('',(-1.7,-2.1,0.));
#3266 = DIRECTION('',(-1.,1.224646799147E-16,0.));
#3267 = DIRECTION('',(1.224646799147E-16,1.,0.));
#3268 = ADVANCED_FACE('',(#3269),#3280,.F.);
#3269 = FACE_BOUND('',#3270,.F.);
#3270 = EDGE_LOOP('',(#3271,#3277,#3278,#3279));
#3271 = ORIENTED_EDGE('',*,*,#3272,.F.);
#3272 = EDGE_CURVE('',#3098,#3163,#3273,.T.);
#3273 = LINE('',#3274,#3275);
#3274 = CARTESIAN_POINT('',(-1.7,1.1,0.));
#3275 = VECTOR('',#3276,1.);
#3276 = DIRECTION('',(1.224646799147E-16,1.,0.));
#3277 = ORIENTED_EDGE('',*,*,#3097,.T.);
#3278 = ORIENTED_EDGE('',*,*,#2076,.F.);
#3279 = ORIENTED_EDGE('',*,*,#3170,.F.);
#3280 = PLANE('',#3281);
#3281 = AXIS2_PLACEMENT_3D('',#3282,#3283,#3284);
#3282 = CARTESIAN_POINT('',(-1.7,1.1,0.));
#3283 = DIRECTION('',(-1.,1.224646799147E-16,0.));
#3284 = DIRECTION('',(1.224646799147E-16,1.,0.));
#3285 = ADVANCED_FACE('',(#3286),#3297,.F.);
#3286 = FACE_BOUND('',#3287,.F.);
#3287 = EDGE_LOOP('',(#3288,#3289,#3290,#3291));
#3288 = ORIENTED_EDGE('',*,*,#2572,.T.);
#3289 = ORIENTED_EDGE('',*,*,#2225,.T.);
#3290 = ORIENTED_EDGE('',*,*,#2691,.F.);
#3291 = ORIENTED_EDGE('',*,*,#3292,.F.);
#3292 = EDGE_CURVE('',#2573,#2684,#3293,.T.);
#3293 = LINE('',#3294,#3295);
#3294 = CARTESIAN_POINT('',(2.6,1.,0.15));
#3295 = VECTOR('',#3296,1.);
#3296 = DIRECTION('',(1.224646799147E-16,1.,0.));
#3297 = CYLINDRICAL_SURFACE('',#3298,5.E-02);
#3298 = AXIS2_PLACEMENT_3D('',#3299,#3300,#3301);
#3299 = CARTESIAN_POINT('',(2.55,1.,0.15));
#3300 = DIRECTION('',(1.224646799147E-16,1.,0.));
#3301 = DIRECTION('',(1.,-1.224646799147E-16,0.));
#3302 = ADVANCED_FACE('',(#3303),#3314,.F.);
#3303 = FACE_BOUND('',#3304,.F.);
#3304 = EDGE_LOOP('',(#3305,#3306,#3307,#3308));
#3305 = ORIENTED_EDGE('',*,*,#2463,.T.);
#3306 = ORIENTED_EDGE('',*,*,#2256,.T.);
#3307 = ORIENTED_EDGE('',*,*,#2371,.F.);
#3308 = ORIENTED_EDGE('',*,*,#3309,.F.);
#3309 = EDGE_CURVE('',#2464,#2364,#3310,.T.);
#3310 = LINE('',#3311,#3312);
#3311 = CARTESIAN_POINT('',(2.6,-2.2,0.15));
#3312 = VECTOR('',#3313,1.);
#3313 = DIRECTION('',(1.224646799147E-16,1.,0.));
#3314 = CYLINDRICAL_SURFACE('',#3315,5.E-02);
#3315 = AXIS2_PLACEMENT_3D('',#3316,#3317,#3318);
#3316 = CARTESIAN_POINT('',(2.55,-2.2,0.15));
#3317 = DIRECTION('',(1.224646799147E-16,1.,0.));
#3318 = DIRECTION('',(1.,-1.224646799147E-16,0.));
#3319 = ADVANCED_FACE('',(#3320),#3331,.T.);
#3320 = FACE_BOUND('',#3321,.T.);
#3321 = EDGE_LOOP('',(#3322,#3328,#3329,#3330));
#3322 = ORIENTED_EDGE('',*,*,#3323,.T.);
#3323 = EDGE_CURVE('',#2430,#2330,#3324,.T.);
#3324 = LINE('',#3325,#3326);
#3325 = CARTESIAN_POINT('',(2.7,-2.1,0.55));
#3326 = VECTOR('',#3327,1.);
#3327 = DIRECTION('',(1.224646799147E-16,1.,0.));
#3328 = ORIENTED_EDGE('',*,*,#2337,.T.);
#3329 = ORIENTED_EDGE('',*,*,#2287,.F.);
#3330 = ORIENTED_EDGE('',*,*,#2490,.F.);
#3331 = CYLINDRICAL_SURFACE('',#3332,5.E-02);
#3332 = AXIS2_PLACEMENT_3D('',#3333,#3334,#3335);
#3333 = CARTESIAN_POINT('',(2.65,-2.1,0.55));
#3334 = DIRECTION('',(1.224646799147E-16,1.,0.));
#3335 = DIRECTION('',(1.,-1.224646799147E-16,0.));
#3336 = ADVANCED_FACE('',(#3337),#3353,.T.);
#3337 = FACE_BOUND('',#3338,.T.);
#3338 = EDGE_LOOP('',(#3339,#3340,#3346,#3347));
#3339 = ORIENTED_EDGE('',*,*,#2437,.T.);
#3340 = ORIENTED_EDGE('',*,*,#3341,.T.);
#3341 = EDGE_CURVE('',#2438,#2321,#3342,.T.);
#3342 = LINE('',#3343,#3344);
#3343 = CARTESIAN_POINT('',(2.65,-2.1,-6.938893903907E-18));
#3344 = VECTOR('',#3345,1.);
#3345 = DIRECTION('',(1.224646799147E-16,1.,0.));
#3346 = ORIENTED_EDGE('',*,*,#2318,.F.);
#3347 = ORIENTED_EDGE('',*,*,#3348,.F.);
#3348 = EDGE_CURVE('',#2428,#2319,#3349,.T.);
#3349 = LINE('',#3350,#3351);
#3350 = CARTESIAN_POINT('',(2.7,-2.1,5.E-02));
#3351 = VECTOR('',#3352,1.);
#3352 = DIRECTION('',(1.224646799147E-16,1.,0.));
#3353 = CYLINDRICAL_SURFACE('',#3354,5.E-02);
#3354 = AXIS2_PLACEMENT_3D('',#3355,#3356,#3357);
#3355 = CARTESIAN_POINT('',(2.65,-2.1,5.E-02));
#3356 = DIRECTION('',(1.224646799147E-16,1.,0.));
#3357 = DIRECTION('',(1.,-1.224646799147E-16,0.));
#3358 = ADVANCED_FACE('',(#3359),#3365,.F.);
#3359 = FACE_BOUND('',#3360,.F.);
#3360 = EDGE_LOOP('',(#3361,#3362,#3363,#3364));
#3361 = ORIENTED_EDGE('',*,*,#2389,.T.);
#3362 = ORIENTED_EDGE('',*,*,#3238,.T.);
#3363 = ORIENTED_EDGE('',*,*,#2446,.T.);
#3364 = ORIENTED_EDGE('',*,*,#3341,.T.);
#3365 = PLANE('',#3366);
#3366 = AXIS2_PLACEMENT_3D('',#3367,#3368,#3369);
#3367 = CARTESIAN_POINT('',(2.2,-1.6,0.));
#3368 = DIRECTION('',(0.,0.,1.));
#3369 = DIRECTION('',(-1.,1.224646799147E-16,0.));
#3370 = ADVANCED_FACE('',(#3371),#3382,.T.);
#3371 = FACE_BOUND('',#3372,.T.);
#3372 = EDGE_LOOP('',(#3373,#3374,#3375,#3381));
#3373 = ORIENTED_EDGE('',*,*,#3309,.F.);
#3374 = ORIENTED_EDGE('',*,*,#2472,.T.);
#3375 = ORIENTED_EDGE('',*,*,#3376,.T.);
#3376 = EDGE_CURVE('',#2473,#2355,#3377,.T.);
#3377 = LINE('',#3378,#3379);
#3378 = CARTESIAN_POINT('',(2.6,-2.2,0.45));
#3379 = VECTOR('',#3380,1.);
#3380 = DIRECTION('',(1.224646799147E-16,1.,0.));
#3381 = ORIENTED_EDGE('',*,*,#2363,.T.);
#3382 = PLANE('',#3383);
#3383 = AXIS2_PLACEMENT_3D('',#3384,#3385,#3386);
#3384 = CARTESIAN_POINT('',(2.6,-2.2,0.1));
#3385 = DIRECTION('',(-1.,1.224646799147E-16,0.));
#3386 = DIRECTION('',(1.224646799147E-16,1.,0.));
#3387 = ADVANCED_FACE('',(#3388),#3394,.F.);
#3388 = FACE_BOUND('',#3389,.F.);
#3389 = EDGE_LOOP('',(#3390,#3391,#3392,#3393));
#3390 = ORIENTED_EDGE('',*,*,#3376,.T.);
#3391 = ORIENTED_EDGE('',*,*,#2354,.F.);
#3392 = ORIENTED_EDGE('',*,*,#2403,.F.);
#3393 = ORIENTED_EDGE('',*,*,#2480,.T.);
#3394 = CYLINDRICAL_SURFACE('',#3395,5.E-02);
#3395 = AXIS2_PLACEMENT_3D('',#3396,#3397,#3398);
#3396 = CARTESIAN_POINT('',(2.55,-2.2,0.45));
#3397 = DIRECTION('',(1.224646799147E-16,1.,0.));
#3398 = DIRECTION('',(1.,-1.224646799147E-16,0.));
#3399 = ADVANCED_FACE('',(#3400),#3406,.F.);
#3400 = FACE_BOUND('',#3401,.F.);
#3401 = EDGE_LOOP('',(#3402,#3403,#3404,#3405));
#3402 = ORIENTED_EDGE('',*,*,#2427,.T.);
#3403 = ORIENTED_EDGE('',*,*,#3323,.T.);
#3404 = ORIENTED_EDGE('',*,*,#2329,.F.);
#3405 = ORIENTED_EDGE('',*,*,#3348,.F.);
#3406 = PLANE('',#3407);
#3407 = AXIS2_PLACEMENT_3D('',#3408,#3409,#3410);
#3408 = CARTESIAN_POINT('',(2.7,-2.1,0.));
#3409 = DIRECTION('',(-1.,1.224646799147E-16,0.));
#3410 = DIRECTION('',(1.224646799147E-16,1.,0.));
#3411 = ADVANCED_FACE('',(#3412),#3423,.F.);
#3412 = FACE_BOUND('',#3413,.F.);
#3413 = EDGE_LOOP('',(#3414,#3420,#3421,#3422));
#3414 = ORIENTED_EDGE('',*,*,#3415,.T.);
#3415 = EDGE_CURVE('',#2582,#2675,#3416,.T.);
#3416 = LINE('',#3417,#3418);
#3417 = CARTESIAN_POINT('',(2.6,1.,0.45));
#3418 = VECTOR('',#3419,1.);
#3419 = DIRECTION('',(1.224646799147E-16,1.,0.));
#3420 = ORIENTED_EDGE('',*,*,#2674,.F.);
#3421 = ORIENTED_EDGE('',*,*,#2505,.F.);
#3422 = ORIENTED_EDGE('',*,*,#2589,.T.);
#3423 = CYLINDRICAL_SURFACE('',#3424,5.E-02);
#3424 = AXIS2_PLACEMENT_3D('',#3425,#3426,#3427);
#3425 = CARTESIAN_POINT('',(2.55,1.,0.45));
#3426 = DIRECTION('',(1.224646799147E-16,1.,0.));
#3427 = DIRECTION('',(1.,-1.224646799147E-16,0.));
#3428 = ADVANCED_FACE('',(#3429),#3445,.F.);
#3429 = FACE_BOUND('',#3430,.F.);
#3430 = EDGE_LOOP('',(#3431,#3432,#3438,#3439));
#3431 = ORIENTED_EDGE('',*,*,#2536,.T.);
#3432 = ORIENTED_EDGE('',*,*,#3433,.T.);
#3433 = EDGE_CURVE('',#2539,#2657,#3434,.T.);
#3434 = LINE('',#3435,#3436);
#3435 = CARTESIAN_POINT('',(2.7,1.1,0.55));
#3436 = VECTOR('',#3437,1.);
#3437 = DIRECTION('',(1.224646799147E-16,1.,0.));
#3438 = ORIENTED_EDGE('',*,*,#2656,.F.);
#3439 = ORIENTED_EDGE('',*,*,#3440,.F.);
#3440 = EDGE_CURVE('',#2537,#2646,#3441,.T.);
#3441 = LINE('',#3442,#3443);
#3442 = CARTESIAN_POINT('',(2.7,1.1,5.E-02));
#3443 = VECTOR('',#3444,1.);
#3444 = DIRECTION('',(1.224646799147E-16,1.,0.));
#3445 = PLANE('',#3446);
#3446 = AXIS2_PLACEMENT_3D('',#3447,#3448,#3449);
#3447 = CARTESIAN_POINT('',(2.7,1.1,0.));
#3448 = DIRECTION('',(-1.,1.224646799147E-16,0.));
#3449 = DIRECTION('',(1.224646799147E-16,1.,0.));
#3450 = ADVANCED_FACE('',(#3451),#3457,.T.);
#3451 = FACE_BOUND('',#3452,.T.);
#3452 = EDGE_LOOP('',(#3453,#3454,#3455,#3456));
#3453 = ORIENTED_EDGE('',*,*,#3433,.T.);
#3454 = ORIENTED_EDGE('',*,*,#2664,.T.);
#3455 = ORIENTED_EDGE('',*,*,#2621,.F.);
#3456 = ORIENTED_EDGE('',*,*,#2606,.F.);
#3457 = CYLINDRICAL_SURFACE('',#3458,5.E-02);
#3458 = AXIS2_PLACEMENT_3D('',#3459,#3460,#3461);
#3459 = CARTESIAN_POINT('',(2.65,1.1,0.55));
#3460 = DIRECTION('',(1.224646799147E-16,1.,0.));
#3461 = DIRECTION('',(1.,-1.224646799147E-16,0.));
#3462 = ADVANCED_FACE('',(#3463),#3469,.T.);
#3463 = FACE_BOUND('',#3464,.T.);
#3464 = EDGE_LOOP('',(#3465,#3466,#3467,#3468));
#3465 = ORIENTED_EDGE('',*,*,#3292,.F.);
#3466 = ORIENTED_EDGE('',*,*,#2581,.T.);
#3467 = ORIENTED_EDGE('',*,*,#3415,.T.);
#3468 = ORIENTED_EDGE('',*,*,#2683,.T.);
#3469 = PLANE('',#3470);
#3470 = AXIS2_PLACEMENT_3D('',#3471,#3472,#3473);
#3471 = CARTESIAN_POINT('',(2.6,1.,0.1));
#3472 = DIRECTION('',(-1.,1.224646799147E-16,0.));
#3473 = DIRECTION('',(1.224646799147E-16,1.,0.));
#3474 = ADVANCED_FACE('',(#3475),#3486,.F.);
#3475 = FACE_BOUND('',#3476,.F.);
#3476 = EDGE_LOOP('',(#3477,#3478,#3479,#3480));
#3477 = ORIENTED_EDGE('',*,*,#2709,.T.);
#3478 = ORIENTED_EDGE('',*,*,#3221,.T.);
#3479 = ORIENTED_EDGE('',*,*,#2555,.T.);
#3480 = ORIENTED_EDGE('',*,*,#3481,.T.);
#3481 = EDGE_CURVE('',#2547,#2648,#3482,.T.);
#3482 = LINE('',#3483,#3484);
#3483 = CARTESIAN_POINT('',(2.65,1.1,-6.938893903907E-18));
#3484 = VECTOR('',#3485,1.);
#3485 = DIRECTION('',(1.224646799147E-16,1.,0.));
#3486 = PLANE('',#3487);
#3487 = AXIS2_PLACEMENT_3D('',#3488,#3489,#3490);
#3488 = CARTESIAN_POINT('',(2.2,1.6,0.));
#3489 = DIRECTION('',(0.,0.,1.));
#3490 = DIRECTION('',(-1.,1.224646799147E-16,0.));
#3491 = ADVANCED_FACE('',(#3492),#3498,.T.);
#3492 = FACE_BOUND('',#3493,.T.);
#3493 = EDGE_LOOP('',(#3494,#3495,#3496,#3497));
#3494 = ORIENTED_EDGE('',*,*,#2546,.T.);
#3495 = ORIENTED_EDGE('',*,*,#3481,.T.);
#3496 = ORIENTED_EDGE('',*,*,#2645,.F.);
#3497 = ORIENTED_EDGE('',*,*,#3440,.F.);
#3498 = CYLINDRICAL_SURFACE('',#3499,5.E-02);
#3499 = AXIS2_PLACEMENT_3D('',#3500,#3501,#3502);
#3500 = CARTESIAN_POINT('',(2.65,1.1,5.E-02));
#3501 = DIRECTION('',(1.224646799147E-16,1.,0.));
#3502 = DIRECTION('',(1.,-1.224646799147E-16,0.));
#3503 = ADVANCED_FACE('',(#3504),#3515,.F.);
#3504 = FACE_BOUND('',#3505,.F.);
#3505 = EDGE_LOOP('',(#3506,#3507,#3513,#3514));
#3506 = ORIENTED_EDGE('',*,*,#3087,.F.);
#3507 = ORIENTED_EDGE('',*,*,#3508,.F.);
#3508 = EDGE_CURVE('',#3180,#3080,#3509,.T.);
#3509 = LINE('',#3510,#3511);
#3510 = CARTESIAN_POINT('',(-2.6,2.2,0.15));
#3511 = VECTOR('',#3512,1.);
#3512 = DIRECTION('',(-1.224646799147E-16,-1.,0.));
#3513 = ORIENTED_EDGE('',*,*,#3179,.T.);
#3514 = ORIENTED_EDGE('',*,*,#2732,.T.);
#3515 = CYLINDRICAL_SURFACE('',#3516,5.E-02);
#3516 = AXIS2_PLACEMENT_3D('',#3517,#3518,#3519);
#3517 = CARTESIAN_POINT('',(-2.55,2.2,0.15));
#3518 = DIRECTION('',(-1.224646799147E-16,-1.,0.));
#3519 = DIRECTION('',(-1.44444745829E-33,1.768937956331E-49,-1.));
#3520 = ADVANCED_FACE('',(#3521),#3532,.F.);
#3521 = FACE_BOUND('',#3522,.F.);
#3522 = EDGE_LOOP('',(#3523,#3524,#3530,#3531));
#3523 = ORIENTED_EDGE('',*,*,#2971,.F.);
#3524 = ORIENTED_EDGE('',*,*,#3525,.F.);
#3525 = EDGE_CURVE('',#2853,#2964,#3526,.T.);
#3526 = LINE('',#3527,#3528);
#3527 = CARTESIAN_POINT('',(-2.6,-1.,0.15));
#3528 = VECTOR('',#3529,1.);
#3529 = DIRECTION('',(-1.224646799147E-16,-1.,0.));
#3530 = ORIENTED_EDGE('',*,*,#2852,.T.);
#3531 = ORIENTED_EDGE('',*,*,#2763,.T.);
#3532 = CYLINDRICAL_SURFACE('',#3533,5.E-02);
#3533 = AXIS2_PLACEMENT_3D('',#3534,#3535,#3536);
#3534 = CARTESIAN_POINT('',(-2.55,-1.,0.15));
#3535 = DIRECTION('',(-1.224646799147E-16,-1.,0.));
#3536 = DIRECTION('',(-1.44444745829E-33,1.768937956331E-49,-1.));
#3537 = ADVANCED_FACE('',(#3538),#3549,.F.);
#3538 = FACE_BOUND('',#3539,.F.);
#3539 = EDGE_LOOP('',(#3540,#3546,#3547,#3548));
#3540 = ORIENTED_EDGE('',*,*,#3541,.T.);
#3541 = EDGE_CURVE('',#2862,#2955,#3542,.T.);
#3542 = LINE('',#3543,#3544);
#3543 = CARTESIAN_POINT('',(-2.6,-1.,0.45));
#3544 = VECTOR('',#3545,1.);
#3545 = DIRECTION('',(-1.224646799147E-16,-1.,0.));
#3546 = ORIENTED_EDGE('',*,*,#2954,.F.);
#3547 = ORIENTED_EDGE('',*,*,#2794,.F.);
#3548 = ORIENTED_EDGE('',*,*,#2869,.T.);
#3549 = CYLINDRICAL_SURFACE('',#3550,5.E-02);
#3550 = AXIS2_PLACEMENT_3D('',#3551,#3552,#3553);
#3551 = CARTESIAN_POINT('',(-2.55,-1.,0.45));
#3552 = DIRECTION('',(-1.224646799147E-16,-1.,0.));
#3553 = DIRECTION('',(-1.,1.224646799147E-16,0.));
#3554 = ADVANCED_FACE('',(#3555),#3571,.F.);
#3555 = FACE_BOUND('',#3556,.F.);
#3556 = EDGE_LOOP('',(#3557,#3558,#3564,#3565));
#3557 = ORIENTED_EDGE('',*,*,#2816,.T.);
#3558 = ORIENTED_EDGE('',*,*,#3559,.T.);
#3559 = EDGE_CURVE('',#2819,#2937,#3560,.T.);
#3560 = LINE('',#3561,#3562);
#3561 = CARTESIAN_POINT('',(-2.7,-1.1,0.55));
#3562 = VECTOR('',#3563,1.);
#3563 = DIRECTION('',(-1.224646799147E-16,-1.,0.));
#3564 = ORIENTED_EDGE('',*,*,#2936,.F.);
#3565 = ORIENTED_EDGE('',*,*,#3566,.F.);
#3566 = EDGE_CURVE('',#2817,#2926,#3567,.T.);
#3567 = LINE('',#3568,#3569);
#3568 = CARTESIAN_POINT('',(-2.7,-1.1,5.E-02));
#3569 = VECTOR('',#3570,1.);
#3570 = DIRECTION('',(-1.224646799147E-16,-1.,0.));
#3571 = PLANE('',#3572);
#3572 = AXIS2_PLACEMENT_3D('',#3573,#3574,#3575);
#3573 = CARTESIAN_POINT('',(-2.7,-1.1,0.));
#3574 = DIRECTION('',(1.,-1.224646799147E-16,0.));
#3575 = DIRECTION('',(-1.224646799147E-16,-1.,0.));
#3576 = ADVANCED_FACE('',(#3577),#3583,.T.);
#3577 = FACE_BOUND('',#3578,.T.);
#3578 = EDGE_LOOP('',(#3579,#3580,#3581,#3582));
#3579 = ORIENTED_EDGE('',*,*,#2886,.T.);
#3580 = ORIENTED_EDGE('',*,*,#3559,.T.);
#3581 = ORIENTED_EDGE('',*,*,#2944,.F.);
#3582 = ORIENTED_EDGE('',*,*,#2903,.F.);
#3583 = CYLINDRICAL_SURFACE('',#3584,5.E-02);
#3584 = AXIS2_PLACEMENT_3D('',#3585,#3586,#3587);
#3585 = CARTESIAN_POINT('',(-2.65,-1.1,0.55));
#3586 = DIRECTION('',(-1.224646799147E-16,-1.,0.));
#3587 = DIRECTION('',(0.,0.,1.));
#3588 = ADVANCED_FACE('',(#3589),#3595,.T.);
#3589 = FACE_BOUND('',#3590,.T.);
#3590 = EDGE_LOOP('',(#3591,#3592,#3593,#3594));
#3591 = ORIENTED_EDGE('',*,*,#3525,.F.);
#3592 = ORIENTED_EDGE('',*,*,#2861,.T.);
#3593 = ORIENTED_EDGE('',*,*,#3541,.T.);
#3594 = ORIENTED_EDGE('',*,*,#2963,.T.);
#3595 = PLANE('',#3596);
#3596 = AXIS2_PLACEMENT_3D('',#3597,#3598,#3599);
#3597 = CARTESIAN_POINT('',(-2.6,-1.,0.1));
#3598 = DIRECTION('',(1.,-1.224646799147E-16,0.));
#3599 = DIRECTION('',(-1.224646799147E-16,-1.,0.));
#3600 = ADVANCED_FACE('',(#3601),#3612,.F.);
#3601 = FACE_BOUND('',#3602,.F.);
#3602 = EDGE_LOOP('',(#3603,#3604,#3610,#3611));
#3603 = ORIENTED_EDGE('',*,*,#2835,.T.);
#3604 = ORIENTED_EDGE('',*,*,#3605,.T.);
#3605 = EDGE_CURVE('',#2827,#2928,#3606,.T.);
#3606 = LINE('',#3607,#3608);
#3607 = CARTESIAN_POINT('',(-2.65,-1.1,-6.938893903907E-18));
#3608 = VECTOR('',#3609,1.);
#3609 = DIRECTION('',(-1.224646799147E-16,-1.,0.));
#3610 = ORIENTED_EDGE('',*,*,#2989,.T.);
#3611 = ORIENTED_EDGE('',*,*,#3255,.T.);
#3612 = PLANE('',#3613);
#3613 = AXIS2_PLACEMENT_3D('',#3614,#3615,#3616);
#3614 = CARTESIAN_POINT('',(-2.2,-1.6,0.));
#3615 = DIRECTION('',(0.,0.,1.));
#3616 = DIRECTION('',(-1.,1.224646799147E-16,0.));
#3617 = ADVANCED_FACE('',(#3618),#3624,.T.);
#3618 = FACE_BOUND('',#3619,.T.);
#3619 = EDGE_LOOP('',(#3620,#3621,#3622,#3623));
#3620 = ORIENTED_EDGE('',*,*,#2826,.T.);
#3621 = ORIENTED_EDGE('',*,*,#3605,.T.);
#3622 = ORIENTED_EDGE('',*,*,#2925,.F.);
#3623 = ORIENTED_EDGE('',*,*,#3566,.F.);
#3624 = CYLINDRICAL_SURFACE('',#3625,5.E-02);
#3625 = AXIS2_PLACEMENT_3D('',#3626,#3627,#3628);
#3626 = CARTESIAN_POINT('',(-2.65,-1.1,5.E-02));
#3627 = DIRECTION('',(-1.224646799147E-16,-1.,0.));
#3628 = DIRECTION('',(-1.,1.224646799147E-16,0.));
#3629 = ADVANCED_FACE('',(#3630),#3641,.T.);
#3630 = FACE_BOUND('',#3631,.T.);
#3631 = EDGE_LOOP('',(#3632,#3633,#3639,#3640));
#3632 = ORIENTED_EDGE('',*,*,#3206,.T.);
#3633 = ORIENTED_EDGE('',*,*,#3634,.T.);
#3634 = EDGE_CURVE('',#3146,#3046,#3635,.T.);
#3635 = LINE('',#3636,#3637);
#3636 = CARTESIAN_POINT('',(-2.7,2.1,0.55));
#3637 = VECTOR('',#3638,1.);
#3638 = DIRECTION('',(-1.224646799147E-16,-1.,0.));
#3639 = ORIENTED_EDGE('',*,*,#3053,.F.);
#3640 = ORIENTED_EDGE('',*,*,#3012,.F.);
#3641 = CYLINDRICAL_SURFACE('',#3642,5.E-02);
#3642 = AXIS2_PLACEMENT_3D('',#3643,#3644,#3645);
#3643 = CARTESIAN_POINT('',(-2.65,2.1,0.55));
#3644 = DIRECTION('',(-1.224646799147E-16,-1.,0.));
#3645 = DIRECTION('',(0.,0.,1.));
#3646 = ADVANCED_FACE('',(#3647),#3663,.T.);
#3647 = FACE_BOUND('',#3648,.T.);
#3648 = EDGE_LOOP('',(#3649,#3650,#3656,#3657));
#3649 = ORIENTED_EDGE('',*,*,#3153,.T.);
#3650 = ORIENTED_EDGE('',*,*,#3651,.T.);
#3651 = EDGE_CURVE('',#3154,#3037,#3652,.T.);
#3652 = LINE('',#3653,#3654);
#3653 = CARTESIAN_POINT('',(-2.65,2.1,-6.938893903907E-18));
#3654 = VECTOR('',#3655,1.);
#3655 = DIRECTION('',(-1.224646799147E-16,-1.,0.));
#3656 = ORIENTED_EDGE('',*,*,#3034,.F.);
#3657 = ORIENTED_EDGE('',*,*,#3658,.F.);
#3658 = EDGE_CURVE('',#3144,#3035,#3659,.T.);
#3659 = LINE('',#3660,#3661);
#3660 = CARTESIAN_POINT('',(-2.7,2.1,5.E-02));
#3661 = VECTOR('',#3662,1.);
#3662 = DIRECTION('',(-1.224646799147E-16,-1.,0.));
#3663 = CYLINDRICAL_SURFACE('',#3664,5.E-02);
#3664 = AXIS2_PLACEMENT_3D('',#3665,#3666,#3667);
#3665 = CARTESIAN_POINT('',(-2.65,2.1,5.E-02));
#3666 = DIRECTION('',(-1.224646799147E-16,-1.,0.));
#3667 = DIRECTION('',(-1.,1.224646799147E-16,0.));
#3668 = ADVANCED_FACE('',(#3669),#3675,.F.);
#3669 = FACE_BOUND('',#3670,.F.);
#3670 = EDGE_LOOP('',(#3671,#3672,#3673,#3674));
#3671 = ORIENTED_EDGE('',*,*,#3162,.T.);
#3672 = ORIENTED_EDGE('',*,*,#3651,.T.);
#3673 = ORIENTED_EDGE('',*,*,#3105,.T.);
#3674 = ORIENTED_EDGE('',*,*,#3272,.T.);
#3675 = PLANE('',#3676);
#3676 = AXIS2_PLACEMENT_3D('',#3677,#3678,#3679);
#3677 = CARTESIAN_POINT('',(-2.2,1.6,0.));
#3678 = DIRECTION('',(0.,0.,1.));
#3679 = DIRECTION('',(-1.,1.224646799147E-16,0.));
#3680 = ADVANCED_FACE('',(#3681),#3692,.T.);
#3681 = FACE_BOUND('',#3682,.T.);
#3682 = EDGE_LOOP('',(#3683,#3684,#3685,#3691));
#3683 = ORIENTED_EDGE('',*,*,#3508,.F.);
#3684 = ORIENTED_EDGE('',*,*,#3188,.T.);
#3685 = ORIENTED_EDGE('',*,*,#3686,.T.);
#3686 = EDGE_CURVE('',#3189,#3071,#3687,.T.);
#3687 = LINE('',#3688,#3689);
#3688 = CARTESIAN_POINT('',(-2.6,2.2,0.45));
#3689 = VECTOR('',#3690,1.);
#3690 = DIRECTION('',(-1.224646799147E-16,-1.,0.));
#3691 = ORIENTED_EDGE('',*,*,#3079,.T.);
#3692 = PLANE('',#3693);
#3693 = AXIS2_PLACEMENT_3D('',#3694,#3695,#3696);
#3694 = CARTESIAN_POINT('',(-2.6,2.2,0.1));
#3695 = DIRECTION('',(1.,-1.224646799147E-16,0.));
#3696 = DIRECTION('',(-1.224646799147E-16,-1.,0.));
#3697 = ADVANCED_FACE('',(#3698),#3704,.F.);
#3698 = FACE_BOUND('',#3699,.F.);
#3699 = EDGE_LOOP('',(#3700,#3701,#3702,#3703));
#3700 = ORIENTED_EDGE('',*,*,#3686,.T.);
#3701 = ORIENTED_EDGE('',*,*,#3070,.F.);
#3702 = ORIENTED_EDGE('',*,*,#3128,.F.);
#3703 = ORIENTED_EDGE('',*,*,#3196,.T.);
#3704 = CYLINDRICAL_SURFACE('',#3705,5.E-02);
#3705 = AXIS2_PLACEMENT_3D('',#3706,#3707,#3708);
#3706 = CARTESIAN_POINT('',(-2.55,2.2,0.45));
#3707 = DIRECTION('',(-1.224646799147E-16,-1.,0.));
#3708 = DIRECTION('',(-1.,1.224646799147E-16,0.));
#3709 = ADVANCED_FACE('',(#3710),#3716,.F.);
#3710 = FACE_BOUND('',#3711,.F.);
#3711 = EDGE_LOOP('',(#3712,#3713,#3714,#3715));
#3712 = ORIENTED_EDGE('',*,*,#3143,.T.);
#3713 = ORIENTED_EDGE('',*,*,#3634,.T.);
#3714 = ORIENTED_EDGE('',*,*,#3045,.F.);
#3715 = ORIENTED_EDGE('',*,*,#3658,.F.);
#3716 = PLANE('',#3717);
#3717 = AXIS2_PLACEMENT_3D('',#3718,#3719,#3720);
#3718 = CARTESIAN_POINT('',(-2.7,2.1,0.));
#3719 = DIRECTION('',(1.,-1.224646799147E-16,0.));
#3720 = DIRECTION('',(-1.224646799147E-16,-1.,0.));
#3721 = ( GEOMETRIC_REPRESENTATION_CONTEXT(3) 
GLOBAL_UNCERTAINTY_ASSIGNED_CONTEXT((#3725)) 
GLOBAL_UNIT_ASSIGNED_CONTEXT((#3722,#3723,#3724)) REPRESENTATION_CONTEXT
('Context #1','3D Context with UNIT and UNCERTAINTY') );
#3722 = ( LENGTH_UNIT() NAMED_UNIT(*) SI_UNIT(.MILLI.,.METRE.) );
#3723 = ( NAMED_UNIT(*) PLANE_ANGLE_UNIT() SI_UNIT($,.RADIAN.) );
#3724 = ( NAMED_UNIT(*) SI_UNIT($,.STERADIAN.) SOLID_ANGLE_UNIT() );
#3725 = UNCERTAINTY_MEASURE_WITH_UNIT(LENGTH_MEASURE(1.E-07),#3722,
  'distance_accuracy_value','confusion accuracy');
#3726 = CONTEXT_DEPENDENT_SHAPE_REPRESENTATION(#3727,#3729);
#3727 = ( REPRESENTATION_RELATIONSHIP('','',#1453,#1430) 
REPRESENTATION_RELATIONSHIP_WITH_TRANSFORMATION(#3728) 
SHAPE_REPRESENTATION_RELATIONSHIP() );
#3728 = ITEM_DEFINED_TRANSFORMATION('','',#11,#1431);
#3729 = PRODUCT_DEFINITION_SHAPE('Placement','Placement of an item',
  #3730);
#3730 = NEXT_ASSEMBLY_USAGE_OCCURRENCE('3','=>[0:1:1:5]','',#1425,#1448,
  $);
#3731 = PRODUCT_RELATED_PRODUCT_CATEGORY('part',$,(#1450));
#3732 = CONTEXT_DEPENDENT_SHAPE_REPRESENTATION(#3733,#3735);
#3733 = ( REPRESENTATION_RELATIONSHIP('','',#1430,#10) 
REPRESENTATION_RELATIONSHIP_WITH_TRANSFORMATION(#3734) 
SHAPE_REPRESENTATION_RELATIONSHIP() );
#3734 = ITEM_DEFINED_TRANSFORMATION('','',#11,#23);
#3735 = PRODUCT_DEFINITION_SHAPE('Placement','Placement of an item',
  #3736);
#3736 = NEXT_ASSEMBLY_USAGE_OCCURRENCE('5','LED2','',#5,#1425,$);
#3737 = SHAPE_DEFINITION_REPRESENTATION(#3738,#3744);
#3738 = PRODUCT_DEFINITION_SHAPE('','',#3739);
#3739 = PRODUCT_DEFINITION('design','',#3740,#3743);
#3740 = PRODUCT_DEFINITION_FORMATION('','',#3741);
#3741 = PRODUCT('C0603T104K8RAC7867','C0603T104K8RAC7867','',(#3742));
#3742 = PRODUCT_CONTEXT('',#2,'mechanical');
#3743 = PRODUCT_DEFINITION_CONTEXT('part definition',#2,'design');
#3744 = SHAPE_REPRESENTATION('',(#11,#3745),#3749);
#3745 = AXIS2_PLACEMENT_3D('',#3746,#3747,#3748);
#3746 = CARTESIAN_POINT('',(0.,0.,0.));
#3747 = DIRECTION('',(0.,0.,1.));
#3748 = DIRECTION('',(1.,0.,-0.));
#3749 = ( GEOMETRIC_REPRESENTATION_CONTEXT(3) 
GLOBAL_UNCERTAINTY_ASSIGNED_CONTEXT((#3753)) 
GLOBAL_UNIT_ASSIGNED_CONTEXT((#3750,#3751,#3752)) REPRESENTATION_CONTEXT
('Context #1','3D Context with UNIT and UNCERTAINTY') );
#3750 = ( LENGTH_UNIT() NAMED_UNIT(*) SI_UNIT(.MILLI.,.METRE.) );
#3751 = ( NAMED_UNIT(*) PLANE_ANGLE_UNIT() SI_UNIT($,.RADIAN.) );
#3752 = ( NAMED_UNIT(*) SI_UNIT($,.STERADIAN.) SOLID_ANGLE_UNIT() );
#3753 = UNCERTAINTY_MEASURE_WITH_UNIT(LENGTH_MEASURE(1.E-07),#3750,
  'distance_accuracy_value','confusion accuracy');
#3754 = CONTEXT_DEPENDENT_SHAPE_REPRESENTATION(#3755,#3757);
#3755 = ( REPRESENTATION_RELATIONSHIP('','',#3744,#10) 
REPRESENTATION_RELATIONSHIP_WITH_TRANSFORMATION(#3756) 
SHAPE_REPRESENTATION_RELATIONSHIP() );
#3756 = ITEM_DEFINED_TRANSFORMATION('','',#11,#27);
#3757 = PRODUCT_DEFINITION_SHAPE('Placement','Placement of an item',
  #3758);
#3758 = NEXT_ASSEMBLY_USAGE_OCCURRENCE('7','C2','',#5,#3739,$);
#3759 = PRODUCT_RELATED_PRODUCT_CATEGORY('part',$,(#3741));
#3760 = SHAPE_DEFINITION_REPRESENTATION(#3761,#3767);
#3761 = PRODUCT_DEFINITION_SHAPE('','',#3762);
#3762 = PRODUCT_DEFINITION('design','',#3763,#3766);
#3763 = PRODUCT_DEFINITION_FORMATION('','',#3764);
#3764 = PRODUCT('C0603C823K4RACTU','C0603C823K4RACTU','',(#3765));
#3765 = PRODUCT_CONTEXT('',#2,'mechanical');
#3766 = PRODUCT_DEFINITION_CONTEXT('part definition',#2,'design');
#3767 = SHAPE_REPRESENTATION('',(#11,#3768,#4222,#4676),#4966);
#3768 = MANIFOLD_SOLID_BREP('',#3769);
#3769 = CLOSED_SHELL('',(#3770,#3810,#3850,#3917,#3948,#3979,#4010,#4028
    ,#4052,#4070,#4087,#4104,#4122,#4140,#4158,#4176,#4193,#4210));
#3770 = ADVANCED_FACE('',(#3771),#3805,.F.);
#3771 = FACE_BOUND('',#3772,.T.);
#3772 = EDGE_LOOP('',(#3773,#3783,#3791,#3799));
#3773 = ORIENTED_EDGE('',*,*,#3774,.T.);
#3774 = EDGE_CURVE('',#3775,#3777,#3779,.T.);
#3775 = VERTEX_POINT('',#3776);
#3776 = CARTESIAN_POINT('',(-0.8,0.83,0.36));
#3777 = VERTEX_POINT('',#3778);
#3778 = CARTESIAN_POINT('',(-0.8,0.83,-0.36));
#3779 = LINE('',#3780,#3781);
#3780 = CARTESIAN_POINT('',(-0.8,0.83,-0.4));
#3781 = VECTOR('',#3782,1.);
#3782 = DIRECTION('',(-1.355252715607E-16,-0.,-1.));
#3783 = ORIENTED_EDGE('',*,*,#3784,.T.);
#3784 = EDGE_CURVE('',#3777,#3785,#3787,.T.);
#3785 = VERTEX_POINT('',#3786);
#3786 = CARTESIAN_POINT('',(-0.8,4.E-02,-0.36));
#3787 = LINE('',#3788,#3789);
#3788 = CARTESIAN_POINT('',(-0.8,0.87,-0.36));
#3789 = VECTOR('',#3790,1.);
#3790 = DIRECTION('',(0.,-1.,0.));
#3791 = ORIENTED_EDGE('',*,*,#3792,.T.);
#3792 = EDGE_CURVE('',#3785,#3793,#3795,.T.);
#3793 = VERTEX_POINT('',#3794);
#3794 = CARTESIAN_POINT('',(-0.8,4.E-02,0.36));
#3795 = LINE('',#3796,#3797);
#3796 = CARTESIAN_POINT('',(-0.8,4.E-02,-0.4));
#3797 = VECTOR('',#3798,1.);
#3798 = DIRECTION('',(1.355252715607E-16,-0.,1.));
#3799 = ORIENTED_EDGE('',*,*,#3800,.T.);
#3800 = EDGE_CURVE('',#3793,#3775,#3801,.T.);
#3801 = LINE('',#3802,#3803);
#3802 = CARTESIAN_POINT('',(-0.8,0.87,0.36));
#3803 = VECTOR('',#3804,1.);
#3804 = DIRECTION('',(-0.,1.,-0.));
#3805 = PLANE('',#3806);
#3806 = AXIS2_PLACEMENT_3D('',#3807,#3808,#3809);
#3807 = CARTESIAN_POINT('',(-0.8,0.87,-0.4));
#3808 = DIRECTION('',(1.,0.,-1.355252715607E-16));
#3809 = DIRECTION('',(-1.355252715607E-16,0.,-1.));
#3810 = ADVANCED_FACE('',(#3811),#3845,.F.);
#3811 = FACE_BOUND('',#3812,.T.);
#3812 = EDGE_LOOP('',(#3813,#3823,#3831,#3839));
#3813 = ORIENTED_EDGE('',*,*,#3814,.T.);
#3814 = EDGE_CURVE('',#3815,#3817,#3819,.T.);
#3815 = VERTEX_POINT('',#3816);
#3816 = CARTESIAN_POINT('',(-0.76,0.83,0.4));
#3817 = VERTEX_POINT('',#3818);
#3818 = CARTESIAN_POINT('',(-0.76,4.E-02,0.4));
#3819 = LINE('',#3820,#3821);
#3820 = CARTESIAN_POINT('',(-0.76,0.87,0.4));
#3821 = VECTOR('',#3822,1.);
#3822 = DIRECTION('',(0.,-1.,0.));
#3823 = ORIENTED_EDGE('',*,*,#3824,.T.);
#3824 = EDGE_CURVE('',#3817,#3825,#3827,.T.);
#3825 = VERTEX_POINT('',#3826);
#3826 = CARTESIAN_POINT('',(-0.45,4.E-02,0.4));
#3827 = LINE('',#3828,#3829);
#3828 = CARTESIAN_POINT('',(-0.8,4.E-02,0.4));
#3829 = VECTOR('',#3830,1.);
#3830 = DIRECTION('',(1.,-0.,0.));
#3831 = ORIENTED_EDGE('',*,*,#3832,.F.);
#3832 = EDGE_CURVE('',#3833,#3825,#3835,.T.);
#3833 = VERTEX_POINT('',#3834);
#3834 = CARTESIAN_POINT('',(-0.45,0.83,0.4));
#3835 = LINE('',#3836,#3837);
#3836 = CARTESIAN_POINT('',(-0.45,0.87,0.4));
#3837 = VECTOR('',#3838,1.);
#3838 = DIRECTION('',(-0.,-1.,-0.));
#3839 = ORIENTED_EDGE('',*,*,#3840,.T.);
#3840 = EDGE_CURVE('',#3833,#3815,#3841,.T.);
#3841 = LINE('',#3842,#3843);
#3842 = CARTESIAN_POINT('',(-0.8,0.83,0.4));
#3843 = VECTOR('',#3844,1.);
#3844 = DIRECTION('',(-1.,-0.,-0.));
#3845 = PLANE('',#3846);
#3846 = AXIS2_PLACEMENT_3D('',#3847,#3848,#3849);
#3847 = CARTESIAN_POINT('',(-0.8,0.87,0.4));
#3848 = DIRECTION('',(0.,0.,-1.));
#3849 = DIRECTION('',(-1.,0.,-0.));
#3850 = ADVANCED_FACE('',(#3851),#3912,.F.);
#3851 = FACE_BOUND('',#3852,.T.);
#3852 = EDGE_LOOP('',(#3853,#3863,#3872,#3880,#3889,#3897,#3904,#3905));
#3853 = ORIENTED_EDGE('',*,*,#3854,.T.);
#3854 = EDGE_CURVE('',#3855,#3857,#3859,.T.);
#3855 = VERTEX_POINT('',#3856);
#3856 = CARTESIAN_POINT('',(-0.45,0.,0.36));
#3857 = VERTEX_POINT('',#3858);
#3858 = CARTESIAN_POINT('',(-0.45,0.,-0.36));
#3859 = LINE('',#3860,#3861);
#3860 = CARTESIAN_POINT('',(-0.45,0.,-0.4));
#3861 = VECTOR('',#3862,1.);
#3862 = DIRECTION('',(-2.03287907341E-16,-0.,-1.));
#3863 = ORIENTED_EDGE('',*,*,#3864,.T.);
#3864 = EDGE_CURVE('',#3857,#3865,#3867,.T.);
#3865 = VERTEX_POINT('',#3866);
#3866 = CARTESIAN_POINT('',(-0.45,4.E-02,-0.4));
#3867 = CIRCLE('',#3868,4.E-02);
#3868 = AXIS2_PLACEMENT_3D('',#3869,#3870,#3871);
#3869 = CARTESIAN_POINT('',(-0.45,4.E-02,-0.36));
#3870 = DIRECTION('',(1.,0.,-2.03287907341E-16));
#3871 = DIRECTION('',(2.03287907341E-16,0.,1.));
#3872 = ORIENTED_EDGE('',*,*,#3873,.F.);
#3873 = EDGE_CURVE('',#3874,#3865,#3876,.T.);
#3874 = VERTEX_POINT('',#3875);
#3875 = CARTESIAN_POINT('',(-0.45,0.83,-0.4));
#3876 = LINE('',#3877,#3878);
#3877 = CARTESIAN_POINT('',(-0.45,0.87,-0.4));
#3878 = VECTOR('',#3879,1.);
#3879 = DIRECTION('',(-0.,-1.,-0.));
#3880 = ORIENTED_EDGE('',*,*,#3881,.T.);
#3881 = EDGE_CURVE('',#3874,#3882,#3884,.T.);
#3882 = VERTEX_POINT('',#3883);
#3883 = CARTESIAN_POINT('',(-0.45,0.87,-0.36));
#3884 = CIRCLE('',#3885,4.E-02);
#3885 = AXIS2_PLACEMENT_3D('',#3886,#3887,#3888);
#3886 = CARTESIAN_POINT('',(-0.45,0.83,-0.36));
#3887 = DIRECTION('',(1.,0.,-2.03287907341E-16));
#3888 = DIRECTION('',(2.03287907341E-16,0.,1.));
#3889 = ORIENTED_EDGE('',*,*,#3890,.F.);
#3890 = EDGE_CURVE('',#3891,#3882,#3893,.T.);
#3891 = VERTEX_POINT('',#3892);
#3892 = CARTESIAN_POINT('',(-0.45,0.87,0.36));
#3893 = LINE('',#3894,#3895);
#3894 = CARTESIAN_POINT('',(-0.45,0.87,-0.4));
#3895 = VECTOR('',#3896,1.);
#3896 = DIRECTION('',(-2.03287907341E-16,-0.,-1.));
#3897 = ORIENTED_EDGE('',*,*,#3898,.T.);
#3898 = EDGE_CURVE('',#3891,#3833,#3899,.T.);
#3899 = CIRCLE('',#3900,4.E-02);
#3900 = AXIS2_PLACEMENT_3D('',#3901,#3902,#3903);
#3901 = CARTESIAN_POINT('',(-0.45,0.83,0.36));
#3902 = DIRECTION('',(1.,0.,-2.03287907341E-16));
#3903 = DIRECTION('',(2.03287907341E-16,0.,1.));
#3904 = ORIENTED_EDGE('',*,*,#3832,.T.);
#3905 = ORIENTED_EDGE('',*,*,#3906,.T.);
#3906 = EDGE_CURVE('',#3825,#3855,#3907,.T.);
#3907 = CIRCLE('',#3908,4.E-02);
#3908 = AXIS2_PLACEMENT_3D('',#3909,#3910,#3911);
#3909 = CARTESIAN_POINT('',(-0.45,4.E-02,0.36));
#3910 = DIRECTION('',(1.,0.,-2.03287907341E-16));
#3911 = DIRECTION('',(2.03287907341E-16,0.,1.));
#3912 = PLANE('',#3913);
#3913 = AXIS2_PLACEMENT_3D('',#3914,#3915,#3916);
#3914 = CARTESIAN_POINT('',(-0.45,0.87,-0.4));
#3915 = DIRECTION('',(-1.,0.,2.03287907341E-16));
#3916 = DIRECTION('',(2.03287907341E-16,0.,1.));
#3917 = ADVANCED_FACE('',(#3918),#3943,.F.);
#3918 = FACE_BOUND('',#3919,.T.);
#3919 = EDGE_LOOP('',(#3920,#3921,#3929,#3937));
#3920 = ORIENTED_EDGE('',*,*,#3873,.T.);
#3921 = ORIENTED_EDGE('',*,*,#3922,.T.);
#3922 = EDGE_CURVE('',#3865,#3923,#3925,.T.);
#3923 = VERTEX_POINT('',#3924);
#3924 = CARTESIAN_POINT('',(-0.76,4.E-02,-0.4));
#3925 = LINE('',#3926,#3927);
#3926 = CARTESIAN_POINT('',(-0.8,4.E-02,-0.4));
#3927 = VECTOR('',#3928,1.);
#3928 = DIRECTION('',(-1.,0.,-1.548860246408E-16));
#3929 = ORIENTED_EDGE('',*,*,#3930,.T.);
#3930 = EDGE_CURVE('',#3923,#3931,#3933,.T.);
#3931 = VERTEX_POINT('',#3932);
#3932 = CARTESIAN_POINT('',(-0.76,0.83,-0.4));
#3933 = LINE('',#3934,#3935);
#3934 = CARTESIAN_POINT('',(-0.76,0.87,-0.4));
#3935 = VECTOR('',#3936,1.);
#3936 = DIRECTION('',(-0.,1.,-0.));
#3937 = ORIENTED_EDGE('',*,*,#3938,.T.);
#3938 = EDGE_CURVE('',#3931,#3874,#3939,.T.);
#3939 = LINE('',#3940,#3941);
#3940 = CARTESIAN_POINT('',(-0.45,0.83,-0.4));
#3941 = VECTOR('',#3942,1.);
#3942 = DIRECTION('',(1.,-0.,1.548860246408E-16));
#3943 = PLANE('',#3944);
#3944 = AXIS2_PLACEMENT_3D('',#3945,#3946,#3947);
#3945 = CARTESIAN_POINT('',(-0.8,0.87,-0.4));
#3946 = DIRECTION('',(-1.548860246408E-16,0.,1.));
#3947 = DIRECTION('',(1.,0.,1.548860246408E-16));
#3948 = ADVANCED_FACE('',(#3949),#3974,.T.);
#3949 = FACE_BOUND('',#3950,.T.);
#3950 = EDGE_LOOP('',(#3951,#3952,#3960,#3968));
#3951 = ORIENTED_EDGE('',*,*,#3890,.T.);
#3952 = ORIENTED_EDGE('',*,*,#3953,.T.);
#3953 = EDGE_CURVE('',#3882,#3954,#3956,.T.);
#3954 = VERTEX_POINT('',#3955);
#3955 = CARTESIAN_POINT('',(-0.76,0.87,-0.36));
#3956 = LINE('',#3957,#3958);
#3957 = CARTESIAN_POINT('',(-0.8,0.87,-0.36));
#3958 = VECTOR('',#3959,1.);
#3959 = DIRECTION('',(-1.,0.,-1.548860246408E-16));
#3960 = ORIENTED_EDGE('',*,*,#3961,.T.);
#3961 = EDGE_CURVE('',#3954,#3962,#3964,.T.);
#3962 = VERTEX_POINT('',#3963);
#3963 = CARTESIAN_POINT('',(-0.76,0.87,0.36));
#3964 = LINE('',#3965,#3966);
#3965 = CARTESIAN_POINT('',(-0.76,0.87,0.4));
#3966 = VECTOR('',#3967,1.);
#3967 = DIRECTION('',(1.355252715607E-16,-0.,1.));
#3968 = ORIENTED_EDGE('',*,*,#3969,.T.);
#3969 = EDGE_CURVE('',#3962,#3891,#3970,.T.);
#3970 = LINE('',#3971,#3972);
#3971 = CARTESIAN_POINT('',(-0.45,0.87,0.36));
#3972 = VECTOR('',#3973,1.);
#3973 = DIRECTION('',(1.,-0.,0.));
#3974 = PLANE('',#3975);
#3975 = AXIS2_PLACEMENT_3D('',#3976,#3977,#3978);
#3976 = CARTESIAN_POINT('',(0.,0.87,0.));
#3977 = DIRECTION('',(0.,1.,0.));
#3978 = DIRECTION('',(0.,-0.,1.));
#3979 = ADVANCED_FACE('',(#3980),#4005,.F.);
#3980 = FACE_BOUND('',#3981,.T.);
#3981 = EDGE_LOOP('',(#3982,#3992,#3998,#3999));
#3982 = ORIENTED_EDGE('',*,*,#3983,.T.);
#3983 = EDGE_CURVE('',#3984,#3986,#3988,.T.);
#3984 = VERTEX_POINT('',#3985);
#3985 = CARTESIAN_POINT('',(-0.76,0.,0.36));
#3986 = VERTEX_POINT('',#3987);
#3987 = CARTESIAN_POINT('',(-0.76,0.,-0.36));
#3988 = LINE('',#3989,#3990);
#3989 = CARTESIAN_POINT('',(-0.76,0.,1.029992063861E-16));
#3990 = VECTOR('',#3991,1.);
#3991 = DIRECTION('',(-1.355252715607E-16,0.,-1.));
#3992 = ORIENTED_EDGE('',*,*,#3993,.T.);
#3993 = EDGE_CURVE('',#3986,#3857,#3994,.T.);
#3994 = LINE('',#3995,#3996);
#3995 = CARTESIAN_POINT('',(5.575896887068E-17,0.,-0.36));
#3996 = VECTOR('',#3997,1.);
#3997 = DIRECTION('',(1.,-0.,1.548860246408E-16));
#3998 = ORIENTED_EDGE('',*,*,#3854,.F.);
#3999 = ORIENTED_EDGE('',*,*,#4000,.T.);
#4000 = EDGE_CURVE('',#3855,#3984,#4001,.T.);
#4001 = LINE('',#4002,#4003);
#4002 = CARTESIAN_POINT('',(0.,0.,0.36));
#4003 = VECTOR('',#4004,1.);
#4004 = DIRECTION('',(-1.,0.,-0.));
#4005 = PLANE('',#4006);
#4006 = AXIS2_PLACEMENT_3D('',#4007,#4008,#4009);
#4007 = CARTESIAN_POINT('',(0.,0.,0.));
#4008 = DIRECTION('',(0.,1.,0.));
#4009 = DIRECTION('',(0.,-0.,1.));
#4010 = ADVANCED_FACE('',(#4011),#4023,.T.);
#4011 = FACE_BOUND('',#4012,.T.);
#4012 = EDGE_LOOP('',(#4013,#4014,#4015,#4022));
#4013 = ORIENTED_EDGE('',*,*,#3898,.F.);
#4014 = ORIENTED_EDGE('',*,*,#3969,.F.);
#4015 = ORIENTED_EDGE('',*,*,#4016,.F.);
#4016 = EDGE_CURVE('',#3815,#3962,#4017,.T.);
#4017 = CIRCLE('',#4018,4.E-02);
#4018 = AXIS2_PLACEMENT_3D('',#4019,#4020,#4021);
#4019 = CARTESIAN_POINT('',(-0.76,0.83,0.36));
#4020 = DIRECTION('',(-1.,0.,0.));
#4021 = DIRECTION('',(0.,0.,1.));
#4022 = ORIENTED_EDGE('',*,*,#3840,.F.);
#4023 = CYLINDRICAL_SURFACE('',#4024,4.E-02);
#4024 = AXIS2_PLACEMENT_3D('',#4025,#4026,#4027);
#4025 = CARTESIAN_POINT('',(0.,0.83,0.36));
#4026 = DIRECTION('',(-1.,0.,0.));
#4027 = DIRECTION('',(0.,0.,1.));
#4028 = ADVANCED_FACE('',(#4029),#4047,.T.);
#4029 = FACE_BOUND('',#4030,.T.);
#4030 = EDGE_LOOP('',(#4031,#4038,#4039,#4046));
#4031 = ORIENTED_EDGE('',*,*,#4032,.F.);
#4032 = EDGE_CURVE('',#3817,#3793,#4033,.T.);
#4033 = CIRCLE('',#4034,4.E-02);
#4034 = AXIS2_PLACEMENT_3D('',#4035,#4036,#4037);
#4035 = CARTESIAN_POINT('',(-0.76,4.E-02,0.36));
#4036 = DIRECTION('',(0.,-1.,0.));
#4037 = DIRECTION('',(0.,0.,-1.));
#4038 = ORIENTED_EDGE('',*,*,#3814,.F.);
#4039 = ORIENTED_EDGE('',*,*,#4040,.F.);
#4040 = EDGE_CURVE('',#3775,#3815,#4041,.T.);
#4041 = CIRCLE('',#4042,4.E-02);
#4042 = AXIS2_PLACEMENT_3D('',#4043,#4044,#4045);
#4043 = CARTESIAN_POINT('',(-0.76,0.83,0.36));
#4044 = DIRECTION('',(0.,1.,-0.));
#4045 = DIRECTION('',(0.,0.,1.));
#4046 = ORIENTED_EDGE('',*,*,#3800,.F.);
#4047 = CYLINDRICAL_SURFACE('',#4048,4.E-02);
#4048 = AXIS2_PLACEMENT_3D('',#4049,#4050,#4051);
#4049 = CARTESIAN_POINT('',(-0.76,0.87,0.36));
#4050 = DIRECTION('',(0.,-1.,0.));
#4051 = DIRECTION('',(0.,0.,-1.));
#4052 = ADVANCED_FACE('',(#4053),#4065,.T.);
#4053 = FACE_BOUND('',#4054,.T.);
#4054 = EDGE_LOOP('',(#4055,#4056,#4057,#4064));
#4055 = ORIENTED_EDGE('',*,*,#3906,.F.);
#4056 = ORIENTED_EDGE('',*,*,#3824,.F.);
#4057 = ORIENTED_EDGE('',*,*,#4058,.F.);
#4058 = EDGE_CURVE('',#3984,#3817,#4059,.T.);
#4059 = CIRCLE('',#4060,4.E-02);
#4060 = AXIS2_PLACEMENT_3D('',#4061,#4062,#4063);
#4061 = CARTESIAN_POINT('',(-0.76,4.E-02,0.36));
#4062 = DIRECTION('',(-1.,0.,0.));
#4063 = DIRECTION('',(0.,0.,1.));
#4064 = ORIENTED_EDGE('',*,*,#4000,.F.);
#4065 = CYLINDRICAL_SURFACE('',#4066,4.E-02);
#4066 = AXIS2_PLACEMENT_3D('',#4067,#4068,#4069);
#4067 = CARTESIAN_POINT('',(-0.8,4.E-02,0.36));
#4068 = DIRECTION('',(1.,-0.,0.));
#4069 = DIRECTION('',(0.,0.,-1.));
#4070 = ADVANCED_FACE('',(#4071),#4082,.T.);
#4071 = FACE_BOUND('',#4072,.T.);
#4072 = EDGE_LOOP('',(#4073,#4074,#4075));
#4073 = ORIENTED_EDGE('',*,*,#4040,.T.);
#4074 = ORIENTED_EDGE('',*,*,#4016,.T.);
#4075 = ORIENTED_EDGE('',*,*,#4076,.F.);
#4076 = EDGE_CURVE('',#3775,#3962,#4077,.T.);
#4077 = CIRCLE('',#4078,4.E-02);
#4078 = AXIS2_PLACEMENT_3D('',#4079,#4080,#4081);
#4079 = CARTESIAN_POINT('',(-0.76,0.83,0.36));
#4080 = DIRECTION('',(0.,0.,-1.));
#4081 = DIRECTION('',(1.,0.,0.));
#4082 = SPHERICAL_SURFACE('',#4083,4.E-02);
#4083 = AXIS2_PLACEMENT_3D('',#4084,#4085,#4086);
#4084 = CARTESIAN_POINT('',(-0.76,0.83,0.36));
#4085 = DIRECTION('',(0.,1.,0.));
#4086 = DIRECTION('',(1.,0.,0.));
#4087 = ADVANCED_FACE('',(#4088),#4099,.T.);
#4088 = FACE_BOUND('',#4089,.T.);
#4089 = EDGE_LOOP('',(#4090,#4091,#4092));
#4090 = ORIENTED_EDGE('',*,*,#4058,.T.);
#4091 = ORIENTED_EDGE('',*,*,#4032,.T.);
#4092 = ORIENTED_EDGE('',*,*,#4093,.F.);
#4093 = EDGE_CURVE('',#3984,#3793,#4094,.T.);
#4094 = CIRCLE('',#4095,4.E-02);
#4095 = AXIS2_PLACEMENT_3D('',#4096,#4097,#4098);
#4096 = CARTESIAN_POINT('',(-0.76,4.E-02,0.36));
#4097 = DIRECTION('',(0.,0.,-1.));
#4098 = DIRECTION('',(1.,0.,0.));
#4099 = SPHERICAL_SURFACE('',#4100,4.E-02);
#4100 = AXIS2_PLACEMENT_3D('',#4101,#4102,#4103);
#4101 = CARTESIAN_POINT('',(-0.76,4.E-02,0.36));
#4102 = DIRECTION('',(0.,1.,0.));
#4103 = DIRECTION('',(1.,0.,0.));
#4104 = ADVANCED_FACE('',(#4105),#4117,.T.);
#4105 = FACE_BOUND('',#4106,.T.);
#4106 = EDGE_LOOP('',(#4107,#4108,#4109,#4116));
#4107 = ORIENTED_EDGE('',*,*,#3881,.F.);
#4108 = ORIENTED_EDGE('',*,*,#3938,.F.);
#4109 = ORIENTED_EDGE('',*,*,#4110,.F.);
#4110 = EDGE_CURVE('',#3954,#3931,#4111,.T.);
#4111 = CIRCLE('',#4112,4.E-02);
#4112 = AXIS2_PLACEMENT_3D('',#4113,#4114,#4115);
#4113 = CARTESIAN_POINT('',(-0.76,0.83,-0.36));
#4114 = DIRECTION('',(-1.,0.,0.));
#4115 = DIRECTION('',(0.,0.,1.));
#4116 = ORIENTED_EDGE('',*,*,#3953,.F.);
#4117 = CYLINDRICAL_SURFACE('',#4118,4.E-02);
#4118 = AXIS2_PLACEMENT_3D('',#4119,#4120,#4121);
#4119 = CARTESIAN_POINT('',(5.575896887068E-17,0.83,-0.36));
#4120 = DIRECTION('',(1.,-0.,1.548860246408E-16));
#4121 = DIRECTION('',(1.548860246408E-16,0.,-1.));
#4122 = ADVANCED_FACE('',(#4123),#4135,.T.);
#4123 = FACE_BOUND('',#4124,.T.);
#4124 = EDGE_LOOP('',(#4125,#4126,#4127,#4134));
#4125 = ORIENTED_EDGE('',*,*,#4076,.T.);
#4126 = ORIENTED_EDGE('',*,*,#3961,.F.);
#4127 = ORIENTED_EDGE('',*,*,#4128,.F.);
#4128 = EDGE_CURVE('',#3777,#3954,#4129,.T.);
#4129 = CIRCLE('',#4130,4.E-02);
#4130 = AXIS2_PLACEMENT_3D('',#4131,#4132,#4133);
#4131 = CARTESIAN_POINT('',(-0.76,0.83,-0.36));
#4132 = DIRECTION('',(0.,0.,-1.));
#4133 = DIRECTION('',(-1.,0.,0.));
#4134 = ORIENTED_EDGE('',*,*,#3774,.F.);
#4135 = CYLINDRICAL_SURFACE('',#4136,4.E-02);
#4136 = AXIS2_PLACEMENT_3D('',#4137,#4138,#4139);
#4137 = CARTESIAN_POINT('',(-0.76,0.83,1.029992063861E-16));
#4138 = DIRECTION('',(-1.355252715607E-16,0.,-1.));
#4139 = DIRECTION('',(-1.,0.,1.355252715607E-16));
#4140 = ADVANCED_FACE('',(#4141),#4153,.T.);
#4141 = FACE_BOUND('',#4142,.T.);
#4142 = EDGE_LOOP('',(#4143,#4144,#4145,#4152));
#4143 = ORIENTED_EDGE('',*,*,#4093,.T.);
#4144 = ORIENTED_EDGE('',*,*,#3792,.F.);
#4145 = ORIENTED_EDGE('',*,*,#4146,.F.);
#4146 = EDGE_CURVE('',#3986,#3785,#4147,.T.);
#4147 = CIRCLE('',#4148,4.E-02);
#4148 = AXIS2_PLACEMENT_3D('',#4149,#4150,#4151);
#4149 = CARTESIAN_POINT('',(-0.76,4.E-02,-0.36));
#4150 = DIRECTION('',(0.,-0.,-1.));
#4151 = DIRECTION('',(-1.,-0.,0.));
#4152 = ORIENTED_EDGE('',*,*,#3983,.F.);
#4153 = CYLINDRICAL_SURFACE('',#4154,4.E-02);
#4154 = AXIS2_PLACEMENT_3D('',#4155,#4156,#4157);
#4155 = CARTESIAN_POINT('',(-0.76,4.E-02,-0.4));
#4156 = DIRECTION('',(1.355252715607E-16,-0.,1.));
#4157 = DIRECTION('',(1.,0.,-1.355252715607E-16));
#4158 = ADVANCED_FACE('',(#4159),#4171,.T.);
#4159 = FACE_BOUND('',#4160,.T.);
#4160 = EDGE_LOOP('',(#4161,#4162,#4163,#4170));
#4161 = ORIENTED_EDGE('',*,*,#3864,.F.);
#4162 = ORIENTED_EDGE('',*,*,#3993,.F.);
#4163 = ORIENTED_EDGE('',*,*,#4164,.F.);
#4164 = EDGE_CURVE('',#3923,#3986,#4165,.T.);
#4165 = CIRCLE('',#4166,4.E-02);
#4166 = AXIS2_PLACEMENT_3D('',#4167,#4168,#4169);
#4167 = CARTESIAN_POINT('',(-0.76,4.E-02,-0.36));
#4168 = DIRECTION('',(-1.,0.,-0.));
#4169 = DIRECTION('',(-0.,0.,1.));
#4170 = ORIENTED_EDGE('',*,*,#3922,.F.);
#4171 = CYLINDRICAL_SURFACE('',#4172,4.E-02);
#4172 = AXIS2_PLACEMENT_3D('',#4173,#4174,#4175);
#4173 = CARTESIAN_POINT('',(-0.8,4.E-02,-0.36));
#4174 = DIRECTION('',(-1.,0.,-1.548860246408E-16));
#4175 = DIRECTION('',(-1.548860246408E-16,0.,1.));
#4176 = ADVANCED_FACE('',(#4177),#4188,.T.);
#4177 = FACE_BOUND('',#4178,.T.);
#4178 = EDGE_LOOP('',(#4179,#4180,#4181));
#4179 = ORIENTED_EDGE('',*,*,#4128,.T.);
#4180 = ORIENTED_EDGE('',*,*,#4110,.T.);
#4181 = ORIENTED_EDGE('',*,*,#4182,.F.);
#4182 = EDGE_CURVE('',#3777,#3931,#4183,.T.);
#4183 = CIRCLE('',#4184,4.E-02);
#4184 = AXIS2_PLACEMENT_3D('',#4185,#4186,#4187);
#4185 = CARTESIAN_POINT('',(-0.76,0.83,-0.36));
#4186 = DIRECTION('',(0.,-1.,0.));
#4187 = DIRECTION('',(0.,0.,1.));
#4188 = SPHERICAL_SURFACE('',#4189,4.E-02);
#4189 = AXIS2_PLACEMENT_3D('',#4190,#4191,#4192);
#4190 = CARTESIAN_POINT('',(-0.76,0.83,-0.36));
#4191 = DIRECTION('',(0.,1.,0.));
#4192 = DIRECTION('',(1.,0.,0.));
#4193 = ADVANCED_FACE('',(#4194),#4205,.T.);
#4194 = FACE_BOUND('',#4195,.T.);
#4195 = EDGE_LOOP('',(#4196,#4197,#4198));
#4196 = ORIENTED_EDGE('',*,*,#4164,.T.);
#4197 = ORIENTED_EDGE('',*,*,#4146,.T.);
#4198 = ORIENTED_EDGE('',*,*,#4199,.F.);
#4199 = EDGE_CURVE('',#3923,#3785,#4200,.T.);
#4200 = CIRCLE('',#4201,4.E-02);
#4201 = AXIS2_PLACEMENT_3D('',#4202,#4203,#4204);
#4202 = CARTESIAN_POINT('',(-0.76,4.E-02,-0.36));
#4203 = DIRECTION('',(0.,1.,0.));
#4204 = DIRECTION('',(0.,0.,-1.));
#4205 = SPHERICAL_SURFACE('',#4206,4.E-02);
#4206 = AXIS2_PLACEMENT_3D('',#4207,#4208,#4209);
#4207 = CARTESIAN_POINT('',(-0.76,4.E-02,-0.36));
#4208 = DIRECTION('',(0.,1.,0.));
#4209 = DIRECTION('',(1.,0.,0.));
#4210 = ADVANCED_FACE('',(#4211),#4217,.T.);
#4211 = FACE_BOUND('',#4212,.T.);
#4212 = EDGE_LOOP('',(#4213,#4214,#4215,#4216));
#4213 = ORIENTED_EDGE('',*,*,#4182,.T.);
#4214 = ORIENTED_EDGE('',*,*,#3930,.F.);
#4215 = ORIENTED_EDGE('',*,*,#4199,.T.);
#4216 = ORIENTED_EDGE('',*,*,#3784,.F.);
#4217 = CYLINDRICAL_SURFACE('',#4218,4.E-02);
#4218 = AXIS2_PLACEMENT_3D('',#4219,#4220,#4221);
#4219 = CARTESIAN_POINT('',(-0.76,0.87,-0.36));
#4220 = DIRECTION('',(0.,-1.,0.));
#4221 = DIRECTION('',(0.,0.,-1.));
#4222 = MANIFOLD_SOLID_BREP('',#4223);
#4223 = CLOSED_SHELL('',(#4224,#4264,#4304,#4371,#4402,#4433,#4464,#4482
    ,#4506,#4524,#4541,#4558,#4576,#4594,#4612,#4630,#4647,#4664));
#4224 = ADVANCED_FACE('',(#4225),#4259,.F.);
#4225 = FACE_BOUND('',#4226,.T.);
#4226 = EDGE_LOOP('',(#4227,#4237,#4245,#4253));
#4227 = ORIENTED_EDGE('',*,*,#4228,.F.);
#4228 = EDGE_CURVE('',#4229,#4231,#4233,.T.);
#4229 = VERTEX_POINT('',#4230);
#4230 = CARTESIAN_POINT('',(0.8,0.83,0.36));
#4231 = VERTEX_POINT('',#4232);
#4232 = CARTESIAN_POINT('',(0.8,0.83,-0.36));
#4233 = LINE('',#4234,#4235);
#4234 = CARTESIAN_POINT('',(0.8,0.83,-0.4));
#4235 = VECTOR('',#4236,1.);
#4236 = DIRECTION('',(1.355252715607E-16,-0.,-1.));
#4237 = ORIENTED_EDGE('',*,*,#4238,.F.);
#4238 = EDGE_CURVE('',#4239,#4229,#4241,.T.);
#4239 = VERTEX_POINT('',#4240);
#4240 = CARTESIAN_POINT('',(0.8,4.E-02,0.36));
#4241 = LINE('',#4242,#4243);
#4242 = CARTESIAN_POINT('',(0.8,0.87,0.36));
#4243 = VECTOR('',#4244,1.);
#4244 = DIRECTION('',(-0.,1.,-0.));
#4245 = ORIENTED_EDGE('',*,*,#4246,.F.);
#4246 = EDGE_CURVE('',#4247,#4239,#4249,.T.);
#4247 = VERTEX_POINT('',#4248);
#4248 = CARTESIAN_POINT('',(0.8,4.E-02,-0.36));
#4249 = LINE('',#4250,#4251);
#4250 = CARTESIAN_POINT('',(0.8,4.E-02,-0.4));
#4251 = VECTOR('',#4252,1.);
#4252 = DIRECTION('',(-1.355252715607E-16,0.,1.));
#4253 = ORIENTED_EDGE('',*,*,#4254,.F.);
#4254 = EDGE_CURVE('',#4231,#4247,#4255,.T.);
#4255 = LINE('',#4256,#4257);
#4256 = CARTESIAN_POINT('',(0.8,0.87,-0.36));
#4257 = VECTOR('',#4258,1.);
#4258 = DIRECTION('',(0.,-1.,0.));
#4259 = PLANE('',#4260);
#4260 = AXIS2_PLACEMENT_3D('',#4261,#4262,#4263);
#4261 = CARTESIAN_POINT('',(0.8,0.87,-0.4));
#4262 = DIRECTION('',(-1.,0.,-1.355252715607E-16));
#4263 = DIRECTION('',(1.355252715607E-16,0.,-1.));
#4264 = ADVANCED_FACE('',(#4265),#4299,.F.);
#4265 = FACE_BOUND('',#4266,.T.);
#4266 = EDGE_LOOP('',(#4267,#4277,#4285,#4293));
#4267 = ORIENTED_EDGE('',*,*,#4268,.F.);
#4268 = EDGE_CURVE('',#4269,#4271,#4273,.T.);
#4269 = VERTEX_POINT('',#4270);
#4270 = CARTESIAN_POINT('',(0.76,0.83,0.4));
#4271 = VERTEX_POINT('',#4272);
#4272 = CARTESIAN_POINT('',(0.76,4.E-02,0.4));
#4273 = LINE('',#4274,#4275);
#4274 = CARTESIAN_POINT('',(0.76,0.87,0.4));
#4275 = VECTOR('',#4276,1.);
#4276 = DIRECTION('',(0.,-1.,0.));
#4277 = ORIENTED_EDGE('',*,*,#4278,.F.);
#4278 = EDGE_CURVE('',#4279,#4269,#4281,.T.);
#4279 = VERTEX_POINT('',#4280);
#4280 = CARTESIAN_POINT('',(0.45,0.83,0.4));
#4281 = LINE('',#4282,#4283);
#4282 = CARTESIAN_POINT('',(0.8,0.83,0.4));
#4283 = VECTOR('',#4284,1.);
#4284 = DIRECTION('',(1.,-0.,-0.));
#4285 = ORIENTED_EDGE('',*,*,#4286,.T.);
#4286 = EDGE_CURVE('',#4279,#4287,#4289,.T.);
#4287 = VERTEX_POINT('',#4288);
#4288 = CARTESIAN_POINT('',(0.45,4.E-02,0.4));
#4289 = LINE('',#4290,#4291);
#4290 = CARTESIAN_POINT('',(0.45,0.87,0.4));
#4291 = VECTOR('',#4292,1.);
#4292 = DIRECTION('',(0.,-1.,-0.));
#4293 = ORIENTED_EDGE('',*,*,#4294,.F.);
#4294 = EDGE_CURVE('',#4271,#4287,#4295,.T.);
#4295 = LINE('',#4296,#4297);
#4296 = CARTESIAN_POINT('',(0.8,4.E-02,0.4));
#4297 = VECTOR('',#4298,1.);
#4298 = DIRECTION('',(-1.,0.,0.));
#4299 = PLANE('',#4300);
#4300 = AXIS2_PLACEMENT_3D('',#4301,#4302,#4303);
#4301 = CARTESIAN_POINT('',(0.8,0.87,0.4));
#4302 = DIRECTION('',(0.,0.,-1.));
#4303 = DIRECTION('',(1.,0.,0.));
#4304 = ADVANCED_FACE('',(#4305),#4366,.F.);
#4305 = FACE_BOUND('',#4306,.T.);
#4306 = EDGE_LOOP('',(#4307,#4317,#4324,#4325,#4334,#4342,#4351,#4359));
#4307 = ORIENTED_EDGE('',*,*,#4308,.F.);
#4308 = EDGE_CURVE('',#4309,#4311,#4313,.T.);
#4309 = VERTEX_POINT('',#4310);
#4310 = CARTESIAN_POINT('',(0.45,0.,0.36));
#4311 = VERTEX_POINT('',#4312);
#4312 = CARTESIAN_POINT('',(0.45,0.,-0.36));
#4313 = LINE('',#4314,#4315);
#4314 = CARTESIAN_POINT('',(0.45,0.,-0.4));
#4315 = VECTOR('',#4316,1.);
#4316 = DIRECTION('',(2.03287907341E-16,-0.,-1.));
#4317 = ORIENTED_EDGE('',*,*,#4318,.F.);
#4318 = EDGE_CURVE('',#4287,#4309,#4319,.T.);
#4319 = CIRCLE('',#4320,4.E-02);
#4320 = AXIS2_PLACEMENT_3D('',#4321,#4322,#4323);
#4321 = CARTESIAN_POINT('',(0.45,4.E-02,0.36));
#4322 = DIRECTION('',(1.,0.,2.03287907341E-16));
#4323 = DIRECTION('',(-2.03287907341E-16,0.,1.));
#4324 = ORIENTED_EDGE('',*,*,#4286,.F.);
#4325 = ORIENTED_EDGE('',*,*,#4326,.F.);
#4326 = EDGE_CURVE('',#4327,#4279,#4329,.T.);
#4327 = VERTEX_POINT('',#4328);
#4328 = CARTESIAN_POINT('',(0.45,0.87,0.36));
#4329 = CIRCLE('',#4330,4.E-02);
#4330 = AXIS2_PLACEMENT_3D('',#4331,#4332,#4333);
#4331 = CARTESIAN_POINT('',(0.45,0.83,0.36));
#4332 = DIRECTION('',(1.,0.,2.03287907341E-16));
#4333 = DIRECTION('',(-2.03287907341E-16,0.,1.));
#4334 = ORIENTED_EDGE('',*,*,#4335,.T.);
#4335 = EDGE_CURVE('',#4327,#4336,#4338,.T.);
#4336 = VERTEX_POINT('',#4337);
#4337 = CARTESIAN_POINT('',(0.45,0.87,-0.36));
#4338 = LINE('',#4339,#4340);
#4339 = CARTESIAN_POINT('',(0.45,0.87,-0.4));
#4340 = VECTOR('',#4341,1.);
#4341 = DIRECTION('',(2.03287907341E-16,-0.,-1.));
#4342 = ORIENTED_EDGE('',*,*,#4343,.F.);
#4343 = EDGE_CURVE('',#4344,#4336,#4346,.T.);
#4344 = VERTEX_POINT('',#4345);
#4345 = CARTESIAN_POINT('',(0.45,0.83,-0.4));
#4346 = CIRCLE('',#4347,4.E-02);
#4347 = AXIS2_PLACEMENT_3D('',#4348,#4349,#4350);
#4348 = CARTESIAN_POINT('',(0.45,0.83,-0.36));
#4349 = DIRECTION('',(1.,0.,2.03287907341E-16));
#4350 = DIRECTION('',(-2.03287907341E-16,0.,1.));
#4351 = ORIENTED_EDGE('',*,*,#4352,.T.);
#4352 = EDGE_CURVE('',#4344,#4353,#4355,.T.);
#4353 = VERTEX_POINT('',#4354);
#4354 = CARTESIAN_POINT('',(0.45,4.E-02,-0.4));
#4355 = LINE('',#4356,#4357);
#4356 = CARTESIAN_POINT('',(0.45,0.87,-0.4));
#4357 = VECTOR('',#4358,1.);
#4358 = DIRECTION('',(0.,-1.,-0.));
#4359 = ORIENTED_EDGE('',*,*,#4360,.F.);
#4360 = EDGE_CURVE('',#4311,#4353,#4361,.T.);
#4361 = CIRCLE('',#4362,4.E-02);
#4362 = AXIS2_PLACEMENT_3D('',#4363,#4364,#4365);
#4363 = CARTESIAN_POINT('',(0.45,4.E-02,-0.36));
#4364 = DIRECTION('',(1.,0.,2.03287907341E-16));
#4365 = DIRECTION('',(-2.03287907341E-16,0.,1.));
#4366 = PLANE('',#4367);
#4367 = AXIS2_PLACEMENT_3D('',#4368,#4369,#4370);
#4368 = CARTESIAN_POINT('',(0.45,0.87,-0.4));
#4369 = DIRECTION('',(1.,0.,2.03287907341E-16));
#4370 = DIRECTION('',(-2.03287907341E-16,0.,1.));
#4371 = ADVANCED_FACE('',(#4372),#4397,.F.);
#4372 = FACE_BOUND('',#4373,.T.);
#4373 = EDGE_LOOP('',(#4374,#4375,#4383,#4391));
#4374 = ORIENTED_EDGE('',*,*,#4352,.F.);
#4375 = ORIENTED_EDGE('',*,*,#4376,.F.);
#4376 = EDGE_CURVE('',#4377,#4344,#4379,.T.);
#4377 = VERTEX_POINT('',#4378);
#4378 = CARTESIAN_POINT('',(0.76,0.83,-0.4));
#4379 = LINE('',#4380,#4381);
#4380 = CARTESIAN_POINT('',(0.45,0.83,-0.4));
#4381 = VECTOR('',#4382,1.);
#4382 = DIRECTION('',(-1.,-0.,1.548860246408E-16));
#4383 = ORIENTED_EDGE('',*,*,#4384,.F.);
#4384 = EDGE_CURVE('',#4385,#4377,#4387,.T.);
#4385 = VERTEX_POINT('',#4386);
#4386 = CARTESIAN_POINT('',(0.76,4.E-02,-0.4));
#4387 = LINE('',#4388,#4389);
#4388 = CARTESIAN_POINT('',(0.76,0.87,-0.4));
#4389 = VECTOR('',#4390,1.);
#4390 = DIRECTION('',(-0.,1.,-0.));
#4391 = ORIENTED_EDGE('',*,*,#4392,.F.);
#4392 = EDGE_CURVE('',#4353,#4385,#4393,.T.);
#4393 = LINE('',#4394,#4395);
#4394 = CARTESIAN_POINT('',(0.8,4.E-02,-0.4));
#4395 = VECTOR('',#4396,1.);
#4396 = DIRECTION('',(1.,0.,-1.548860246408E-16));
#4397 = PLANE('',#4398);
#4398 = AXIS2_PLACEMENT_3D('',#4399,#4400,#4401);
#4399 = CARTESIAN_POINT('',(0.8,0.87,-0.4));
#4400 = DIRECTION('',(1.548860246408E-16,0.,1.));
#4401 = DIRECTION('',(-1.,0.,1.548860246408E-16));
#4402 = ADVANCED_FACE('',(#4403),#4428,.T.);
#4403 = FACE_BOUND('',#4404,.T.);
#4404 = EDGE_LOOP('',(#4405,#4406,#4414,#4422));
#4405 = ORIENTED_EDGE('',*,*,#4335,.F.);
#4406 = ORIENTED_EDGE('',*,*,#4407,.F.);
#4407 = EDGE_CURVE('',#4408,#4327,#4410,.T.);
#4408 = VERTEX_POINT('',#4409);
#4409 = CARTESIAN_POINT('',(0.76,0.87,0.36));
#4410 = LINE('',#4411,#4412);
#4411 = CARTESIAN_POINT('',(0.45,0.87,0.36));
#4412 = VECTOR('',#4413,1.);
#4413 = DIRECTION('',(-1.,0.,0.));
#4414 = ORIENTED_EDGE('',*,*,#4415,.F.);
#4415 = EDGE_CURVE('',#4416,#4408,#4418,.T.);
#4416 = VERTEX_POINT('',#4417);
#4417 = CARTESIAN_POINT('',(0.76,0.87,-0.36));
#4418 = LINE('',#4419,#4420);
#4419 = CARTESIAN_POINT('',(0.76,0.87,0.4));
#4420 = VECTOR('',#4421,1.);
#4421 = DIRECTION('',(-1.355252715607E-16,0.,1.));
#4422 = ORIENTED_EDGE('',*,*,#4423,.F.);
#4423 = EDGE_CURVE('',#4336,#4416,#4424,.T.);
#4424 = LINE('',#4425,#4426);
#4425 = CARTESIAN_POINT('',(0.8,0.87,-0.36));
#4426 = VECTOR('',#4427,1.);
#4427 = DIRECTION('',(1.,0.,-1.548860246408E-16));
#4428 = PLANE('',#4429);
#4429 = AXIS2_PLACEMENT_3D('',#4430,#4431,#4432);
#4430 = CARTESIAN_POINT('',(0.,0.87,0.));
#4431 = DIRECTION('',(0.,1.,0.));
#4432 = DIRECTION('',(0.,-0.,1.));
#4433 = ADVANCED_FACE('',(#4434),#4459,.F.);
#4434 = FACE_BOUND('',#4435,.T.);
#4435 = EDGE_LOOP('',(#4436,#4446,#4452,#4453));
#4436 = ORIENTED_EDGE('',*,*,#4437,.F.);
#4437 = EDGE_CURVE('',#4438,#4440,#4442,.T.);
#4438 = VERTEX_POINT('',#4439);
#4439 = CARTESIAN_POINT('',(0.76,0.,0.36));
#4440 = VERTEX_POINT('',#4441);
#4441 = CARTESIAN_POINT('',(0.76,0.,-0.36));
#4442 = LINE('',#4443,#4444);
#4443 = CARTESIAN_POINT('',(0.76,0.,1.029992063861E-16));
#4444 = VECTOR('',#4445,1.);
#4445 = DIRECTION('',(1.355252715607E-16,-0.,-1.));
#4446 = ORIENTED_EDGE('',*,*,#4447,.F.);
#4447 = EDGE_CURVE('',#4309,#4438,#4448,.T.);
#4448 = LINE('',#4449,#4450);
#4449 = CARTESIAN_POINT('',(0.,0.,0.36));
#4450 = VECTOR('',#4451,1.);
#4451 = DIRECTION('',(1.,-0.,-0.));
#4452 = ORIENTED_EDGE('',*,*,#4308,.T.);
#4453 = ORIENTED_EDGE('',*,*,#4454,.F.);
#4454 = EDGE_CURVE('',#4440,#4311,#4455,.T.);
#4455 = LINE('',#4456,#4457);
#4456 = CARTESIAN_POINT('',(-5.575896887068E-17,0.,-0.36));
#4457 = VECTOR('',#4458,1.);
#4458 = DIRECTION('',(-1.,-0.,1.548860246408E-16));
#4459 = PLANE('',#4460);
#4460 = AXIS2_PLACEMENT_3D('',#4461,#4462,#4463);
#4461 = CARTESIAN_POINT('',(0.,0.,0.));
#4462 = DIRECTION('',(0.,1.,0.));
#4463 = DIRECTION('',(0.,-0.,1.));
#4464 = ADVANCED_FACE('',(#4465),#4477,.T.);
#4465 = FACE_BOUND('',#4466,.T.);
#4466 = EDGE_LOOP('',(#4467,#4468,#4469,#4476));
#4467 = ORIENTED_EDGE('',*,*,#4326,.T.);
#4468 = ORIENTED_EDGE('',*,*,#4278,.T.);
#4469 = ORIENTED_EDGE('',*,*,#4470,.T.);
#4470 = EDGE_CURVE('',#4269,#4408,#4471,.T.);
#4471 = CIRCLE('',#4472,4.E-02);
#4472 = AXIS2_PLACEMENT_3D('',#4473,#4474,#4475);
#4473 = CARTESIAN_POINT('',(0.76,0.83,0.36));
#4474 = DIRECTION('',(-1.,0.,-0.));
#4475 = DIRECTION('',(-0.,0.,1.));
#4476 = ORIENTED_EDGE('',*,*,#4407,.T.);
#4477 = CYLINDRICAL_SURFACE('',#4478,4.E-02);
#4478 = AXIS2_PLACEMENT_3D('',#4479,#4480,#4481);
#4479 = CARTESIAN_POINT('',(0.,0.83,0.36));
#4480 = DIRECTION('',(1.,0.,0.));
#4481 = DIRECTION('',(0.,0.,1.));
#4482 = ADVANCED_FACE('',(#4483),#4501,.T.);
#4483 = FACE_BOUND('',#4484,.T.);
#4484 = EDGE_LOOP('',(#4485,#4492,#4493,#4500));
#4485 = ORIENTED_EDGE('',*,*,#4486,.T.);
#4486 = EDGE_CURVE('',#4271,#4239,#4487,.T.);
#4487 = CIRCLE('',#4488,4.E-02);
#4488 = AXIS2_PLACEMENT_3D('',#4489,#4490,#4491);
#4489 = CARTESIAN_POINT('',(0.76,4.E-02,0.36));
#4490 = DIRECTION('',(-0.,1.,0.));
#4491 = DIRECTION('',(0.,0.,-1.));
#4492 = ORIENTED_EDGE('',*,*,#4238,.T.);
#4493 = ORIENTED_EDGE('',*,*,#4494,.T.);
#4494 = EDGE_CURVE('',#4229,#4269,#4495,.T.);
#4495 = CIRCLE('',#4496,4.E-02);
#4496 = AXIS2_PLACEMENT_3D('',#4497,#4498,#4499);
#4497 = CARTESIAN_POINT('',(0.76,0.83,0.36));
#4498 = DIRECTION('',(0.,-1.,0.));
#4499 = DIRECTION('',(0.,0.,1.));
#4500 = ORIENTED_EDGE('',*,*,#4268,.T.);
#4501 = CYLINDRICAL_SURFACE('',#4502,4.E-02);
#4502 = AXIS2_PLACEMENT_3D('',#4503,#4504,#4505);
#4503 = CARTESIAN_POINT('',(0.76,0.87,0.36));
#4504 = DIRECTION('',(0.,-1.,0.));
#4505 = DIRECTION('',(0.,0.,-1.));
#4506 = ADVANCED_FACE('',(#4507),#4519,.T.);
#4507 = FACE_BOUND('',#4508,.T.);
#4508 = EDGE_LOOP('',(#4509,#4510,#4511,#4518));
#4509 = ORIENTED_EDGE('',*,*,#4318,.T.);
#4510 = ORIENTED_EDGE('',*,*,#4447,.T.);
#4511 = ORIENTED_EDGE('',*,*,#4512,.T.);
#4512 = EDGE_CURVE('',#4438,#4271,#4513,.T.);
#4513 = CIRCLE('',#4514,4.E-02);
#4514 = AXIS2_PLACEMENT_3D('',#4515,#4516,#4517);
#4515 = CARTESIAN_POINT('',(0.76,4.E-02,0.36));
#4516 = DIRECTION('',(-1.,0.,-0.));
#4517 = DIRECTION('',(-0.,0.,1.));
#4518 = ORIENTED_EDGE('',*,*,#4294,.T.);
#4519 = CYLINDRICAL_SURFACE('',#4520,4.E-02);
#4520 = AXIS2_PLACEMENT_3D('',#4521,#4522,#4523);
#4521 = CARTESIAN_POINT('',(0.8,4.E-02,0.36));
#4522 = DIRECTION('',(-1.,0.,0.));
#4523 = DIRECTION('',(0.,0.,-1.));
#4524 = ADVANCED_FACE('',(#4525),#4536,.T.);
#4525 = FACE_BOUND('',#4526,.T.);
#4526 = EDGE_LOOP('',(#4527,#4528,#4535));
#4527 = ORIENTED_EDGE('',*,*,#4494,.F.);
#4528 = ORIENTED_EDGE('',*,*,#4529,.T.);
#4529 = EDGE_CURVE('',#4229,#4408,#4530,.T.);
#4530 = CIRCLE('',#4531,4.E-02);
#4531 = AXIS2_PLACEMENT_3D('',#4532,#4533,#4534);
#4532 = CARTESIAN_POINT('',(0.76,0.83,0.36));
#4533 = DIRECTION('',(0.,0.,1.));
#4534 = DIRECTION('',(-1.,0.,0.));
#4535 = ORIENTED_EDGE('',*,*,#4470,.F.);
#4536 = SPHERICAL_SURFACE('',#4537,4.E-02);
#4537 = AXIS2_PLACEMENT_3D('',#4538,#4539,#4540);
#4538 = CARTESIAN_POINT('',(0.76,0.83,0.36));
#4539 = DIRECTION('',(0.,-1.,0.));
#4540 = DIRECTION('',(-1.,0.,0.));
#4541 = ADVANCED_FACE('',(#4542),#4553,.T.);
#4542 = FACE_BOUND('',#4543,.T.);
#4543 = EDGE_LOOP('',(#4544,#4545,#4552));
#4544 = ORIENTED_EDGE('',*,*,#4512,.F.);
#4545 = ORIENTED_EDGE('',*,*,#4546,.T.);
#4546 = EDGE_CURVE('',#4438,#4239,#4547,.T.);
#4547 = CIRCLE('',#4548,4.E-02);
#4548 = AXIS2_PLACEMENT_3D('',#4549,#4550,#4551);
#4549 = CARTESIAN_POINT('',(0.76,4.E-02,0.36));
#4550 = DIRECTION('',(0.,0.,1.));
#4551 = DIRECTION('',(-1.,0.,0.));
#4552 = ORIENTED_EDGE('',*,*,#4486,.F.);
#4553 = SPHERICAL_SURFACE('',#4554,4.E-02);
#4554 = AXIS2_PLACEMENT_3D('',#4555,#4556,#4557);
#4555 = CARTESIAN_POINT('',(0.76,4.E-02,0.36));
#4556 = DIRECTION('',(0.,-1.,0.));
#4557 = DIRECTION('',(-1.,0.,0.));
#4558 = ADVANCED_FACE('',(#4559),#4571,.T.);
#4559 = FACE_BOUND('',#4560,.T.);
#4560 = EDGE_LOOP('',(#4561,#4562,#4563,#4570));
#4561 = ORIENTED_EDGE('',*,*,#4343,.T.);
#4562 = ORIENTED_EDGE('',*,*,#4423,.T.);
#4563 = ORIENTED_EDGE('',*,*,#4564,.T.);
#4564 = EDGE_CURVE('',#4416,#4377,#4565,.T.);
#4565 = CIRCLE('',#4566,4.E-02);
#4566 = AXIS2_PLACEMENT_3D('',#4567,#4568,#4569);
#4567 = CARTESIAN_POINT('',(0.76,0.83,-0.36));
#4568 = DIRECTION('',(-1.,0.,-0.));
#4569 = DIRECTION('',(-0.,0.,1.));
#4570 = ORIENTED_EDGE('',*,*,#4376,.T.);
#4571 = CYLINDRICAL_SURFACE('',#4572,4.E-02);
#4572 = AXIS2_PLACEMENT_3D('',#4573,#4574,#4575);
#4573 = CARTESIAN_POINT('',(-5.575896887068E-17,0.83,-0.36));
#4574 = DIRECTION('',(-1.,0.,1.548860246408E-16));
#4575 = DIRECTION('',(-1.548860246408E-16,0.,-1.));
#4576 = ADVANCED_FACE('',(#4577),#4589,.T.);
#4577 = FACE_BOUND('',#4578,.T.);
#4578 = EDGE_LOOP('',(#4579,#4580,#4581,#4588));
#4579 = ORIENTED_EDGE('',*,*,#4529,.F.);
#4580 = ORIENTED_EDGE('',*,*,#4228,.T.);
#4581 = ORIENTED_EDGE('',*,*,#4582,.T.);
#4582 = EDGE_CURVE('',#4231,#4416,#4583,.T.);
#4583 = CIRCLE('',#4584,4.E-02);
#4584 = AXIS2_PLACEMENT_3D('',#4585,#4586,#4587);
#4585 = CARTESIAN_POINT('',(0.76,0.83,-0.36));
#4586 = DIRECTION('',(0.,-0.,1.));
#4587 = DIRECTION('',(1.,0.,0.));
#4588 = ORIENTED_EDGE('',*,*,#4415,.T.);
#4589 = CYLINDRICAL_SURFACE('',#4590,4.E-02);
#4590 = AXIS2_PLACEMENT_3D('',#4591,#4592,#4593);
#4591 = CARTESIAN_POINT('',(0.76,0.83,1.029992063861E-16));
#4592 = DIRECTION('',(1.355252715607E-16,0.,-1.));
#4593 = DIRECTION('',(1.,0.,1.355252715607E-16));
#4594 = ADVANCED_FACE('',(#4595),#4607,.T.);
#4595 = FACE_BOUND('',#4596,.T.);
#4596 = EDGE_LOOP('',(#4597,#4598,#4599,#4606));
#4597 = ORIENTED_EDGE('',*,*,#4546,.F.);
#4598 = ORIENTED_EDGE('',*,*,#4437,.T.);
#4599 = ORIENTED_EDGE('',*,*,#4600,.T.);
#4600 = EDGE_CURVE('',#4440,#4247,#4601,.T.);
#4601 = CIRCLE('',#4602,4.E-02);
#4602 = AXIS2_PLACEMENT_3D('',#4603,#4604,#4605);
#4603 = CARTESIAN_POINT('',(0.76,4.E-02,-0.36));
#4604 = DIRECTION('',(0.,-0.,1.));
#4605 = DIRECTION('',(1.,0.,0.));
#4606 = ORIENTED_EDGE('',*,*,#4246,.T.);
#4607 = CYLINDRICAL_SURFACE('',#4608,4.E-02);
#4608 = AXIS2_PLACEMENT_3D('',#4609,#4610,#4611);
#4609 = CARTESIAN_POINT('',(0.76,4.E-02,-0.4));
#4610 = DIRECTION('',(-1.355252715607E-16,0.,1.));
#4611 = DIRECTION('',(-1.,0.,-1.355252715607E-16));
#4612 = ADVANCED_FACE('',(#4613),#4625,.T.);
#4613 = FACE_BOUND('',#4614,.T.);
#4614 = EDGE_LOOP('',(#4615,#4616,#4617,#4624));
#4615 = ORIENTED_EDGE('',*,*,#4360,.T.);
#4616 = ORIENTED_EDGE('',*,*,#4392,.T.);
#4617 = ORIENTED_EDGE('',*,*,#4618,.T.);
#4618 = EDGE_CURVE('',#4385,#4440,#4619,.T.);
#4619 = CIRCLE('',#4620,4.E-02);
#4620 = AXIS2_PLACEMENT_3D('',#4621,#4622,#4623);
#4621 = CARTESIAN_POINT('',(0.76,4.E-02,-0.36));
#4622 = DIRECTION('',(-1.,0.,0.));
#4623 = DIRECTION('',(0.,0.,1.));
#4624 = ORIENTED_EDGE('',*,*,#4454,.T.);
#4625 = CYLINDRICAL_SURFACE('',#4626,4.E-02);
#4626 = AXIS2_PLACEMENT_3D('',#4627,#4628,#4629);
#4627 = CARTESIAN_POINT('',(0.8,4.E-02,-0.36));
#4628 = DIRECTION('',(1.,0.,-1.548860246408E-16));
#4629 = DIRECTION('',(1.548860246408E-16,0.,1.));
#4630 = ADVANCED_FACE('',(#4631),#4642,.T.);
#4631 = FACE_BOUND('',#4632,.T.);
#4632 = EDGE_LOOP('',(#4633,#4634,#4641));
#4633 = ORIENTED_EDGE('',*,*,#4582,.F.);
#4634 = ORIENTED_EDGE('',*,*,#4635,.T.);
#4635 = EDGE_CURVE('',#4231,#4377,#4636,.T.);
#4636 = CIRCLE('',#4637,4.E-02);
#4637 = AXIS2_PLACEMENT_3D('',#4638,#4639,#4640);
#4638 = CARTESIAN_POINT('',(0.76,0.83,-0.36));
#4639 = DIRECTION('',(0.,1.,0.));
#4640 = DIRECTION('',(0.,-0.,1.));
#4641 = ORIENTED_EDGE('',*,*,#4564,.F.);
#4642 = SPHERICAL_SURFACE('',#4643,4.E-02);
#4643 = AXIS2_PLACEMENT_3D('',#4644,#4645,#4646);
#4644 = CARTESIAN_POINT('',(0.76,0.83,-0.36));
#4645 = DIRECTION('',(0.,-1.,0.));
#4646 = DIRECTION('',(-1.,0.,0.));
#4647 = ADVANCED_FACE('',(#4648),#4659,.T.);
#4648 = FACE_BOUND('',#4649,.T.);
#4649 = EDGE_LOOP('',(#4650,#4651,#4658));
#4650 = ORIENTED_EDGE('',*,*,#4618,.F.);
#4651 = ORIENTED_EDGE('',*,*,#4652,.T.);
#4652 = EDGE_CURVE('',#4385,#4247,#4653,.T.);
#4653 = CIRCLE('',#4654,4.E-02);
#4654 = AXIS2_PLACEMENT_3D('',#4655,#4656,#4657);
#4655 = CARTESIAN_POINT('',(0.76,4.E-02,-0.36));
#4656 = DIRECTION('',(0.,-1.,0.));
#4657 = DIRECTION('',(0.,0.,-1.));
#4658 = ORIENTED_EDGE('',*,*,#4600,.F.);
#4659 = SPHERICAL_SURFACE('',#4660,4.E-02);
#4660 = AXIS2_PLACEMENT_3D('',#4661,#4662,#4663);
#4661 = CARTESIAN_POINT('',(0.76,4.E-02,-0.36));
#4662 = DIRECTION('',(0.,-1.,0.));
#4663 = DIRECTION('',(-1.,0.,0.));
#4664 = ADVANCED_FACE('',(#4665),#4671,.T.);
#4665 = FACE_BOUND('',#4666,.T.);
#4666 = EDGE_LOOP('',(#4667,#4668,#4669,#4670));
#4667 = ORIENTED_EDGE('',*,*,#4635,.F.);
#4668 = ORIENTED_EDGE('',*,*,#4254,.T.);
#4669 = ORIENTED_EDGE('',*,*,#4652,.F.);
#4670 = ORIENTED_EDGE('',*,*,#4384,.T.);
#4671 = CYLINDRICAL_SURFACE('',#4672,4.E-02);
#4672 = AXIS2_PLACEMENT_3D('',#4673,#4674,#4675);
#4673 = CARTESIAN_POINT('',(0.76,0.87,-0.36));
#4674 = DIRECTION('',(0.,-1.,0.));
#4675 = DIRECTION('',(0.,0.,-1.));
#4676 = MANIFOLD_SOLID_BREP('',#4677);
#4677 = CLOSED_SHELL('',(#4678,#4754,#4830,#4852,#4869,#4886,#4903,#4920
    ,#4937,#4954));
#4678 = ADVANCED_FACE('',(#4679),#4749,.T.);
#4679 = FACE_BOUND('',#4680,.T.);
#4680 = EDGE_LOOP('',(#4681,#4692,#4700,#4709,#4717,#4726,#4734,#4743));
#4681 = ORIENTED_EDGE('',*,*,#4682,.T.);
#4682 = EDGE_CURVE('',#4683,#4685,#4687,.T.);
#4683 = VERTEX_POINT('',#4684);
#4684 = CARTESIAN_POINT('',(0.450000000001,0.83,-0.386666666667));
#4685 = VERTEX_POINT('',#4686);
#4686 = CARTESIAN_POINT('',(0.450000000001,0.856666666667,-0.36));
#4687 = CIRCLE('',#4688,2.666666666667E-02);
#4688 = AXIS2_PLACEMENT_3D('',#4689,#4690,#4691);
#4689 = CARTESIAN_POINT('',(0.450000000001,0.83,-0.36));
#4690 = DIRECTION('',(1.,0.,2.03287907341E-16));
#4691 = DIRECTION('',(2.03287907341E-16,0.,-1.));
#4692 = ORIENTED_EDGE('',*,*,#4693,.T.);
#4693 = EDGE_CURVE('',#4685,#4694,#4696,.T.);
#4694 = VERTEX_POINT('',#4695);
#4695 = CARTESIAN_POINT('',(0.450000000001,0.856666666667,0.36));
#4696 = LINE('',#4697,#4698);
#4697 = CARTESIAN_POINT('',(0.450000000001,0.856666666667,
    -0.360000000145));
#4698 = VECTOR('',#4699,1.);
#4699 = DIRECTION('',(-2.03287907341E-16,0.,1.));
#4700 = ORIENTED_EDGE('',*,*,#4701,.T.);
#4701 = EDGE_CURVE('',#4694,#4702,#4704,.T.);
#4702 = VERTEX_POINT('',#4703);
#4703 = CARTESIAN_POINT('',(0.450000000001,0.83,0.386666666667));
#4704 = CIRCLE('',#4705,2.666666666667E-02);
#4705 = AXIS2_PLACEMENT_3D('',#4706,#4707,#4708);
#4706 = CARTESIAN_POINT('',(0.450000000001,0.83,0.36));
#4707 = DIRECTION('',(1.,0.,2.03287907341E-16));
#4708 = DIRECTION('',(2.03287907341E-16,0.,-1.));
#4709 = ORIENTED_EDGE('',*,*,#4710,.T.);
#4710 = EDGE_CURVE('',#4702,#4711,#4713,.T.);
#4711 = VERTEX_POINT('',#4712);
#4712 = CARTESIAN_POINT('',(0.450000000001,4.E-02,0.386666666667));
#4713 = LINE('',#4714,#4715);
#4714 = CARTESIAN_POINT('',(0.450000000001,0.83,0.386666666667));
#4715 = VECTOR('',#4716,1.);
#4716 = DIRECTION('',(0.,-1.,0.));
#4717 = ORIENTED_EDGE('',*,*,#4718,.T.);
#4718 = EDGE_CURVE('',#4711,#4719,#4721,.T.);
#4719 = VERTEX_POINT('',#4720);
#4720 = CARTESIAN_POINT('',(0.450000000001,1.333333333333E-02,0.36));
#4721 = CIRCLE('',#4722,2.666666666667E-02);
#4722 = AXIS2_PLACEMENT_3D('',#4723,#4724,#4725);
#4723 = CARTESIAN_POINT('',(0.450000000001,4.E-02,0.36));
#4724 = DIRECTION('',(1.,0.,2.03287907341E-16));
#4725 = DIRECTION('',(2.03287907341E-16,0.,-1.));
#4726 = ORIENTED_EDGE('',*,*,#4727,.T.);
#4727 = EDGE_CURVE('',#4719,#4728,#4730,.T.);
#4728 = VERTEX_POINT('',#4729);
#4729 = CARTESIAN_POINT('',(0.450000000001,1.333333333333E-02,-0.36));
#4730 = LINE('',#4731,#4732);
#4731 = CARTESIAN_POINT('',(0.450000000001,1.333333333333E-02,
    0.359999999855));
#4732 = VECTOR('',#4733,1.);
#4733 = DIRECTION('',(2.03287907341E-16,0.,-1.));
#4734 = ORIENTED_EDGE('',*,*,#4735,.T.);
#4735 = EDGE_CURVE('',#4728,#4736,#4738,.T.);
#4736 = VERTEX_POINT('',#4737);
#4737 = CARTESIAN_POINT('',(0.450000000001,4.E-02,-0.386666666667));
#4738 = CIRCLE('',#4739,2.666666666667E-02);
#4739 = AXIS2_PLACEMENT_3D('',#4740,#4741,#4742);
#4740 = CARTESIAN_POINT('',(0.450000000001,4.E-02,-0.36));
#4741 = DIRECTION('',(1.,0.,2.03287907341E-16));
#4742 = DIRECTION('',(2.03287907341E-16,0.,-1.));
#4743 = ORIENTED_EDGE('',*,*,#4744,.T.);
#4744 = EDGE_CURVE('',#4736,#4683,#4745,.T.);
#4745 = LINE('',#4746,#4747);
#4746 = CARTESIAN_POINT('',(0.450000000001,4.E-02,-0.386666666667));
#4747 = VECTOR('',#4748,1.);
#4748 = DIRECTION('',(-0.,1.,0.));
#4749 = PLANE('',#4750);
#4750 = AXIS2_PLACEMENT_3D('',#4751,#4752,#4753);
#4751 = CARTESIAN_POINT('',(0.45,0.87,-0.4));
#4752 = DIRECTION('',(1.,0.,2.03287907341E-16));
#4753 = DIRECTION('',(-2.03287907341E-16,0.,1.));
#4754 = ADVANCED_FACE('',(#4755),#4825,.F.);
#4755 = FACE_BOUND('',#4756,.T.);
#4756 = EDGE_LOOP('',(#4757,#4768,#4776,#4785,#4793,#4802,#4810,#4819));
#4757 = ORIENTED_EDGE('',*,*,#4758,.F.);
#4758 = EDGE_CURVE('',#4759,#4761,#4763,.T.);
#4759 = VERTEX_POINT('',#4760);
#4760 = CARTESIAN_POINT('',(-0.45,0.83,-0.386666666667));
#4761 = VERTEX_POINT('',#4762);
#4762 = CARTESIAN_POINT('',(-0.45,0.856666666667,-0.36));
#4763 = CIRCLE('',#4764,2.666666666667E-02);
#4764 = AXIS2_PLACEMENT_3D('',#4765,#4766,#4767);
#4765 = CARTESIAN_POINT('',(-0.45,0.83,-0.36));
#4766 = DIRECTION('',(1.,0.,-8.673617379884E-17));
#4767 = DIRECTION('',(-8.673617379884E-17,-0.,-1.));
#4768 = ORIENTED_EDGE('',*,*,#4769,.F.);
#4769 = EDGE_CURVE('',#4770,#4759,#4772,.T.);
#4770 = VERTEX_POINT('',#4771);
#4771 = CARTESIAN_POINT('',(-0.45,4.E-02,-0.386666666667));
#4772 = LINE('',#4773,#4774);
#4773 = CARTESIAN_POINT('',(-0.45,4.E-02,-0.386666666667));
#4774 = VECTOR('',#4775,1.);
#4775 = DIRECTION('',(0.,1.,0.));
#4776 = ORIENTED_EDGE('',*,*,#4777,.F.);
#4777 = EDGE_CURVE('',#4778,#4770,#4780,.T.);
#4778 = VERTEX_POINT('',#4779);
#4779 = CARTESIAN_POINT('',(-0.45,1.333333333333E-02,-0.36));
#4780 = CIRCLE('',#4781,2.666666666667E-02);
#4781 = AXIS2_PLACEMENT_3D('',#4782,#4783,#4784);
#4782 = CARTESIAN_POINT('',(-0.45,4.E-02,-0.36));
#4783 = DIRECTION('',(1.,0.,-8.673617379884E-17));
#4784 = DIRECTION('',(-8.673617379884E-17,-0.,-1.));
#4785 = ORIENTED_EDGE('',*,*,#4786,.F.);
#4786 = EDGE_CURVE('',#4787,#4778,#4789,.T.);
#4787 = VERTEX_POINT('',#4788);
#4788 = CARTESIAN_POINT('',(-0.45,1.333333333333E-02,0.36));
#4789 = LINE('',#4790,#4791);
#4790 = CARTESIAN_POINT('',(-0.45,1.333333333333E-02,0.36));
#4791 = VECTOR('',#4792,1.);
#4792 = DIRECTION('',(-1.505836350674E-16,0.,-1.));
#4793 = ORIENTED_EDGE('',*,*,#4794,.F.);
#4794 = EDGE_CURVE('',#4795,#4787,#4797,.T.);
#4795 = VERTEX_POINT('',#4796);
#4796 = CARTESIAN_POINT('',(-0.45,4.E-02,0.386666666667));
#4797 = CIRCLE('',#4798,2.666666666667E-02);
#4798 = AXIS2_PLACEMENT_3D('',#4799,#4800,#4801);
#4799 = CARTESIAN_POINT('',(-0.45,4.E-02,0.36));
#4800 = DIRECTION('',(1.,0.,-8.673617379884E-17));
#4801 = DIRECTION('',(-8.673617379884E-17,-0.,-1.));
#4802 = ORIENTED_EDGE('',*,*,#4803,.F.);
#4803 = EDGE_CURVE('',#4804,#4795,#4806,.T.);
#4804 = VERTEX_POINT('',#4805);
#4805 = CARTESIAN_POINT('',(-0.45,0.83,0.386666666667));
#4806 = LINE('',#4807,#4808);
#4807 = CARTESIAN_POINT('',(-0.45,0.83,0.386666666667));
#4808 = VECTOR('',#4809,1.);
#4809 = DIRECTION('',(0.,-1.,0.));
#4810 = ORIENTED_EDGE('',*,*,#4811,.F.);
#4811 = EDGE_CURVE('',#4812,#4804,#4814,.T.);
#4812 = VERTEX_POINT('',#4813);
#4813 = CARTESIAN_POINT('',(-0.45,0.856666666667,0.36));
#4814 = CIRCLE('',#4815,2.666666666667E-02);
#4815 = AXIS2_PLACEMENT_3D('',#4816,#4817,#4818);
#4816 = CARTESIAN_POINT('',(-0.45,0.83,0.36));
#4817 = DIRECTION('',(1.,0.,-8.673617379884E-17));
#4818 = DIRECTION('',(-8.673617379884E-17,-0.,-1.));
#4819 = ORIENTED_EDGE('',*,*,#4820,.F.);
#4820 = EDGE_CURVE('',#4761,#4812,#4821,.T.);
#4821 = LINE('',#4822,#4823);
#4822 = CARTESIAN_POINT('',(-0.45,0.856666666667,-0.36));
#4823 = VECTOR('',#4824,1.);
#4824 = DIRECTION('',(1.505836350674E-16,0.,1.));
#4825 = PLANE('',#4826);
#4826 = AXIS2_PLACEMENT_3D('',#4827,#4828,#4829);
#4827 = CARTESIAN_POINT('',(-0.45,0.83,-0.36));
#4828 = DIRECTION('',(1.,0.,-8.673617379884E-17));
#4829 = DIRECTION('',(-8.673617379884E-17,0.,-1.));
#4830 = ADVANCED_FACE('',(#4831),#4847,.F.);
#4831 = FACE_BOUND('',#4832,.T.);
#4832 = EDGE_LOOP('',(#4833,#4834,#4840,#4841));
#4833 = ORIENTED_EDGE('',*,*,#4744,.F.);
#4834 = ORIENTED_EDGE('',*,*,#4835,.T.);
#4835 = EDGE_CURVE('',#4736,#4770,#4836,.T.);
#4836 = LINE('',#4837,#4838);
#4837 = CARTESIAN_POINT('',(5.E+05,4.E-02,-0.38666666671));
#4838 = VECTOR('',#4839,1.);
#4839 = DIRECTION('',(-1.,-0.,8.673617379884E-17));
#4840 = ORIENTED_EDGE('',*,*,#4769,.T.);
#4841 = ORIENTED_EDGE('',*,*,#4842,.F.);
#4842 = EDGE_CURVE('',#4683,#4759,#4843,.T.);
#4843 = LINE('',#4844,#4845);
#4844 = CARTESIAN_POINT('',(5.E+05,0.83,-0.38666666671));
#4845 = VECTOR('',#4846,1.);
#4846 = DIRECTION('',(-1.,-0.,8.673617379884E-17));
#4847 = PLANE('',#4848);
#4848 = AXIS2_PLACEMENT_3D('',#4849,#4850,#4851);
#4849 = CARTESIAN_POINT('',(5.E+05,4.E-02,-0.38666666671));
#4850 = DIRECTION('',(8.673617379884E-17,-0.,1.));
#4851 = DIRECTION('',(1.,0.,-8.673617379884E-17));
#4852 = ADVANCED_FACE('',(#4853),#4864,.T.);
#4853 = FACE_BOUND('',#4854,.T.);
#4854 = EDGE_LOOP('',(#4855,#4856,#4862,#4863));
#4855 = ORIENTED_EDGE('',*,*,#4735,.F.);
#4856 = ORIENTED_EDGE('',*,*,#4857,.T.);
#4857 = EDGE_CURVE('',#4728,#4778,#4858,.T.);
#4858 = LINE('',#4859,#4860);
#4859 = CARTESIAN_POINT('',(5.E+05,1.333333333333E-02,-0.360000000043));
#4860 = VECTOR('',#4861,1.);
#4861 = DIRECTION('',(-1.,-0.,8.673617379884E-17));
#4862 = ORIENTED_EDGE('',*,*,#4777,.T.);
#4863 = ORIENTED_EDGE('',*,*,#4835,.F.);
#4864 = CYLINDRICAL_SURFACE('',#4865,2.666666666667E-02);
#4865 = AXIS2_PLACEMENT_3D('',#4866,#4867,#4868);
#4866 = CARTESIAN_POINT('',(5.E+05,4.E-02,-0.360000000043));
#4867 = DIRECTION('',(-1.,-0.,8.673617379884E-17));
#4868 = DIRECTION('',(8.673617379884E-17,0.,1.));
#4869 = ADVANCED_FACE('',(#4870),#4881,.F.);
#4870 = FACE_BOUND('',#4871,.T.);
#4871 = EDGE_LOOP('',(#4872,#4873,#4879,#4880));
#4872 = ORIENTED_EDGE('',*,*,#4727,.F.);
#4873 = ORIENTED_EDGE('',*,*,#4874,.T.);
#4874 = EDGE_CURVE('',#4719,#4787,#4875,.T.);
#4875 = LINE('',#4876,#4877);
#4876 = CARTESIAN_POINT('',(5.E+05,1.333333333333E-02,0.359999999957));
#4877 = VECTOR('',#4878,1.);
#4878 = DIRECTION('',(-1.,-0.,8.673617379884E-17));
#4879 = ORIENTED_EDGE('',*,*,#4786,.T.);
#4880 = ORIENTED_EDGE('',*,*,#4857,.F.);
#4881 = PLANE('',#4882);
#4882 = AXIS2_PLACEMENT_3D('',#4883,#4884,#4885);
#4883 = CARTESIAN_POINT('',(5.E+05,1.333333333333E-02,0.359999999957));
#4884 = DIRECTION('',(0.,1.,0.));
#4885 = DIRECTION('',(0.,-0.,1.));
#4886 = ADVANCED_FACE('',(#4887),#4898,.T.);
#4887 = FACE_BOUND('',#4888,.T.);
#4888 = EDGE_LOOP('',(#4889,#4890,#4896,#4897));
#4889 = ORIENTED_EDGE('',*,*,#4718,.F.);
#4890 = ORIENTED_EDGE('',*,*,#4891,.T.);
#4891 = EDGE_CURVE('',#4711,#4795,#4892,.T.);
#4892 = LINE('',#4893,#4894);
#4893 = CARTESIAN_POINT('',(5.E+05,4.E-02,0.386666666623));
#4894 = VECTOR('',#4895,1.);
#4895 = DIRECTION('',(-1.,-0.,8.673617379884E-17));
#4896 = ORIENTED_EDGE('',*,*,#4794,.T.);
#4897 = ORIENTED_EDGE('',*,*,#4874,.F.);
#4898 = CYLINDRICAL_SURFACE('',#4899,2.666666666667E-02);
#4899 = AXIS2_PLACEMENT_3D('',#4900,#4901,#4902);
#4900 = CARTESIAN_POINT('',(5.E+05,4.E-02,0.359999999957));
#4901 = DIRECTION('',(-1.,-0.,8.673617379884E-17));
#4902 = DIRECTION('',(8.673617379884E-17,0.,1.));
#4903 = ADVANCED_FACE('',(#4904),#4915,.F.);
#4904 = FACE_BOUND('',#4905,.T.);
#4905 = EDGE_LOOP('',(#4906,#4907,#4913,#4914));
#4906 = ORIENTED_EDGE('',*,*,#4710,.F.);
#4907 = ORIENTED_EDGE('',*,*,#4908,.T.);
#4908 = EDGE_CURVE('',#4702,#4804,#4909,.T.);
#4909 = LINE('',#4910,#4911);
#4910 = CARTESIAN_POINT('',(5.E+05,0.83,0.386666666623));
#4911 = VECTOR('',#4912,1.);
#4912 = DIRECTION('',(-1.,-0.,8.673617379884E-17));
#4913 = ORIENTED_EDGE('',*,*,#4803,.T.);
#4914 = ORIENTED_EDGE('',*,*,#4891,.F.);
#4915 = PLANE('',#4916);
#4916 = AXIS2_PLACEMENT_3D('',#4917,#4918,#4919);
#4917 = CARTESIAN_POINT('',(5.E+05,0.83,0.386666666623));
#4918 = DIRECTION('',(-8.673617379884E-17,0.,-1.));
#4919 = DIRECTION('',(-1.,0.,8.673617379884E-17));
#4920 = ADVANCED_FACE('',(#4921),#4932,.T.);
#4921 = FACE_BOUND('',#4922,.T.);
#4922 = EDGE_LOOP('',(#4923,#4924,#4930,#4931));
#4923 = ORIENTED_EDGE('',*,*,#4701,.F.);
#4924 = ORIENTED_EDGE('',*,*,#4925,.T.);
#4925 = EDGE_CURVE('',#4694,#4812,#4926,.T.);
#4926 = LINE('',#4927,#4928);
#4927 = CARTESIAN_POINT('',(5.E+05,0.856666666667,0.359999999957));
#4928 = VECTOR('',#4929,1.);
#4929 = DIRECTION('',(-1.,-0.,8.673617379884E-17));
#4930 = ORIENTED_EDGE('',*,*,#4811,.T.);
#4931 = ORIENTED_EDGE('',*,*,#4908,.F.);
#4932 = CYLINDRICAL_SURFACE('',#4933,2.666666666667E-02);
#4933 = AXIS2_PLACEMENT_3D('',#4934,#4935,#4936);
#4934 = CARTESIAN_POINT('',(5.E+05,0.83,0.359999999957));
#4935 = DIRECTION('',(-1.,-0.,8.673617379884E-17));
#4936 = DIRECTION('',(8.673617379884E-17,0.,1.));
#4937 = ADVANCED_FACE('',(#4938),#4949,.F.);
#4938 = FACE_BOUND('',#4939,.T.);
#4939 = EDGE_LOOP('',(#4940,#4941,#4947,#4948));
#4940 = ORIENTED_EDGE('',*,*,#4693,.F.);
#4941 = ORIENTED_EDGE('',*,*,#4942,.T.);
#4942 = EDGE_CURVE('',#4685,#4761,#4943,.T.);
#4943 = LINE('',#4944,#4945);
#4944 = CARTESIAN_POINT('',(5.E+05,0.856666666667,-0.360000000043));
#4945 = VECTOR('',#4946,1.);
#4946 = DIRECTION('',(-1.,-0.,8.673617379884E-17));
#4947 = ORIENTED_EDGE('',*,*,#4820,.T.);
#4948 = ORIENTED_EDGE('',*,*,#4925,.F.);
#4949 = PLANE('',#4950);
#4950 = AXIS2_PLACEMENT_3D('',#4951,#4952,#4953);
#4951 = CARTESIAN_POINT('',(5.E+05,0.856666666667,-0.360000000043));
#4952 = DIRECTION('',(0.,-1.,0.));
#4953 = DIRECTION('',(0.,-0.,-1.));
#4954 = ADVANCED_FACE('',(#4955),#4961,.T.);
#4955 = FACE_BOUND('',#4956,.T.);
#4956 = EDGE_LOOP('',(#4957,#4958,#4959,#4960));
#4957 = ORIENTED_EDGE('',*,*,#4682,.F.);
#4958 = ORIENTED_EDGE('',*,*,#4842,.T.);
#4959 = ORIENTED_EDGE('',*,*,#4758,.T.);
#4960 = ORIENTED_EDGE('',*,*,#4942,.F.);
#4961 = CYLINDRICAL_SURFACE('',#4962,2.666666666667E-02);
#4962 = AXIS2_PLACEMENT_3D('',#4963,#4964,#4965);
#4963 = CARTESIAN_POINT('',(5.E+05,0.83,-0.360000000043));
#4964 = DIRECTION('',(-1.,-0.,8.673617379884E-17));
#4965 = DIRECTION('',(8.673617379884E-17,0.,1.));
#4966 = ( GEOMETRIC_REPRESENTATION_CONTEXT(3) 
GLOBAL_UNCERTAINTY_ASSIGNED_CONTEXT((#4970)) 
GLOBAL_UNIT_ASSIGNED_CONTEXT((#4967,#4968,#4969)) REPRESENTATION_CONTEXT
('Context #1','3D Context with UNIT and UNCERTAINTY') );
#4967 = ( LENGTH_UNIT() NAMED_UNIT(*) SI_UNIT(.MILLI.,.METRE.) );
#4968 = ( NAMED_UNIT(*) PLANE_ANGLE_UNIT() SI_UNIT($,.RADIAN.) );
#4969 = ( NAMED_UNIT(*) SI_UNIT($,.STERADIAN.) SOLID_ANGLE_UNIT() );
#4970 = UNCERTAINTY_MEASURE_WITH_UNIT(LENGTH_MEASURE(1.E-07),#4967,
  'distance_accuracy_value','confusion accuracy');
#4971 = CONTEXT_DEPENDENT_SHAPE_REPRESENTATION(#4972,#4974);
#4972 = ( REPRESENTATION_RELATIONSHIP('','',#3767,#3744) 
REPRESENTATION_RELATIONSHIP_WITH_TRANSFORMATION(#4973) 
SHAPE_REPRESENTATION_RELATIONSHIP() );
#4973 = ITEM_DEFINED_TRANSFORMATION('','',#11,#3745);
#4974 = PRODUCT_DEFINITION_SHAPE('Placement','Placement of an item',
  #4975);
#4975 = NEXT_ASSEMBLY_USAGE_OCCURRENCE('6','=>[0:1:1:7]','',#3739,#3762,
  $);
#4976 = PRODUCT_RELATED_PRODUCT_CATEGORY('part',$,(#3764));
#4977 = CONTEXT_DEPENDENT_SHAPE_REPRESENTATION(#4978,#4980);
#4978 = ( REPRESENTATION_RELATIONSHIP('','',#3744,#10) 
REPRESENTATION_RELATIONSHIP_WITH_TRANSFORMATION(#4979) 
SHAPE_REPRESENTATION_RELATIONSHIP() );
#4979 = ITEM_DEFINED_TRANSFORMATION('','',#11,#31);
#4980 = PRODUCT_DEFINITION_SHAPE('Placement','Placement of an item',
  #4981);
#4981 = NEXT_ASSEMBLY_USAGE_OCCURRENCE('8','C1','',#5,#3739,$);
#4982 = SHAPE_DEFINITION_REPRESENTATION(#4983,#4989);
#4983 = PRODUCT_DEFINITION_SHAPE('','',#4984);
#4984 = PRODUCT_DEFINITION('design','',#4985,#4988);
#4985 = PRODUCT_DEFINITION_FORMATION('','',#4986);
#4986 = PRODUCT('_autosave-LED Board_PCB','_autosave-LED Board_PCB','',(
    #4987));
#4987 = PRODUCT_CONTEXT('',#2,'mechanical');
#4988 = PRODUCT_DEFINITION_CONTEXT('part definition',#2,'design');
#4989 = ADVANCED_BREP_SHAPE_REPRESENTATION('',(#11,#4990),#5296);
#4990 = MANIFOLD_SOLID_BREP('',#4991);
#4991 = CLOSED_SHELL('',(#4992,#5032,#5063,#5094,#5155,#5216,#5228,#5245
    ,#5262,#5279));
#4992 = ADVANCED_FACE('',(#4993),#5027,.T.);
#4993 = FACE_BOUND('',#4994,.T.);
#4994 = EDGE_LOOP('',(#4995,#5005,#5013,#5021));
#4995 = ORIENTED_EDGE('',*,*,#4996,.T.);
#4996 = EDGE_CURVE('',#4997,#4999,#5001,.T.);
#4997 = VERTEX_POINT('',#4998);
#4998 = CARTESIAN_POINT('',(150.01875,-103.98125,0.));
#4999 = VERTEX_POINT('',#5000);
#5000 = CARTESIAN_POINT('',(150.01875,-103.98125,1.6));
#5001 = LINE('',#5002,#5003);
#5002 = CARTESIAN_POINT('',(150.01875,-103.98125,0.));
#5003 = VECTOR('',#5004,1.);
#5004 = DIRECTION('',(0.,0.,1.));
#5005 = ORIENTED_EDGE('',*,*,#5006,.T.);
#5006 = EDGE_CURVE('',#4999,#5007,#5009,.T.);
#5007 = VERTEX_POINT('',#5008);
#5008 = CARTESIAN_POINT('',(105.171875,-103.98125,1.6));
#5009 = LINE('',#5010,#5011);
#5010 = CARTESIAN_POINT('',(150.01875,-103.98125,1.6));
#5011 = VECTOR('',#5012,1.);
#5012 = DIRECTION('',(-1.,0.,0.));
#5013 = ORIENTED_EDGE('',*,*,#5014,.F.);
#5014 = EDGE_CURVE('',#5015,#5007,#5017,.T.);
#5015 = VERTEX_POINT('',#5016);
#5016 = CARTESIAN_POINT('',(105.171875,-103.98125,0.));
#5017 = LINE('',#5018,#5019);
#5018 = CARTESIAN_POINT('',(105.171875,-103.98125,0.));
#5019 = VECTOR('',#5020,1.);
#5020 = DIRECTION('',(0.,0.,1.));
#5021 = ORIENTED_EDGE('',*,*,#5022,.F.);
#5022 = EDGE_CURVE('',#4997,#5015,#5023,.T.);
#5023 = LINE('',#5024,#5025);
#5024 = CARTESIAN_POINT('',(150.01875,-103.98125,0.));
#5025 = VECTOR('',#5026,1.);
#5026 = DIRECTION('',(-1.,0.,0.));
#5027 = PLANE('',#5028);
#5028 = AXIS2_PLACEMENT_3D('',#5029,#5030,#5031);
#5029 = CARTESIAN_POINT('',(150.01875,-103.98125,0.));
#5030 = DIRECTION('',(0.,-1.,0.));
#5031 = DIRECTION('',(-1.,0.,0.));
#5032 = ADVANCED_FACE('',(#5033),#5058,.T.);
#5033 = FACE_BOUND('',#5034,.T.);
#5034 = EDGE_LOOP('',(#5035,#5045,#5051,#5052));
#5035 = ORIENTED_EDGE('',*,*,#5036,.T.);
#5036 = EDGE_CURVE('',#5037,#5039,#5041,.T.);
#5037 = VERTEX_POINT('',#5038);
#5038 = CARTESIAN_POINT('',(150.01875,-92.86875,0.));
#5039 = VERTEX_POINT('',#5040);
#5040 = CARTESIAN_POINT('',(150.01875,-92.86875,1.6));
#5041 = LINE('',#5042,#5043);
#5042 = CARTESIAN_POINT('',(150.01875,-92.86875,0.));
#5043 = VECTOR('',#5044,1.);
#5044 = DIRECTION('',(0.,0.,1.));
#5045 = ORIENTED_EDGE('',*,*,#5046,.T.);
#5046 = EDGE_CURVE('',#5039,#4999,#5047,.T.);
#5047 = LINE('',#5048,#5049);
#5048 = CARTESIAN_POINT('',(150.01875,-92.86875,1.6));
#5049 = VECTOR('',#5050,1.);
#5050 = DIRECTION('',(0.,-1.,0.));
#5051 = ORIENTED_EDGE('',*,*,#4996,.F.);
#5052 = ORIENTED_EDGE('',*,*,#5053,.F.);
#5053 = EDGE_CURVE('',#5037,#4997,#5054,.T.);
#5054 = LINE('',#5055,#5056);
#5055 = CARTESIAN_POINT('',(150.01875,-92.86875,0.));
#5056 = VECTOR('',#5057,1.);
#5057 = DIRECTION('',(0.,-1.,0.));
#5058 = PLANE('',#5059);
#5059 = AXIS2_PLACEMENT_3D('',#5060,#5061,#5062);
#5060 = CARTESIAN_POINT('',(150.01875,-92.86875,0.));
#5061 = DIRECTION('',(1.,0.,-0.));
#5062 = DIRECTION('',(0.,-1.,0.));
#5063 = ADVANCED_FACE('',(#5064),#5089,.T.);
#5064 = FACE_BOUND('',#5065,.T.);
#5065 = EDGE_LOOP('',(#5066,#5067,#5075,#5083));
#5066 = ORIENTED_EDGE('',*,*,#5014,.T.);
#5067 = ORIENTED_EDGE('',*,*,#5068,.T.);
#5068 = EDGE_CURVE('',#5007,#5069,#5071,.T.);
#5069 = VERTEX_POINT('',#5070);
#5070 = CARTESIAN_POINT('',(105.171875,-92.86875,1.6));
#5071 = LINE('',#5072,#5073);
#5072 = CARTESIAN_POINT('',(105.171875,-103.98125,1.6));
#5073 = VECTOR('',#5074,1.);
#5074 = DIRECTION('',(0.,1.,0.));
#5075 = ORIENTED_EDGE('',*,*,#5076,.F.);
#5076 = EDGE_CURVE('',#5077,#5069,#5079,.T.);
#5077 = VERTEX_POINT('',#5078);
#5078 = CARTESIAN_POINT('',(105.171875,-92.86875,0.));
#5079 = LINE('',#5080,#5081);
#5080 = CARTESIAN_POINT('',(105.171875,-92.86875,0.));
#5081 = VECTOR('',#5082,1.);
#5082 = DIRECTION('',(0.,0.,1.));
#5083 = ORIENTED_EDGE('',*,*,#5084,.F.);
#5084 = EDGE_CURVE('',#5015,#5077,#5085,.T.);
#5085 = LINE('',#5086,#5087);
#5086 = CARTESIAN_POINT('',(105.171875,-103.98125,0.));
#5087 = VECTOR('',#5088,1.);
#5088 = DIRECTION('',(0.,1.,0.));
#5089 = PLANE('',#5090);
#5090 = AXIS2_PLACEMENT_3D('',#5091,#5092,#5093);
#5091 = CARTESIAN_POINT('',(105.171875,-103.98125,0.));
#5092 = DIRECTION('',(-1.,0.,0.));
#5093 = DIRECTION('',(0.,1.,0.));
#5094 = ADVANCED_FACE('',(#5095,#5106,#5117,#5128,#5139),#5150,.F.);
#5095 = FACE_BOUND('',#5096,.F.);
#5096 = EDGE_LOOP('',(#5097,#5098,#5099,#5105));
#5097 = ORIENTED_EDGE('',*,*,#5022,.F.);
#5098 = ORIENTED_EDGE('',*,*,#5053,.F.);
#5099 = ORIENTED_EDGE('',*,*,#5100,.F.);
#5100 = EDGE_CURVE('',#5077,#5037,#5101,.T.);
#5101 = LINE('',#5102,#5103);
#5102 = CARTESIAN_POINT('',(105.171875,-92.86875,0.));
#5103 = VECTOR('',#5104,1.);
#5104 = DIRECTION('',(1.,0.,0.));
#5105 = ORIENTED_EDGE('',*,*,#5084,.F.);
#5106 = FACE_BOUND('',#5107,.F.);
#5107 = EDGE_LOOP('',(#5108));
#5108 = ORIENTED_EDGE('',*,*,#5109,.T.);
#5109 = EDGE_CURVE('',#5110,#5110,#5112,.T.);
#5110 = VERTEX_POINT('',#5111);
#5111 = CARTESIAN_POINT('',(107.15625,-101.753125,0.));
#5112 = CIRCLE('',#5113,0.55);
#5113 = AXIS2_PLACEMENT_3D('',#5114,#5115,#5116);
#5114 = CARTESIAN_POINT('',(107.15625,-101.203125,0.));
#5115 = DIRECTION('',(-0.,0.,-1.));
#5116 = DIRECTION('',(-0.,-1.,0.));
#5117 = FACE_BOUND('',#5118,.F.);
#5118 = EDGE_LOOP('',(#5119));
#5119 = ORIENTED_EDGE('',*,*,#5120,.T.);
#5120 = EDGE_CURVE('',#5121,#5121,#5123,.T.);
#5121 = VERTEX_POINT('',#5122);
#5122 = CARTESIAN_POINT('',(107.15625,-99.213125,0.));
#5123 = CIRCLE('',#5124,0.55);
#5124 = AXIS2_PLACEMENT_3D('',#5125,#5126,#5127);
#5125 = CARTESIAN_POINT('',(107.15625,-98.663125,0.));
#5126 = DIRECTION('',(-0.,0.,-1.));
#5127 = DIRECTION('',(-0.,-1.,0.));
#5128 = FACE_BOUND('',#5129,.F.);
#5129 = EDGE_LOOP('',(#5130));
#5130 = ORIENTED_EDGE('',*,*,#5131,.T.);
#5131 = EDGE_CURVE('',#5132,#5132,#5134,.T.);
#5132 = VERTEX_POINT('',#5133);
#5133 = CARTESIAN_POINT('',(107.15625,-96.673125,0.));
#5134 = CIRCLE('',#5135,0.55);
#5135 = AXIS2_PLACEMENT_3D('',#5136,#5137,#5138);
#5136 = CARTESIAN_POINT('',(107.15625,-96.123125,0.));
#5137 = DIRECTION('',(-0.,0.,-1.));
#5138 = DIRECTION('',(-0.,-1.,0.));
#5139 = FACE_BOUND('',#5140,.F.);
#5140 = EDGE_LOOP('',(#5141));
#5141 = ORIENTED_EDGE('',*,*,#5142,.T.);
#5142 = EDGE_CURVE('',#5143,#5143,#5145,.T.);
#5143 = VERTEX_POINT('',#5144);
#5144 = CARTESIAN_POINT('',(149.3875,-97.5,0.));
#5145 = CIRCLE('',#5146,0.5);
#5146 = AXIS2_PLACEMENT_3D('',#5147,#5148,#5149);
#5147 = CARTESIAN_POINT('',(149.3875,-97.,0.));
#5148 = DIRECTION('',(-0.,0.,-1.));
#5149 = DIRECTION('',(-0.,-1.,0.));
#5150 = PLANE('',#5151);
#5151 = AXIS2_PLACEMENT_3D('',#5152,#5153,#5154);
#5152 = CARTESIAN_POINT('',(0.,0.,0.));
#5153 = DIRECTION('',(0.,0.,1.));
#5154 = DIRECTION('',(1.,0.,-0.));
#5155 = ADVANCED_FACE('',(#5156,#5167,#5178,#5189,#5200),#5211,.T.);
#5156 = FACE_BOUND('',#5157,.T.);
#5157 = EDGE_LOOP('',(#5158,#5159,#5160,#5166));
#5158 = ORIENTED_EDGE('',*,*,#5006,.F.);
#5159 = ORIENTED_EDGE('',*,*,#5046,.F.);
#5160 = ORIENTED_EDGE('',*,*,#5161,.F.);
#5161 = EDGE_CURVE('',#5069,#5039,#5162,.T.);
#5162 = LINE('',#5163,#5164);
#5163 = CARTESIAN_POINT('',(105.171875,-92.86875,1.6));
#5164 = VECTOR('',#5165,1.);
#5165 = DIRECTION('',(1.,0.,0.));
#5166 = ORIENTED_EDGE('',*,*,#5068,.F.);
#5167 = FACE_BOUND('',#5168,.T.);
#5168 = EDGE_LOOP('',(#5169));
#5169 = ORIENTED_EDGE('',*,*,#5170,.T.);
#5170 = EDGE_CURVE('',#5171,#5171,#5173,.T.);
#5171 = VERTEX_POINT('',#5172);
#5172 = CARTESIAN_POINT('',(107.15625,-101.753125,1.6));
#5173 = CIRCLE('',#5174,0.55);
#5174 = AXIS2_PLACEMENT_3D('',#5175,#5176,#5177);
#5175 = CARTESIAN_POINT('',(107.15625,-101.203125,1.6));
#5176 = DIRECTION('',(-0.,0.,-1.));
#5177 = DIRECTION('',(-0.,-1.,0.));
#5178 = FACE_BOUND('',#5179,.T.);
#5179 = EDGE_LOOP('',(#5180));
#5180 = ORIENTED_EDGE('',*,*,#5181,.T.);
#5181 = EDGE_CURVE('',#5182,#5182,#5184,.T.);
#5182 = VERTEX_POINT('',#5183);
#5183 = CARTESIAN_POINT('',(107.15625,-99.213125,1.6));
#5184 = CIRCLE('',#5185,0.55);
#5185 = AXIS2_PLACEMENT_3D('',#5186,#5187,#5188);
#5186 = CARTESIAN_POINT('',(107.15625,-98.663125,1.6));
#5187 = DIRECTION('',(-0.,0.,-1.));
#5188 = DIRECTION('',(-0.,-1.,0.));
#5189 = FACE_BOUND('',#5190,.T.);
#5190 = EDGE_LOOP('',(#5191));
#5191 = ORIENTED_EDGE('',*,*,#5192,.T.);
#5192 = EDGE_CURVE('',#5193,#5193,#5195,.T.);
#5193 = VERTEX_POINT('',#5194);
#5194 = CARTESIAN_POINT('',(107.15625,-96.673125,1.6));
#5195 = CIRCLE('',#5196,0.55);
#5196 = AXIS2_PLACEMENT_3D('',#5197,#5198,#5199);
#5197 = CARTESIAN_POINT('',(107.15625,-96.123125,1.6));
#5198 = DIRECTION('',(-0.,0.,-1.));
#5199 = DIRECTION('',(-0.,-1.,0.));
#5200 = FACE_BOUND('',#5201,.T.);
#5201 = EDGE_LOOP('',(#5202));
#5202 = ORIENTED_EDGE('',*,*,#5203,.T.);
#5203 = EDGE_CURVE('',#5204,#5204,#5206,.T.);
#5204 = VERTEX_POINT('',#5205);
#5205 = CARTESIAN_POINT('',(149.3875,-97.5,1.6));
#5206 = CIRCLE('',#5207,0.5);
#5207 = AXIS2_PLACEMENT_3D('',#5208,#5209,#5210);
#5208 = CARTESIAN_POINT('',(149.3875,-97.,1.6));
#5209 = DIRECTION('',(-0.,0.,-1.));
#5210 = DIRECTION('',(-0.,-1.,0.));
#5211 = PLANE('',#5212);
#5212 = AXIS2_PLACEMENT_3D('',#5213,#5214,#5215);
#5213 = CARTESIAN_POINT('',(0.,0.,1.6));
#5214 = DIRECTION('',(0.,0.,1.));
#5215 = DIRECTION('',(1.,0.,-0.));
#5216 = ADVANCED_FACE('',(#5217),#5223,.T.);
#5217 = FACE_BOUND('',#5218,.T.);
#5218 = EDGE_LOOP('',(#5219,#5220,#5221,#5222));
#5219 = ORIENTED_EDGE('',*,*,#5076,.T.);
#5220 = ORIENTED_EDGE('',*,*,#5161,.T.);
#5221 = ORIENTED_EDGE('',*,*,#5036,.F.);
#5222 = ORIENTED_EDGE('',*,*,#5100,.F.);
#5223 = PLANE('',#5224);
#5224 = AXIS2_PLACEMENT_3D('',#5225,#5226,#5227);
#5225 = CARTESIAN_POINT('',(105.171875,-92.86875,0.));
#5226 = DIRECTION('',(0.,1.,0.));
#5227 = DIRECTION('',(1.,0.,0.));
#5228 = ADVANCED_FACE('',(#5229),#5240,.F.);
#5229 = FACE_BOUND('',#5230,.T.);
#5230 = EDGE_LOOP('',(#5231,#5232,#5238,#5239));
#5231 = ORIENTED_EDGE('',*,*,#5109,.T.);
#5232 = ORIENTED_EDGE('',*,*,#5233,.T.);
#5233 = EDGE_CURVE('',#5110,#5171,#5234,.T.);
#5234 = LINE('',#5235,#5236);
#5235 = CARTESIAN_POINT('',(107.15625,-101.753125,-4.5E-02));
#5236 = VECTOR('',#5237,1.);
#5237 = DIRECTION('',(0.,0.,1.));
#5238 = ORIENTED_EDGE('',*,*,#5170,.F.);
#5239 = ORIENTED_EDGE('',*,*,#5233,.F.);
#5240 = CYLINDRICAL_SURFACE('',#5241,0.55);
#5241 = AXIS2_PLACEMENT_3D('',#5242,#5243,#5244);
#5242 = CARTESIAN_POINT('',(107.15625,-101.203125,-4.5E-02));
#5243 = DIRECTION('',(-0.,-0.,-1.));
#5244 = DIRECTION('',(-0.,-1.,0.));
#5245 = ADVANCED_FACE('',(#5246),#5257,.F.);
#5246 = FACE_BOUND('',#5247,.T.);
#5247 = EDGE_LOOP('',(#5248,#5249,#5255,#5256));
#5248 = ORIENTED_EDGE('',*,*,#5120,.T.);
#5249 = ORIENTED_EDGE('',*,*,#5250,.T.);
#5250 = EDGE_CURVE('',#5121,#5182,#5251,.T.);
#5251 = LINE('',#5252,#5253);
#5252 = CARTESIAN_POINT('',(107.15625,-99.213125,-4.5E-02));
#5253 = VECTOR('',#5254,1.);
#5254 = DIRECTION('',(0.,0.,1.));
#5255 = ORIENTED_EDGE('',*,*,#5181,.F.);
#5256 = ORIENTED_EDGE('',*,*,#5250,.F.);
#5257 = CYLINDRICAL_SURFACE('',#5258,0.55);
#5258 = AXIS2_PLACEMENT_3D('',#5259,#5260,#5261);
#5259 = CARTESIAN_POINT('',(107.15625,-98.663125,-4.5E-02));
#5260 = DIRECTION('',(-0.,-0.,-1.));
#5261 = DIRECTION('',(-0.,-1.,0.));
#5262 = ADVANCED_FACE('',(#5263),#5274,.F.);
#5263 = FACE_BOUND('',#5264,.T.);
#5264 = EDGE_LOOP('',(#5265,#5266,#5272,#5273));
#5265 = ORIENTED_EDGE('',*,*,#5131,.T.);
#5266 = ORIENTED_EDGE('',*,*,#5267,.T.);
#5267 = EDGE_CURVE('',#5132,#5193,#5268,.T.);
#5268 = LINE('',#5269,#5270);
#5269 = CARTESIAN_POINT('',(107.15625,-96.673125,-4.5E-02));
#5270 = VECTOR('',#5271,1.);
#5271 = DIRECTION('',(0.,0.,1.));
#5272 = ORIENTED_EDGE('',*,*,#5192,.F.);
#5273 = ORIENTED_EDGE('',*,*,#5267,.F.);
#5274 = CYLINDRICAL_SURFACE('',#5275,0.55);
#5275 = AXIS2_PLACEMENT_3D('',#5276,#5277,#5278);
#5276 = CARTESIAN_POINT('',(107.15625,-96.123125,-4.5E-02));
#5277 = DIRECTION('',(-0.,-0.,-1.));
#5278 = DIRECTION('',(-0.,-1.,0.));
#5279 = ADVANCED_FACE('',(#5280),#5291,.F.);
#5280 = FACE_BOUND('',#5281,.T.);
#5281 = EDGE_LOOP('',(#5282,#5283,#5289,#5290));
#5282 = ORIENTED_EDGE('',*,*,#5142,.T.);
#5283 = ORIENTED_EDGE('',*,*,#5284,.T.);
#5284 = EDGE_CURVE('',#5143,#5204,#5285,.T.);
#5285 = LINE('',#5286,#5287);
#5286 = CARTESIAN_POINT('',(149.3875,-97.5,-4.5E-02));
#5287 = VECTOR('',#5288,1.);
#5288 = DIRECTION('',(0.,0.,1.));
#5289 = ORIENTED_EDGE('',*,*,#5203,.F.);
#5290 = ORIENTED_EDGE('',*,*,#5284,.F.);
#5291 = CYLINDRICAL_SURFACE('',#5292,0.5);
#5292 = AXIS2_PLACEMENT_3D('',#5293,#5294,#5295);
#5293 = CARTESIAN_POINT('',(149.3875,-97.,-4.5E-02));
#5294 = DIRECTION('',(-0.,-0.,-1.));
#5295 = DIRECTION('',(-0.,-1.,0.));
#5296 = ( GEOMETRIC_REPRESENTATION_CONTEXT(3) 
GLOBAL_UNCERTAINTY_ASSIGNED_CONTEXT((#5300)) 
GLOBAL_UNIT_ASSIGNED_CONTEXT((#5297,#5298,#5299)) REPRESENTATION_CONTEXT
('Context #1','3D Context with UNIT and UNCERTAINTY') );
#5297 = ( LENGTH_UNIT() NAMED_UNIT(*) SI_UNIT(.MILLI.,.METRE.) );
#5298 = ( NAMED_UNIT(*) PLANE_ANGLE_UNIT() SI_UNIT($,.RADIAN.) );
#5299 = ( NAMED_UNIT(*) SI_UNIT($,.STERADIAN.) SOLID_ANGLE_UNIT() );
#5300 = UNCERTAINTY_MEASURE_WITH_UNIT(LENGTH_MEASURE(1.E-07),#5297,
  'distance_accuracy_value','confusion accuracy');
#5301 = CONTEXT_DEPENDENT_SHAPE_REPRESENTATION(#5302,#5304);
#5302 = ( REPRESENTATION_RELATIONSHIP('','',#4989,#10) 
REPRESENTATION_RELATIONSHIP_WITH_TRANSFORMATION(#5303) 
SHAPE_REPRESENTATION_RELATIONSHIP() );
#5303 = ITEM_DEFINED_TRANSFORMATION('','',#11,#35);
#5304 = PRODUCT_DEFINITION_SHAPE('Placement','Placement of an item',
  #5305);
#5305 = NEXT_ASSEMBLY_USAGE_OCCURRENCE('9','=>[0:1:1:8]','',#5,#4984,$);
#5306 = PRODUCT_RELATED_PRODUCT_CATEGORY('part',$,(#4986));
#5307 = MECHANICAL_DESIGN_GEOMETRIC_PRESENTATION_REPRESENTATION('',(
    #5308,#5316,#5323,#5330,#5337,#5344,#5351,#5358,#5365,#5372,#5379,
    #5386,#5393,#5400,#5407,#5415,#5422,#5429,#5436,#5443,#5450,#5457,
    #5464,#5471,#5478,#5485,#5492,#5499,#5506,#5513,#5520,#5527,#5534,
    #5541,#5548,#5555,#5562,#5569,#5576,#5583,#5590,#5597,#5604,#5611,
    #5618),#1412);
#5308 = STYLED_ITEM('color',(#5309),#78);
#5309 = PRESENTATION_STYLE_ASSIGNMENT((#5310));
#5310 = SURFACE_STYLE_USAGE(.BOTH.,#5311);
#5311 = SURFACE_SIDE_STYLE('',(#5312));
#5312 = SURFACE_STYLE_FILL_AREA(#5313);
#5313 = FILL_AREA_STYLE('',(#5314));
#5314 = FILL_AREA_STYLE_COLOUR('',#5315);
#5315 = COLOUR_RGB('',0.147999998088,0.144999993226,0.144999993226);
#5316 = STYLED_ITEM('color',(#5317),#118);
#5317 = PRESENTATION_STYLE_ASSIGNMENT((#5318));
#5318 = SURFACE_STYLE_USAGE(.BOTH.,#5319);
#5319 = SURFACE_SIDE_STYLE('',(#5320));
#5320 = SURFACE_STYLE_FILL_AREA(#5321);
#5321 = FILL_AREA_STYLE('',(#5322));
#5322 = FILL_AREA_STYLE_COLOUR('',#5315);
#5323 = STYLED_ITEM('color',(#5324),#181);
#5324 = PRESENTATION_STYLE_ASSIGNMENT((#5325));
#5325 = SURFACE_STYLE_USAGE(.BOTH.,#5326);
#5326 = SURFACE_SIDE_STYLE('',(#5327));
#5327 = SURFACE_STYLE_FILL_AREA(#5328);
#5328 = FILL_AREA_STYLE('',(#5329));
#5329 = FILL_AREA_STYLE_COLOUR('',#5315);
#5330 = STYLED_ITEM('color',(#5331),#244);
#5331 = PRESENTATION_STYLE_ASSIGNMENT((#5332));
#5332 = SURFACE_STYLE_USAGE(.BOTH.,#5333);
#5333 = SURFACE_SIDE_STYLE('',(#5334));
#5334 = SURFACE_STYLE_FILL_AREA(#5335);
#5335 = FILL_AREA_STYLE('',(#5336));
#5336 = FILL_AREA_STYLE_COLOUR('',#5315);
#5337 = STYLED_ITEM('color',(#5338),#261);
#5338 = PRESENTATION_STYLE_ASSIGNMENT((#5339));
#5339 = SURFACE_STYLE_USAGE(.BOTH.,#5340);
#5340 = SURFACE_SIDE_STYLE('',(#5341));
#5341 = SURFACE_STYLE_FILL_AREA(#5342);
#5342 = FILL_AREA_STYLE('',(#5343));
#5343 = FILL_AREA_STYLE_COLOUR('',#5315);
#5344 = STYLED_ITEM('color',(#5345),#312);
#5345 = PRESENTATION_STYLE_ASSIGNMENT((#5346));
#5346 = SURFACE_STYLE_USAGE(.BOTH.,#5347);
#5347 = SURFACE_SIDE_STYLE('',(#5348));
#5348 = SURFACE_STYLE_FILL_AREA(#5349);
#5349 = FILL_AREA_STYLE('',(#5350));
#5350 = FILL_AREA_STYLE_COLOUR('',#5315);
#5351 = STYLED_ITEM('color',(#5352),#334);
#5352 = PRESENTATION_STYLE_ASSIGNMENT((#5353));
#5353 = SURFACE_STYLE_USAGE(.BOTH.,#5354);
#5354 = SURFACE_SIDE_STYLE('',(#5355));
#5355 = SURFACE_STYLE_FILL_AREA(#5356);
#5356 = FILL_AREA_STYLE('',(#5357));
#5357 = FILL_AREA_STYLE_COLOUR('',#5315);
#5358 = STYLED_ITEM('color',(#5359),#351);
#5359 = PRESENTATION_STYLE_ASSIGNMENT((#5360));
#5360 = SURFACE_STYLE_USAGE(.BOTH.,#5361);
#5361 = SURFACE_SIDE_STYLE('',(#5362));
#5362 = SURFACE_STYLE_FILL_AREA(#5363);
#5363 = FILL_AREA_STYLE('',(#5364));
#5364 = FILL_AREA_STYLE_COLOUR('',#5315);
#5365 = STYLED_ITEM('color',(#5366),#434);
#5366 = PRESENTATION_STYLE_ASSIGNMENT((#5367));
#5367 = SURFACE_STYLE_USAGE(.BOTH.,#5368);
#5368 = SURFACE_SIDE_STYLE('',(#5369));
#5369 = SURFACE_STYLE_FILL_AREA(#5370);
#5370 = FILL_AREA_STYLE('',(#5371));
#5371 = FILL_AREA_STYLE_COLOUR('',#5315);
#5372 = STYLED_ITEM('color',(#5373),#446);
#5373 = PRESENTATION_STYLE_ASSIGNMENT((#5374));
#5374 = SURFACE_STYLE_USAGE(.BOTH.,#5375);
#5375 = SURFACE_SIDE_STYLE('',(#5376));
#5376 = SURFACE_STYLE_FILL_AREA(#5377);
#5377 = FILL_AREA_STYLE('',(#5378));
#5378 = FILL_AREA_STYLE_COLOUR('',#5315);
#5379 = STYLED_ITEM('color',(#5380),#458);
#5380 = PRESENTATION_STYLE_ASSIGNMENT((#5381));
#5381 = SURFACE_STYLE_USAGE(.BOTH.,#5382);
#5382 = SURFACE_SIDE_STYLE('',(#5383));
#5383 = SURFACE_STYLE_FILL_AREA(#5384);
#5384 = FILL_AREA_STYLE('',(#5385));
#5385 = FILL_AREA_STYLE_COLOUR('',#5315);
#5386 = STYLED_ITEM('color',(#5387),#489);
#5387 = PRESENTATION_STYLE_ASSIGNMENT((#5388));
#5388 = SURFACE_STYLE_USAGE(.BOTH.,#5389);
#5389 = SURFACE_SIDE_STYLE('',(#5390));
#5390 = SURFACE_STYLE_FILL_AREA(#5391);
#5391 = FILL_AREA_STYLE('',(#5392));
#5392 = FILL_AREA_STYLE_COLOUR('',#5315);
#5393 = STYLED_ITEM('color',(#5394),#513);
#5394 = PRESENTATION_STYLE_ASSIGNMENT((#5395));
#5395 = SURFACE_STYLE_USAGE(.BOTH.,#5396);
#5396 = SURFACE_SIDE_STYLE('',(#5397));
#5397 = SURFACE_STYLE_FILL_AREA(#5398);
#5398 = FILL_AREA_STYLE('',(#5399));
#5399 = FILL_AREA_STYLE_COLOUR('',#5315);
#5400 = STYLED_ITEM('color',(#5401),#537);
#5401 = PRESENTATION_STYLE_ASSIGNMENT((#5402));
#5402 = SURFACE_STYLE_USAGE(.BOTH.,#5403);
#5403 = SURFACE_SIDE_STYLE('',(#5404));
#5404 = SURFACE_STYLE_FILL_AREA(#5405);
#5405 = FILL_AREA_STYLE('',(#5406));
#5406 = FILL_AREA_STYLE_COLOUR('',#5315);
#5407 = STYLED_ITEM('color',(#5408),#554);
#5408 = PRESENTATION_STYLE_ASSIGNMENT((#5409));
#5409 = SURFACE_STYLE_USAGE(.BOTH.,#5410);
#5410 = SURFACE_SIDE_STYLE('',(#5411));
#5411 = SURFACE_STYLE_FILL_AREA(#5412);
#5412 = FILL_AREA_STYLE('',(#5413));
#5413 = FILL_AREA_STYLE_COLOUR('',#5414);
#5414 = COLOUR_RGB('',0.859000020776,0.737999965183,0.495999988746);
#5415 = STYLED_ITEM('color',(#5416),#571);
#5416 = PRESENTATION_STYLE_ASSIGNMENT((#5417));
#5417 = SURFACE_STYLE_USAGE(.BOTH.,#5418);
#5418 = SURFACE_SIDE_STYLE('',(#5419));
#5419 = SURFACE_STYLE_FILL_AREA(#5420);
#5420 = FILL_AREA_STYLE('',(#5421));
#5421 = FILL_AREA_STYLE_COLOUR('',#5414);
#5422 = STYLED_ITEM('color',(#5423),#602);
#5423 = PRESENTATION_STYLE_ASSIGNMENT((#5424));
#5424 = SURFACE_STYLE_USAGE(.BOTH.,#5425);
#5425 = SURFACE_SIDE_STYLE('',(#5426));
#5426 = SURFACE_STYLE_FILL_AREA(#5427);
#5427 = FILL_AREA_STYLE('',(#5428));
#5428 = FILL_AREA_STYLE_COLOUR('',#5414);
#5429 = STYLED_ITEM('color',(#5430),#619);
#5430 = PRESENTATION_STYLE_ASSIGNMENT((#5431));
#5431 = SURFACE_STYLE_USAGE(.BOTH.,#5432);
#5432 = SURFACE_SIDE_STYLE('',(#5433));
#5433 = SURFACE_STYLE_FILL_AREA(#5434);
#5434 = FILL_AREA_STYLE('',(#5435));
#5435 = FILL_AREA_STYLE_COLOUR('',#5414);
#5436 = STYLED_ITEM('color',(#5437),#650);
#5437 = PRESENTATION_STYLE_ASSIGNMENT((#5438));
#5438 = SURFACE_STYLE_USAGE(.BOTH.,#5439);
#5439 = SURFACE_SIDE_STYLE('',(#5440));
#5440 = SURFACE_STYLE_FILL_AREA(#5441);
#5441 = FILL_AREA_STYLE('',(#5442));
#5442 = FILL_AREA_STYLE_COLOUR('',#5315);
#5443 = STYLED_ITEM('color',(#5444),#681);
#5444 = PRESENTATION_STYLE_ASSIGNMENT((#5445));
#5445 = SURFACE_STYLE_USAGE(.BOTH.,#5446);
#5446 = SURFACE_SIDE_STYLE('',(#5447));
#5447 = SURFACE_STYLE_FILL_AREA(#5448);
#5448 = FILL_AREA_STYLE('',(#5449));
#5449 = FILL_AREA_STYLE_COLOUR('',#5315);
#5450 = STYLED_ITEM('color',(#5451),#705);
#5451 = PRESENTATION_STYLE_ASSIGNMENT((#5452));
#5452 = SURFACE_STYLE_USAGE(.BOTH.,#5453);
#5453 = SURFACE_SIDE_STYLE('',(#5454));
#5454 = SURFACE_STYLE_FILL_AREA(#5455);
#5455 = FILL_AREA_STYLE('',(#5456));
#5456 = FILL_AREA_STYLE_COLOUR('',#5315);
#5457 = STYLED_ITEM('color',(#5458),#729);
#5458 = PRESENTATION_STYLE_ASSIGNMENT((#5459));
#5459 = SURFACE_STYLE_USAGE(.BOTH.,#5460);
#5460 = SURFACE_SIDE_STYLE('',(#5461));
#5461 = SURFACE_STYLE_FILL_AREA(#5462);
#5462 = FILL_AREA_STYLE('',(#5463));
#5463 = FILL_AREA_STYLE_COLOUR('',#5315);
#5464 = STYLED_ITEM('color',(#5465),#746);
#5465 = PRESENTATION_STYLE_ASSIGNMENT((#5466));
#5466 = SURFACE_STYLE_USAGE(.BOTH.,#5467);
#5467 = SURFACE_SIDE_STYLE('',(#5468));
#5468 = SURFACE_STYLE_FILL_AREA(#5469);
#5469 = FILL_AREA_STYLE('',(#5470));
#5470 = FILL_AREA_STYLE_COLOUR('',#5414);
#5471 = STYLED_ITEM('color',(#5472),#797);
#5472 = PRESENTATION_STYLE_ASSIGNMENT((#5473));
#5473 = SURFACE_STYLE_USAGE(.BOTH.,#5474);
#5474 = SURFACE_SIDE_STYLE('',(#5475));
#5475 = SURFACE_STYLE_FILL_AREA(#5476);
#5476 = FILL_AREA_STYLE('',(#5477));
#5477 = FILL_AREA_STYLE_COLOUR('',#5414);
#5478 = STYLED_ITEM('color',(#5479),#822);
#5479 = PRESENTATION_STYLE_ASSIGNMENT((#5480));
#5480 = SURFACE_STYLE_USAGE(.BOTH.,#5481);
#5481 = SURFACE_SIDE_STYLE('',(#5482));
#5482 = SURFACE_STYLE_FILL_AREA(#5483);
#5483 = FILL_AREA_STYLE('',(#5484));
#5484 = FILL_AREA_STYLE_COLOUR('',#5414);
#5485 = STYLED_ITEM('color',(#5486),#865);
#5486 = PRESENTATION_STYLE_ASSIGNMENT((#5487));
#5487 = SURFACE_STYLE_USAGE(.BOTH.,#5488);
#5488 = SURFACE_SIDE_STYLE('',(#5489));
#5489 = SURFACE_STYLE_FILL_AREA(#5490);
#5490 = FILL_AREA_STYLE('',(#5491));
#5491 = FILL_AREA_STYLE_COLOUR('',#5414);
#5492 = STYLED_ITEM('color',(#5493),#882);
#5493 = PRESENTATION_STYLE_ASSIGNMENT((#5494));
#5494 = SURFACE_STYLE_USAGE(.BOTH.,#5495);
#5495 = SURFACE_SIDE_STYLE('',(#5496));
#5496 = SURFACE_STYLE_FILL_AREA(#5497);
#5497 = FILL_AREA_STYLE('',(#5498));
#5498 = FILL_AREA_STYLE_COLOUR('',#5315);
#5499 = STYLED_ITEM('color',(#5500),#928);
#5500 = PRESENTATION_STYLE_ASSIGNMENT((#5501));
#5501 = SURFACE_STYLE_USAGE(.BOTH.,#5502);
#5502 = SURFACE_SIDE_STYLE('',(#5503));
#5503 = SURFACE_STYLE_FILL_AREA(#5504);
#5504 = FILL_AREA_STYLE('',(#5505));
#5505 = FILL_AREA_STYLE_COLOUR('',#5414);
#5506 = STYLED_ITEM('color',(#5507),#961);
#5507 = PRESENTATION_STYLE_ASSIGNMENT((#5508));
#5508 = SURFACE_STYLE_USAGE(.BOTH.,#5509);
#5509 = SURFACE_SIDE_STYLE('',(#5510));
#5510 = SURFACE_STYLE_FILL_AREA(#5511);
#5511 = FILL_AREA_STYLE('',(#5512));
#5512 = FILL_AREA_STYLE_COLOUR('',#5414);
#5513 = STYLED_ITEM('color',(#5514),#985);
#5514 = PRESENTATION_STYLE_ASSIGNMENT((#5515));
#5515 = SURFACE_STYLE_USAGE(.BOTH.,#5516);
#5516 = SURFACE_SIDE_STYLE('',(#5517));
#5517 = SURFACE_STYLE_FILL_AREA(#5518);
#5518 = FILL_AREA_STYLE('',(#5519));
#5519 = FILL_AREA_STYLE_COLOUR('',#5414);
#5520 = STYLED_ITEM('color',(#5521),#1011);
#5521 = PRESENTATION_STYLE_ASSIGNMENT((#5522));
#5522 = SURFACE_STYLE_USAGE(.BOTH.,#5523);
#5523 = SURFACE_SIDE_STYLE('',(#5524));
#5524 = SURFACE_STYLE_FILL_AREA(#5525);
#5525 = FILL_AREA_STYLE('',(#5526));
#5526 = FILL_AREA_STYLE_COLOUR('',#5414);
#5527 = STYLED_ITEM('color',(#5528),#1028);
#5528 = PRESENTATION_STYLE_ASSIGNMENT((#5529));
#5529 = SURFACE_STYLE_USAGE(.BOTH.,#5530);
#5530 = SURFACE_SIDE_STYLE('',(#5531));
#5531 = SURFACE_STYLE_FILL_AREA(#5532);
#5532 = FILL_AREA_STYLE('',(#5533));
#5533 = FILL_AREA_STYLE_COLOUR('',#5315);
#5534 = STYLED_ITEM('color',(#5535),#1091);
#5535 = PRESENTATION_STYLE_ASSIGNMENT((#5536));
#5536 = SURFACE_STYLE_USAGE(.BOTH.,#5537);
#5537 = SURFACE_SIDE_STYLE('',(#5538));
#5538 = SURFACE_STYLE_FILL_AREA(#5539);
#5539 = FILL_AREA_STYLE('',(#5540));
#5540 = FILL_AREA_STYLE_COLOUR('',#5315);
#5541 = STYLED_ITEM('color',(#5542),#1115);
#5542 = PRESENTATION_STYLE_ASSIGNMENT((#5543));
#5543 = SURFACE_STYLE_USAGE(.BOTH.,#5544);
#5544 = SURFACE_SIDE_STYLE('',(#5545));
#5545 = SURFACE_STYLE_FILL_AREA(#5546);
#5546 = FILL_AREA_STYLE('',(#5547));
#5547 = FILL_AREA_STYLE_COLOUR('',#5315);
#5548 = STYLED_ITEM('color',(#5549),#1171);
#5549 = PRESENTATION_STYLE_ASSIGNMENT((#5550));
#5550 = SURFACE_STYLE_USAGE(.BOTH.,#5551);
#5551 = SURFACE_SIDE_STYLE('',(#5552));
#5552 = SURFACE_STYLE_FILL_AREA(#5553);
#5553 = FILL_AREA_STYLE('',(#5554));
#5554 = FILL_AREA_STYLE_COLOUR('',#5315);
#5555 = STYLED_ITEM('color',(#5556),#1188);
#5556 = PRESENTATION_STYLE_ASSIGNMENT((#5557));
#5557 = SURFACE_STYLE_USAGE(.BOTH.,#5558);
#5558 = SURFACE_SIDE_STYLE('',(#5559));
#5559 = SURFACE_STYLE_FILL_AREA(#5560);
#5560 = FILL_AREA_STYLE('',(#5561));
#5561 = FILL_AREA_STYLE_COLOUR('',#5414);
#5562 = STYLED_ITEM('color',(#5563),#1200);
#5563 = PRESENTATION_STYLE_ASSIGNMENT((#5564));
#5564 = SURFACE_STYLE_USAGE(.BOTH.,#5565);
#5565 = SURFACE_SIDE_STYLE('',(#5566));
#5566 = SURFACE_STYLE_FILL_AREA(#5567);
#5567 = FILL_AREA_STYLE('',(#5568));
#5568 = FILL_AREA_STYLE_COLOUR('',#5315);
#5569 = STYLED_ITEM('color',(#5570),#1217);
#5570 = PRESENTATION_STYLE_ASSIGNMENT((#5571));
#5571 = SURFACE_STYLE_USAGE(.BOTH.,#5572);
#5572 = SURFACE_SIDE_STYLE('',(#5573));
#5573 = SURFACE_STYLE_FILL_AREA(#5574);
#5574 = FILL_AREA_STYLE('',(#5575));
#5575 = FILL_AREA_STYLE_COLOUR('',#5414);
#5576 = STYLED_ITEM('color',(#5577),#1266);
#5577 = PRESENTATION_STYLE_ASSIGNMENT((#5578));
#5578 = SURFACE_STYLE_USAGE(.BOTH.,#5579);
#5579 = SURFACE_SIDE_STYLE('',(#5580));
#5580 = SURFACE_STYLE_FILL_AREA(#5581);
#5581 = FILL_AREA_STYLE('',(#5582));
#5582 = FILL_AREA_STYLE_COLOUR('',#5414);
#5583 = STYLED_ITEM('color',(#5584),#1290);
#5584 = PRESENTATION_STYLE_ASSIGNMENT((#5585));
#5585 = SURFACE_STYLE_USAGE(.BOTH.,#5586);
#5586 = SURFACE_SIDE_STYLE('',(#5587));
#5587 = SURFACE_STYLE_FILL_AREA(#5588);
#5588 = FILL_AREA_STYLE('',(#5589));
#5589 = FILL_AREA_STYLE_COLOUR('',#5414);
#5590 = STYLED_ITEM('color',(#5591),#1337);
#5591 = PRESENTATION_STYLE_ASSIGNMENT((#5592));
#5592 = SURFACE_STYLE_USAGE(.BOTH.,#5593);
#5593 = SURFACE_SIDE_STYLE('',(#5594));
#5594 = SURFACE_STYLE_FILL_AREA(#5595);
#5595 = FILL_AREA_STYLE('',(#5596));
#5596 = FILL_AREA_STYLE_COLOUR('',#5315);
#5597 = STYLED_ITEM('color',(#5598),#1349);
#5598 = PRESENTATION_STYLE_ASSIGNMENT((#5599));
#5599 = SURFACE_STYLE_USAGE(.BOTH.,#5600);
#5600 = SURFACE_SIDE_STYLE('',(#5601));
#5601 = SURFACE_STYLE_FILL_AREA(#5602);
#5602 = FILL_AREA_STYLE('',(#5603));
#5603 = FILL_AREA_STYLE_COLOUR('',#5414);
#5604 = STYLED_ITEM('color',(#5605),#1366);
#5605 = PRESENTATION_STYLE_ASSIGNMENT((#5606));
#5606 = SURFACE_STYLE_USAGE(.BOTH.,#5607);
#5607 = SURFACE_SIDE_STYLE('',(#5608));
#5608 = SURFACE_STYLE_FILL_AREA(#5609);
#5609 = FILL_AREA_STYLE('',(#5610));
#5610 = FILL_AREA_STYLE_COLOUR('',#5414);
#5611 = STYLED_ITEM('color',(#5612),#1383);
#5612 = PRESENTATION_STYLE_ASSIGNMENT((#5613));
#5613 = SURFACE_STYLE_USAGE(.BOTH.,#5614);
#5614 = SURFACE_SIDE_STYLE('',(#5615));
#5615 = SURFACE_STYLE_FILL_AREA(#5616);
#5616 = FILL_AREA_STYLE('',(#5617));
#5617 = FILL_AREA_STYLE_COLOUR('',#5414);
#5618 = STYLED_ITEM('color',(#5619),#1400);
#5619 = PRESENTATION_STYLE_ASSIGNMENT((#5620));
#5620 = SURFACE_STYLE_USAGE(.BOTH.,#5621);
#5621 = SURFACE_SIDE_STYLE('',(#5622));
#5622 = SURFACE_STYLE_FILL_AREA(#5623);
#5623 = FILL_AREA_STYLE('',(#5624));
#5624 = FILL_AREA_STYLE_COLOUR('',#5414);
#5625 = MECHANICAL_DESIGN_GEOMETRIC_PRESENTATION_REPRESENTATION('',(
    #5626),#5296);
#5626 = STYLED_ITEM('color',(#5627),#4990);
#5627 = PRESENTATION_STYLE_ASSIGNMENT((#5628));
#5628 = SURFACE_STYLE_USAGE(.BOTH.,#5629);
#5629 = SURFACE_SIDE_STYLE('',(#5630));
#5630 = SURFACE_STYLE_FILL_AREA(#5631);
#5631 = FILL_AREA_STYLE('',(#5632));
#5632 = FILL_AREA_STYLE_COLOUR('',#5633);
#5633 = COLOUR_RGB('',0.313304153717,0.484529207832,0.410020903123);
#5634 = MECHANICAL_DESIGN_GEOMETRIC_PRESENTATION_REPRESENTATION('',(
    #5635,#5643,#5650,#5657,#5664,#5671,#5678,#5685,#5692,#5699,#5706,
    #5713,#5720,#5727,#5735,#5742,#5749,#5757,#5764,#5771,#5778,#5785,
    #5792,#5799,#5806,#5813,#5820,#5827,#5834,#5841,#5848,#5855,#5862,
    #5869,#5876,#5883,#5890,#5897,#5904,#5911,#5918,#5925,#5932,#5939,
    #5946,#5953,#5960,#5967,#5974,#5981,#5988,#5995,#6002,#6009,#6016,
    #6023,#6030,#6037,#6044,#6051,#6058,#6065,#6072,#6079,#6086,#6093,
    #6100,#6107),#3721);
#5635 = STYLED_ITEM('color',(#5636),#1456);
#5636 = PRESENTATION_STYLE_ASSIGNMENT((#5637));
#5637 = SURFACE_STYLE_USAGE(.BOTH.,#5638);
#5638 = SURFACE_SIDE_STYLE('',(#5639));
#5639 = SURFACE_STYLE_FILL_AREA(#5640);
#5640 = FILL_AREA_STYLE('',(#5641));
#5641 = FILL_AREA_STYLE_COLOUR('',#5642);
#5642 = COLOUR_RGB('',0.894999966383,0.890999961016,0.813000030345);
#5643 = STYLED_ITEM('color',(#5644),#1515);
#5644 = PRESENTATION_STYLE_ASSIGNMENT((#5645));
#5645 = SURFACE_STYLE_USAGE(.BOTH.,#5646);
#5646 = SURFACE_SIDE_STYLE('',(#5647));
#5647 = SURFACE_STYLE_FILL_AREA(#5648);
#5648 = FILL_AREA_STYLE('',(#5649));
#5649 = FILL_AREA_STYLE_COLOUR('',#5642);
#5650 = STYLED_ITEM('color',(#5651),#1540);
#5651 = PRESENTATION_STYLE_ASSIGNMENT((#5652));
#5652 = SURFACE_STYLE_USAGE(.BOTH.,#5653);
#5653 = SURFACE_SIDE_STYLE('',(#5654));
#5654 = SURFACE_STYLE_FILL_AREA(#5655);
#5655 = FILL_AREA_STYLE('',(#5656));
#5656 = FILL_AREA_STYLE_COLOUR('',#5642);
#5657 = STYLED_ITEM('color',(#5658),#1573);
#5658 = PRESENTATION_STYLE_ASSIGNMENT((#5659));
#5659 = SURFACE_STYLE_USAGE(.BOTH.,#5660);
#5660 = SURFACE_SIDE_STYLE('',(#5661));
#5661 = SURFACE_STYLE_FILL_AREA(#5662);
#5662 = FILL_AREA_STYLE('',(#5663));
#5663 = FILL_AREA_STYLE_COLOUR('',#5642);
#5664 = STYLED_ITEM('color',(#5665),#1598);
#5665 = PRESENTATION_STYLE_ASSIGNMENT((#5666));
#5666 = SURFACE_STYLE_USAGE(.BOTH.,#5667);
#5667 = SURFACE_SIDE_STYLE('',(#5668));
#5668 = SURFACE_STYLE_FILL_AREA(#5669);
#5669 = FILL_AREA_STYLE('',(#5670));
#5670 = FILL_AREA_STYLE_COLOUR('',#5642);
#5671 = STYLED_ITEM('color',(#5672),#1623);
#5672 = PRESENTATION_STYLE_ASSIGNMENT((#5673));
#5673 = SURFACE_STYLE_USAGE(.BOTH.,#5674);
#5674 = SURFACE_SIDE_STYLE('',(#5675));
#5675 = SURFACE_STYLE_FILL_AREA(#5676);
#5676 = FILL_AREA_STYLE('',(#5677));
#5677 = FILL_AREA_STYLE_COLOUR('',#5642);
#5678 = STYLED_ITEM('color',(#5679),#1648);
#5679 = PRESENTATION_STYLE_ASSIGNMENT((#5680));
#5680 = SURFACE_STYLE_USAGE(.BOTH.,#5681);
#5681 = SURFACE_SIDE_STYLE('',(#5682));
#5682 = SURFACE_STYLE_FILL_AREA(#5683);
#5683 = FILL_AREA_STYLE('',(#5684));
#5684 = FILL_AREA_STYLE_COLOUR('',#5642);
#5685 = STYLED_ITEM('color',(#5686),#1665);
#5686 = PRESENTATION_STYLE_ASSIGNMENT((#5687));
#5687 = SURFACE_STYLE_USAGE(.BOTH.,#5688);
#5688 = SURFACE_SIDE_STYLE('',(#5689));
#5689 = SURFACE_STYLE_FILL_AREA(#5690);
#5690 = FILL_AREA_STYLE('',(#5691));
#5691 = FILL_AREA_STYLE_COLOUR('',#5642);
#5692 = STYLED_ITEM('color',(#5693),#1690);
#5693 = PRESENTATION_STYLE_ASSIGNMENT((#5694));
#5694 = SURFACE_STYLE_USAGE(.BOTH.,#5695);
#5695 = SURFACE_SIDE_STYLE('',(#5696));
#5696 = SURFACE_STYLE_FILL_AREA(#5697);
#5697 = FILL_AREA_STYLE('',(#5698));
#5698 = FILL_AREA_STYLE_COLOUR('',#5642);
#5699 = STYLED_ITEM('color',(#5700),#1721);
#5700 = PRESENTATION_STYLE_ASSIGNMENT((#5701));
#5701 = SURFACE_STYLE_USAGE(.BOTH.,#5702);
#5702 = SURFACE_SIDE_STYLE('',(#5703));
#5703 = SURFACE_STYLE_FILL_AREA(#5704);
#5704 = FILL_AREA_STYLE('',(#5705));
#5705 = FILL_AREA_STYLE_COLOUR('',#5642);
#5706 = STYLED_ITEM('color',(#5707),#1761);
#5707 = PRESENTATION_STYLE_ASSIGNMENT((#5708));
#5708 = SURFACE_STYLE_USAGE(.BOTH.,#5709);
#5709 = SURFACE_SIDE_STYLE('',(#5710));
#5710 = SURFACE_STYLE_FILL_AREA(#5711);
#5711 = FILL_AREA_STYLE('',(#5712));
#5712 = FILL_AREA_STYLE_COLOUR('',#5642);
#5713 = STYLED_ITEM('color',(#5714),#1892);
#5714 = PRESENTATION_STYLE_ASSIGNMENT((#5715));
#5715 = SURFACE_STYLE_USAGE(.BOTH.,#5716);
#5716 = SURFACE_SIDE_STYLE('',(#5717));
#5717 = SURFACE_STYLE_FILL_AREA(#5718);
#5718 = FILL_AREA_STYLE('',(#5719));
#5719 = FILL_AREA_STYLE_COLOUR('',#5642);
#5720 = STYLED_ITEM('color',(#5721),#2016);
#5721 = PRESENTATION_STYLE_ASSIGNMENT((#5722));
#5722 = SURFACE_STYLE_USAGE(.BOTH.,#5723);
#5723 = SURFACE_SIDE_STYLE('',(#5724));
#5724 = SURFACE_STYLE_FILL_AREA(#5725);
#5725 = FILL_AREA_STYLE('',(#5726));
#5726 = FILL_AREA_STYLE_COLOUR('',#5642);
#5727 = STYLED_ITEM('color',(#5728),#2033);
#5728 = PRESENTATION_STYLE_ASSIGNMENT((#5729));
#5729 = SURFACE_STYLE_USAGE(.BOTH.,#5730);
#5730 = SURFACE_SIDE_STYLE('',(#5731));
#5731 = SURFACE_STYLE_FILL_AREA(#5732);
#5732 = FILL_AREA_STYLE('',(#5733));
#5733 = FILL_AREA_STYLE_COLOUR('',#5734);
#5734 = COLOUR_RGB('',0.136999991899,0.40200001271,0.726999997272);
#5735 = STYLED_ITEM('color',(#5736),#2042);
#5736 = PRESENTATION_STYLE_ASSIGNMENT((#5737));
#5737 = SURFACE_STYLE_USAGE(.BOTH.,#5738);
#5738 = SURFACE_SIDE_STYLE('',(#5739));
#5739 = SURFACE_STYLE_FILL_AREA(#5740);
#5740 = FILL_AREA_STYLE('',(#5741));
#5741 = FILL_AREA_STYLE_COLOUR('',#5642);
#5742 = STYLED_ITEM('color',(#5743),#2053);
#5743 = PRESENTATION_STYLE_ASSIGNMENT((#5744));
#5744 = SURFACE_STYLE_USAGE(.BOTH.,#5745);
#5745 = SURFACE_SIDE_STYLE('',(#5746));
#5746 = SURFACE_STYLE_FILL_AREA(#5747);
#5747 = FILL_AREA_STYLE('',(#5748));
#5748 = FILL_AREA_STYLE_COLOUR('',#5642);
#5749 = STYLED_ITEM('color',(#5750),#2221);
#5750 = PRESENTATION_STYLE_ASSIGNMENT((#5751));
#5751 = SURFACE_STYLE_USAGE(.BOTH.,#5752);
#5752 = SURFACE_SIDE_STYLE('',(#5753));
#5753 = SURFACE_STYLE_FILL_AREA(#5754);
#5754 = FILL_AREA_STYLE('',(#5755));
#5755 = FILL_AREA_STYLE_COLOUR('',#5756);
#5756 = COLOUR_RGB('',0.823999987314,0.819999987296,0.781000009244);
#5757 = STYLED_ITEM('color',(#5758),#2252);
#5758 = PRESENTATION_STYLE_ASSIGNMENT((#5759));
#5759 = SURFACE_STYLE_USAGE(.BOTH.,#5760);
#5760 = SURFACE_SIDE_STYLE('',(#5761));
#5761 = SURFACE_STYLE_FILL_AREA(#5762);
#5762 = FILL_AREA_STYLE('',(#5763));
#5763 = FILL_AREA_STYLE_COLOUR('',#5756);
#5764 = STYLED_ITEM('color',(#5765),#2283);
#5765 = PRESENTATION_STYLE_ASSIGNMENT((#5766));
#5766 = SURFACE_STYLE_USAGE(.BOTH.,#5767);
#5767 = SURFACE_SIDE_STYLE('',(#5768));
#5768 = SURFACE_STYLE_FILL_AREA(#5769);
#5769 = FILL_AREA_STYLE('',(#5770));
#5770 = FILL_AREA_STYLE_COLOUR('',#5756);
#5771 = STYLED_ITEM('color',(#5772),#2314);
#5772 = PRESENTATION_STYLE_ASSIGNMENT((#5773));
#5773 = SURFACE_STYLE_USAGE(.BOTH.,#5774);
#5774 = SURFACE_SIDE_STYLE('',(#5775));
#5775 = SURFACE_STYLE_FILL_AREA(#5776);
#5776 = FILL_AREA_STYLE('',(#5777));
#5777 = FILL_AREA_STYLE_COLOUR('',#5756);
#5778 = STYLED_ITEM('color',(#5779),#2399);
#5779 = PRESENTATION_STYLE_ASSIGNMENT((#5780));
#5780 = SURFACE_STYLE_USAGE(.BOTH.,#5781);
#5781 = SURFACE_SIDE_STYLE('',(#5782));
#5782 = SURFACE_STYLE_FILL_AREA(#5783);
#5783 = FILL_AREA_STYLE('',(#5784));
#5784 = FILL_AREA_STYLE_COLOUR('',#5756);
#5785 = STYLED_ITEM('color',(#5786),#2423);
#5786 = PRESENTATION_STYLE_ASSIGNMENT((#5787));
#5787 = SURFACE_STYLE_USAGE(.BOTH.,#5788);
#5788 = SURFACE_SIDE_STYLE('',(#5789));
#5789 = SURFACE_STYLE_FILL_AREA(#5790);
#5790 = FILL_AREA_STYLE('',(#5791));
#5791 = FILL_AREA_STYLE_COLOUR('',#5756);
#5792 = STYLED_ITEM('color',(#5793),#2501);
#5793 = PRESENTATION_STYLE_ASSIGNMENT((#5794));
#5794 = SURFACE_STYLE_USAGE(.BOTH.,#5795);
#5795 = SURFACE_SIDE_STYLE('',(#5796));
#5796 = SURFACE_STYLE_FILL_AREA(#5797);
#5797 = FILL_AREA_STYLE('',(#5798));
#5798 = FILL_AREA_STYLE_COLOUR('',#5756);
#5799 = STYLED_ITEM('color',(#5800),#2532);
#5800 = PRESENTATION_STYLE_ASSIGNMENT((#5801));
#5801 = SURFACE_STYLE_USAGE(.BOTH.,#5802);
#5802 = SURFACE_SIDE_STYLE('',(#5803));
#5803 = SURFACE_STYLE_FILL_AREA(#5804);
#5804 = FILL_AREA_STYLE('',(#5805));
#5805 = FILL_AREA_STYLE_COLOUR('',#5756);
#5806 = STYLED_ITEM('color',(#5807),#2617);
#5807 = PRESENTATION_STYLE_ASSIGNMENT((#5808));
#5808 = SURFACE_STYLE_USAGE(.BOTH.,#5809);
#5809 = SURFACE_SIDE_STYLE('',(#5810));
#5810 = SURFACE_STYLE_FILL_AREA(#5811);
#5811 = FILL_AREA_STYLE('',(#5812));
#5812 = FILL_AREA_STYLE_COLOUR('',#5756);
#5813 = STYLED_ITEM('color',(#5814),#2641);
#5814 = PRESENTATION_STYLE_ASSIGNMENT((#5815));
#5815 = SURFACE_STYLE_USAGE(.BOTH.,#5816);
#5816 = SURFACE_SIDE_STYLE('',(#5817));
#5817 = SURFACE_STYLE_FILL_AREA(#5818);
#5818 = FILL_AREA_STYLE('',(#5819));
#5819 = FILL_AREA_STYLE_COLOUR('',#5756);
#5820 = STYLED_ITEM('color',(#5821),#2719);
#5821 = PRESENTATION_STYLE_ASSIGNMENT((#5822));
#5822 = SURFACE_STYLE_USAGE(.BOTH.,#5823);
#5823 = SURFACE_SIDE_STYLE('',(#5824));
#5824 = SURFACE_STYLE_FILL_AREA(#5825);
#5825 = FILL_AREA_STYLE('',(#5826));
#5826 = FILL_AREA_STYLE_COLOUR('',#5756);
#5827 = STYLED_ITEM('color',(#5828),#2750);
#5828 = PRESENTATION_STYLE_ASSIGNMENT((#5829));
#5829 = SURFACE_STYLE_USAGE(.BOTH.,#5830);
#5830 = SURFACE_SIDE_STYLE('',(#5831));
#5831 = SURFACE_STYLE_FILL_AREA(#5832);
#5832 = FILL_AREA_STYLE('',(#5833));
#5833 = FILL_AREA_STYLE_COLOUR('',#5756);
#5834 = STYLED_ITEM('color',(#5835),#2781);
#5835 = PRESENTATION_STYLE_ASSIGNMENT((#5836));
#5836 = SURFACE_STYLE_USAGE(.BOTH.,#5837);
#5837 = SURFACE_SIDE_STYLE('',(#5838));
#5838 = SURFACE_STYLE_FILL_AREA(#5839);
#5839 = FILL_AREA_STYLE('',(#5840));
#5840 = FILL_AREA_STYLE_COLOUR('',#5756);
#5841 = STYLED_ITEM('color',(#5842),#2812);
#5842 = PRESENTATION_STYLE_ASSIGNMENT((#5843));
#5843 = SURFACE_STYLE_USAGE(.BOTH.,#5844);
#5844 = SURFACE_SIDE_STYLE('',(#5845));
#5845 = SURFACE_STYLE_FILL_AREA(#5846);
#5846 = FILL_AREA_STYLE('',(#5847));
#5847 = FILL_AREA_STYLE_COLOUR('',#5756);
#5848 = STYLED_ITEM('color',(#5849),#2897);
#5849 = PRESENTATION_STYLE_ASSIGNMENT((#5850));
#5850 = SURFACE_STYLE_USAGE(.BOTH.,#5851);
#5851 = SURFACE_SIDE_STYLE('',(#5852));
#5852 = SURFACE_STYLE_FILL_AREA(#5853);
#5853 = FILL_AREA_STYLE('',(#5854));
#5854 = FILL_AREA_STYLE_COLOUR('',#5756);
#5855 = STYLED_ITEM('color',(#5856),#2921);
#5856 = PRESENTATION_STYLE_ASSIGNMENT((#5857));
#5857 = SURFACE_STYLE_USAGE(.BOTH.,#5858);
#5858 = SURFACE_SIDE_STYLE('',(#5859));
#5859 = SURFACE_STYLE_FILL_AREA(#5860);
#5860 = FILL_AREA_STYLE('',(#5861));
#5861 = FILL_AREA_STYLE_COLOUR('',#5756);
#5862 = STYLED_ITEM('color',(#5863),#2999);
#5863 = PRESENTATION_STYLE_ASSIGNMENT((#5864));
#5864 = SURFACE_STYLE_USAGE(.BOTH.,#5865);
#5865 = SURFACE_SIDE_STYLE('',(#5866));
#5866 = SURFACE_STYLE_FILL_AREA(#5867);
#5867 = FILL_AREA_STYLE('',(#5868));
#5868 = FILL_AREA_STYLE_COLOUR('',#5756);
#5869 = STYLED_ITEM('color',(#5870),#3030);
#5870 = PRESENTATION_STYLE_ASSIGNMENT((#5871));
#5871 = SURFACE_STYLE_USAGE(.BOTH.,#5872);
#5872 = SURFACE_SIDE_STYLE('',(#5873));
#5873 = SURFACE_STYLE_FILL_AREA(#5874);
#5874 = FILL_AREA_STYLE('',(#5875));
#5875 = FILL_AREA_STYLE_COLOUR('',#5756);
#5876 = STYLED_ITEM('color',(#5877),#3115);
#5877 = PRESENTATION_STYLE_ASSIGNMENT((#5878));
#5878 = SURFACE_STYLE_USAGE(.BOTH.,#5879);
#5879 = SURFACE_SIDE_STYLE('',(#5880));
#5880 = SURFACE_STYLE_FILL_AREA(#5881);
#5881 = FILL_AREA_STYLE('',(#5882));
#5882 = FILL_AREA_STYLE_COLOUR('',#5756);
#5883 = STYLED_ITEM('color',(#5884),#3139);
#5884 = PRESENTATION_STYLE_ASSIGNMENT((#5885));
#5885 = SURFACE_STYLE_USAGE(.BOTH.,#5886);
#5886 = SURFACE_SIDE_STYLE('',(#5887));
#5887 = SURFACE_STYLE_FILL_AREA(#5888);
#5888 = FILL_AREA_STYLE('',(#5889));
#5889 = FILL_AREA_STYLE_COLOUR('',#5756);
#5890 = STYLED_ITEM('color',(#5891),#3217);
#5891 = PRESENTATION_STYLE_ASSIGNMENT((#5892));
#5892 = SURFACE_STYLE_USAGE(.BOTH.,#5893);
#5893 = SURFACE_SIDE_STYLE('',(#5894));
#5894 = SURFACE_STYLE_FILL_AREA(#5895);
#5895 = FILL_AREA_STYLE('',(#5896));
#5896 = FILL_AREA_STYLE_COLOUR('',#5756);
#5897 = STYLED_ITEM('color',(#5898),#3234);
#5898 = PRESENTATION_STYLE_ASSIGNMENT((#5899));
#5899 = SURFACE_STYLE_USAGE(.BOTH.,#5900);
#5900 = SURFACE_SIDE_STYLE('',(#5901));
#5901 = SURFACE_STYLE_FILL_AREA(#5902);
#5902 = FILL_AREA_STYLE('',(#5903));
#5903 = FILL_AREA_STYLE_COLOUR('',#5756);
#5904 = STYLED_ITEM('color',(#5905),#3251);
#5905 = PRESENTATION_STYLE_ASSIGNMENT((#5906));
#5906 = SURFACE_STYLE_USAGE(.BOTH.,#5907);
#5907 = SURFACE_SIDE_STYLE('',(#5908));
#5908 = SURFACE_STYLE_FILL_AREA(#5909);
#5909 = FILL_AREA_STYLE('',(#5910));
#5910 = FILL_AREA_STYLE_COLOUR('',#5756);
#5911 = STYLED_ITEM('color',(#5912),#3268);
#5912 = PRESENTATION_STYLE_ASSIGNMENT((#5913));
#5913 = SURFACE_STYLE_USAGE(.BOTH.,#5914);
#5914 = SURFACE_SIDE_STYLE('',(#5915));
#5915 = SURFACE_STYLE_FILL_AREA(#5916);
#5916 = FILL_AREA_STYLE('',(#5917));
#5917 = FILL_AREA_STYLE_COLOUR('',#5756);
#5918 = STYLED_ITEM('color',(#5919),#3285);
#5919 = PRESENTATION_STYLE_ASSIGNMENT((#5920));
#5920 = SURFACE_STYLE_USAGE(.BOTH.,#5921);
#5921 = SURFACE_SIDE_STYLE('',(#5922));
#5922 = SURFACE_STYLE_FILL_AREA(#5923);
#5923 = FILL_AREA_STYLE('',(#5924));
#5924 = FILL_AREA_STYLE_COLOUR('',#5756);
#5925 = STYLED_ITEM('color',(#5926),#3302);
#5926 = PRESENTATION_STYLE_ASSIGNMENT((#5927));
#5927 = SURFACE_STYLE_USAGE(.BOTH.,#5928);
#5928 = SURFACE_SIDE_STYLE('',(#5929));
#5929 = SURFACE_STYLE_FILL_AREA(#5930);
#5930 = FILL_AREA_STYLE('',(#5931));
#5931 = FILL_AREA_STYLE_COLOUR('',#5756);
#5932 = STYLED_ITEM('color',(#5933),#3319);
#5933 = PRESENTATION_STYLE_ASSIGNMENT((#5934));
#5934 = SURFACE_STYLE_USAGE(.BOTH.,#5935);
#5935 = SURFACE_SIDE_STYLE('',(#5936));
#5936 = SURFACE_STYLE_FILL_AREA(#5937);
#5937 = FILL_AREA_STYLE('',(#5938));
#5938 = FILL_AREA_STYLE_COLOUR('',#5756);
#5939 = STYLED_ITEM('color',(#5940),#3336);
#5940 = PRESENTATION_STYLE_ASSIGNMENT((#5941));
#5941 = SURFACE_STYLE_USAGE(.BOTH.,#5942);
#5942 = SURFACE_SIDE_STYLE('',(#5943));
#5943 = SURFACE_STYLE_FILL_AREA(#5944);
#5944 = FILL_AREA_STYLE('',(#5945));
#5945 = FILL_AREA_STYLE_COLOUR('',#5756);
#5946 = STYLED_ITEM('color',(#5947),#3358);
#5947 = PRESENTATION_STYLE_ASSIGNMENT((#5948));
#5948 = SURFACE_STYLE_USAGE(.BOTH.,#5949);
#5949 = SURFACE_SIDE_STYLE('',(#5950));
#5950 = SURFACE_STYLE_FILL_AREA(#5951);
#5951 = FILL_AREA_STYLE('',(#5952));
#5952 = FILL_AREA_STYLE_COLOUR('',#5756);
#5953 = STYLED_ITEM('color',(#5954),#3370);
#5954 = PRESENTATION_STYLE_ASSIGNMENT((#5955));
#5955 = SURFACE_STYLE_USAGE(.BOTH.,#5956);
#5956 = SURFACE_SIDE_STYLE('',(#5957));
#5957 = SURFACE_STYLE_FILL_AREA(#5958);
#5958 = FILL_AREA_STYLE('',(#5959));
#5959 = FILL_AREA_STYLE_COLOUR('',#5756);
#5960 = STYLED_ITEM('color',(#5961),#3387);
#5961 = PRESENTATION_STYLE_ASSIGNMENT((#5962));
#5962 = SURFACE_STYLE_USAGE(.BOTH.,#5963);
#5963 = SURFACE_SIDE_STYLE('',(#5964));
#5964 = SURFACE_STYLE_FILL_AREA(#5965);
#5965 = FILL_AREA_STYLE('',(#5966));
#5966 = FILL_AREA_STYLE_COLOUR('',#5756);
#5967 = STYLED_ITEM('color',(#5968),#3399);
#5968 = PRESENTATION_STYLE_ASSIGNMENT((#5969));
#5969 = SURFACE_STYLE_USAGE(.BOTH.,#5970);
#5970 = SURFACE_SIDE_STYLE('',(#5971));
#5971 = SURFACE_STYLE_FILL_AREA(#5972);
#5972 = FILL_AREA_STYLE('',(#5973));
#5973 = FILL_AREA_STYLE_COLOUR('',#5756);
#5974 = STYLED_ITEM('color',(#5975),#3411);
#5975 = PRESENTATION_STYLE_ASSIGNMENT((#5976));
#5976 = SURFACE_STYLE_USAGE(.BOTH.,#5977);
#5977 = SURFACE_SIDE_STYLE('',(#5978));
#5978 = SURFACE_STYLE_FILL_AREA(#5979);
#5979 = FILL_AREA_STYLE('',(#5980));
#5980 = FILL_AREA_STYLE_COLOUR('',#5756);
#5981 = STYLED_ITEM('color',(#5982),#3428);
#5982 = PRESENTATION_STYLE_ASSIGNMENT((#5983));
#5983 = SURFACE_STYLE_USAGE(.BOTH.,#5984);
#5984 = SURFACE_SIDE_STYLE('',(#5985));
#5985 = SURFACE_STYLE_FILL_AREA(#5986);
#5986 = FILL_AREA_STYLE('',(#5987));
#5987 = FILL_AREA_STYLE_COLOUR('',#5756);
#5988 = STYLED_ITEM('color',(#5989),#3450);
#5989 = PRESENTATION_STYLE_ASSIGNMENT((#5990));
#5990 = SURFACE_STYLE_USAGE(.BOTH.,#5991);
#5991 = SURFACE_SIDE_STYLE('',(#5992));
#5992 = SURFACE_STYLE_FILL_AREA(#5993);
#5993 = FILL_AREA_STYLE('',(#5994));
#5994 = FILL_AREA_STYLE_COLOUR('',#5756);
#5995 = STYLED_ITEM('color',(#5996),#3462);
#5996 = PRESENTATION_STYLE_ASSIGNMENT((#5997));
#5997 = SURFACE_STYLE_USAGE(.BOTH.,#5998);
#5998 = SURFACE_SIDE_STYLE('',(#5999));
#5999 = SURFACE_STYLE_FILL_AREA(#6000);
#6000 = FILL_AREA_STYLE('',(#6001));
#6001 = FILL_AREA_STYLE_COLOUR('',#5756);
#6002 = STYLED_ITEM('color',(#6003),#3474);
#6003 = PRESENTATION_STYLE_ASSIGNMENT((#6004));
#6004 = SURFACE_STYLE_USAGE(.BOTH.,#6005);
#6005 = SURFACE_SIDE_STYLE('',(#6006));
#6006 = SURFACE_STYLE_FILL_AREA(#6007);
#6007 = FILL_AREA_STYLE('',(#6008));
#6008 = FILL_AREA_STYLE_COLOUR('',#5756);
#6009 = STYLED_ITEM('color',(#6010),#3491);
#6010 = PRESENTATION_STYLE_ASSIGNMENT((#6011));
#6011 = SURFACE_STYLE_USAGE(.BOTH.,#6012);
#6012 = SURFACE_SIDE_STYLE('',(#6013));
#6013 = SURFACE_STYLE_FILL_AREA(#6014);
#6014 = FILL_AREA_STYLE('',(#6015));
#6015 = FILL_AREA_STYLE_COLOUR('',#5756);
#6016 = STYLED_ITEM('color',(#6017),#3503);
#6017 = PRESENTATION_STYLE_ASSIGNMENT((#6018));
#6018 = SURFACE_STYLE_USAGE(.BOTH.,#6019);
#6019 = SURFACE_SIDE_STYLE('',(#6020));
#6020 = SURFACE_STYLE_FILL_AREA(#6021);
#6021 = FILL_AREA_STYLE('',(#6022));
#6022 = FILL_AREA_STYLE_COLOUR('',#5756);
#6023 = STYLED_ITEM('color',(#6024),#3520);
#6024 = PRESENTATION_STYLE_ASSIGNMENT((#6025));
#6025 = SURFACE_STYLE_USAGE(.BOTH.,#6026);
#6026 = SURFACE_SIDE_STYLE('',(#6027));
#6027 = SURFACE_STYLE_FILL_AREA(#6028);
#6028 = FILL_AREA_STYLE('',(#6029));
#6029 = FILL_AREA_STYLE_COLOUR('',#5756);
#6030 = STYLED_ITEM('color',(#6031),#3537);
#6031 = PRESENTATION_STYLE_ASSIGNMENT((#6032));
#6032 = SURFACE_STYLE_USAGE(.BOTH.,#6033);
#6033 = SURFACE_SIDE_STYLE('',(#6034));
#6034 = SURFACE_STYLE_FILL_AREA(#6035);
#6035 = FILL_AREA_STYLE('',(#6036));
#6036 = FILL_AREA_STYLE_COLOUR('',#5756);
#6037 = STYLED_ITEM('color',(#6038),#3554);
#6038 = PRESENTATION_STYLE_ASSIGNMENT((#6039));
#6039 = SURFACE_STYLE_USAGE(.BOTH.,#6040);
#6040 = SURFACE_SIDE_STYLE('',(#6041));
#6041 = SURFACE_STYLE_FILL_AREA(#6042);
#6042 = FILL_AREA_STYLE('',(#6043));
#6043 = FILL_AREA_STYLE_COLOUR('',#5756);
#6044 = STYLED_ITEM('color',(#6045),#3576);
#6045 = PRESENTATION_STYLE_ASSIGNMENT((#6046));
#6046 = SURFACE_STYLE_USAGE(.BOTH.,#6047);
#6047 = SURFACE_SIDE_STYLE('',(#6048));
#6048 = SURFACE_STYLE_FILL_AREA(#6049);
#6049 = FILL_AREA_STYLE('',(#6050));
#6050 = FILL_AREA_STYLE_COLOUR('',#5756);
#6051 = STYLED_ITEM('color',(#6052),#3588);
#6052 = PRESENTATION_STYLE_ASSIGNMENT((#6053));
#6053 = SURFACE_STYLE_USAGE(.BOTH.,#6054);
#6054 = SURFACE_SIDE_STYLE('',(#6055));
#6055 = SURFACE_STYLE_FILL_AREA(#6056);
#6056 = FILL_AREA_STYLE('',(#6057));
#6057 = FILL_AREA_STYLE_COLOUR('',#5756);
#6058 = STYLED_ITEM('color',(#6059),#3600);
#6059 = PRESENTATION_STYLE_ASSIGNMENT((#6060));
#6060 = SURFACE_STYLE_USAGE(.BOTH.,#6061);
#6061 = SURFACE_SIDE_STYLE('',(#6062));
#6062 = SURFACE_STYLE_FILL_AREA(#6063);
#6063 = FILL_AREA_STYLE('',(#6064));
#6064 = FILL_AREA_STYLE_COLOUR('',#5756);
#6065 = STYLED_ITEM('color',(#6066),#3617);
#6066 = PRESENTATION_STYLE_ASSIGNMENT((#6067));
#6067 = SURFACE_STYLE_USAGE(.BOTH.,#6068);
#6068 = SURFACE_SIDE_STYLE('',(#6069));
#6069 = SURFACE_STYLE_FILL_AREA(#6070);
#6070 = FILL_AREA_STYLE('',(#6071));
#6071 = FILL_AREA_STYLE_COLOUR('',#5756);
#6072 = STYLED_ITEM('color',(#6073),#3629);
#6073 = PRESENTATION_STYLE_ASSIGNMENT((#6074));
#6074 = SURFACE_STYLE_USAGE(.BOTH.,#6075);
#6075 = SURFACE_SIDE_STYLE('',(#6076));
#6076 = SURFACE_STYLE_FILL_AREA(#6077);
#6077 = FILL_AREA_STYLE('',(#6078));
#6078 = FILL_AREA_STYLE_COLOUR('',#5756);
#6079 = STYLED_ITEM('color',(#6080),#3646);
#6080 = PRESENTATION_STYLE_ASSIGNMENT((#6081));
#6081 = SURFACE_STYLE_USAGE(.BOTH.,#6082);
#6082 = SURFACE_SIDE_STYLE('',(#6083));
#6083 = SURFACE_STYLE_FILL_AREA(#6084);
#6084 = FILL_AREA_STYLE('',(#6085));
#6085 = FILL_AREA_STYLE_COLOUR('',#5756);
#6086 = STYLED_ITEM('color',(#6087),#3668);
#6087 = PRESENTATION_STYLE_ASSIGNMENT((#6088));
#6088 = SURFACE_STYLE_USAGE(.BOTH.,#6089);
#6089 = SURFACE_SIDE_STYLE('',(#6090));
#6090 = SURFACE_STYLE_FILL_AREA(#6091);
#6091 = FILL_AREA_STYLE('',(#6092));
#6092 = FILL_AREA_STYLE_COLOUR('',#5756);
#6093 = STYLED_ITEM('color',(#6094),#3680);
#6094 = PRESENTATION_STYLE_ASSIGNMENT((#6095));
#6095 = SURFACE_STYLE_USAGE(.BOTH.,#6096);
#6096 = SURFACE_SIDE_STYLE('',(#6097));
#6097 = SURFACE_STYLE_FILL_AREA(#6098);
#6098 = FILL_AREA_STYLE('',(#6099));
#6099 = FILL_AREA_STYLE_COLOUR('',#5756);
#6100 = STYLED_ITEM('color',(#6101),#3697);
#6101 = PRESENTATION_STYLE_ASSIGNMENT((#6102));
#6102 = SURFACE_STYLE_USAGE(.BOTH.,#6103);
#6103 = SURFACE_SIDE_STYLE('',(#6104));
#6104 = SURFACE_STYLE_FILL_AREA(#6105);
#6105 = FILL_AREA_STYLE('',(#6106));
#6106 = FILL_AREA_STYLE_COLOUR('',#5756);
#6107 = STYLED_ITEM('color',(#6108),#3709);
#6108 = PRESENTATION_STYLE_ASSIGNMENT((#6109));
#6109 = SURFACE_STYLE_USAGE(.BOTH.,#6110);
#6110 = SURFACE_SIDE_STYLE('',(#6111));
#6111 = SURFACE_STYLE_FILL_AREA(#6112);
#6112 = FILL_AREA_STYLE('',(#6113));
#6113 = FILL_AREA_STYLE_COLOUR('',#5756);
#6114 = MECHANICAL_DESIGN_GEOMETRIC_PRESENTATION_REPRESENTATION('',(
    #6115,#6123,#6130),#4966);
#6115 = STYLED_ITEM('color',(#6116),#3768);
#6116 = PRESENTATION_STYLE_ASSIGNMENT((#6117));
#6117 = SURFACE_STYLE_USAGE(.BOTH.,#6118);
#6118 = SURFACE_SIDE_STYLE('',(#6119));
#6119 = SURFACE_STYLE_FILL_AREA(#6120);
#6120 = FILL_AREA_STYLE('',(#6121));
#6121 = FILL_AREA_STYLE_COLOUR('',#6122);
#6122 = COLOUR_RGB('',0.792156867455,0.819607826924,0.933333342953);
#6123 = STYLED_ITEM('color',(#6124),#4222);
#6124 = PRESENTATION_STYLE_ASSIGNMENT((#6125));
#6125 = SURFACE_STYLE_USAGE(.BOTH.,#6126);
#6126 = SURFACE_SIDE_STYLE('',(#6127));
#6127 = SURFACE_STYLE_FILL_AREA(#6128);
#6128 = FILL_AREA_STYLE('',(#6129));
#6129 = FILL_AREA_STYLE_COLOUR('',#6122);
#6130 = STYLED_ITEM('color',(#6131),#4676);
#6131 = PRESENTATION_STYLE_ASSIGNMENT((#6132));
#6132 = SURFACE_STYLE_USAGE(.BOTH.,#6133);
#6133 = SURFACE_SIDE_STYLE('',(#6134));
#6134 = SURFACE_STYLE_FILL_AREA(#6135);
#6135 = FILL_AREA_STYLE('',(#6136));
#6136 = FILL_AREA_STYLE_COLOUR('',#6137);
#6137 = COLOUR_RGB('',0.486274506065,0.235294113866,1.568627489731E-02);
ENDSEC;
END-ISO-10303-21;
